,,,Και των δύο φύλων ,,,,,,,,,,,,,,,,,Άρρενες,,,,,,,,,,,,,,,,,Θήλεις,,,,,,,,,,,,,,,,
level,location_id,name,sum, 0-4, 5-9,10-14,15-19,20-24,25-29,30-34,35-39,40-44,45-49,50-54,55-59,60-64,65-69,70-74,75+,sum, 0-4, 5-9,10-14,15-19,20-24,25-29,30-34,35-39,40-44,45-49,50-54,55-59,60-64,65-69,70-74,75+,sum, 0-4, 5-9,10-14,15-19,20-24,25-29,30-34,35-39,40-44,45-49,50-54,55-59,60-64,65-69,70-74,75+
0,0,ΣΥΝΟΛΟ ΧΩΡΑΣ,10482487,412752,465740,538490,529726,520619,532682,569596,686797,794315,801716,807125,736214,698206,626429,555556,1206521,5125977,212295,239198,277154,273992,270924,276007,289196,344715,397884,399840,397358,356238,332719,297433,258810,502220,5356509,200460,226545,261334,255736,249698,256678,280403,342078,396429,401880,409770,379972,365489,328999,296748,704305
3,242,ΠΕΡΙΦΕΡΕΙΑ ΔΥΤΙΚΗΣ ΕΛΛΑΔΑΣ,648220,25670,28602,33782,35918,36599,32891,34185,40155,44984,46585,48315,44759,44234,39936,35961,75648,325315,13268,14739,17555,18521,19341,17989,18249,20631,23072,23817,24441,22195,22251,19903,17507,31835,322907,12400,13860,16229,17394,17260,14905,15938,19522,21909,22765,23871,22566,21986,20029,18451,43817
4,24237,ΠΕΡΙΦΕΡΕΙΑΚΗ ΕΝΟΤΗΤΑ ΑΧΑΪΑΣ,305979,12766,14058,16210,19049,20824,15864,15960,19220,22123,22145,22725,20526,19771,17985,15672,31090,150354,6572,7233,8449,9728,10747,8183,8061,9485,11063,11055,11100,9710,9520,8660,7514,13276,155623,6190,6822,7759,9318,10075,7678,7902,9731,11063,11094,11621,10819,10248,9328,8156,17817
5,2423701,ΔΗΜΟΣ ΠΑΤΡΕΩΝ,215923,9080,9944,11562,14463,16693,11634,11499,14023,16099,15865,16139,14242,13239,12048,10453,18943,104544,4669,5089,6046,7323,8545,5890,5649,6798,7866,7704,7652,6577,6222,5592,4921,7991,111382,4409,4853,5519,7143,8147,5741,5847,7222,8230,8163,8489,7663,7018,6454,5533,10951
6,242370101,ΔΗΜΟΤΙΚΗ ΕΝΟΤΗΤΑ ΠΑΤΡΕΩΝ,173600,7254,7608,8658,11774,14288,9632,9458,11287,12686,12586,12867,11426,10542,9659,8310,15581,83625,3725,3863,4511,5957,7348,4877,4635,5498,6255,6079,6058,5250,4900,4407,3848,6419,89973,3526,3743,4145,5820,6936,4757,4820,5787,6433,6505,6811,6174,5640,5250,4459,9159
7,24237010100,ΨΕΥΔΟΔΗΜΟΤΙΚΗ ΚΟΙΝΟΤΗΤΑ ΠΑΤΡΕΩΝ,170754,7132,7447,8455,11613,14147,9514,9332,11101,12456,12339,12655,11189,10345,9502,8182,15346,82185,3661,3779,4404,5865,7265,4819,4577,5408,6142,5946,5966,5130,4805,4323,3786,6305,88573,3468,3665,4048,5744,6879,4693,4751,5690,6311,6396,6686,6063,5542,5177,4400,9038
8,2423701010001,"Πάτραι,αι",169886,7097,7408,8385,11560,14104,9465,9283,11055,12398,12270,12585,11139,10275,9448,8134,15283,81752,3649,3760,4370,5839,7244,4791,4546,5385,6113,5915,5935,5105,4765,4299,3761,6268,88136,3450,3646,4019,5718,6857,4672,4733,5668,6287,6357,6647,6032,5508,5153,4376,9012
8,2423701010002,"Μπάλας,ο",257,9,13,15,22,14,9,14,6,16,22,23,21,19,19,15,18,122,6,4,11,7,9,3,8,4,8,12,6,6,15,7,3,13,138,4,6,7,12,3,3,8,5,11,13,14,17,7,9,9,8
8,2423701010003,"Σκιόεσσα,η",527,21,25,37,30,27,30,25,33,35,43,35,29,43,30,22,41,272,8,9,20,15,14,20,14,19,19,18,21,15,21,17,13,20,258,15,18,21,13,11,14,8,16,13,27,16,15,25,10,12,18
8,2423701010004,"Χάραδρον,το",85,4,3,7,4,9,0,7,4,4,7,10,4,5,3,4,3,42,0,3,5,3,0,3,5,3,0,3,0,6,3,4,7,3,41,3,0,4,0,5,0,4,4,3,7,6,3,0,0,0,3
7,24237010101,Δημοτική Κοινότητα Ελικίστρας,1714,72,76,101,94,80,79,72,104,125,139,142,157,127,102,89,151,853,33,37,52,54,48,39,35,53,55,71,54,80,64,51,45,69,857,35,42,51,42,34,42,41,49,68,66,85,76,60,54,42,77
8,2423701010101,"Ελικίστρα,η",275,4,17,13,25,17,17,10,18,12,23,23,28,21,17,11,24,140,3,7,8,14,7,7,6,10,4,13,8,14,12,11,6,12,138,4,7,7,8,8,7,6,5,5,13,11,12,11,8,7,10
8,2423701010102,"Καρυά,η",605,35,29,35,39,29,20,27,42,51,50,46,54,48,34,26,35,312,21,16,22,21,17,10,12,21,20,29,22,29,30,20,12,14,296,12,15,16,20,10,13,13,23,28,18,28,23,22,16,16,19
8,2423701010103,"Πουρναρόκαστρον,το",39,0,0,5,0,0,0,3,3,3,0,3,0,0,4,3,8,21,0,0,0,0,0,0,0,3,0,4,0,0,0,4,3,4,20,0,0,0,0,0,0,3,0,4,0,3,3,0,3,3,3
8,2423701010104,"Ρυάκι,το",97,5,4,3,4,5,3,3,8,4,11,4,7,11,8,5,10,44,4,0,0,4,0,0,5,4,0,3,3,0,3,5,6,5,57,3,3,0,0,4,4,3,3,0,5,3,4,11,5,0,7
8,2423701010105,"Ρωμανός,ο",696,26,28,45,30,32,36,31,38,56,49,61,66,44,40,45,74,346,10,17,21,18,20,23,14,20,28,22,23,31,23,17,23,36,352,13,13,22,14,10,16,13,16,30,25,35,38,19,21,19,41
7,24237010102,Δημοτική Κοινότητα Μοίρας,45,3,0,4,4,3,0,5,3,3,0,5,3,0,4,0,6,25,0,0,0,4,5,0,3,7,3,5,3,0,0,6,0,3,24,3,0,4,0,0,0,0,0,3,0,0,0,0,0,0,6
8,2423701010201,"Μοίρα,η",29,3,0,4,4,3,0,0,4,3,0,4,0,0,3,0,6,18,0,0,0,4,5,0,0,3,3,0,3,0,0,6,0,3,14,3,0,4,0,0,0,0,0,3,0,0,0,0,0,0,0
8,2423701010202,"Γκοτσαίικα,τα",14,0,0,0,0,0,0,3,0,4,3,4,3,0,4,0,3,9,0,0,0,0,0,0,3,0,0,0,0,0,0,0,0,4,7,0,0,0,0,0,0,0,0,4,0,4,0,0,4,0,0
7,24237010103,Δημοτική Κοινότητα Σουλίου,1092,44,82,102,62,54,39,52,76,104,103,74,72,67,48,34,75,560,25,41,54,31,28,19,24,28,58,58,34,42,29,30,18,38,528,22,38,45,28,24,22,26,45,49,42,36,33,41,16,14,40
8,2423701010301,"Νέον Σούλιον,το",1045,44,78,99,62,51,34,51,71,94,101,72,68,66,46,34,71,544,25,43,54,31,27,19,24,28,53,58,33,39,29,28,17,36,504,16,32,47,28,22,18,24,40,46,40,36,28,39,16,14,38
8,2423701010302,"Άγιος Ιωάννης,ο",19,0,0,0,0,5,0,0,0,0,4,0,4,0,0,0,0,6,0,0,0,0,3,0,0,0,0,0,0,0,0,0,0,0,9,0,0,0,0,0,0,0,0,0,4,0,0,0,0,0,0
8,2423701010303,"Κεφαλόβρυσον,το",4,0,0,0,0,0,0,0,0,0,0,0,0,0,0,4,0,3,0,0,0,0,0,0,0,0,0,0,0,0,0,0,4,0,0,0,0,0,0,0,0,0,0,0,0,0,0,0,0,0,0
8,2423701010304,"Μιντζαίικα,τα",21,3,7,0,0,0,5,0,3,3,0,0,0,0,0,0,3,8,0,0,0,0,0,0,0,0,3,0,0,0,0,0,0,0,9,3,3,0,0,0,5,0,3,0,0,0,0,0,0,0,3
8,2423701010305,"Παναγιά,η",4,0,0,0,0,0,0,0,4,4,0,0,0,0,0,0,0,4,0,0,0,0,0,0,0,4,4,0,0,0,0,0,0,3,3,0,0,0,0,0,0,0,0,0,0,0,0,0,0,0,0
8,2423701010306,"Προφήτης Ηλίας,ο",3,0,0,0,0,0,0,0,0,3,0,0,0,0,0,0,0,3,0,0,0,0,0,0,0,0,3,0,0,0,0,0,0,0,0,0,0,0,0,0,0,0,0,0,0,0,0,0,0,0,0
6,242370102,ΔΗΜΟΤΙΚΗ ΕΝΟΤΗΤΑ ΒΡΑΧΝΑΙΙΚΩΝ,4836,246,269,334,264,230,222,244,286,384,370,348,306,317,305,265,447,2392,136,147,181,134,133,109,110,126,178,195,172,145,149,151,143,197,2441,108,126,156,134,94,111,137,162,208,178,174,163,166,152,125,253
7,24237010201,Δημοτική Κοινότητα Βραχναιίκων,2911,155,178,214,172,134,129,160,180,239,223,186,167,186,182,144,256,1447,84,97,121,86,77,69,66,80,111,121,99,75,85,87,76,121,1461,69,84,95,88,59,63,97,103,131,105,90,89,99,92,70,138
8,2423701020101,"Βραχναίικα,τα",2642,131,152,194,156,113,108,141,169,228,220,183,152,163,166,127,244,1305,72,81,111,78,68,55,57,69,103,115,95,69,78,78,66,109,1335,61,72,85,82,47,56,82,97,123,102,84,85,88,85,63,133
8,2423701020102,"Δρεσθενά,τα",200,21,27,23,15,17,12,17,8,8,3,7,10,11,7,9,0,100,14,18,13,9,10,5,7,4,0,0,0,6,7,3,9,0,97,10,11,13,4,9,5,13,3,10,0,4,6,7,3,3,0
8,2423701020103,"Μοιραίικα,τα",69,3,0,0,0,0,4,0,3,3,7,0,6,11,9,8,14,41,3,0,0,0,0,4,0,3,3,3,0,5,0,0,3,9,29,0,0,0,0,0,3,3,0,0,3,0,3,8,4,4,9
7,24237010202,Δημοτική Κοινότητα Θεριανού,160,3,8,9,3,5,7,8,10,15,12,13,6,14,13,7,29,79,3,5,5,3,3,0,4,4,6,6,8,3,7,5,5,16,77,3,5,6,3,4,7,0,9,6,3,3,0,5,6,4,15
8,2423701020201,"Θεριανόν,το",160,3,8,9,3,5,7,8,10,15,12,13,6,14,13,7,29,79,3,5,5,3,3,0,4,4,6,6,8,3,7,5,5,16,77,3,5,6,3,4,7,0,9,6,3,3,0,5,6,4,15
7,24237010203,Δημοτική Κοινότητα Καμινίων,704,37,29,39,37,34,38,30,42,64,57,58,40,32,53,44,54,339,23,17,21,21,20,19,9,20,33,25,23,25,13,25,24,25,362,11,14,21,17,18,23,24,25,33,34,32,18,16,31,18,32
8,2423701020301,"Καμίνια,τα",704,37,29,39,37,34,38,30,42,64,57,58,40,32,53,44,54,339,23,17,21,21,20,19,9,20,33,25,23,25,13,25,24,25,362,11,14,21,17,18,23,24,25,33,34,32,18,16,31,18,32
7,24237010204,Δημοτική Κοινότητα Μονοδενδρίου,572,25,32,36,31,23,29,24,32,29,34,54,58,49,31,39,51,282,18,15,17,12,16,16,16,13,15,19,27,27,22,17,21,17,288,9,13,21,17,9,15,6,17,15,17,30,27,25,11,22,37
8,2423701020401,"Μονοδένδριον,το",572,25,32,36,31,23,29,24,32,29,34,54,58,49,31,39,51,282,18,15,17,12,16,16,16,13,15,19,27,27,22,17,21,17,288,9,13,21,17,9,15,6,17,15,17,30,27,25,11,22,37
7,24237010205,Δημοτική Κοινότητα Τσουκαλαιίκων,494,23,18,31,22,28,19,28,20,37,39,36,37,37,32,31,53,245,9,13,20,11,21,8,15,14,17,23,14,11,18,18,17,19,247,17,8,13,8,9,10,11,10,17,19,19,23,21,12,16,32
8,2423701020501,"Τσουκαλαίικα,τα",494,23,18,31,22,28,19,28,20,37,39,36,37,37,32,31,53,245,9,13,20,11,21,8,15,14,17,23,14,11,18,18,17,19,247,17,8,13,8,9,10,11,10,17,19,19,23,21,12,16,32
6,242370103,ΔΗΜΟΤΙΚΗ ΕΝΟΤΗΤΑ ΜΕΣΣΑΤΙΔΟΣ,14365,701,905,1069,894,731,694,760,1031,1312,1140,1110,888,853,707,626,946,7179,368,462,544,454,385,354,386,503,635,563,552,434,431,341,326,439,7184,335,444,522,438,344,338,376,531,680,575,560,452,424,363,298,506
7,24237010301,Δημοτική Κοινότητα Οβριάς,6426,339,429,457,404,320,321,372,459,611,499,478,384,377,300,269,408,3202,171,227,225,202,175,162,196,225,288,243,230,193,186,139,141,192,3226,165,204,229,199,149,157,175,236,325,258,245,189,194,164,124,218
8,2423701030101,"Οβριά,η",6426,339,429,457,404,320,321,372,459,611,499,478,384,377,300,269,408,3202,171,227,225,202,175,162,196,225,288,243,230,193,186,139,141,192,3226,165,204,229,199,149,157,175,236,325,258,245,189,194,164,124,218
7,24237010302,Δημοτική Κοινότητα Θέας,538,15,36,45,30,33,19,21,29,51,44,48,37,42,25,24,47,263,5,14,22,22,16,6,15,13,30,19,21,17,26,13,10,20,277,8,20,26,10,20,10,9,18,23,22,29,22,13,14,12,24
8,2423701030201,"Θέα,η",442,15,29,41,24,21,9,14,22,46,34,40,29,35,20,19,41,212,5,14,18,17,14,6,8,8,28,16,17,14,24,11,5,18,227,8,17,26,3,11,5,8,17,21,21,26,13,9,12,12,20
8,2423701030202,"Λυγιαί,αι",51,0,3,0,4,9,5,0,0,4,3,7,5,3,0,3,4,22,0,3,0,3,6,3,0,0,0,4,4,3,0,0,3,0,26,0,0,0,4,5,0,0,0,4,0,5,4,3,0,0,0
8,2423701030203,"Παυλόκαστρον,το",51,0,5,3,0,3,0,5,4,0,8,4,4,4,3,0,3,29,0,3,0,0,0,0,4,3,0,4,4,0,0,0,0,3,25,0,5,3,0,3,0,4,3,3,0,0,0,0,0,0,0
7,24237010303,Δημοτική Κοινότητα Καλλιθέας,885,41,35,76,64,52,36,42,69,77,73,64,45,50,51,43,67,454,23,20,48,30,25,22,16,35,38,39,37,18,21,27,21,29,429,15,18,30,31,24,17,24,36,41,32,29,24,31,21,19,35
8,2423701030301,"Καλλιθέα,η",781,40,28,68,48,48,34,42,65,66,63,54,39,45,44,37,57,401,22,13,39,26,23,18,16,32,30,36,32,19,15,25,20,31,378,15,18,26,20,28,14,24,35,33,29,24,22,27,16,19,30
8,2423701030302,"Άνω Καλλιθέα,η",102,4,4,5,13,0,4,0,6,8,7,14,4,7,9,3,13,56,3,4,6,7,0,3,0,0,5,5,3,0,4,4,3,3,48,3,0,0,9,0,0,0,3,5,0,8,5,0,7,0,7
7,24237010304,Δημοτική Κοινότητα Κρήνης Πατρών,1347,59,74,94,78,74,71,70,91,103,92,110,102,103,81,61,83,676,34,34,45,35,40,38,36,47,49,43,53,49,51,39,35,41,668,27,36,52,40,32,31,32,41,57,48,54,51,49,40,24,44
8,2423701030401,"Κρήνη,η",972,51,55,61,57,48,51,53,69,78,65,77,72,80,57,45,63,488,30,25,24,26,24,29,28,36,40,30,36,36,40,32,27,28,486,17,26,39,28,22,24,27,31,40,37,39,38,37,27,22,32
8,2423701030402,"Άγιος Κωνσταντίνος,ο",364,11,21,31,24,23,18,15,22,26,26,30,27,25,22,13,25,182,0,12,18,12,14,11,11,11,9,15,15,10,12,9,5,13,185,7,6,16,10,13,9,7,8,20,13,12,15,15,16,6,15
8,2423701030403,"Μονή Ομπλού,η",6,0,0,0,0,0,0,0,0,0,0,3,0,0,0,0,0,6,0,0,0,0,0,0,0,0,0,0,3,0,0,0,0,0,0,0,0,0,0,0,0,0,0,0,0,0,0,0,0,0,0
7,24237010305,Δημοτική Κοινότητα Κρυσταλλόβρυσης,14,0,0,0,4,0,0,0,0,0,0,0,0,0,0,0,5,4,0,0,0,0,0,0,0,0,0,0,0,0,0,0,0,0,8,0,0,0,0,0,0,0,0,0,0,0,0,0,0,0,7
8,2423701030501,"Κρυσταλλόβρυση,η",14,0,0,0,4,0,0,0,0,0,0,0,0,0,0,0,5,4,0,0,0,0,0,0,0,0,0,0,0,0,0,0,0,0,8,0,0,0,0,0,0,0,0,0,0,0,0,0,0,0,7
7,24237010306,Δημοτική Κοινότητα Πετρωτού,543,32,44,44,32,38,28,18,35,53,46,41,32,19,27,19,30,277,17,26,26,15,16,9,9,18,23,25,21,17,9,14,10,17,264,11,21,20,14,19,16,5,20,28,18,17,16,12,15,12,16
8,2423701030601,"Μαυρομανδήλα,η",500,32,38,39,31,32,28,20,34,53,42,37,30,19,26,21,28,262,17,19,25,14,16,9,12,16,23,26,18,17,9,12,12,16,241,11,16,17,14,13,17,5,21,27,19,17,15,12,12,12,14
8,2423701030602,"Αγία Παρασκευή,η",6,0,0,0,0,0,4,3,0,0,0,0,0,0,0,0,0,3,0,0,0,0,0,0,3,0,0,0,0,0,0,0,0,0,5,0,0,0,0,0,4,0,0,0,0,0,0,0,0,0,0
8,2423701030603,"Πετρωτόν,το",32,0,4,0,0,3,0,0,3,3,4,0,0,0,4,0,0,17,0,4,0,0,0,0,0,5,0,0,0,0,0,0,0,3,17,0,0,0,0,3,0,0,0,3,5,0,0,0,0,0,0
7,24237010307,Δημοτική Κοινότητα Σαραβαλίου,4621,213,287,350,288,219,221,237,342,418,389,371,286,266,221,212,303,2301,110,144,186,142,118,114,111,165,208,192,185,142,135,107,108,137,2317,100,142,167,143,99,109,129,179,213,195,183,147,128,112,105,169
8,2423701030701,"Σαραβάλιον,το",749,32,45,42,44,34,32,32,60,66,49,56,60,50,49,28,62,384,17,23,20,26,19,19,12,23,37,29,29,36,23,35,15,25,361,12,19,25,17,12,11,18,35,31,17,29,27,30,17,15,36
8,2423701030702,"Άγιος Στέφανος,ο",544,26,34,50,28,22,21,25,38,41,44,41,33,41,29,15,58,261,12,11,28,18,8,4,12,18,19,26,19,12,22,17,5,21,286,12,19,20,12,12,13,16,22,20,16,19,18,23,10,7,35
8,2423701030703,"Δεμένικα,τα",2844,133,175,221,194,143,141,154,216,272,250,243,162,144,116,131,154,1413,65,92,120,95,77,74,77,107,131,115,116,82,82,45,62,76,1432,64,85,99,102,69,65,79,111,139,138,124,77,60,68,66,76
8,2423701030704,"Κεφαλόβρυσον,το",330,13,21,24,9,14,19,12,14,33,29,23,25,18,26,26,23,168,6,11,7,6,8,13,7,8,19,14,14,8,6,10,17,11,160,9,8,14,5,8,9,7,3,12,13,6,13,9,14,11,10
8,2423701030705,"Μπάκαρι,το",149,9,8,14,7,6,3,8,20,6,17,4,13,13,3,13,9,74,3,6,12,3,5,4,3,9,3,8,0,4,3,0,9,5,77,4,4,5,9,3,0,8,8,6,6,5,6,8,3,3,3
6,242370104,ΔΗΜΟΤΙΚΗ ΕΝΟΤΗΤΑ ΠΑΡΑΛΙΑΣ,8904,396,495,622,519,414,399,472,634,650,726,683,641,585,530,428,702,4328,192,262,331,259,190,200,243,312,301,356,328,284,279,272,202,316,4573,205,236,294,262,227,201,226,319,350,373,352,355,304,260,228,389
7,24237010401,Δημοτική Κοινότητα Παραλίας,5376,243,282,381,308,232,264,310,392,403,428,389,387,388,334,233,400,2620,116,154,200,146,99,131,157,195,195,212,194,163,186,177,102,184,2758,130,131,179,159,131,131,149,194,210,219,198,222,198,154,134,218
8,2423701040101,"Παραλία,η",5376,243,282,381,308,232,264,310,392,403,428,389,387,388,334,233,400,2620,116,154,200,146,99,131,157,195,195,212,194,163,186,177,102,184,2758,130,131,179,159,131,131,149,194,210,219,198,222,198,154,134,218
7,24237010402,Δημοτική Κοινότητα Μιντιλογλίου,2330,109,147,159,142,122,96,121,170,162,200,178,146,135,136,130,179,1122,54,74,80,74,55,48,59,87,73,99,85,67,62,64,69,75,1210,53,70,76,70,65,51,59,86,87,97,95,83,76,75,65,107
8,2423701040201,"Μιντιλόγλιον,το",2104,100,133,143,120,105,86,104,156,156,178,161,133,118,126,115,170,1017,51,73,74,65,51,42,52,74,69,94,76,56,57,58,64,66,1089,47,63,72,58,57,42,50,80,90,81,83,75,64,66,54,101
8,2423701040202,"Χαντζηλιάκον,το",228,6,12,13,23,15,8,14,17,3,18,20,10,19,13,12,12,108,0,4,9,12,7,3,5,10,7,8,7,8,8,3,8,6,123,9,5,7,14,10,7,7,9,0,13,10,5,14,7,7,4
7,24237010403,Δημοτική Κοινότητα Ρογιτίκων,1193,44,65,87,69,60,39,41,73,84,105,111,107,62,60,65,123,586,23,34,51,39,31,21,27,31,33,45,49,54,30,31,32,57,605,23,35,39,32,32,20,13,39,48,57,59,51,34,32,35,64
8,2423701040301,"Ρογίτικα,τα",1193,44,65,87,69,60,39,41,73,84,105,111,107,62,60,65,123,586,23,34,51,39,31,21,27,31,33,45,49,54,30,31,32,57,605,23,35,39,32,32,20,13,39,48,57,59,51,34,32,35,64
6,242370105,ΔΗΜΟΤΙΚΗ ΕΝΟΤΗΤΑ ΡΙΟΥ,14218,478,672,884,1016,1037,682,564,780,1063,1043,1132,981,941,847,825,1272,7014,247,364,480,524,489,351,275,359,502,512,542,465,463,421,403,625,7206,234,310,402,494,546,333,288,419,563,528,592,519,480,429,424,649
7,24237010501,Δημοτική Κοινότητα Ρίου,5429,182,235,298,477,575,317,237,279,385,390,396,326,310,290,278,454,2645,93,140,165,237,259,176,114,133,182,196,185,147,147,136,119,212,2786,85,91,129,243,312,145,126,148,200,191,214,183,165,150,161,245
8,2423701050101,"Ρίον,το",5429,182,235,298,477,575,317,237,279,385,390,396,326,310,290,278,454,2645,93,140,165,237,259,176,114,133,182,196,185,147,147,136,119,212,2786,85,91,129,243,312,145,126,148,200,191,214,183,165,150,161,245
7,24237010502,Δημοτική Κοινότητα Αγίου Βασιλείου,2888,115,145,184,182,141,122,120,167,225,212,252,217,222,177,181,233,1408,53,73,105,89,65,52,57,70,104,95,118,104,107,92,84,131,1483,59,69,82,89,80,67,61,94,124,115,137,110,117,82,95,104
8,2423701050201,"Άγιος Βασίλειος,ο",2888,115,145,184,182,141,122,120,167,225,212,252,217,222,177,181,233,1408,53,73,105,89,65,52,57,70,104,95,118,104,107,92,84,131,1483,59,69,82,89,80,67,61,94,124,115,137,110,117,82,95,104
7,24237010503,Δημοτική Κοινότητα Ακταίου,1449,59,77,104,95,77,63,50,80,119,127,132,98,91,94,74,111,718,26,40,59,52,33,32,25,38,60,58,71,46,45,45,40,50,733,31,35,43,40,40,28,27,45,57,65,63,55,49,51,37,62
8,2423701050301,"Ακταίο,το",1449,59,77,104,95,77,63,50,80,119,127,132,98,91,94,74,111,718,26,40,59,52,33,32,25,38,60,58,71,46,45,45,40,50,733,31,35,43,40,40,28,27,45,57,65,63,55,49,51,37,62
7,24237010504,Δημοτική Κοινότητα Άνω Καστριτσίου,743,21,29,49,39,32,36,19,53,54,55,74,52,58,38,46,87,380,12,15,30,16,16,20,10,27,29,25,34,25,39,18,21,46,360,11,17,22,21,14,14,12,29,27,27,38,23,22,21,22,43
8,2423701050401,"Άνω Καστρίτσιον,το",743,21,29,49,39,32,36,19,53,54,55,74,52,58,38,46,87,380,12,15,30,16,16,20,10,27,29,25,34,25,39,18,21,46,360,11,17,22,21,14,14,12,29,27,27,38,23,22,21,22,43
7,24237010505,Δημοτική Κοινότητα Αραχοβιτίκων,744,26,45,42,46,40,29,28,35,55,53,56,67,47,52,48,75,361,19,19,18,27,20,17,19,11,29,22,26,28,22,29,25,39,385,10,29,22,21,22,15,11,20,25,28,32,41,28,25,20,39
8,2423701050501,"Αραχοβίτικα,τα",393,14,27,27,23,21,12,17,19,36,29,30,39,25,22,16,39,205,11,15,15,15,13,5,11,8,20,12,17,18,13,11,9,15,192,6,14,10,6,10,5,4,9,17,14,11,18,14,14,4,27
8,2423701050502,"Κάτω Αραχοβίτικα,τα",347,15,16,18,25,22,15,13,18,18,22,28,30,24,26,30,34,159,5,3,6,10,5,9,5,7,11,13,12,12,11,16,14,21,191,7,12,15,13,14,8,4,14,9,11,19,21,11,13,13,15
7,24237010506,Δημοτική Κοινότητα Αργυράς,212,6,8,5,10,15,6,8,11,9,18,13,21,13,15,14,35,112,3,3,4,5,9,0,0,10,5,11,7,12,13,3,13,23,98,7,7,4,3,3,4,5,3,3,10,3,11,4,10,3,10
8,2423701050601,"Αργυρά,η",212,6,8,5,10,15,6,8,11,9,18,13,21,13,15,14,35,112,3,3,4,5,9,0,0,10,5,11,7,12,13,3,13,23,98,7,7,4,3,3,4,5,3,3,10,3,11,4,10,3,10
7,24237010507,Δημοτική Κοινότητα Δρεπάνου,450,18,22,34,29,21,9,22,27,40,27,38,30,29,32,27,45,240,11,8,19,20,13,5,10,15,12,12,23,13,8,19,13,25,213,5,11,18,13,5,6,13,9,25,13,12,15,19,11,17,22
8,2423701050701,"Δρέπανον,το",450,18,22,34,29,21,9,22,27,40,27,38,30,29,32,27,45,240,11,8,19,20,13,5,10,15,12,12,23,13,8,19,13,25,213,5,11,18,13,5,6,13,9,25,13,12,15,19,11,17,22
7,24237010508,Δημοτική Κοινότητα Κάτω Καστριτσίου,798,8,37,43,55,51,55,30,37,49,50,65,72,68,46,63,72,390,6,20,20,30,25,27,18,17,25,25,25,33,31,27,37,30,410,4,14,20,27,29,25,9,22,27,26,36,37,40,22,24,45
8,2423701050801,"Κάτω Καστρίτσιον,το",542,8,25,35,38,36,34,16,17,36,34,46,48,45,35,38,51,277,6,16,14,20,15,21,14,5,19,17,20,18,24,18,25,22,269,4,11,17,14,18,16,5,9,20,19,23,28,18,20,15,27
8,2423701050802,"Μαγούλα,η",253,0,10,10,21,19,18,11,17,11,18,22,22,21,8,23,23,110,0,6,3,8,12,9,7,10,4,6,3,13,5,6,15,6,140,0,6,5,10,9,7,7,11,9,9,17,5,19,5,10,15
7,24237010509,Δημοτική Κοινότητα Πιτίτσης,18,0,0,0,0,0,0,3,0,0,0,3,3,3,0,3,3,9,0,0,0,0,0,0,3,0,0,0,3,4,3,0,0,0,11,0,0,0,0,0,0,0,0,0,0,0,0,3,0,3,3
8,2423701050901,"Πιτίτσα,η",18,0,0,0,0,0,0,3,0,0,0,3,3,3,0,3,3,9,0,0,0,0,0,0,3,0,0,0,3,4,3,0,0,0,11,0,0,0,0,0,0,0,0,0,0,0,0,3,0,3,3
7,24237010510,Δημοτική Κοινότητα Πλατανίου,458,13,26,36,31,29,10,10,36,43,30,40,29,17,31,29,38,232,9,12,26,18,17,4,6,17,17,14,20,21,5,16,14,15,228,7,17,13,15,10,4,7,22,24,18,22,12,9,13,12,20
8,2423701051001,"Πλατάνιον,το",458,13,26,36,31,29,10,10,36,43,30,40,29,17,31,29,38,232,9,12,26,18,17,4,6,17,17,14,20,21,5,16,14,15,228,7,17,13,15,10,4,7,22,24,18,22,12,9,13,12,20
7,24237010511,Δημοτική Κοινότητα Σελλών,270,6,14,21,16,6,5,6,8,29,17,11,19,15,27,26,38,142,6,9,12,5,0,4,4,6,16,10,6,7,10,14,14,21,126,3,3,10,8,5,3,4,4,16,5,3,10,6,15,8,15
8,2423701051101,"Σελλά,τα",270,6,14,21,16,6,5,6,8,29,17,11,19,15,27,26,38,142,6,9,12,5,0,4,4,6,16,10,6,7,10,14,14,21,126,3,3,10,8,5,3,4,4,16,5,3,10,6,15,8,15
7,24237010512,Δημοτική Κοινότητα Ψαθοπύργου,752,24,40,56,35,44,28,35,41,53,67,57,56,66,47,33,78,375,10,25,24,19,22,13,22,19,25,35,28,29,38,25,18,33,375,10,13,35,13,20,18,16,19,32,29,27,24,25,26,18,42
8,2423701051201,"Ψαθόπυργος,ο",639,20,33,45,28,38,26,29,33,48,63,44,46,48,40,28,62,316,10,23,19,17,21,10,18,18,18,35,26,23,29,24,11,25,326,12,12,28,13,19,19,9,19,27,31,21,26,17,18,14,41
8,2423701051202,"Κάτω Ροδινή,η",111,0,5,9,5,4,0,3,5,9,6,11,6,15,6,8,12,62,0,3,0,4,4,0,0,4,4,3,4,9,12,3,3,6,51,0,3,5,3,4,0,5,3,8,0,8,0,6,5,0,4
5,2423702,ΔΗΜΟΣ ΑΙΓΙΑΛΕΙΑΣ,46989,1717,1898,2244,2242,1944,1931,2069,2668,3292,3490,3649,3421,3648,3250,2947,6586,23056,888,986,1163,1148,1004,1015,1066,1297,1639,1801,1860,1623,1725,1625,1418,2801,23930,832,910,1083,1097,938,914,1006,1372,1650,1687,1786,1796,1919,1623,1525,3788
6,242370201,ΔΗΜΟΤΙΚΗ ΕΝΟΤΗΤΑ ΑΙΓΙΟΥ,25796,1018,1075,1301,1238,1082,1099,1220,1544,1887,1916,2026,1851,1975,1723,1532,3314,12520,531,556,672,627,544,564,633,742,932,996,1032,839,916,849,721,1365,13274,483,522,627,614,541,534,582,805,957,917,993,1014,1057,872,808,1946
7,24237020101,Δημοτική Κοινότητα Αιγίου,20246,807,812,1003,973,891,874,950,1225,1497,1519,1614,1465,1525,1341,1187,2574,9706,425,409,513,489,434,453,490,584,729,779,800,650,692,659,550,1046,10544,379,399,487,486,454,423,458,643,765,736,816,818,830,679,639,1526
8,2423702010101,"Αίγιον,το",19854,789,795,987,960,866,846,937,1202,1466,1498,1579,1436,1480,1309,1174,2545,9510,416,407,506,481,425,441,482,574,710,768,785,635,670,644,542,1035,10347,371,390,483,481,438,408,458,626,752,726,791,804,812,667,634,1506
8,2423702010102,"Άγιος Νικόλαος,ο",53,3,3,0,3,3,3,5,3,7,0,4,5,5,3,3,0,27,3,0,0,0,0,0,5,3,3,0,3,3,3,3,3,3,23,0,0,0,3,3,0,3,3,3,5,0,0,0,4,4,0
8,2423702010103,"Σωτήρ,ο",250,15,16,12,10,17,20,3,20,21,14,18,18,27,20,12,18,120,6,3,8,5,7,11,0,8,11,9,7,6,15,11,3,8,129,6,10,6,3,13,11,0,15,8,3,9,9,15,11,6,13
8,2423702010104,"Φωνησκαριά,η",91,0,3,5,8,8,3,3,0,6,3,14,8,11,0,5,8,46,0,3,4,3,3,4,6,0,3,4,8,4,3,3,5,3,43,0,0,3,3,3,0,0,0,7,0,9,0,5,0,0,4
7,24237020102,Δημοτική Κοινότητα Βαλιμιτίκων,456,23,21,26,25,13,15,23,28,45,27,28,31,28,47,27,62,218,9,13,17,8,7,5,10,10,23,13,16,15,16,22,18,19,241,11,10,6,14,10,7,15,17,20,10,11,18,8,23,12,40
8,2423702010201,"Βαλιμίτικα,τα",456,23,21,26,25,13,15,23,28,45,27,28,31,28,47,27,62,218,9,13,17,8,7,5,10,10,23,13,16,15,16,22,18,19,241,11,10,6,14,10,7,15,17,20,10,11,18,8,23,12,40
7,24237020103,Δημοτική Κοινότητα Δαφνών,211,7,5,4,8,8,6,12,6,14,18,13,19,20,13,15,41,112,5,3,3,4,3,0,5,3,12,11,13,6,12,8,9,15,97,4,0,0,0,3,4,10,0,5,5,4,10,6,8,4,28
8,2423702010301,"Δάφναι,αι",208,7,5,4,8,8,6,12,6,12,18,13,19,20,13,15,41,108,5,3,3,4,3,0,5,3,9,11,13,6,12,8,9,15,97,4,0,0,0,3,4,10,0,5,5,4,10,6,8,4,28
8,2423702010302,"Άγιος Ηλίας,ο",0,0,0,0,0,0,0,0,0,0,0,0,0,0,0,0,0,0,0,0,0,0,0,0,0,0,0,0,0,0,0,0,0,0,0,0,0,0,0,0,0,0,0,0,0,0,0,0,0,0,0
7,24237020104,Δημοτική Κοινότητα Διγελιωτίκων,391,26,8,18,14,6,17,19,37,24,26,18,20,39,32,37,57,200,15,10,10,8,0,6,10,20,10,13,5,10,17,14,18,32,189,9,0,11,3,3,8,11,15,11,17,10,8,19,17,22,28
8,2423702010401,"Διγελιώτικα,τα",391,26,8,18,14,6,17,19,37,24,26,18,20,39,32,37,57,200,15,10,10,8,0,6,10,20,10,13,5,10,17,14,18,32,189,9,0,11,3,3,8,11,15,11,17,10,8,19,17,22,28
7,24237020105,Δημοτική Κοινότητα Κουλούρας,923,26,53,60,52,40,35,48,54,61,70,84,59,78,48,48,115,473,18,26,36,28,22,15,28,25,31,36,35,30,33,24,26,48,452,10,25,22,27,20,17,16,27,28,37,46,27,42,22,20,70
8,2423702010501,"Κουλούρα,η",923,26,53,60,52,40,35,48,54,61,70,84,59,78,48,48,115,473,18,26,36,28,22,15,28,25,31,36,35,30,33,24,26,48,452,10,25,22,27,20,17,16,27,28,37,46,27,42,22,20,70
7,24237020106,Δημοτική Κοινότητα Κούμαρη,203,12,18,10,7,5,8,13,9,16,17,17,14,11,11,13,19,107,6,5,7,3,5,7,4,8,6,8,8,10,7,4,6,12,99,3,10,5,3,3,4,12,3,13,7,6,7,0,5,5,10
8,2423702010601,"Κούμαρης,ο",203,12,18,10,7,5,8,13,9,16,17,17,14,11,11,13,19,107,6,5,7,3,5,7,4,8,6,8,8,10,7,4,6,12,99,3,10,5,3,3,4,12,3,13,7,6,7,0,5,5,10
7,24237020107,Δημοτική Κοινότητα Κουνινάς,320,4,4,12,13,10,16,16,24,21,22,22,29,34,30,24,46,177,4,0,3,5,0,9,8,14,11,10,14,18,15,16,12,21,145,3,3,7,5,6,3,5,6,7,8,6,13,16,11,9,28
8,2423702010701,"Κουνινά,η",266,3,3,10,9,5,14,13,19,17,19,18,26,24,28,22,41,142,3,0,3,5,0,9,5,15,9,8,12,14,15,17,10,17,126,3,3,6,0,0,7,5,6,6,8,8,14,12,8,9,27
8,2423702010702,"Αγία Άννα,η",20,0,0,4,0,0,0,3,3,0,3,0,0,3,0,0,0,12,0,0,4,0,0,0,0,3,0,3,0,0,0,0,0,0,4,0,0,0,0,0,0,3,0,0,0,0,0,0,0,0,0
8,2423702010703,"Μονή Πεπελενίτσης,η",0,0,0,0,0,0,0,0,0,0,0,0,0,0,0,0,0,0,0,0,0,0,0,0,0,0,0,0,0,0,0,0,0,0,0,0,0,0,0,0,0,0,0,0,0,0,0,0,0,0,0
8,2423702010704,"Πελεκίστρα,η",6,0,0,0,0,0,4,0,0,4,4,0,0,3,0,0,0,3,0,0,0,0,0,4,0,0,0,4,0,0,0,0,0,0,0,0,0,0,0,0,0,0,0,4,0,0,0,0,0,0,0
8,2423702010705,"Πετροβούνι,το",31,0,0,0,3,3,0,0,0,3,0,3,5,7,0,0,5,17,0,0,0,0,3,0,0,0,0,0,0,3,3,0,0,4,17,0,0,0,3,3,0,0,0,0,0,0,0,3,0,0,3
7,24237020108,Δημοτική Κοινότητα Μαυρικίου,357,3,7,20,16,8,10,12,15,30,31,24,23,38,36,23,58,186,3,3,10,8,4,5,3,10,18,19,13,15,18,17,13,28,173,3,3,7,11,3,9,7,8,15,16,14,10,18,21,9,28
8,2423702010801,"Κάτω Μαυρίκιον,το",349,3,7,20,16,8,10,12,15,27,34,24,23,35,32,23,54,181,3,3,10,8,4,5,3,10,18,22,13,15,15,13,12,28,170,3,3,7,11,3,9,7,8,11,16,8,10,18,21,9,29
8,2423702010802,"Άγιος Ιωάννης,ο",4,0,0,0,0,0,0,0,0,0,0,0,0,4,0,0,0,4,0,0,0,0,0,0,0,0,0,0,0,0,4,0,0,0,0,0,0,0,0,0,0,0,0,0,0,0,0,0,0,0,0
8,2423702010803,"Άνω Μαυρίκιον,το",11,5,0,0,0,0,0,0,0,0,0,3,0,0,0,4,0,8,0,0,0,0,0,0,0,0,0,0,0,0,0,0,4,0,6,5,0,0,0,0,0,0,0,0,0,3,0,0,0,0,0
7,24237020109,Δημοτική Κοινότητα Μελισσίων,275,8,19,7,6,8,13,8,21,15,17,18,18,19,14,25,54,128,6,6,0,0,9,10,5,11,6,9,9,8,7,4,9,28,145,5,10,6,3,3,6,5,12,13,6,7,12,8,12,14,28
8,2423702010901,"Μελίσσια,τα",257,8,19,7,6,8,11,5,17,17,17,18,18,19,11,21,53,121,6,6,0,0,4,10,5,7,6,7,9,8,7,3,10,26,134,5,10,6,3,3,4,3,12,8,7,7,12,8,13,14,24
8,2423702010902,"Λάκκα,η",5,0,0,0,0,0,0,0,3,0,3,0,0,0,0,0,4,0,0,0,0,0,0,0,0,3,0,0,0,0,0,0,0,0,3,0,0,0,0,0,0,0,0,0,0,0,0,0,0,0,3
8,2423702010903,"Μονή Παμμεγίστων Ταξιαρχών,η",4,0,0,0,0,0,4,0,0,0,0,0,0,0,0,0,0,0,0,0,0,0,0,0,0,0,0,0,0,0,0,0,0,0,5,0,0,0,0,0,4,0,0,0,0,0,0,0,0,0,0
8,2423702010904,"Πυργάκιον,το",6,0,0,0,0,0,0,0,0,0,0,0,0,0,0,0,0,3,0,0,0,0,0,0,0,0,0,0,0,0,0,0,0,0,0,0,0,0,0,0,0,0,0,0,0,0,0,0,3,0,0
7,24237020110,Δημοτική Κοινότητα Παρασκευής,181,3,8,6,12,10,11,11,9,12,11,21,13,12,12,12,21,96,3,4,5,8,5,5,6,8,3,7,13,8,5,8,8,9,83,3,6,3,3,3,4,3,4,6,6,11,3,9,0,0,14
8,2423702011001,"Παρασκευή,η",181,3,8,6,12,10,11,11,9,12,11,21,13,12,12,12,21,96,3,4,5,8,5,5,6,8,3,7,13,8,5,8,8,9,83,3,6,3,3,3,4,3,4,6,6,11,3,9,0,0,14
7,24237020111,Δημοτική Κοινότητα Πτέρης,439,17,22,18,15,19,19,30,18,23,32,31,44,34,27,19,67,224,6,13,9,10,13,6,21,8,10,16,20,23,22,12,5,28,213,8,11,11,8,9,11,11,8,16,18,9,18,9,13,17,36
8,2423702011101,"Πτέρη,η",21,0,0,0,0,0,3,3,0,0,6,0,7,0,0,0,0,12,0,0,0,0,0,0,3,4,0,3,0,4,0,0,0,0,7,0,0,0,0,0,3,0,0,0,0,0,0,0,0,0,0
8,2423702011102,"Άγιος Ανδρέας,ο",72,0,5,4,3,5,0,3,3,3,5,4,5,8,4,4,11,34,0,3,0,4,5,0,3,0,3,0,0,3,9,0,4,6,35,0,0,4,0,0,0,0,4,0,5,0,0,3,0,3,9
8,2423702011103,"Άγιος Παντελεήμων,ο",10,3,3,0,0,0,0,0,0,5,0,0,4,0,0,0,0,3,0,0,0,0,0,0,0,0,5,0,0,0,0,0,0,0,9,3,3,0,0,0,0,0,0,0,0,0,0,0,0,0,0
8,2423702011104,"Αχλαδέα,η",148,6,7,10,7,9,10,14,7,7,11,11,13,8,12,7,17,72,0,3,0,3,0,3,5,4,3,4,11,9,4,4,0,9,74,7,3,5,0,6,5,6,0,3,5,4,3,3,5,7,5
8,2423702011105,"Κάτω Πτέρη,η",134,0,5,4,6,3,7,3,0,8,7,15,20,11,6,5,27,65,0,4,5,3,4,0,4,3,3,4,7,9,9,4,0,10,67,0,3,0,5,0,7,0,0,8,5,5,9,5,4,3,20
8,2423702011106,"Μπουφούσκια,η",57,3,3,3,0,3,0,6,3,0,7,4,3,3,9,7,8,38,0,3,3,0,0,0,5,3,0,4,0,0,3,0,0,5,23,3,0,0,0,4,0,4,0,0,0,0,4,0,4,3,6
7,24237020112,Δημοτική Κοινότητα Σελινούντος,535,31,33,33,38,25,27,24,36,38,36,39,35,41,25,22,62,258,11,16,15,19,9,11,12,12,24,18,23,14,22,13,17,20,274,18,20,15,16,13,17,9,21,12,20,14,24,21,14,7,44
8,2423702011201,"Σελινούς,ο",535,31,33,33,38,25,27,24,36,38,36,39,35,41,25,22,62,258,11,16,15,19,9,11,12,12,24,18,23,14,22,13,17,20,274,18,20,15,16,13,17,9,21,12,20,14,24,21,14,7,44
7,24237020113,Δημοτική Κοινότητα Τέμενης,1211,42,59,82,67,45,47,54,55,99,89,97,75,92,99,78,136,609,24,43,37,37,23,25,31,20,45,49,55,32,41,51,31,63,604,22,20,42,26,20,20,19,32,57,38,41,41,54,47,45,75
8,2423702011301,"Τέμενη,η",1211,42,59,82,67,45,47,54,55,99,89,97,75,92,99,78,136,609,24,43,37,37,23,25,31,20,45,49,55,32,41,51,31,63,604,22,20,42,26,20,20,19,32,57,38,41,41,54,47,45,75
7,24237020114,Δημοτική Κοινότητα Χατζή,40,0,3,10,3,0,0,4,0,0,3,5,4,5,3,0,0,23,0,0,5,0,0,0,0,4,0,3,3,4,3,0,0,0,19,0,3,0,0,0,0,3,0,0,3,0,0,4,3,0,0
8,2423702011401,"Χατζής,ο",40,0,3,10,3,0,0,4,0,0,3,5,4,5,3,0,0,23,0,0,5,0,0,0,0,4,0,3,3,4,3,0,0,0,19,0,3,0,0,0,0,3,0,0,3,0,0,4,3,0,0
6,242370202,ΔΗΜΟΤΙΚΗ ΕΝΟΤΗΤΑ ΑΙΓΕΙΡΑΣ,2291,68,74,93,95,99,97,87,103,143,159,189,186,187,188,168,361,1146,31,34,49,47,54,52,48,56,71,80,95,98,86,101,93,155,1149,35,37,42,50,43,47,43,50,74,83,91,90,100,84,73,204
7,24237020201,Δημοτική Κοινότητα Αιγείρας,1309,43,49,52,63,63,59,50,61,85,96,107,98,106,88,100,179,616,24,24,25,22,33,25,23,31,39,45,50,49,48,50,53,72,691,22,27,24,39,28,37,24,33,45,54,55,52,60,40,44,110
8,2423702020101,"Αιγείρα,η",1309,43,49,52,63,63,59,50,61,85,96,107,98,106,88,100,179,616,24,24,25,22,33,25,23,31,39,45,50,49,48,50,53,72,691,22,27,24,39,28,37,24,33,45,54,55,52,60,40,44,110
7,24237020202,Δημοτική Κοινότητα Αιγών,261,7,8,13,3,4,15,13,7,17,18,21,20,18,28,20,51,139,4,3,6,0,3,10,8,3,8,8,9,7,8,13,10,29,124,0,3,5,7,0,0,8,3,7,7,10,9,12,17,7,26
8,2423702020201,"Αιγαί,αι",58,0,0,0,5,0,4,4,0,3,3,5,8,7,10,8,10,33,0,0,0,0,0,4,0,0,3,3,0,5,3,6,8,6,28,0,0,0,5,0,0,3,0,0,0,3,5,3,6,0,6
8,2423702020202,"Αλμυρός,ο",15,0,0,0,5,0,0,0,4,0,0,3,3,3,0,0,0,5,0,0,0,0,0,0,0,0,0,0,3,3,0,0,0,0,7,0,0,0,5,0,0,0,0,0,0,4,0,3,0,0,0
8,2423702020203,"Λαμπινός,ο",188,5,3,9,3,3,11,11,6,12,19,12,13,9,17,15,40,95,3,3,4,0,3,6,8,0,7,8,7,6,4,4,5,21,90,0,0,3,0,0,0,0,3,3,8,8,5,3,9,7,16
7,24237020203,Δημοτική Κοινότητα Αμπελοκήπων,206,0,3,11,10,10,7,3,8,12,8,18,24,21,17,14,37,113,0,0,11,4,5,3,3,3,9,6,12,15,10,9,6,19,97,0,0,3,3,7,3,0,7,7,0,10,12,13,6,6,21
8,2423702020301,"Αμπελόκηποι,οι",173,0,3,11,10,10,10,0,4,10,5,14,25,16,14,6,34,91,0,0,11,4,5,3,5,3,4,3,12,16,5,7,0,15,81,0,0,3,3,7,3,0,3,7,0,6,12,8,5,3,17
8,2423702020302,"Παλιοκάτωνα,τα",10,0,0,0,0,0,0,4,0,0,0,0,0,3,0,0,3,6,0,0,0,0,0,0,3,0,0,0,0,0,3,0,0,3,3,0,0,0,0,0,0,0,0,0,0,0,0,0,0,0,0
8,2423702020303,"Πιμπαίϊκα,τα",23,0,0,0,0,0,0,0,0,0,0,3,0,3,0,6,5,10,0,0,0,0,0,0,0,0,0,0,0,0,0,0,3,0,10,0,0,0,0,0,0,0,0,0,0,3,0,3,3,0,3
7,24237020204,Δημοτική Κοινότητα Βελάς,56,0,0,3,3,3,0,3,4,0,5,6,5,9,7,4,3,28,0,0,0,3,0,0,0,4,0,3,3,0,3,8,3,0,26,0,0,4,0,0,0,4,0,0,5,0,6,3,3,3,3
8,2423702020401,"Βελά,η",56,0,0,3,3,3,0,3,4,0,5,6,5,9,7,4,3,28,0,0,0,3,0,0,0,4,0,3,3,0,3,8,3,0,26,0,0,4,0,0,0,4,0,0,5,0,6,3,3,3,3
7,24237020205,Δημοτική Κοινότητα Εξοχής,52,0,3,0,4,4,3,0,3,4,5,5,6,3,3,4,6,28,0,0,0,3,3,0,0,3,3,6,4,3,0,3,3,0,26,0,0,3,4,0,0,0,3,3,3,4,3,3,0,0,3
8,2423702020501,"Εξοχή,η",52,0,3,0,4,4,3,0,3,4,5,5,6,3,3,4,6,28,0,0,0,3,3,0,0,3,3,6,4,3,0,3,3,0,26,0,0,3,4,0,0,0,3,3,3,4,3,3,0,0,3
7,24237020206,Δημοτική Κοινότητα Μοναστηρίου,76,3,4,3,5,3,3,4,7,7,3,6,4,8,12,3,16,45,0,0,0,3,3,3,0,0,5,3,6,4,0,6,3,8,34,3,0,3,0,0,0,3,3,3,4,0,3,3,4,0,10
8,2423702020601,"Μοναστήριον,το",76,3,4,3,5,3,3,4,7,7,3,6,4,8,12,3,16,45,0,0,0,3,3,3,0,0,5,3,6,4,0,6,3,8,34,3,0,3,0,0,0,3,3,3,4,0,3,3,4,0,10
7,24237020207,Δημοτική Κοινότητα Οάσεως,39,3,0,0,3,3,0,0,0,0,0,0,4,4,6,0,7,20,0,0,0,0,0,0,3,0,0,0,0,0,0,0,0,4,16,3,0,0,4,0,0,0,0,0,0,0,0,0,3,0,5
8,2423702020701,"Όασις,η",39,3,0,0,3,3,0,0,0,0,0,0,4,4,6,0,7,20,0,0,0,0,0,0,3,0,0,0,0,0,0,0,0,4,16,3,0,0,4,0,0,0,0,0,0,0,0,0,3,0,5
7,24237020208,Δημοτική Κοινότητα Περιθωρίου,31,0,0,0,0,5,0,0,3,4,0,0,3,6,3,3,10,14,0,0,0,0,5,0,0,3,0,0,0,0,3,0,4,3,14,0,0,0,0,0,0,0,0,3,0,0,0,0,3,3,4
8,2423702020801,"Περιθώριον,το",31,0,0,0,0,5,0,0,3,4,0,0,3,6,3,3,10,14,0,0,0,0,5,0,0,3,0,0,0,0,3,0,4,3,14,0,0,0,0,0,0,0,0,3,0,0,0,0,3,3,4
7,24237020209,Δημοτική Κοινότητα Σελιάνας,55,0,0,0,0,5,0,0,4,0,4,6,3,4,8,5,15,35,0,0,0,0,0,0,3,3,0,3,3,3,4,3,3,9,23,0,0,0,0,5,0,0,0,0,3,0,0,3,3,0,9
8,2423702020901,"Σελιάνα,η",55,0,0,0,0,5,0,0,4,0,4,6,3,4,8,5,15,35,0,0,0,0,0,0,3,3,0,3,3,3,4,3,3,9,23,0,0,0,0,5,0,0,0,0,3,0,0,3,3,0,9
7,24237020210,Δημοτική Κοινότητα Σινεβρού,30,3,0,0,0,5,0,0,0,3,3,3,3,3,0,5,4,15,0,0,0,0,4,0,0,0,0,0,0,3,3,0,0,4,13,3,0,0,0,3,0,0,0,3,4,0,0,3,0,0,3
8,2423702021001,"Σινεβρόν,το",30,3,0,0,0,5,0,0,0,3,3,3,3,3,0,5,4,15,0,0,0,0,4,0,0,0,0,0,0,3,3,0,0,4,13,3,0,0,0,3,0,0,0,3,4,0,0,3,0,0,3
7,24237020211,Δημοτική Κοινότητα Χρυσανθίου,177,3,7,8,4,8,7,8,9,14,9,13,14,14,17,15,30,94,3,3,8,3,5,4,4,4,5,5,11,6,11,6,4,14,86,0,0,3,0,5,0,5,3,6,7,5,4,5,9,8,19
8,2423702021101,"Χρυσάνθιον,το",169,3,7,8,4,8,5,9,9,14,9,14,14,14,17,15,28,91,3,3,8,3,5,3,6,4,5,5,11,6,11,6,4,12,81,0,0,3,0,5,0,5,3,6,7,5,4,5,9,8,19
8,2423702021102,"Κασάνεβα,η",4,0,0,0,0,0,0,0,0,0,0,3,0,0,0,0,0,5,0,0,0,0,0,0,0,0,0,0,0,0,0,0,0,0,3,0,0,0,0,0,0,0,0,0,0,3,0,0,0,0,0
6,242370203,ΔΗΜΟΤΙΚΗ ΕΝΟΤΗΤΑ ΑΚΡΑΤΑΣ,4248,121,159,171,188,177,184,158,227,302,273,301,310,343,314,313,703,2148,70,85,96,108,102,106,81,116,154,132,167,149,158,154,158,312,2103,54,77,72,83,73,75,75,108,146,144,138,163,183,163,158,389
7,24237020301,Δημοτική Κοινότητα Ακράτας,1376,44,59,57,46,46,62,63,93,90,88,96,92,107,91,111,222,690,21,25,35,23,32,32,34,48,58,39,57,40,57,43,50,99,688,20,31,19,19,17,28,26,47,34,52,41,49,55,51,58,125
8,2423702030101,"Ακράτα,η",1332,43,59,54,44,48,58,59,93,88,85,91,88,110,93,107,212,667,20,25,36,23,28,32,29,48,56,35,56,40,54,38,44,93,662,20,31,19,23,17,28,28,48,31,52,37,50,52,51,60,116
8,2423702030102,"Πύργος,ο",3,0,0,0,0,0,0,0,0,0,0,0,0,3,0,0,3,3,0,0,0,0,0,0,0,0,0,0,0,0,3,0,0,3,0,0,0,0,0,0,0,0,0,0,0,0,0,0,0,0,0
8,2423702030103,"Φούρνοι,οι",47,3,0,0,0,0,3,0,3,4,0,3,3,3,0,3,13,20,3,0,0,0,0,0,3,0,0,0,4,0,0,0,4,4,24,0,0,0,0,0,3,0,3,0,0,3,3,0,0,0,7
7,24237020302,Δημοτική Κοινότητα Αγίας Βαρβάρας,129,3,7,6,5,8,6,3,5,10,10,8,8,5,14,11,17,67,0,8,5,3,3,8,0,3,5,5,3,0,3,6,6,8,65,3,0,3,5,0,0,5,0,3,3,3,5,4,10,7,11
8,2423702030201,"Αγία Βαρβάρα,η",113,3,7,6,5,8,8,5,4,9,9,8,5,6,12,14,17,56,0,8,5,3,3,3,0,0,4,4,3,0,3,5,3,8,55,3,0,3,5,0,3,5,0,3,3,3,3,0,4,7,11
8,2423702030202,"Βουνάκιον,το",19,0,0,0,0,0,0,0,0,5,0,0,0,0,4,0,0,9,0,0,0,0,0,3,0,0,5,0,0,0,0,0,0,0,7,0,0,0,0,0,0,0,0,0,0,0,0,0,3,0,0
7,24237020303,Δημοτική Κοινότητα Αμπέλου,215,7,4,0,10,13,6,7,5,13,10,16,15,29,26,14,39,108,3,4,0,5,7,3,4,4,3,4,9,5,11,12,8,20,109,0,3,3,3,4,6,0,4,8,5,10,8,16,12,3,17
8,2423702030301,"Άμπελος,η",215,7,4,0,10,13,6,7,5,13,10,16,15,29,26,14,39,108,3,4,0,5,7,3,4,4,3,4,9,5,11,12,8,20,109,0,3,3,3,4,6,0,4,8,5,10,8,16,12,3,17
7,24237020304,Δημοτική Κοινότητα Βαλιμής,37,0,0,0,0,0,0,3,3,3,4,0,3,4,3,3,5,21,0,0,0,0,0,0,5,3,3,4,4,0,0,0,0,4,18,0,0,0,0,0,0,0,0,0,3,0,0,4,0,0,4
8,2423702030401,"Βαλιμή,η",37,0,0,0,0,0,0,3,3,3,4,0,3,4,3,3,5,21,0,0,0,0,0,0,5,3,3,4,4,0,0,0,0,4,18,0,0,0,0,0,0,0,0,0,3,0,0,4,0,0,4
7,24237020305,Δημοτική Κοινότητα Βουτσίμου,42,0,0,3,4,0,5,0,0,4,0,5,3,0,4,4,10,24,0,0,0,0,0,3,0,0,3,0,0,0,0,0,0,5,14,0,0,3,4,0,0,0,0,0,0,4,0,0,0,3,3
8,2423702030501,"Βούτσιμος,ο",42,0,0,3,4,0,5,0,0,4,0,5,3,0,4,4,10,24,0,0,0,0,0,3,0,0,3,0,0,0,0,0,0,5,14,0,0,3,4,0,0,0,0,0,0,4,0,0,0,3,3
7,24237020306,Δημοτική Κοινότητα Ζαρούχλης,78,0,0,0,5,4,3,3,3,3,7,5,9,11,3,6,19,50,0,0,0,0,4,3,4,7,3,4,3,5,8,3,3,14,30,0,0,0,3,0,0,3,0,0,5,0,5,5,0,5,3
8,2423702030601,"Ζαρούχλα,η",78,0,0,0,5,4,3,3,3,3,7,5,9,11,3,6,19,50,0,0,0,0,4,3,4,7,3,4,3,5,8,3,3,14,30,0,0,0,3,0,0,3,0,0,5,0,5,5,0,5,3
7,24237020307,Δημοτική Κοινότητα Καλαμιά,247,3,3,11,10,17,6,6,8,20,6,16,22,20,20,25,52,133,4,5,7,3,12,8,4,3,6,5,12,15,10,13,16,24,111,0,0,0,4,3,0,4,4,11,3,3,10,13,10,11,30
8,2423702030701,"Κάτω Ποταμιά,η",7,0,0,0,0,0,3,0,0,0,0,0,0,0,0,0,0,4,0,0,0,0,0,3,0,0,0,0,0,0,0,0,0,0,0,0,0,0,0,0,0,0,0,0,0,0,0,0,0,0,0
8,2423702030702,"Καλαμιάς,ο",198,3,3,11,10,14,5,5,5,16,7,16,18,12,13,18,41,107,0,5,7,3,8,9,3,0,7,0,12,10,5,9,9,20,89,0,0,0,4,3,0,0,3,10,3,3,6,9,6,7,24
8,2423702030703,"Ποταμίτικος Γιαλός,ο",42,0,0,0,0,0,0,0,3,3,0,0,4,9,7,5,8,22,0,0,0,0,0,0,0,0,0,0,0,3,3,3,4,8,22,0,0,0,0,0,0,0,3,0,0,0,3,4,7,3,4
7,24237020308,Δημοτική Κοινότητα Κραθίου,566,21,27,27,36,26,20,18,44,44,37,45,45,43,37,30,72,304,12,22,15,29,17,9,6,23,21,16,22,21,18,18,16,30,266,6,8,15,5,11,9,10,18,20,19,25,22,23,22,16,39
8,2423702030801,"Κράθιον,το",446,14,19,23,27,22,17,15,32,29,30,38,34,32,28,21,63,233,6,15,9,22,12,10,6,17,17,13,16,14,14,10,9,29,216,6,6,11,9,13,4,6,13,14,14,20,17,15,13,9,37
8,2423702030802,"Γκουμαίικα,τα",116,9,6,3,6,5,0,6,9,12,5,9,9,15,8,6,6,67,9,4,3,4,3,0,3,4,7,0,4,3,6,5,5,4,47,3,0,0,0,0,3,6,3,3,3,3,3,5,4,3,4
7,24237020309,Δημοτική Κοινότητα Μεσορρουγίου,30,0,0,0,0,0,0,0,0,0,4,3,0,4,3,3,8,13,0,0,0,0,0,3,0,0,0,3,3,0,3,0,3,8,14,0,0,0,0,0,0,0,0,0,0,0,0,0,0,3,3
8,2423702030901,"Μεσορρούγιον,το",18,0,0,0,0,0,0,0,0,0,3,3,0,0,3,3,5,10,0,0,0,0,0,0,0,0,0,0,3,0,0,0,3,4,5,0,0,0,0,0,0,0,0,0,0,0,0,0,0,3,3
8,2423702030902,"Άνω Μεσορρούγι,το",5,0,0,0,0,0,0,0,0,0,0,0,0,0,0,0,3,3,0,0,0,0,0,0,0,0,0,0,0,0,0,0,0,0,4,0,0,0,0,0,0,0,0,0,0,0,0,0,0,0,3
8,2423702030903,"Σόλος,ο",8,0,0,0,0,0,3,0,0,0,0,0,0,4,3,0,4,5,0,0,0,0,0,3,0,0,0,0,0,0,3,0,0,4,5,0,0,0,0,0,0,0,0,0,0,0,0,0,3,0,4
7,24237020310,Δημοτική Κοινότητα Παραλίας Πλατάνου,216,3,4,4,16,8,7,3,6,10,8,19,17,14,21,16,52,107,3,0,3,11,6,6,3,0,5,6,10,9,7,9,10,22,111,0,0,4,7,0,3,3,7,7,5,10,7,9,10,8,28
8,2423702031001,"Παραλία Πλατάνου,η",216,3,4,4,16,8,7,3,6,10,8,19,17,14,21,16,52,107,3,0,3,11,6,6,3,0,5,6,10,9,7,9,10,22,111,0,0,4,7,0,3,3,7,7,5,10,7,9,10,8,28
7,24237020311,Δημοτική Κοινότητα Περιστέρας,65,0,0,5,0,4,0,5,3,5,3,8,5,9,0,3,14,34,0,0,5,0,3,3,0,4,3,0,6,3,0,0,3,5,28,0,0,0,0,0,3,3,0,0,0,4,0,6,0,3,6
8,2423702031101,"Περιστέρα,η",48,0,0,0,0,4,5,5,4,5,0,8,6,6,0,0,12,26,0,0,0,0,3,0,0,4,3,0,6,4,0,0,3,0,20,0,0,0,0,0,3,3,0,0,0,4,0,3,0,0,8
8,2423702031102,"Αγρίδιον,το",3,0,0,0,0,0,0,0,0,0,0,0,0,0,0,0,0,0,0,0,0,0,0,0,0,0,0,0,0,0,0,0,0,0,0,0,0,0,0,0,0,0,0,0,0,0,0,0,0,0,0
8,2423702031103,"Χαλκιάνικα,τα",8,0,0,3,0,0,0,0,0,0,0,0,3,0,0,0,3,7,0,0,3,0,0,0,0,0,0,0,0,3,0,0,0,0,3,0,0,0,0,0,0,0,0,0,0,0,0,0,0,0,0
7,24237020312,Δημοτική Κοινότητα Πλατάνου,202,3,9,6,14,9,8,3,3,12,14,15,15,15,22,13,47,87,0,4,3,5,4,3,3,3,0,7,7,7,5,13,8,17,112,3,3,3,6,7,3,0,3,9,9,10,5,8,6,8,27
8,2423702031201,"Πλάτανος,ο",198,3,9,6,14,9,8,3,3,12,12,17,15,15,17,13,47,87,0,4,3,5,4,3,3,3,0,7,7,7,5,11,8,18,109,3,3,3,6,7,3,0,3,9,7,8,5,8,8,8,27
8,2423702031202,"Άνω Ποταμιά,η",4,0,0,0,0,0,0,0,0,0,0,0,0,0,0,0,0,0,0,0,0,0,0,0,0,0,0,0,0,0,0,0,0,0,4,0,0,0,0,0,0,0,0,0,0,0,0,0,0,0,0
8,2423702031203,"Κορινθιακό Μπαλκόνι,το",0,0,0,0,0,0,0,0,0,0,0,0,0,0,0,0,0,0,0,0,0,0,0,0,0,0,0,0,0,0,0,0,0,0,0,0,0,0,0,0,0,0,0,0,0,0,0,0,0,0,0
8,2423702031204,"Τσιβλός,ο",3,0,0,0,0,0,0,0,0,0,0,0,0,0,0,0,0,3,0,0,0,0,0,0,0,0,0,0,0,0,0,0,0,0,0,0,0,0,0,0,0,0,0,0,0,0,0,0,0,0,0
7,24237020313,Δημοτική Κοινότητα Ποροβίτσης,90,3,5,6,6,0,0,0,4,13,4,4,9,7,11,6,13,46,0,0,0,4,0,0,0,5,12,0,0,3,3,7,7,6,46,0,3,3,0,0,0,0,3,4,3,3,4,3,7,0,10
8,2423702031301,"Παραλία Ποροβίτσης,η",89,3,5,6,6,0,0,0,4,13,6,0,9,7,11,6,11,41,0,0,0,4,0,0,0,5,12,0,0,3,3,7,7,4,45,0,3,3,0,0,0,0,3,4,3,0,4,3,7,0,9
8,2423702031302,"Ποροβίτσα,η",4,0,0,0,0,0,0,0,0,0,0,3,0,0,0,0,0,3,0,0,0,0,0,0,0,0,0,0,0,0,0,0,0,0,3,0,0,0,0,0,0,0,0,0,0,3,0,0,0,0,4
7,24237020314,Δημοτική Κοινότητα Συλιβαινιώτικων,960,30,36,47,50,39,51,43,45,82,74,59,71,74,61,69,131,466,20,18,20,27,18,31,21,25,36,40,31,30,32,33,40,53,491,7,16,25,26,18,23,19,23,48,32,30,39,43,32,32,76
8,2423702031401,"Συλιβαινιώτικα,τα",960,30,36,47,50,39,51,43,45,82,74,59,71,74,61,69,131,466,20,18,20,27,18,31,21,25,36,40,31,30,32,33,40,53,491,7,16,25,26,18,23,19,23,48,32,30,39,43,32,32,76
6,242370204,ΔΗΜΟΤΙΚΗ ΕΝΟΤΗΤΑ ΔΙΑΚΟΠΤΟΥ,5605,166,220,220,276,209,173,212,303,355,435,416,428,458,386,401,942,2795,74,110,123,142,118,90,101,153,183,236,217,215,233,197,185,418,2813,89,114,95,138,94,85,113,146,169,202,201,211,222,192,214,523
7,24237020401,Δημοτική Κοινότητα Διακοπτού,1977,62,86,80,121,74,51,79,106,140,145,160,130,147,141,133,321,974,33,51,48,56,36,29,32,50,74,73,82,66,76,70,62,144,1001,31,38,29,63,35,25,50,58,70,70,76,66,73,68,73,180
8,2423702040101,"Διακοπτόν,το",1910,64,83,77,117,74,52,74,103,137,141,155,127,134,133,127,315,938,31,46,46,57,36,30,28,44,69,73,82,62,71,66,53,139,974,31,35,29,63,35,25,48,56,71,66,76,63,65,69,72,177
8,2423702040102,"Καλυβίτης,ο",4,0,0,0,0,0,0,0,0,0,0,0,0,0,0,3,4,4,0,0,0,0,0,0,0,0,0,0,0,0,0,0,3,0,3,0,0,0,0,0,0,0,0,0,0,0,0,0,0,0,4
8,2423702040103,"Κερνίτσα,η",19,0,0,0,0,0,0,0,0,0,0,0,3,4,0,0,0,11,0,0,0,0,0,0,0,0,0,0,0,3,0,3,0,0,10,0,0,0,0,0,0,0,0,0,0,0,3,5,3,0,0
8,2423702040104,"Λόφος,ο",36,0,3,0,0,0,3,0,6,3,3,3,3,8,3,5,5,23,0,3,0,0,0,3,0,4,0,3,0,0,4,3,3,4,16,0,0,0,0,0,0,0,0,3,0,3,3,7,0,0,4
7,24237020402,Δημοτική Κοινότητα Άνω Διακοπτού,146,6,6,8,6,3,8,6,7,13,10,7,17,12,13,15,22,74,4,0,3,3,3,3,3,0,5,7,6,12,5,8,9,10,74,0,6,3,0,4,3,5,8,6,6,3,7,4,9,9,14
8,2423702040201,"Άνω Διακοπτόν,το",132,6,6,8,6,3,3,6,7,9,11,7,14,7,7,12,24,62,4,0,3,3,3,3,3,0,5,6,6,10,5,3,5,10,66,0,6,3,0,4,3,5,8,3,3,3,0,4,9,9,11
8,2423702040202,"Πούντα,η",12,0,0,0,0,0,3,0,0,0,3,0,5,3,3,0,0,9,0,0,0,0,0,3,0,0,0,3,0,0,3,3,0,0,5,0,0,0,0,0,0,0,0,0,0,0,3,0,0,0,0
7,24237020403,Δημοτική Κοινότητα Ελαιώνος,672,13,18,25,27,21,21,28,27,40,56,47,57,58,49,59,118,340,6,4,14,9,14,9,14,20,20,28,20,30,33,28,28,59,333,9,12,13,16,9,9,11,10,16,30,29,29,27,24,33,61
8,2423702040301,"Ελαιών,ο",554,9,16,26,24,20,14,22,25,36,44,38,56,53,42,47,87,285,6,3,14,9,12,9,11,16,24,21,18,27,33,24,21,43,271,5,10,10,12,9,3,13,11,14,25,22,26,22,20,23,47
8,2423702040302,"Μετόχιον,το",4,0,0,0,0,0,0,0,0,0,3,0,0,0,0,0,3,4,0,0,0,0,0,0,0,0,0,3,0,0,0,0,0,0,3,0,0,0,0,0,0,0,0,0,0,0,0,0,0,0,3
8,2423702040303,"Τερψιθέα,η",108,0,5,0,0,4,10,4,5,0,14,11,3,4,8,14,27,51,3,4,0,0,4,3,6,0,0,3,4,0,3,3,5,12,59,0,4,0,0,0,4,0,0,0,8,4,0,3,3,7,12
7,24237020404,Δημοτική Κοινότητα Ελίκης,497,3,14,21,31,19,11,15,24,33,42,37,39,56,43,27,85,242,0,7,12,13,12,9,8,16,12,25,20,18,23,28,15,31,258,3,3,12,15,9,5,4,11,19,15,19,17,30,19,10,52
8,2423702040401,"Ελίκη,η",485,3,14,21,27,20,11,15,21,33,42,37,35,52,43,24,80,236,0,7,12,10,8,9,8,12,12,25,20,18,18,28,15,29,251,3,3,12,15,9,5,4,11,19,15,19,20,30,19,11,49
8,2423702040402,"Καλαντέρι,το",9,0,0,0,0,0,0,0,0,0,0,0,0,3,0,0,3,8,0,0,0,0,0,0,0,0,0,0,0,0,3,0,0,0,3,0,0,0,0,0,0,0,0,0,0,0,0,0,0,0,0
7,24237020405,Δημοτική Κοινότητα Ζαχλωριτίκων,331,3,18,12,16,10,10,9,21,23,29,18,29,22,28,19,54,169,0,9,7,13,11,6,9,9,12,18,4,14,8,18,8,27,160,5,11,8,5,3,8,3,9,9,13,10,17,16,14,13,29
8,2423702040501,"Ζαχλωρίτικα,τα",331,3,18,12,16,10,10,9,21,23,29,18,29,22,28,19,54,169,0,9,7,13,11,6,9,9,12,18,4,14,8,18,8,27,160,5,11,8,5,3,8,3,9,9,13,10,17,16,14,13,29
7,24237020406,Δημοτική Κοινότητα Καθολικού,51,0,0,3,0,0,0,0,3,3,7,3,5,4,4,0,14,24,0,0,0,0,0,0,0,3,3,4,0,0,3,3,0,7,29,0,0,3,0,0,3,0,0,0,0,0,5,0,3,3,9
8,2423702040601,"Καθολικόν,το",51,0,0,3,0,0,0,0,3,3,7,3,5,4,4,0,14,24,0,0,0,0,0,0,0,3,3,4,0,0,3,3,0,7,29,0,0,3,0,0,3,0,0,0,0,0,5,0,3,3,9
7,24237020407,Δημοτική Κοινότητα Κερυνείας,322,17,13,16,12,18,19,14,13,15,22,31,28,19,13,12,46,158,7,3,4,8,16,6,6,12,9,15,18,15,16,10,5,19,166,12,9,10,7,4,11,10,5,3,10,16,15,5,5,10,30
8,2423702040701,"Κερύνεια,η",73,3,3,5,3,7,0,4,3,3,3,8,7,3,3,5,15,39,0,0,6,0,8,4,4,3,0,3,3,6,3,0,3,8,36,0,3,3,0,3,0,0,0,0,3,8,3,0,0,5,11
8,2423702040702,"Νέα Κερύνεια,η",252,18,7,9,12,14,15,13,13,9,16,26,23,14,12,10,35,122,6,3,0,4,11,5,5,6,7,9,13,11,11,8,5,15,127,9,8,5,6,4,6,10,5,4,9,11,10,5,3,7,22
7,24237020408,Δημοτική Κοινότητα Μαμουσιάς,193,4,11,4,6,6,9,7,8,14,19,20,13,12,11,14,36,106,4,7,5,5,4,8,3,3,6,16,11,4,7,7,4,12,90,3,6,0,4,0,3,0,4,5,7,6,5,3,6,7,21
8,2423702040801,"Μαμουσιά,η",128,0,4,4,6,4,8,4,0,7,14,12,10,5,13,11,25,74,0,3,5,4,4,7,3,3,5,6,8,4,0,7,4,5,57,0,3,0,4,0,3,3,0,4,4,6,3,0,3,10,17
8,2423702040802,"Δερβένιον,το",68,3,4,0,3,4,3,0,5,4,9,5,0,5,0,5,13,35,4,3,0,3,3,3,0,3,4,6,5,3,3,0,3,5,30,3,4,0,0,0,0,0,5,3,5,0,0,4,0,0,6
7,24237020409,Δημοτική Κοινότητα Νικολαιίκων,369,15,13,13,15,22,17,16,30,18,36,26,27,32,16,30,55,187,4,4,8,5,9,4,7,18,8,18,11,22,14,4,13,25,185,8,7,7,8,11,11,7,10,8,15,12,8,14,9,15,32
8,2423702040901,"Νικολαίικα,τα",369,15,13,13,15,22,17,16,30,18,36,26,27,32,16,30,55,187,4,4,8,5,9,4,7,18,8,18,11,22,14,4,13,25,185,8,7,7,8,11,11,7,10,8,15,12,8,14,9,15,32
7,24237020410,Δημοτική Κοινότητα Ριζομύλου,347,6,13,12,11,8,8,16,22,22,23,24,33,39,29,25,52,186,3,3,9,5,5,3,4,12,11,16,15,19,18,10,13,29,164,0,8,5,3,7,9,9,8,14,10,7,16,19,16,9,20
8,2423702041001,"Ριζόμυλος,ο",347,6,13,12,11,8,8,16,22,22,23,24,33,39,29,25,52,186,3,3,9,5,5,3,4,12,11,16,15,19,18,10,13,29,164,0,8,5,3,7,9,9,8,14,10,7,16,19,16,9,20
7,24237020411,Δημοτική Κοινότητα Ροδιάς,437,17,25,16,23,12,7,16,28,28,35,20,30,38,27,43,72,215,10,11,13,9,4,3,15,13,11,16,15,13,19,13,24,34,224,11,12,6,12,5,8,6,12,13,15,8,19,17,16,22,35
8,2423702041101,"Ροδιά,η",437,17,25,16,23,12,7,16,28,28,35,20,30,38,27,43,72,215,10,11,13,9,4,3,15,13,11,16,15,13,19,13,24,34,224,11,12,6,12,5,8,6,12,13,15,8,19,17,16,22,35
7,24237020412,Δημοτική Κοινότητα Τραπέζης,260,13,13,8,10,9,7,9,15,15,13,17,25,21,16,15,65,122,4,3,6,9,0,4,6,6,7,8,6,13,11,8,6,27,137,7,7,4,3,6,5,5,6,6,8,14,10,12,6,6,36
8,2423702041201,"Τράπεζα,η",224,10,9,8,7,9,6,9,9,11,13,15,19,18,13,12,54,106,3,4,6,9,0,4,4,5,10,8,6,9,10,5,6,25,119,4,7,4,0,6,4,3,0,4,8,11,8,11,5,8,31
8,2423702041202,"Παραλία Τραπέζης,η",35,0,0,0,0,0,3,3,4,0,0,0,4,4,0,0,10,17,3,0,0,0,0,0,0,0,0,0,0,0,4,0,0,5,19,0,0,0,0,0,3,0,3,0,0,0,4,3,3,0,3
6,242370205,ΔΗΜΟΤΙΚΗ ΕΝΟΤΗΤΑ ΕΡΙΝΕΟΥ,2892,91,108,146,127,115,119,132,135,193,215,211,245,227,212,175,445,1470,47,62,73,67,66,72,71,68,94,111,107,127,110,116,86,198,1420,42,48,76,58,52,51,63,65,101,101,101,120,113,94,91,245
7,24237020501,Δημοτική Κοινότητα Ζήριας,770,24,39,27,31,30,20,31,37,58,53,57,59,71,52,53,130,402,6,20,14,20,15,19,17,16,27,27,29,31,39,28,26,64,365,14,15,10,13,12,5,11,16,28,29,25,26,30,22,23,70
8,2423702050101,"Ζήρια,η",517,18,18,16,21,19,15,25,20,37,34,39,40,50,38,24,87,275,5,15,11,17,13,11,13,9,22,17,24,24,30,22,12,37,244,9,6,7,7,3,6,11,15,18,20,18,20,22,14,14,52
8,2423702050102,"Άνω Ζήρια,η",10,5,4,0,0,0,0,0,4,0,0,0,3,0,0,0,4,4,5,4,0,0,0,0,0,0,0,0,0,0,0,0,0,4,4,0,0,0,0,0,0,0,4,0,0,0,3,0,0,0,0
8,2423702050103,"Λαμπίριον,το",177,3,12,4,8,4,7,4,7,11,17,13,11,11,13,25,35,94,0,8,0,3,5,3,3,5,5,11,12,5,3,4,13,14,85,3,7,0,4,3,3,4,4,3,8,4,3,6,7,10,18
8,2423702050104,"Σαρκουνάς,ο",63,0,3,3,3,3,4,0,0,7,3,5,9,7,6,3,14,32,0,0,3,3,0,4,0,3,3,0,0,3,3,3,0,6,35,0,3,3,3,3,0,0,0,0,0,4,4,3,0,0,6
7,24237020502,Δημοτική Κοινότητα Αρραβωνίτσης,134,0,3,0,3,3,4,8,0,7,9,10,18,7,11,13,31,70,3,0,0,0,3,0,4,0,3,8,7,9,4,7,3,11,66,0,3,4,7,3,4,0,0,7,3,5,5,5,0,7,17
8,2423702050201,"Αρραβωνίτσα,η",117,0,0,4,3,3,4,7,0,8,13,7,13,10,10,7,29,61,3,0,4,0,3,0,3,0,3,8,7,6,3,7,3,12,58,0,0,4,7,3,4,0,0,7,3,3,5,5,0,3,14
8,2423702050202,"Συνανιά,τα",20,0,5,0,0,0,0,0,0,0,0,5,0,0,4,3,4,7,0,0,0,0,0,0,0,0,0,0,0,0,0,3,0,0,11,0,5,0,0,0,0,0,0,0,0,5,0,0,3,0,5
7,24237020503,Δημοτική Κοινότητα Δαμακινίου,68,0,5,4,6,4,4,5,0,4,4,8,8,4,0,0,15,39,0,5,3,6,0,3,4,0,0,3,5,6,3,4,0,7,32,0,0,5,3,0,0,0,0,0,5,5,0,0,0,4,11
8,2423702050301,"Δαμακίνιον,το",68,0,5,4,6,4,4,5,0,4,4,8,8,4,0,0,15,39,0,5,3,6,0,3,4,0,0,3,5,6,3,4,0,7,32,0,0,5,3,0,0,0,0,0,5,5,0,0,0,4,11
8,2423702050302,"Βουνόπυργος,ο",0,0,0,0,0,0,0,0,0,0,0,0,0,0,0,0,0,0,0,0,0,0,0,0,0,0,0,0,0,0,0,0,0,0,0,0,0,0,0,0,0,0,0,0,0,0,0,0,0,0,0
7,24237020504,Δημοτική Κοινότητα Καμάρων,1301,54,50,77,63,64,67,63,67,92,90,89,119,101,90,73,157,653,27,23,37,32,36,39,32,33,45,48,41,55,50,51,35,65,652,25,25,38,29,25,31,33,32,49,40,45,62,48,41,35,89
8,2423702050401,"Καμάραι,αι",1195,48,46,65,58,63,62,54,64,79,80,81,112,92,81,64,144,594,23,22,36,32,36,32,27,32,40,48,40,54,43,43,33,60,598,23,28,32,28,24,28,30,27,42,36,42,61,46,41,32,85
8,2423702050402,"Μπούκα,η",63,4,6,7,3,4,3,3,3,10,3,3,4,7,3,4,9,34,0,4,4,0,0,3,3,0,6,3,3,4,4,3,3,5,26,0,0,5,3,4,0,3,3,8,0,0,4,4,0,3,3
8,2423702050403,"Πεύκα,τα",44,3,0,4,4,0,3,5,3,9,5,4,0,3,0,4,4,18,3,0,0,0,0,4,4,3,4,4,3,0,3,0,0,0,23,0,0,5,4,0,0,0,3,7,0,0,0,4,0,4,3
7,24237020505,Δημοτική Κοινότητα Νέου Ερινεού,283,3,7,16,14,14,12,7,10,16,27,25,17,22,31,21,48,135,0,7,7,5,4,6,5,5,7,14,10,8,9,15,8,18,147,0,0,12,7,7,3,4,8,7,16,13,7,16,14,10,27
8,2423702050501,"Νέος Ερινεός,ο",283,3,7,16,14,14,12,7,10,16,27,25,17,22,31,21,48,135,0,7,7,5,4,6,5,5,7,14,10,8,9,15,8,18,147,0,0,12,7,7,3,4,8,7,16,13,7,16,14,10,27
7,24237020506,Δημοτική Κοινότητα Σαλμενίκου,332,10,14,18,7,8,20,21,12,19,23,25,26,18,26,18,65,170,11,8,9,0,4,8,12,7,8,14,12,15,8,9,11,30,160,3,4,12,3,3,9,11,8,7,11,10,13,7,14,10,32
8,2423702050601,"Κάτω Σαλμενίκον,το",195,12,11,11,3,4,10,14,11,13,10,13,14,8,13,16,43,101,9,7,0,0,3,3,8,5,7,6,5,7,5,3,5,21,91,0,0,14,4,0,6,8,4,3,3,5,9,5,8,8,19
8,2423702050602,"Άνω Σαλμενίκον,το",20,0,0,0,0,0,3,4,0,3,3,0,0,0,3,3,4,13,0,0,0,0,0,0,0,0,3,3,0,0,0,0,3,3,5,0,0,0,0,0,0,4,0,0,0,0,0,3,3,0,0
8,2423702050603,"Βοτένη,η",6,0,0,0,0,0,0,3,0,0,0,0,0,0,0,0,0,3,0,0,0,0,0,0,0,0,0,0,0,0,0,0,0,0,0,0,0,0,0,0,0,0,0,0,0,0,0,0,0,0,0
8,2423702050604,"Μονή Αγίας Ελεούσης,η",10,0,0,0,0,0,0,3,0,4,3,0,0,0,4,0,3,0,0,0,0,0,0,0,0,0,0,0,0,0,0,0,0,0,10,0,0,0,0,0,0,3,0,4,3,0,0,0,4,0,3
8,2423702050605,"Νέο Σαλμενίκον,το",100,3,0,3,3,5,7,3,0,0,10,14,12,5,10,4,17,57,0,5,3,4,3,5,3,0,0,6,7,6,3,3,4,4,48,0,0,0,3,0,0,0,0,0,7,4,4,5,4,3,10
6,242370206,ΔΗΜΟΤΙΚΗ ΕΝΟΤΗΤΑ ΣΥΜΠΟΛΙΤΕΙΑΣ,6163,256,259,309,320,259,262,264,363,410,488,507,400,460,424,354,823,2986,132,141,148,160,124,139,134,165,214,254,246,197,216,206,173,347,3174,126,115,165,157,133,120,131,200,200,239,259,206,246,216,185,474
7,24237020601,Δημοτική Κοινότητα Ροδοδάφνης,2776,127,122,161,158,121,119,113,175,185,221,232,181,202,197,146,328,1329,60,60,79,78,56,66,57,71,100,109,101,90,90,98,71,142,1449,65,65,85,77,67,55,53,102,82,109,128,88,115,97,71,184
8,2423702060101,"Ροδοδάφνη,η",2776,127,122,161,158,121,119,113,175,185,221,232,181,202,197,146,328,1329,60,60,79,78,56,66,57,71,100,109,101,90,90,98,71,142,1449,65,65,85,77,67,55,53,102,82,109,128,88,115,97,71,184
7,24237020602,Δημοτική Κοινότητα Αγίου Κωνσταντίνου,407,24,13,21,18,24,25,15,16,18,33,37,21,24,27,23,58,199,15,9,13,12,11,14,10,6,6,18,22,9,8,13,7,22,205,11,3,12,8,15,14,8,8,10,18,18,10,12,16,14,34
8,2423702060201,"Άγιος Κωνσταντίνος,ο",407,24,13,21,18,24,25,15,16,18,33,37,21,24,27,23,58,199,15,9,13,12,11,14,10,6,6,18,22,9,8,13,7,22,205,11,3,12,8,15,14,8,8,10,18,18,10,12,16,14,34
7,24237020603,Δημοτική Κοινότητα Άλσους,75,0,4,3,3,0,4,5,3,5,6,7,6,6,4,7,11,36,0,3,3,3,0,0,0,3,3,3,5,3,3,5,0,5,41,0,0,4,0,0,0,0,3,5,8,4,0,7,3,4,8
8,2423702060301,"Άλσος,το",75,0,4,3,3,0,4,5,3,5,6,7,6,6,4,7,11,36,0,3,3,3,0,0,0,3,3,3,5,3,3,5,0,5,41,0,0,4,0,0,0,0,3,5,8,4,0,7,3,4,8
7,24237020604,Δημοτική Κοινότητα Βερίνου,114,4,0,4,5,3,3,4,9,8,15,8,3,9,13,6,19,42,3,0,0,6,3,3,4,4,4,5,3,0,4,5,0,3,74,0,0,0,0,0,0,3,3,8,12,4,4,7,12,9,18
8,2423702060401,"Βερίνον,το",84,4,0,4,5,3,3,4,9,8,13,0,3,3,7,6,11,42,3,0,0,6,3,3,4,4,4,5,3,0,4,5,0,3,39,0,0,0,0,0,0,0,3,8,6,3,4,3,5,3,5
8,2423702060402,"Μονή Αγίου Ιωάννου Θεολόγου,η",32,0,0,0,0,0,0,3,0,0,4,4,0,3,3,4,10,0,0,0,0,0,0,0,0,0,0,0,0,0,0,0,0,0,32,0,0,0,0,0,0,3,0,0,4,4,0,3,3,4,10
7,24237020605,Δημοτική Κοινότητα Γκραίκα,80,4,8,10,3,7,0,3,0,10,12,6,5,5,3,3,4,42,3,4,3,3,0,0,3,0,4,7,6,3,0,0,0,4,41,4,0,4,3,3,0,3,0,3,7,0,5,3,3,3,3
8,2423702060501,"Γκραίκας,ο",80,4,8,10,3,7,0,3,0,10,12,6,5,5,3,3,4,42,3,4,3,3,0,0,3,0,4,7,6,3,0,0,0,4,41,4,0,4,3,3,0,3,0,3,7,0,5,3,3,3,3
7,24237020606,Δημοτική Κοινότητα Γρηγόρη,81,3,4,0,5,4,3,3,4,4,5,7,7,3,5,5,15,47,0,0,0,0,4,0,3,5,3,3,5,3,4,3,0,12,36,3,4,0,0,0,5,0,0,3,4,0,3,3,6,4,5
8,2423702060601,"Γρηγόρης,ο",77,3,4,0,5,4,3,3,4,4,5,3,7,3,5,5,15,45,0,0,0,0,4,0,3,0,3,3,5,3,4,3,0,9,34,3,4,0,0,0,5,0,0,3,4,0,3,3,6,4,3
8,2423702060602,"Επταπίττα,η",8,0,0,0,0,0,0,0,3,0,0,3,0,0,0,0,3,4,0,0,0,0,0,0,0,3,0,0,3,0,0,0,0,0,0,0,0,0,0,0,0,0,0,0,0,0,0,0,0,0,0
7,24237020607,Δημοτική Κοινότητα Δημητροπούλου,172,5,8,6,13,0,6,19,10,9,10,14,9,18,15,10,25,87,5,8,0,3,0,4,10,5,8,5,9,5,9,8,5,9,83,3,0,3,6,0,4,6,3,4,3,8,6,11,5,7,13
8,2423702060701,"Δημητρόπουλον,το",172,5,8,6,13,0,6,19,10,9,10,14,9,18,15,10,25,87,5,8,0,3,0,4,10,5,8,5,9,5,9,8,5,9,83,3,0,3,6,0,4,6,3,4,3,8,6,11,5,7,13
7,24237020608,Δημοτική Κοινότητα Δουκαναιίκων,38,3,0,0,0,0,0,3,3,6,5,0,3,0,4,5,9,20,3,0,0,0,0,0,3,0,3,3,0,5,0,0,4,4,19,0,0,0,0,0,0,0,3,0,0,0,0,0,3,3,8
8,2423702060801,"Δουκαναίικα,τα",18,3,0,0,0,0,0,3,3,0,0,0,3,0,4,4,4,9,3,0,0,0,0,0,3,0,3,0,0,5,0,0,4,0,11,0,0,0,0,0,0,0,3,0,0,0,0,0,3,0,4
8,2423702060802,"Άνω Δουκαναίικα,τα",17,0,0,0,0,0,0,0,0,3,3,0,0,0,0,3,7,9,0,0,0,0,0,0,0,0,3,4,0,0,0,0,0,4,11,0,0,0,0,0,0,0,0,0,0,0,0,0,0,3,0
7,24237020609,Δημοτική Κοινότητα Κρήνης Αιγιαλείας,217,14,18,11,8,4,17,19,23,11,10,17,10,14,9,10,19,116,7,13,3,3,3,8,10,13,6,4,13,8,9,4,6,14,99,10,7,6,3,3,6,11,12,8,3,7,4,9,3,6,9
8,2423702060901,"Κρήνη,η",216,14,18,11,8,4,17,19,23,11,10,17,10,13,9,10,19,116,7,13,3,3,3,8,10,13,6,4,13,8,9,4,6,14,98,10,7,6,3,3,6,11,12,8,3,7,4,8,3,6,9
8,2423702060902,"Μικρόνι,το",4,0,0,0,0,0,0,0,0,0,0,0,0,4,0,0,0,0,0,0,0,0,0,0,0,0,0,0,0,0,0,0,0,0,4,0,0,0,0,0,0,0,0,0,0,0,0,4,0,0,0
7,24237020610,Δημοτική Κοινότητα Λάκκας,91,0,0,3,6,0,0,3,3,7,11,6,4,6,10,6,18,51,0,0,0,3,0,0,0,0,0,5,4,6,4,0,6,7,43,0,3,0,4,0,3,4,0,4,3,4,0,4,6,3,9
8,2423702061001,"Λάκκα,η",91,0,0,3,6,0,0,3,3,7,11,6,4,6,10,6,18,51,0,0,0,3,0,0,0,0,0,5,4,6,4,0,6,7,43,0,3,0,4,0,3,4,0,4,3,4,0,4,6,3,9
7,24237020611,Δημοτική Κοινότητα Λόγγου,781,26,41,42,40,25,32,23,50,59,57,54,56,67,46,48,112,381,13,23,17,26,13,14,12,20,36,27,24,26,30,24,29,51,403,15,17,21,16,14,16,14,27,26,27,29,32,35,26,21,64
8,2423702061101,"Λόγγος,ο",781,26,41,42,40,25,32,23,50,59,57,54,56,67,46,48,112,381,13,23,17,26,13,14,12,20,36,27,24,26,30,24,29,51,403,15,17,21,16,14,16,14,27,26,27,29,32,35,26,21,64
7,24237020612,Δημοτική Κοινότητα Μάγειρα,40,5,0,0,3,3,3,0,3,3,3,3,0,3,3,4,0,23,0,0,0,0,4,3,0,0,0,3,0,0,3,0,3,0,21,0,0,0,3,0,0,0,3,3,3,0,0,3,3,3,4
8,2423702061201,"Μάγειρας,ο",40,5,0,0,3,3,3,0,3,3,3,3,0,3,3,4,0,23,0,0,0,0,4,3,0,0,0,3,0,0,3,0,3,0,21,0,0,0,3,0,0,0,3,3,3,0,0,3,3,3,4
7,24237020613,Δημοτική Κοινότητα Μυρόβρυσης,177,3,0,8,9,11,8,3,4,13,14,10,17,12,15,3,38,85,3,0,3,4,8,5,3,4,7,10,6,7,9,6,0,16,89,0,0,8,0,7,5,3,3,3,7,7,7,6,6,6,24
8,2423702061301,"Μυρόβρυση,η",177,3,0,8,9,11,8,3,4,13,14,10,17,12,15,3,38,85,3,0,3,4,8,5,3,4,7,10,6,7,9,6,0,16,89,0,0,8,0,7,5,3,3,3,7,7,7,6,6,6,24
7,24237020614,Δημοτική Κοινότητα Νεραντζιών,189,3,9,5,10,6,5,8,6,15,18,9,12,15,20,19,38,93,3,7,0,0,3,0,3,3,6,11,0,4,6,8,7,13,98,4,0,3,6,6,3,3,0,7,3,5,5,11,10,9,22
8,2423702061401,"Νεραντζιαί,αι",189,3,9,5,10,6,5,8,6,15,18,9,12,15,20,19,38,93,3,7,0,0,3,0,3,3,6,11,0,4,6,8,7,13,98,4,0,3,6,6,3,3,0,7,3,5,5,11,10,9,22
7,24237020615,Δημοτική Κοινότητα Σελιανιτίκων,857,31,21,30,42,51,31,38,48,60,66,88,64,72,57,49,114,408,17,8,16,16,30,17,14,24,23,38,39,30,41,27,28,43,447,17,11,16,28,17,17,22,21,34,24,47,36,29,27,19,68
8,2423702061501,"Σελιανίτικα,τα",857,31,21,30,42,51,31,38,48,60,66,88,64,72,57,49,114,408,17,8,16,16,30,17,14,24,23,38,39,30,41,27,28,43,447,17,11,16,28,17,17,22,21,34,24,47,36,29,27,19,68
7,24237020616,Δημοτική Κοινότητα Τούμπας,74,4,9,3,3,0,0,4,7,3,8,6,0,4,3,8,11,36,0,3,0,0,0,0,0,4,3,5,7,4,4,0,4,6,34,0,3,4,0,0,0,3,5,3,0,0,0,0,3,0,3
8,2423702061601,"Τούμπα,η",47,4,3,3,3,0,0,0,3,3,3,3,0,4,5,5,9,26,0,5,0,0,0,0,0,4,0,3,4,4,4,0,4,3,25,0,0,4,0,0,0,3,0,3,0,0,0,0,5,3,3
8,2423702061602,"Μερτίδιον,το",22,0,3,0,0,0,0,0,3,0,0,0,0,0,0,0,5,8,0,0,0,0,0,0,0,0,0,0,0,0,0,0,0,0,11,0,0,0,0,0,0,0,3,0,0,0,0,0,0,0,3
5,2423703,ΔΗΜΟΣ ΔΥΤΙΚΗΣ ΑΧΑΪΑΣ,25634,1431,1532,1677,1579,1431,1439,1530,1614,1711,1664,1774,1629,1521,1371,1138,2594,13550,754,797,890,852,771,810,870,881,981,910,933,860,816,730,559,1139,12087,680,731,790,729,662,627,658,735,727,756,844,766,701,645,583,1460
6,242370301,ΔΗΜΟΤΙΚΗ ΕΝΟΤΗΤΑ ΔΥΜΗΣ,11471,714,849,884,806,729,652,705,762,790,663,712,723,691,523,389,885,5802,366,422,483,413,366,330,382,385,431,333,336,358,348,282,193,365,5672,344,425,398,390,361,325,326,375,362,327,373,362,346,245,199,518
7,24237030101,Δημοτική Κοινότητα Κάτω Αχαΐας,8180,602,694,685,605,584,511,571,589,550,444,469,486,465,305,200,412,4159,312,345,376,307,285,254,304,312,307,214,220,224,240,166,104,178,4024,287,347,307,295,296,260,264,279,246,228,252,260,222,141,99,237
8,2423703010101,"Κάτω Αχαΐα,η",7687,552,652,648,576,550,482,550,559,513,422,448,456,441,278,179,383,3909,288,323,353,296,271,239,296,294,278,203,209,215,227,156,92,167,3781,261,326,297,277,282,240,256,268,237,221,237,244,212,120,90,218
8,2423703010102,"Αλυκαί,αι",240,9,20,11,7,12,13,10,20,23,13,10,23,18,20,15,15,126,4,13,13,3,3,3,3,14,19,9,3,11,12,8,9,6,117,3,10,3,6,7,9,5,8,6,7,5,16,8,16,3,11
8,2423703010103,"Μανεταίικα,τα",25,3,0,0,0,0,0,0,0,0,0,3,0,0,3,0,3,12,3,0,0,0,0,0,0,0,0,0,0,3,0,0,0,0,15,0,0,0,0,0,0,0,0,0,0,0,0,0,3,3,0
8,2423703010104,"Παραλία Κάτω Αχαΐας,η",49,0,0,3,4,0,4,4,0,9,3,5,5,0,3,3,7,33,0,0,0,3,0,3,5,0,8,3,0,4,4,0,3,0,18,0,0,0,3,0,4,0,0,4,0,5,3,0,0,0,3
8,2423703010105,"Πίσω Συκέα,η",174,38,19,23,19,23,14,9,6,3,0,3,0,3,5,8,5,83,18,10,13,8,8,7,7,3,4,0,0,0,0,0,4,4,93,23,11,7,14,12,6,4,5,0,0,0,0,3,4,0,4
7,24237030102,Δημοτική Κοινότητα Αγιοβλασιτίκων,263,7,11,14,13,6,14,6,14,29,17,13,17,17,17,24,45,139,3,3,6,7,5,4,4,5,18,10,7,11,3,8,10,20,126,0,5,6,3,4,6,4,7,13,5,3,8,12,6,18,23
8,2423703010201,"Κάπελη,η",60,0,4,0,0,5,4,3,9,10,0,3,4,8,7,3,3,31,0,5,0,0,3,4,0,5,4,0,3,3,4,4,0,3,26,0,0,0,0,0,0,4,6,3,0,0,4,0,0,3,0
8,2423703010202,"Αγιοβλασίτικα,τα",99,5,5,5,7,0,5,3,0,11,7,3,6,4,0,15,20,52,0,5,5,4,0,0,0,0,7,7,0,5,0,3,7,11,48,3,3,3,0,0,3,3,0,7,3,4,4,4,3,11,11
8,2423703010203,"Λεύκος,ο",16,0,0,0,0,0,0,0,0,4,0,3,0,0,0,3,8,8,0,0,0,0,0,0,0,0,4,0,3,0,0,0,3,7,12,0,0,0,0,0,0,0,0,0,0,0,0,0,0,3,4
8,2423703010204,"Στεναΐτικα,τα",86,0,3,7,8,7,4,3,0,7,10,8,6,3,6,6,11,45,0,0,3,5,0,5,3,3,0,5,10,7,0,3,0,3,44,0,0,5,0,5,0,0,0,3,0,3,3,3,7,3,6
7,24237030103,Δημοτική Κοινότητα Αλισσού,801,36,37,47,53,29,33,33,52,62,55,64,56,56,55,39,98,393,14,19,21,26,13,13,19,21,36,31,26,32,23,29,19,44,405,20,15,28,25,14,18,17,34,23,26,35,20,30,28,22,56
8,2423703010301,"Αλισσός,ο",525,19,25,29,31,25,17,19,34,39,39,42,38,35,39,30,68,255,9,17,12,15,6,4,12,14,22,22,22,22,13,22,11,32,268,13,9,13,18,15,10,9,23,19,14,17,18,20,19,16,39
8,2423703010302,"Καμενίτσα,η",67,0,4,5,7,3,3,0,4,3,4,8,9,9,0,4,11,33,0,0,0,4,3,3,0,0,3,3,0,4,3,0,0,0,32,0,3,0,5,0,4,0,4,0,3,5,3,4,0,4,7
8,2423703010303,"Παραλία Αλισσού,η",171,14,6,10,11,3,10,13,14,16,10,3,10,5,10,9,13,77,7,0,4,8,3,4,7,5,11,5,3,3,3,7,5,5,91,9,4,8,5,3,8,4,7,8,7,3,5,7,6,6,5
8,2423703010304,"Προφήτης Ελισσαίος,ο",35,0,0,5,3,0,5,0,0,0,4,8,3,3,0,0,3,21,0,0,5,3,0,4,0,0,0,3,3,0,3,0,0,4,17,0,0,0,3,0,5,0,0,0,5,7,0,3,0,0,3
7,24237030104,Δημοτική Κοινότητα Άνω Αχαΐας,170,7,7,16,5,10,11,4,4,6,12,12,7,12,8,8,37,85,3,4,16,5,3,4,6,0,3,4,7,3,5,7,3,15,82,7,6,3,3,6,4,0,4,7,5,3,3,4,3,8,20
8,2423703010401,"Άνω Αχαΐα,η",170,7,7,16,5,10,11,4,4,6,12,12,7,12,8,8,37,85,3,4,16,5,3,4,6,0,3,4,7,3,5,7,3,15,82,7,6,3,3,6,4,0,4,7,5,3,3,4,3,8,20
7,24237030105,Δημοτική Κοινότητα Ελαιοχωρίου,186,3,7,10,11,4,11,7,12,12,9,8,11,24,22,12,29,99,0,3,9,6,4,3,4,7,9,4,4,7,13,9,10,14,90,0,0,3,9,3,6,0,7,5,9,6,7,14,9,4,13
8,2423703010501,"Ελαιοχώριον,το",186,3,7,10,11,4,11,7,12,12,9,8,11,24,22,12,29,99,0,3,9,6,4,3,4,7,9,4,4,7,13,9,10,14,90,0,0,3,9,3,6,0,7,5,9,6,7,14,9,4,13
7,24237030106,Δημοτική Κοινότητα Κάτω Αλισσού,586,10,31,27,29,35,13,33,31,40,40,51,60,46,36,28,72,305,7,16,16,10,22,9,15,19,20,21,22,36,29,21,15,29,284,7,18,14,17,10,7,14,14,22,17,31,26,20,17,16,42
8,2423703010601,"Κάτω Αλισσός,ο",414,8,23,19,16,27,11,23,23,27,29,38,48,34,17,16,54,208,3,13,12,6,14,9,12,8,12,17,16,27,20,10,9,21,203,3,13,10,13,11,4,9,12,12,10,20,24,17,11,10,35
8,2423703010602,"Γιαλός,ο",175,5,10,5,10,10,4,13,11,14,14,9,14,14,21,10,16,99,6,6,0,6,6,0,7,8,5,6,3,7,6,8,9,9,78,0,3,3,6,0,4,3,5,7,5,9,5,7,10,4,9
7,24237030107,Δημοτική Κοινότητα Νιφοραιίκων,610,11,28,38,34,23,27,23,31,39,47,47,40,39,35,40,113,281,4,8,23,16,11,14,11,10,19,27,22,20,23,19,20,28,331,9,16,13,15,9,10,9,18,17,23,27,17,18,19,22,87
8,2423703010701,"Νιφοραίικα,τα",448,11,24,34,29,25,25,20,29,34,41,39,31,31,25,17,45,225,4,10,18,16,11,12,13,8,18,20,15,21,18,13,5,19,225,9,16,14,11,11,10,9,18,13,19,22,13,11,10,9,29
8,2423703010702,"Παραλία Νιφοραιίκων,η",164,0,0,3,0,0,0,0,5,7,8,9,12,10,13,24,70,53,0,0,3,3,0,0,0,5,3,4,5,3,3,4,13,7,108,0,0,0,0,0,0,0,0,7,7,3,7,5,6,10,60
7,24237030108,Δημοτική Κοινότητα Πετροχωρίου,679,37,36,45,59,30,35,26,32,50,41,50,48,35,41,29,77,349,21,15,25,33,20,21,14,16,21,20,30,24,9,25,18,31,332,14,24,16,29,12,16,14,19,25,18,23,22,23,18,13,43
8,2423703010801,"Πετροχώριον,το",128,4,7,4,6,7,10,3,8,8,8,8,12,16,13,3,13,65,4,0,3,3,3,7,4,3,3,6,5,6,3,10,0,6,65,0,3,5,0,3,5,0,7,4,4,5,8,11,0,0,9
8,2423703010802,"Βεσκουκαίικα,τα",68,7,0,3,7,0,3,3,3,5,0,9,5,3,5,0,11,37,3,0,3,5,0,0,3,0,3,0,7,3,3,3,0,9,33,3,0,0,4,0,3,3,0,0,3,5,0,3,0,0,4
8,2423703010803,"Βυθούλκας,ο",21,0,0,0,0,0,0,0,0,0,3,0,0,0,0,3,5,14,0,0,0,0,0,0,0,0,0,3,0,0,0,0,0,0,9,0,0,0,3,0,0,0,0,0,0,0,0,0,0,0,0
8,2423703010804,"Καρυά,η",357,28,27,26,38,25,17,13,14,35,23,19,18,12,18,12,28,184,15,14,13,24,13,10,3,8,20,12,11,13,6,8,5,9,176,10,15,15,16,9,8,8,8,18,13,5,7,3,7,10,17
8,2423703010805,"Λαμπραίικα,τα",48,0,0,0,4,0,3,3,6,5,0,6,3,0,3,3,8,26,0,0,0,0,0,0,3,3,0,0,3,4,0,4,3,6,19,0,0,0,4,0,0,0,3,5,0,0,0,3,0,0,5
8,2423703010806,"Λογοθέτης,ο",51,0,0,8,3,0,0,5,3,3,3,6,3,0,3,5,9,26,0,0,8,0,0,0,5,0,0,0,0,5,0,0,4,3,27,0,0,4,5,0,0,0,0,0,0,3,0,0,3,0,4
6,242370302,ΔΗΜΟΤΙΚΗ ΕΝΟΤΗΤΑ ΛΑΡΙΣΣΟΥ,4815,180,178,273,279,227,268,259,244,307,330,383,340,312,301,294,633,2519,84,100,128,168,137,167,132,120,171,175,204,192,184,152,129,282,2294,93,81,141,114,92,104,123,121,140,158,181,146,131,152,168,348
7,24237030201,Δημοτική Κοινότητα Μετοχίου,1434,53,55,79,74,49,83,82,89,109,97,115,99,102,92,86,171,739,27,36,40,36,24,52,41,42,64,52,59,48,50,47,42,70,697,29,21,36,40,23,29,39,49,43,42,53,49,49,47,46,99
8,2423703020101,"Μετόχιον,το",384,8,7,11,21,13,21,17,22,24,29,33,24,32,30,29,57,195,3,7,7,6,4,14,11,13,12,15,18,11,14,13,11,22,187,8,3,8,12,11,10,10,13,15,10,17,11,14,14,16,33
8,2423703020102,"Λάπας,ο",869,35,41,47,48,29,49,52,59,68,67,59,65,59,49,48,85,446,20,21,23,23,18,34,25,22,47,29,34,27,34,27,24,38,420,17,18,28,27,13,17,24,34,25,34,28,35,27,24,22,50
8,2423703020103,"Νέον Βουπράσιον,το",180,5,6,13,6,3,14,12,12,11,7,18,15,12,13,9,28,98,4,8,9,7,3,4,6,7,5,7,12,9,3,6,3,10,85,4,0,7,3,4,7,4,3,4,3,9,3,7,4,9,20
7,24237030202,Δημοτική Κοινότητα Αγίου Νικολάου Σπάτων,209,8,7,14,18,13,7,5,9,10,14,18,12,19,10,17,25,109,4,5,5,7,4,3,4,5,5,8,12,9,12,4,7,12,102,0,4,7,8,6,5,4,6,8,3,9,6,5,9,8,9
8,2423703020201,"Άγιος Νικόλαος,ο",146,4,7,13,16,9,4,3,4,3,10,12,10,18,11,10,18,78,4,5,3,7,4,3,3,3,0,3,10,8,12,4,3,11,71,0,0,7,6,3,3,4,4,3,4,4,5,3,5,10,10
8,2423703020202,"Άγιος Κωνσταντίνος,ο",54,0,0,4,5,0,3,0,3,3,0,3,4,4,3,4,7,32,3,0,4,3,0,0,0,0,3,3,3,3,0,0,6,5,25,0,0,0,0,0,3,0,4,0,3,3,3,0,3,0,5
8,2423703020203,"Μονή Αγίου Νικολάου,η",9,0,3,3,0,0,0,0,4,4,0,0,0,0,0,0,0,0,0,0,0,0,0,0,0,0,0,0,0,0,0,0,0,0,7,0,3,3,0,0,0,0,4,3,0,0,0,0,0,0,0
7,24237030203,Δημοτική Κοινότητα Απιδεώνος,312,5,13,28,22,17,21,16,18,12,32,28,22,20,15,16,38,148,3,5,6,14,6,9,6,4,7,20,17,17,7,7,6,18,167,4,6,25,10,8,9,8,10,8,16,14,7,10,4,12,19
8,2423703020301,"Απιδεών,ο",312,5,13,28,22,17,21,16,18,12,32,28,22,20,15,16,38,148,3,5,6,14,6,9,6,4,7,20,17,17,7,7,6,18,167,4,6,25,10,8,9,8,10,8,16,14,7,10,4,12,19
7,24237030204,Δημοτική Κοινότητα Αράξου,219,6,9,8,39,29,18,14,6,11,8,10,12,9,8,9,16,143,3,5,7,32,29,15,9,3,6,8,8,5,7,6,5,9,73,6,0,3,4,0,0,8,5,7,3,6,9,4,4,3,10
8,2423703020401,"Άραξος,ο",175,6,6,5,39,25,11,14,4,3,8,5,10,4,10,3,17,122,3,3,0,32,25,14,9,4,5,8,3,3,3,6,4,6,55,6,0,0,4,0,0,8,0,0,3,0,9,4,0,0,9
8,2423703020402,"Ακρωτήριο Αράξου,το",33,0,0,0,0,0,3,0,0,6,3,0,4,3,0,4,3,19,0,0,0,0,0,3,0,0,3,0,0,4,3,0,3,0,11,0,0,0,0,0,0,0,0,5,3,0,0,0,0,3,3
8,2423703020403,"Καλόγρια,η",12,0,0,0,0,3,0,0,3,0,0,4,0,0,0,3,0,7,0,0,3,0,3,0,0,0,0,0,3,0,0,0,3,0,3,0,4,0,0,0,0,0,4,0,0,0,0,0,0,0,0
7,24237030205,Δημοτική Κοινότητα Βελιτσών,288,14,10,15,11,13,24,11,11,17,19,24,21,25,24,21,32,161,4,8,8,7,9,16,10,3,8,9,14,16,14,14,8,13,130,6,4,10,6,7,5,4,4,6,12,13,8,8,12,12,16
8,2423703020501,"Άνω Βελιτσαί,αι",151,6,6,9,3,6,12,9,0,9,11,15,14,11,15,9,17,89,4,5,6,3,3,8,7,4,4,6,7,13,9,6,4,9,65,5,0,5,0,0,3,7,0,3,3,5,4,4,7,7,10
8,2423703020502,"Κάτω Βελιτσαί,αι",134,4,5,4,11,10,9,4,7,5,10,12,10,11,11,10,18,69,3,0,4,0,4,7,0,3,3,0,5,6,3,5,5,6,63,3,3,3,6,3,0,0,3,5,7,4,0,6,3,7,9
7,24237030206,Δημοτική Κοινότητα Καγκαδίου,360,12,16,22,16,12,17,15,13,21,34,23,26,22,13,24,66,192,4,13,9,12,14,12,9,3,10,21,12,20,14,5,11,32,165,10,6,10,6,3,3,9,7,13,16,8,8,6,5,15,31
8,2423703020601,"Καγκάδιον,το",360,12,16,22,16,12,17,15,13,21,34,23,26,22,13,24,66,192,4,13,9,12,14,12,9,3,10,21,12,20,14,5,11,32,165,10,6,10,6,3,3,9,7,13,16,8,8,6,5,15,31
7,24237030207,Δημοτική Κοινότητα Λακκοπέτρας,760,47,30,36,45,31,35,45,52,50,45,57,57,44,47,38,95,388,21,17,20,28,21,17,22,30,25,21,30,27,25,20,21,45,375,23,15,20,19,13,20,25,19,21,27,25,28,16,24,21,48
8,2423703020701,"Λακκόπετρα,η",659,45,29,38,39,31,34,40,43,39,40,53,50,33,35,31,82,335,25,13,12,22,16,15,18,24,23,18,30,24,20,19,15,40,322,23,12,23,15,12,17,20,17,19,25,25,23,12,17,18,40
8,2423703020702,"Ιονική Ακτή,η",41,0,3,0,4,3,3,0,0,3,0,3,0,4,9,8,4,21,0,0,0,3,3,0,3,0,3,0,4,0,3,4,3,3,16,0,3,0,0,0,0,0,0,0,3,0,0,3,0,3,0
8,2423703020703,"Καρνάρι,το",60,3,5,3,3,3,0,3,6,3,4,0,6,3,4,0,9,32,0,3,4,0,0,0,0,4,0,3,0,0,3,0,0,3,30,3,0,0,0,3,0,3,5,0,0,0,3,3,0,0,4
8,2423703020704,"Λιμανάκι,το",0,0,0,0,0,0,0,0,0,0,0,0,0,0,0,0,0,0,0,0,0,0,0,0,0,0,0,0,0,0,0,0,0,0,0,0,0,0,0,0,0,0,0,0,0,0,0,0,0,0,0
7,24237030208,Δημοτική Κοινότητα Ματαράγκας,258,10,9,14,14,5,11,20,10,19,9,25,23,12,19,19,37,136,4,6,4,10,5,8,11,7,10,9,10,14,4,16,5,16,124,3,6,8,6,3,5,7,6,6,3,13,13,5,5,11,24
8,2423703020801,"Ματαράγκα,η",96,3,3,9,9,0,3,0,8,10,7,6,3,6,12,10,11,55,0,0,3,9,0,3,0,3,3,5,3,0,0,10,5,8,44,3,3,4,3,0,0,0,3,4,0,3,5,3,4,7,6
8,2423703020802,"Κεφαλαίικα,τα",159,6,8,7,7,4,11,18,4,11,5,21,17,8,9,6,24,83,5,6,0,4,5,3,11,0,5,6,10,11,0,3,3,11,78,3,5,6,0,0,5,5,0,4,3,15,4,4,3,6,16
7,24237030209,Δημοτική Κοινότητα Μιχοΐου,274,9,6,22,13,11,11,9,10,15,17,26,17,12,25,20,52,145,7,3,13,11,7,8,4,3,7,10,14,8,7,14,6,18,127,0,6,7,5,7,0,7,5,6,9,10,6,3,14,11,31
8,2423703020901,"Μιχόιον,το",196,9,4,17,6,9,7,5,9,10,14,18,10,10,18,15,32,106,7,0,10,4,4,5,0,3,9,7,9,7,4,9,4,16,87,0,6,5,5,3,0,3,3,5,5,6,5,3,6,9,19
8,2423703020902,"Κάνδαλος,ο",32,0,0,0,3,5,0,5,0,0,0,7,0,3,3,3,4,17,0,0,0,3,3,0,0,0,0,0,3,0,3,0,0,5,13,0,0,0,3,0,0,5,0,0,0,3,0,0,4,0,0
8,2423703020903,"Τσαμαίικα,τα",47,0,0,4,0,0,3,5,0,3,0,0,6,0,4,3,13,22,0,0,0,0,0,3,0,0,0,0,0,4,0,3,3,3,23,0,0,0,0,0,0,3,0,3,3,0,0,0,3,0,8
8,2423703020904,"Ψευτέικα,τα",0,0,0,0,0,0,0,0,0,0,0,0,0,0,0,0,0,0,0,0,0,0,0,0,0,0,0,0,0,0,0,0,0,0,0,0,0,0,0,0,0,0,0,0,0,0,0,0,0,0,0
7,24237030210,Δημοτική Κοινότητα Πέτα,204,5,7,7,8,10,17,6,7,13,8,17,14,16,18,20,29,103,3,0,0,4,9,11,9,0,6,3,6,5,12,6,7,15,98,0,3,5,6,4,4,0,4,5,4,8,6,6,10,16,16
8,2423703021001,"Πέτας,ο",204,5,7,7,8,10,17,6,7,13,8,17,14,16,18,20,29,103,3,0,0,4,9,11,9,0,6,3,6,5,12,6,7,15,98,0,3,5,6,4,4,0,4,5,4,8,6,6,10,16,16
7,24237030211,Δημοτική Κοινότητα Ριόλου,493,19,17,25,21,33,24,23,20,30,43,41,33,36,32,27,67,260,4,7,19,7,20,15,14,12,15,27,25,24,21,18,12,28,236,12,13,8,11,16,12,12,11,18,19,19,12,18,11,13,41
8,2423703021101,"Ρίολος,ο",489,19,17,25,21,29,24,23,19,31,43,36,34,36,32,27,67,253,4,7,19,7,20,15,14,10,15,27,25,24,21,18,12,28,234,12,13,8,11,12,12,12,11,18,19,15,12,18,11,13,41
8,2423703021102,"Μαζαίικα,τα",6,0,0,0,0,0,0,0,0,3,0,0,3,0,0,0,0,4,0,0,0,0,0,0,0,0,3,0,0,3,0,0,0,0,4,0,0,0,0,0,0,0,0,0,0,0,0,0,0,0,0
6,242370303,ΔΗΜΟΤΙΚΗ ΕΝΟΤΗΤΑ ΜΟΒΡΗΣ,5044,419,359,346,297,291,290,295,317,306,330,331,254,263,270,220,449,2679,228,191,177,171,161,155,154,162,175,178,180,127,135,149,114,217,2366,193,166,167,123,132,133,143,159,133,150,155,130,131,124,109,229
7,24237030301,Δημοτική Κοινότητα Σαγαιίκων,2160,252,190,178,162,167,153,119,128,107,118,128,78,79,98,78,130,1136,137,100,90,91,84,78,71,71,58,68,70,32,41,50,36,67,1026,118,86,85,74,85,72,50,55,53,47,56,43,36,45,44,65
8,2423703030101,"Σαγαίικα,τα",1212,125,82,90,99,83,74,72,77,60,68,73,48,50,65,53,92,634,65,45,45,51,35,42,48,45,29,36,40,21,23,34,27,46,576,57,35,47,45,50,36,26,29,33,28,31,25,24,29,29,50
8,2423703030102,"Απόστολοι,οι",67,0,3,4,4,3,4,5,7,3,8,7,3,4,10,4,7,37,0,0,4,3,0,3,5,3,0,5,6,0,4,5,0,3,33,3,3,0,4,4,4,0,3,3,0,4,3,0,3,4,3
8,2423703030103,"Βραχναίικα,τα",19,0,0,3,0,0,0,0,0,0,3,4,3,0,0,0,0,10,0,0,3,0,3,0,0,0,0,3,3,4,0,4,0,0,7,0,0,0,0,0,0,0,0,0,0,4,3,0,0,0,0
8,2423703030104,"Γερουσαίικα,τα",710,116,96,70,49,77,64,38,27,38,28,35,21,15,9,13,22,368,59,52,33,29,43,32,14,13,18,11,23,9,4,6,8,11,344,55,40,33,23,32,36,21,16,17,20,14,9,8,8,7,7
8,2423703030105,"Μπουταίικα,τα",122,6,4,8,11,4,7,8,11,10,13,6,4,7,6,3,10,69,3,3,6,6,4,0,3,6,0,9,3,3,5,3,4,6,51,0,3,4,3,0,4,3,7,7,3,6,4,5,3,3,6
8,2423703030106,"Σταθμός,ο",32,0,5,0,0,0,0,3,6,0,3,0,0,3,4,0,0,16,0,4,0,0,0,0,0,4,0,0,0,0,0,3,0,0,19,0,4,0,0,0,0,3,4,0,5,0,0,0,3,0,0
7,24237030302,Δημοτική Κοινότητα Καραιίκων,659,20,37,33,28,33,31,34,32,42,54,55,41,44,42,33,99,339,14,22,16,17,21,16,15,14,20,31,27,20,23,27,15,50,316,8,17,15,13,15,17,16,15,20,26,26,18,23,18,20,51
8,2423703030201,"Καραίικα,τα",147,5,3,5,4,9,11,4,5,9,14,14,11,11,15,6,30,73,5,0,4,0,6,8,0,3,4,6,8,3,5,9,0,17,70,0,3,3,3,0,6,0,0,3,7,8,7,4,3,8,10
8,2423703030202,"Γομοστόν,το",227,12,20,4,11,17,9,13,12,11,21,16,13,17,15,14,29,120,6,10,3,7,10,5,8,5,5,10,6,8,9,4,6,16,104,4,6,0,6,10,7,9,4,4,9,7,8,4,8,4,15
8,2423703030203,"Καραμεσιναίικα,τα",150,3,10,14,10,3,4,7,9,12,12,8,7,10,10,12,20,78,5,7,10,4,0,0,0,4,7,7,3,8,5,6,9,8,74,0,0,7,4,0,3,8,3,8,3,3,3,7,6,7,10
8,2423703030204,"Ράχη,η",138,8,10,7,6,6,8,6,3,11,10,14,13,7,5,4,24,64,4,3,3,5,3,0,3,0,6,6,12,5,0,4,3,7,70,3,5,3,3,3,4,0,0,3,6,4,5,4,3,3,13
7,24237030303,Δημοτική Κοινότητα Κρίνου,315,15,16,15,22,12,13,21,14,10,20,23,20,30,14,13,60,151,8,8,0,11,10,4,13,10,5,11,10,11,15,9,5,22,161,9,11,11,9,4,7,11,6,7,11,11,7,17,7,5,36
8,2423703030301,"Κρίνος,ο",315,15,16,15,22,12,13,21,14,10,20,23,20,30,14,13,60,151,8,8,0,11,10,4,13,10,5,11,10,11,15,9,5,22,161,9,11,11,9,4,7,11,6,7,11,11,7,17,7,5,36
7,24237030304,Δημοτική Κοινότητα Λιμνοχωρίου,1299,100,93,82,51,44,58,87,115,119,93,93,68,67,72,61,90,715,51,49,44,39,26,36,43,51,82,57,53,33,32,40,35,51,586,51,47,41,15,15,20,46,62,40,38,42,31,32,30,29,40
8,2423703030401,"Λιμνοχώριον,το",412,17,17,27,21,20,11,13,22,26,45,45,30,28,28,20,39,215,5,16,15,12,8,5,5,6,19,21,21,19,14,17,13,21,194,10,4,14,7,10,3,11,14,10,22,20,14,12,14,11,22
8,2423703030402,"Καλαμάκιον,το",359,27,16,22,16,15,28,28,25,20,21,27,21,16,25,14,30,207,17,6,13,15,12,18,14,10,16,6,18,8,10,16,8,13,149,8,14,5,3,6,8,11,13,7,10,12,11,10,13,9,14
8,2423703030403,"Κάτω Λιμνοχώριον,το",210,12,23,20,3,3,8,13,25,25,7,11,11,11,14,16,14,107,4,9,9,5,3,3,3,12,19,6,6,7,3,6,5,6,101,9,12,9,0,0,3,8,10,9,4,7,7,5,5,8,5
8,2423703030404,"Παραλία Καλαμακίου,η",325,47,40,16,10,8,15,31,46,52,29,8,8,3,3,9,8,188,23,21,5,10,6,8,20,21,31,21,5,3,3,0,8,3,140,21,16,9,3,0,4,14,27,17,5,0,3,3,3,5,3
7,24237030305,Δημοτική Κοινότητα Μύρτου,339,15,21,21,26,23,14,17,19,14,27,15,23,22,29,19,34,185,15,14,13,19,12,10,6,9,4,12,9,16,10,11,10,12,157,4,5,11,11,9,7,9,7,8,13,8,10,10,15,7,20
8,2423703030501,"Μύρτος,ο",167,5,7,15,11,12,7,12,4,7,14,12,14,13,14,8,15,93,3,4,8,5,5,5,3,3,6,8,8,11,7,4,7,8,77,0,4,5,3,4,0,8,3,4,9,3,5,3,6,3,9
8,2423703030502,"Γιουλαίικα,τα",84,7,7,4,3,4,8,0,13,5,11,3,3,4,6,0,7,49,4,4,4,3,4,8,0,8,0,6,0,4,0,3,0,4,38,0,0,3,0,0,4,0,3,3,7,0,0,4,5,0,6
8,2423703030503,"Πουρνάριον,το",89,3,3,0,8,14,4,5,3,3,3,5,7,6,10,7,7,49,6,5,0,5,8,5,0,4,0,3,0,0,0,4,8,5,42,0,0,0,5,3,3,3,0,3,3,3,3,3,3,0,4
7,24237030306,Δημοτική Κοινότητα Φράγκας,270,15,10,16,11,9,19,14,11,16,22,20,15,24,18,18,34,149,11,5,10,4,11,13,3,4,10,7,8,11,11,15,9,18,123,6,3,8,4,3,8,9,5,10,11,10,6,11,6,6,18
8,2423703030601,"Φράγκα,η",183,13,7,9,3,6,15,12,6,12,11,10,17,15,16,16,24,103,9,3,5,3,5,10,4,3,8,3,7,6,9,8,14,12,78,0,3,3,3,4,3,6,7,0,10,6,7,8,5,5,11
8,2423703030602,"Σπαναίικα,τα",36,3,0,0,0,4,3,0,0,0,3,4,0,4,3,0,4,17,0,0,0,0,0,3,0,0,0,0,0,0,4,4,0,3,22,3,0,3,0,0,3,3,0,3,3,0,0,3,0,0,3
8,2423703030603,"Τσακώνικα,τα",51,0,4,7,3,4,0,0,3,5,3,6,3,0,0,0,6,24,3,4,5,0,4,0,0,0,3,3,5,3,4,0,0,4,24,0,0,4,0,0,0,0,0,0,3,3,0,0,0,0,4
6,242370304,ΔΗΜΟΤΙΚΗ ΕΝΟΤΗΤΑ ΩΛΕΝΙΑΣ,4302,121,143,177,198,183,226,270,294,306,343,350,308,252,274,234,631,2547,66,87,93,102,110,161,199,207,207,221,216,181,158,145,120,271,1757,51,58,82,93,74,68,69,85,95,119,137,125,98,126,111,363
7,24237030401,Δημοτική Κοινότητα Λουσικών,521,12,23,27,37,22,13,15,26,32,43,46,40,38,32,31,89,271,9,14,13,18,13,9,7,11,14,21,27,22,27,15,16,38,254,5,5,16,17,5,8,11,13,16,24,16,15,9,20,17,48
8,2423703040101,"Λουσικά,τα",381,11,15,20,26,18,14,13,14,24,31,30,27,24,24,21,65,192,4,12,5,13,10,7,4,8,8,15,21,14,17,13,9,28,186,5,5,12,16,5,9,6,9,14,18,12,11,4,7,10,40
8,2423703040102,"Σπαλιαραίικα,τα",111,3,5,4,6,3,3,5,9,5,12,11,10,13,9,5,16,59,3,0,4,8,3,0,0,6,4,6,8,4,6,4,4,5,49,3,3,3,0,0,0,3,6,4,3,5,3,4,3,5,8
8,2423703040103,"Υψηλή Ράχη,η",29,4,0,3,0,0,0,3,3,3,0,0,3,3,4,3,8,15,4,0,3,0,0,0,4,0,0,0,0,4,3,3,3,4,17,0,0,0,0,0,0,0,3,3,0,0,0,0,3,0,6
7,24237030402,Δημοτική Κοινότητα Αγίου Νικολάου Κράλης,325,12,17,26,19,13,8,11,16,18,28,23,19,9,18,21,59,169,6,12,16,13,9,3,8,3,10,10,12,9,4,10,6,26,158,4,8,12,9,7,8,5,11,12,16,8,6,9,11,12,30
8,2423703040201,"Καλαμάκιον,το",121,0,16,13,6,0,0,3,4,9,15,7,7,6,10,8,19,63,0,6,7,3,0,0,0,0,6,3,5,0,4,5,3,9,60,0,7,9,5,0,0,4,4,0,10,0,3,3,3,3,12
8,2423703040202,"Άγιος Νικόλαος,ο",61,4,0,4,7,3,0,3,0,8,5,0,0,0,3,0,8,25,0,0,3,5,4,0,3,0,3,4,0,0,0,0,0,3,32,3,0,4,5,3,0,0,0,3,4,3,0,0,3,0,3
8,2423703040203,"Αυγεραίικα,τα",52,0,0,0,5,3,0,0,0,0,3,5,3,0,3,0,15,30,0,0,0,4,3,0,0,3,0,3,0,3,0,0,0,8,19,0,0,0,3,0,0,0,0,0,0,3,0,0,0,4,9
8,2423703040204,"Θωμαίικα,τα",71,4,0,5,3,3,4,3,3,4,5,4,5,0,5,3,6,38,4,0,3,3,0,3,0,3,3,0,0,3,0,5,0,3,35,0,0,4,4,0,3,0,3,0,3,5,0,0,0,3,8
8,2423703040205,"Ποιμενοχώριον,το",22,0,0,0,0,3,3,3,3,0,0,0,3,0,3,3,4,11,0,0,0,0,0,0,0,3,0,0,0,0,0,0,3,4,14,0,0,0,0,0,3,0,0,0,0,0,3,0,3,0,4
7,24237030403,Δημοτική Κοινότητα Αγίου Στεφάνου,813,6,7,5,10,34,89,118,126,106,96,65,50,38,24,11,26,730,3,7,5,4,31,80,112,122,101,92,58,43,33,17,4,16,85,6,3,3,3,5,7,3,3,3,7,10,3,7,3,5,12
8,2423703040301,"Άγιος Στέφανος,ο",144,6,7,4,11,6,8,12,10,9,9,16,5,7,5,12,20,77,0,5,3,4,3,5,7,10,6,5,9,3,5,3,5,10,68,6,4,3,3,0,5,3,3,6,0,10,0,4,5,5,8
8,2423703040302,"Παλαιά Περιστέρα,η",29,3,0,3,3,3,0,3,0,0,3,0,3,4,0,0,3,12,3,0,3,0,0,0,0,0,0,0,0,4,5,3,0,3,14,3,0,0,3,3,0,0,0,0,3,0,0,0,0,0,3
8,2423703040303,"Φυλακές,οι",640,0,4,0,0,26,77,109,114,98,89,47,37,22,12,0,3,640,0,4,0,0,26,77,109,114,98,89,47,37,22,12,0,3,0,0,0,0,0,0,0,0,0,0,0,0,0,0,0,0,0
7,24237030404,Δημοτική Κοινότητα Άνω Σουδεναιίκων,156,0,3,5,7,0,3,8,13,8,7,10,16,12,17,6,41,75,0,3,6,0,0,7,6,8,6,4,3,7,7,10,3,16,78,0,0,3,4,0,0,4,3,4,4,5,11,3,4,8,22
8,2423703040401,"Άνω Σουδεναίικα,τα",156,0,3,5,7,0,3,8,13,8,7,10,16,12,17,6,41,75,0,3,6,0,0,7,6,8,6,4,3,7,7,10,3,16,78,0,0,3,4,0,0,4,3,4,4,5,11,3,4,8,22
7,24237030405,Δημοτική Κοινότητα Άρλας,317,11,14,25,20,19,12,9,13,12,29,34,20,19,16,16,40,168,9,7,14,11,13,10,4,5,6,17,16,15,13,11,9,17,151,0,4,13,6,9,4,3,10,8,15,15,7,9,7,6,27
8,2423703040501,"Άρλα,η",317,11,14,25,20,19,12,9,13,12,29,34,20,19,16,16,40,168,9,7,14,11,13,10,4,5,6,17,16,15,13,11,9,17,151,0,4,13,6,9,4,3,10,8,15,15,7,9,7,6,27
7,24237030406,Δημοτική Κοινότητα Αχαϊκού,131,0,4,4,0,5,17,10,3,5,4,10,15,14,10,6,19,68,0,0,4,0,4,8,7,3,4,0,7,3,5,7,3,5,61,0,0,0,0,3,6,0,3,0,0,6,8,7,5,0,17
8,2423703040601,"Αχαϊκόν,το",131,0,4,4,0,5,17,10,3,5,4,10,15,14,10,6,19,68,0,0,4,0,4,8,7,3,4,0,7,3,5,7,3,5,61,0,0,0,0,3,6,0,3,0,0,6,8,7,5,0,17
7,24237030407,Δημοτική Κοινότητα Γαλαναίϊκα,19,0,0,0,0,0,0,0,0,0,0,0,0,0,0,3,6,11,0,0,0,0,0,0,0,0,0,0,3,0,0,0,0,3,11,0,0,0,0,0,0,0,0,0,0,3,0,0,0,3,6
8,2423703040701,"Γαλαναίϊκα,τα",19,0,0,0,0,0,0,0,0,0,0,0,0,0,0,3,6,11,0,0,0,0,0,0,0,0,0,0,3,0,0,0,0,3,11,0,0,0,0,0,0,0,0,0,0,3,0,0,0,3,6
7,24237030408,Δημοτική Κοινότητα Γκανέϊκα,0,0,0,0,0,0,0,0,0,0,0,0,0,0,0,0,0,0,0,0,0,0,0,0,0,0,0,0,0,0,0,0,0,0,0,0,0,0,0,0,0,0,0,0,0,0,0,0,0,0,0
8,2423703040801,"Γκανέικα,τα",0,0,0,0,0,0,0,0,0,0,0,0,0,0,0,0,0,0,0,0,0,0,0,0,0,0,0,0,0,0,0,0,0,0,0,0,0,0,0,0,0,0,0,0,0,0,0,0,0,0,0
7,24237030409,Δημοτική Κοινότητα Κάτω Μαζαράκι,520,26,18,18,27,17,17,22,31,35,38,42,35,33,40,38,83,269,11,12,12,8,6,10,11,17,20,17,22,20,21,20,25,36,248,11,8,9,15,9,10,8,11,12,19,22,17,15,23,11,49
8,2423703040901,"Κάτω Μαζαράκιον,το",520,26,18,18,27,17,17,22,31,35,38,42,35,33,40,38,83,269,11,12,12,8,6,10,11,17,20,17,22,20,21,20,25,36,248,11,8,9,15,9,10,8,11,12,19,22,17,15,23,11,49
7,24237030410,Δημοτική Κοινότητα Μιτοπόλεως,289,15,10,8,13,19,14,8,13,20,22,12,17,11,19,26,49,148,6,9,7,7,12,4,6,9,9,14,10,10,9,8,12,24,143,13,4,3,9,9,7,4,6,13,5,4,9,4,14,11,29
8,2423703041001,"Μιτόπολις,η",179,11,9,6,7,12,9,8,11,7,15,10,12,10,11,12,23,88,5,8,0,7,8,5,6,9,5,13,4,9,9,3,4,9,89,8,4,4,3,6,6,4,5,5,5,4,6,3,6,5,16
8,2423703041002,"Κώμη,η",83,4,0,3,7,4,0,0,3,6,6,4,3,3,6,11,27,43,0,0,3,4,0,0,0,0,3,4,4,4,0,3,5,11,42,0,0,0,0,0,0,0,3,5,4,0,0,3,5,9,14
8,2423703041003,"Σουβαλιωτέικα,τα",28,0,0,0,4,8,3,0,0,0,3,3,0,0,0,4,0,18,0,0,0,0,3,3,0,0,0,3,3,0,0,0,4,0,6,0,0,0,0,3,0,0,0,3,0,0,0,0,0,0,0
7,24237030411,Δημοτική Κοινότητα Πορτών,168,3,9,9,7,8,4,5,9,5,13,11,12,9,17,14,36,90,4,3,8,0,3,5,0,6,3,4,7,6,7,12,7,16,76,0,3,3,3,4,3,3,0,5,6,0,3,4,7,4,23
8,2423703041101,"Πόρται,αι",168,3,9,9,7,8,4,5,9,5,13,11,12,9,17,14,36,90,4,3,8,0,3,5,0,6,3,4,7,6,7,12,7,16,76,0,3,3,3,4,3,3,0,5,6,0,3,4,7,4,23
7,24237030412,Δημοτική Κοινότητα Σαντομερίου,224,5,9,6,7,10,13,18,15,9,14,21,15,11,13,22,40,112,5,3,6,3,3,7,9,9,3,8,6,7,4,4,11,20,110,3,3,3,5,10,8,5,3,3,3,12,11,4,6,9,17
8,2423703041201,"Σαντομέριον,το",136,4,5,0,5,9,7,13,8,5,10,13,10,8,5,18,25,68,4,4,0,3,3,0,5,4,4,4,4,3,3,3,7,16,71,3,4,0,3,4,3,5,0,5,3,6,4,3,5,8,11
8,2423703041202,"Αμπελάκια,τα",13,0,3,0,0,0,0,0,0,0,0,0,0,0,6,0,3,8,0,0,0,0,0,0,0,0,0,0,0,0,0,0,0,3,7,0,3,0,0,0,0,0,0,0,0,0,0,0,3,0,0
8,2423703041203,"Μονή Αγίας Μαρίνης Μαρίτσης,η",3,0,0,0,0,0,0,0,0,0,0,0,0,0,0,0,0,0,0,0,0,0,0,0,0,0,0,0,0,0,0,0,0,0,3,0,0,0,0,0,0,0,0,0,0,0,0,0,0,0,0
8,2423703041204,"Πολύλοφον,το",72,0,3,3,4,0,3,5,5,4,3,6,8,5,0,4,12,41,0,4,6,0,0,3,3,4,0,3,5,0,4,0,3,5,33,0,0,0,4,0,0,0,5,0,0,4,4,4,0,0,4
7,24237030413,Δημοτική Κοινότητα Φλόκα,119,3,4,4,6,3,0,3,7,9,3,11,12,11,10,8,24,61,0,0,0,4,3,0,3,5,3,0,8,7,3,8,8,7,60,3,0,4,4,0,0,0,4,4,0,4,6,6,6,0,20
8,2423703041301,"Φλόκας,ο",56,0,0,0,3,0,0,3,5,3,0,7,13,3,4,3,13,29,0,0,0,4,0,0,3,0,0,0,3,7,0,0,3,4,30,0,0,0,3,0,0,0,0,3,0,3,3,0,3,0,12
8,2423703041302,"Ζησιμαίικα,τα",65,3,4,0,5,0,0,3,4,4,3,5,3,6,10,0,9,35,0,0,0,4,0,0,3,0,3,0,3,0,0,6,0,0,33,3,0,0,0,0,0,0,0,4,0,0,3,4,3,0,5
7,24237030414,Δημοτική Κοινότητα Φωσταίνης,183,3,9,6,8,8,12,12,4,14,10,18,18,9,13,12,28,101,3,3,5,7,7,4,4,3,9,7,9,13,8,4,7,12,85,3,3,0,4,4,5,4,3,7,0,5,7,3,6,9,13
8,2423703041401,"Φώσταινα,η",183,3,9,6,8,8,12,12,4,14,10,18,18,9,13,12,28,101,3,3,5,7,7,4,4,3,9,7,9,13,8,4,7,12,85,3,3,0,4,4,5,4,3,7,0,5,7,3,6,9,13
7,24237030415,Δημοτική Κοινότητα Χαϊκαλίου,335,14,10,19,19,17,17,18,15,23,21,38,25,17,20,16,55,181,10,8,7,11,8,12,10,6,15,6,23,10,6,13,9,26,155,7,5,9,10,7,7,5,7,6,12,12,13,14,10,9,27
8,2423703041501,"Χαϊκάλιον,το",262,11,9,13,11,15,14,7,9,16,15,35,24,11,13,9,41,143,7,6,6,7,6,11,5,9,10,4,23,10,3,3,4,20,121,3,5,6,0,7,5,6,4,3,13,9,10,6,6,6,24
8,2423703041502,"Κατσαϊταίικα,τα",45,5,0,3,3,0,0,4,0,5,0,3,0,6,9,3,5,22,0,0,0,0,0,0,4,0,3,0,0,0,3,5,3,4,20,3,0,0,0,0,0,3,0,0,0,0,0,0,7,4,3
8,2423703041503,"Κουνελαίικα,τα",28,0,0,0,5,4,5,0,0,0,3,4,0,4,0,4,4,16,0,0,0,0,4,3,0,0,0,0,3,0,0,0,3,3,14,0,0,0,5,0,0,0,3,0,0,4,0,0,0,0,0
7,24237030416,Δημοτική Κοινότητα Χαραυγής,188,3,4,6,9,11,4,13,7,6,12,9,11,18,17,12,32,97,0,4,0,3,9,3,9,4,4,10,4,6,14,10,3,12,94,0,0,4,9,6,0,6,5,4,4,3,8,7,9,11,18
8,2423703041601,"Χαραυγή,η",41,0,0,0,3,0,0,5,0,3,3,0,4,3,9,5,11,20,0,0,0,3,0,0,5,0,3,5,0,0,3,7,0,8,16,0,0,0,0,0,0,0,0,0,0,0,0,0,5,8,5
8,2423703041602,"Νεοχώριον,το",60,0,7,3,7,0,0,5,0,3,4,5,3,11,4,0,8,31,0,7,0,0,3,0,3,3,0,4,0,0,7,3,0,6,32,0,0,0,4,0,0,5,3,3,0,3,3,6,4,0,4
8,2423703041603,"Πηγάδια,τα",82,3,3,0,4,9,0,3,0,4,5,8,9,4,4,11,14,40,0,3,0,0,3,0,0,0,5,0,3,7,3,3,0,4,44,0,0,0,3,4,0,5,3,4,0,3,4,0,4,6,8
5,2423704,ΔΗΜΟΣ ΕΡΥΜΑΝΘΟΥ,8208,267,354,410,396,393,439,445,438,520,550,552,549,636,559,480,1218,4397,134,179,210,205,222,249,250,259,295,318,317,283,364,299,257,560,3814,130,177,203,189,167,193,197,182,223,234,233,268,275,263,221,655
6,242370401,ΔΗΜΟΤΙΚΗ ΕΝΟΤΗΤΑ ΦΑΡΡΩΝ,4402,146,211,252,207,234,231,217,249,279,323,298,294,327,277,234,616,2326,68,112,126,97,139,122,109,146,153,192,173,155,183,146,123,280,2079,81,96,124,113,93,106,104,105,124,134,128,141,146,128,109,339
7,24237040101,Δημοτική Κοινότητα Χαλανδρίτσης,929,36,48,58,46,60,50,51,48,64,63,60,61,70,58,46,112,484,15,27,31,21,34,28,25,25,31,41,28,36,46,25,24,44,443,18,23,28,22,24,20,25,25,31,25,29,28,26,31,19,66
8,2423704010101,"Χαλανδρίτσα,η",821,32,37,53,42,49,50,44,40,55,53,56,51,63,49,39,105,433,15,24,29,18,31,28,25,21,31,30,24,33,42,24,17,44,390,14,17,26,21,15,20,22,21,27,21,29,20,17,27,19,63
8,2423704010102,"Κυδωνιές,οι",11,3,3,0,0,0,0,0,0,0,0,0,0,3,0,3,0,6,0,0,0,0,0,0,0,0,0,0,0,0,0,0,3,0,8,3,3,0,0,0,0,0,0,0,0,0,0,3,0,0,0
8,2423704010103,"Μαστοραίικα - Σταμαίικα,τα",97,0,9,0,0,9,3,4,7,6,11,0,8,11,6,3,9,50,0,6,0,0,5,0,3,6,3,7,0,5,3,4,3,3,44,3,5,0,3,6,3,0,4,7,8,0,5,5,4,3,5
7,24237040102,Δημοτική Κοινότητα Βασιλικού,681,28,32,48,22,31,22,30,46,38,57,35,50,47,55,47,96,359,17,17,21,11,15,9,15,31,22,32,24,21,25,22,24,46,319,9,12,24,14,13,9,12,17,19,28,14,27,24,31,20,48
8,2423704010201,"Βασιλικόν,το",367,14,11,32,14,15,11,17,21,23,31,22,30,21,21,22,60,194,11,9,14,10,8,7,12,12,10,12,15,14,10,13,13,24,177,6,0,15,8,4,7,8,7,16,16,5,19,8,11,11,34
8,2423704010202,"Αγριλιά,η",119,4,12,3,0,0,4,4,16,7,8,5,9,14,11,9,16,72,4,7,3,4,0,0,0,6,5,8,3,5,8,8,4,11,49,0,8,0,0,0,0,0,6,0,3,0,6,3,5,7,7
8,2423704010203,"Κυδωνίαι,αι",76,4,4,7,3,8,0,4,5,5,13,4,7,3,7,5,4,35,0,0,3,4,3,0,0,4,3,7,3,5,0,3,3,4,44,4,4,3,3,3,0,4,3,0,9,3,0,3,7,4,3
8,2423704010204,"Στέρνα,η",26,0,5,0,0,0,0,3,0,3,0,0,0,0,3,4,0,14,0,5,3,0,0,0,0,0,3,0,0,0,0,0,3,0,14,0,0,0,0,0,0,0,0,0,0,0,0,0,0,3,0
8,2423704010205,"Στεφάνη,η",88,4,3,5,0,4,6,8,10,6,10,5,3,4,8,8,16,51,3,0,3,0,0,0,6,7,3,8,0,3,4,0,5,7,40,4,4,0,0,6,3,4,0,0,0,0,3,3,6,0,7
7,24237040103,Δημοτική Κοινότητα Ελληνικού,273,10,12,9,15,15,24,21,13,5,15,20,24,29,24,9,31,143,3,5,3,7,12,13,10,11,5,4,11,12,18,16,9,12,133,10,5,3,5,7,8,9,4,3,9,12,9,14,11,3,22
8,2423704010301,"Ελληνικόν,το",76,3,3,7,3,0,3,3,3,6,3,3,7,11,9,4,10,40,3,3,3,3,5,3,0,4,3,0,3,5,6,6,0,4,38,0,3,3,0,0,0,3,0,3,0,3,5,6,0,0,8
8,2423704010302,"Αγία Ελεούσα,η",67,0,0,3,6,0,7,3,0,0,10,9,6,0,9,3,9,37,0,0,3,3,0,4,3,0,0,3,3,4,5,4,0,0,27,0,0,0,0,0,0,0,0,0,6,3,0,0,3,0,6
8,2423704010303,"Βαλματούρα,η",8,0,0,0,3,3,0,0,0,0,4,0,0,0,0,0,3,7,0,0,0,3,0,0,0,0,0,0,0,0,0,0,0,0,4,0,0,0,0,3,0,0,0,0,4,0,0,0,0,0,3
8,2423704010304,"Κανελλάκι,το",33,3,0,4,4,3,3,4,5,0,3,4,4,0,0,4,0,16,0,0,0,0,4,0,3,3,0,0,0,3,0,0,4,0,15,3,0,4,4,0,0,4,0,0,3,5,3,0,0,0,0
8,2423704010305,"Κούμαρης,ο",17,0,0,0,0,3,0,0,3,0,0,0,3,3,4,0,0,10,0,0,0,0,3,0,0,3,0,0,0,0,0,3,3,0,3,0,0,0,0,0,0,0,0,0,0,0,3,5,3,0,0
8,2423704010306,"Νεοχώριον,το",41,7,4,0,3,5,4,6,3,0,0,0,4,6,4,4,6,19,0,0,0,0,0,0,4,3,0,0,0,3,3,0,0,4,25,5,6,0,3,5,5,4,0,0,0,0,3,0,4,0,0
8,2423704010307,"Χρυσαυγή,η",38,0,3,0,0,0,3,8,4,0,0,0,3,3,3,0,6,20,0,3,0,0,0,0,0,4,0,0,0,3,3,4,0,3,13,0,0,0,0,3,3,4,0,0,0,0,3,3,0,0,0
7,24237040104,Δημοτική Κοινότητα Ισώματος,349,8,18,30,24,14,20,17,25,19,27,19,24,16,21,21,47,192,4,8,19,9,5,9,10,10,9,17,12,12,6,14,9,25,160,7,8,8,12,6,9,5,12,12,13,9,9,7,11,9,20
8,2423704010401,"Ίσωμα,το",349,8,18,30,24,14,20,17,25,19,27,19,24,16,21,21,47,192,4,8,19,9,5,9,10,10,9,17,12,12,6,14,9,25,160,7,8,8,12,6,9,5,12,12,13,9,9,7,11,9,20
7,24237040105,Δημοτική Κοινότητα Καλανίστρας,123,4,8,0,4,6,4,8,5,7,9,10,7,11,5,7,21,65,0,5,4,0,4,3,5,3,6,9,4,5,6,4,4,8,56,3,5,0,0,4,5,5,4,3,0,3,4,3,4,0,10
8,2423704010501,"Καλανίστρα,η",68,0,3,0,4,5,6,0,3,5,3,6,3,3,5,4,15,39,0,0,0,0,4,3,0,0,0,3,0,0,4,0,4,8,31,0,3,0,0,3,3,3,0,3,0,3,0,3,3,0,9
8,2423704010502,"Ροδιά,η",53,5,9,0,3,3,0,5,0,4,4,3,0,4,3,0,4,27,0,5,4,0,0,0,3,0,3,4,0,3,4,0,0,3,27,3,0,0,3,3,0,0,3,0,0,3,0,0,0,0,3
7,24237040106,Δημοτική Κοινότητα Καλάνου,102,3,8,4,0,4,5,4,3,12,7,9,8,5,8,6,20,56,0,0,0,0,3,0,4,3,9,7,5,3,0,0,5,10,49,3,4,3,0,0,3,0,0,5,0,0,3,0,5,4,7
8,2423704010601,"Κάλανος,ο",102,3,8,4,0,4,5,4,3,12,7,9,8,5,8,6,20,56,0,0,0,0,3,0,4,3,9,7,5,3,0,0,5,10,49,3,4,3,0,0,3,0,0,5,0,0,3,0,5,4,7
7,24237040107,Δημοτική Κοινότητα Καλουσίου,165,0,5,5,19,18,9,7,4,6,14,13,13,13,8,4,28,96,0,4,8,8,10,6,5,3,8,9,7,7,9,6,4,6,71,0,3,0,8,5,3,5,0,3,7,4,3,0,4,0,19
8,2423704010701,"Καλούσιον,το",165,0,5,5,19,18,9,7,4,6,14,13,13,13,8,4,28,96,0,4,8,8,10,6,5,3,8,9,7,7,9,6,4,6,71,0,3,0,8,5,3,5,0,3,7,4,3,0,4,0,19
7,24237040108,Δημοτική Κοινότητα Καταρράκτου,71,0,4,0,0,0,4,6,8,3,3,5,3,9,8,9,10,37,0,0,0,0,0,0,0,9,0,0,4,0,4,4,5,4,37,0,0,0,0,0,3,5,0,0,0,4,5,7,0,0,4
8,2423704010801,"Καταρράκτης,ο",71,0,4,0,0,0,4,6,8,3,3,5,3,9,8,9,10,37,0,0,0,0,0,0,0,9,0,0,4,0,4,4,5,4,37,0,0,0,0,0,3,5,0,0,0,4,5,7,0,0,4
7,24237040109,Δημοτική Κοινότητα Κριθαρακίων,134,3,3,6,6,7,8,8,5,7,8,13,9,12,9,6,26,72,0,3,3,5,5,6,7,3,3,4,7,4,10,6,0,12,65,0,3,4,3,5,0,4,0,3,7,9,4,5,0,5,16
8,2423704010901,"Κριθαράκια,τα",78,0,0,6,6,8,5,0,3,4,6,10,0,7,3,0,15,44,0,0,3,5,5,4,0,0,3,4,7,0,3,3,0,3,37,0,0,4,3,4,4,0,0,3,4,5,0,6,0,0,9
8,2423704010902,"Αστέριον,το",59,3,3,0,0,3,0,4,0,0,5,3,8,3,5,5,13,31,0,0,0,0,0,4,3,0,0,0,0,4,4,7,0,7,25,0,3,0,0,3,0,4,0,0,5,3,3,0,0,5,9
7,24237040110,Δημοτική Κοινότητα Λακκωμάτων,63,3,0,3,3,4,0,0,4,0,4,6,9,7,6,0,8,38,3,3,3,3,3,0,0,3,0,0,4,3,4,0,0,7,29,0,3,0,3,3,0,0,0,0,3,5,3,0,3,0,4
8,2423704011001,"Λακκώματα,τα",63,3,0,3,3,4,0,0,4,0,4,6,9,7,6,0,8,38,3,3,3,3,3,0,0,3,0,0,4,3,4,0,0,7,29,0,3,0,3,3,0,0,0,0,3,5,3,0,3,0,4
8,2423704011002,"Τσαπουρνιά,η",0,0,0,0,0,0,0,0,0,0,0,0,0,0,0,0,0,0,0,0,0,0,0,0,0,0,0,0,0,0,0,0,0,0,0,0,0,0,0,0,0,0,0,0,0,0,0,0,0,0,0
7,24237040111,Δημοτική Κοινότητα Μιραλίου,83,0,6,0,4,8,6,0,0,3,3,8,3,8,4,10,18,43,3,0,4,0,3,3,0,0,3,3,5,3,7,4,6,10,38,0,4,0,0,0,0,0,0,3,3,6,0,4,0,6,10
8,2423704011101,"Μιράλιον,το",83,0,6,0,4,8,6,0,0,3,3,8,3,8,4,10,18,43,3,0,4,0,3,3,0,0,3,3,5,3,7,4,6,10,38,0,4,0,0,0,0,0,0,3,3,6,0,4,0,6,10
7,24237040112,Δημοτική Κοινότητα Νέου Κομπηγαδίου,95,3,3,4,7,3,4,4,3,9,5,5,7,5,7,4,16,49,0,3,0,0,4,4,0,5,7,3,4,6,0,0,3,7,43,0,0,0,5,3,3,0,0,4,0,3,3,3,4,3,12
8,2423704011201,"Νέον Κομπηγάδιον,το",75,0,3,4,4,0,5,4,4,9,3,4,4,5,7,4,10,39,0,3,0,0,0,0,0,0,7,0,3,4,0,0,3,3,34,0,0,0,3,0,3,0,0,4,0,3,0,3,4,3,9
8,2423704011202,"Μίχας,ο",3,0,0,0,0,0,0,0,3,0,0,0,0,0,0,0,0,3,0,0,0,0,0,0,0,3,0,0,0,0,0,0,0,0,0,0,0,0,0,0,0,0,0,0,0,0,0,0,0,0,0
8,2423704011203,"Πλάτανος,ο",18,0,0,0,0,5,0,0,0,0,0,4,0,0,0,0,4,8,0,0,0,0,0,0,0,0,0,0,4,4,0,0,0,0,13,0,0,0,0,3,0,0,0,0,4,0,0,0,0,0,5
7,24237040113,Δημοτική Κοινότητα Πλατανόβρυσης,352,10,11,21,15,23,18,20,18,26,23,22,28,32,18,25,54,175,5,6,5,3,13,10,12,9,10,16,16,6,16,12,9,25,174,7,8,13,14,7,11,5,11,13,9,8,19,13,9,13,26
8,2423704011301,"Πλατανόβρυση,η",177,3,8,11,6,11,9,8,8,12,8,15,12,15,8,14,30,95,0,4,3,3,10,6,7,8,5,4,8,4,7,3,7,17,85,5,0,5,0,3,5,4,4,4,0,5,11,10,3,10,15
8,2423704011302,"Αγία Παρασκευή,η",24,4,0,3,5,3,0,0,3,4,0,3,0,0,0,0,7,15,4,0,3,0,0,0,0,0,3,0,3,0,0,0,0,0,13,0,0,0,5,3,0,0,0,3,0,0,0,0,0,0,3
8,2423704011303,"Κάτω Πλατανόβρυση,η",106,4,5,10,5,0,5,4,8,9,10,7,5,11,6,4,13,53,0,4,5,0,0,6,3,0,7,8,4,3,3,3,4,10,56,3,4,3,5,0,3,3,4,6,6,0,4,6,3,3,7
8,2423704011304,"Κοίμησις,η",42,3,0,0,7,3,3,0,0,3,3,4,9,3,3,0,0,21,0,0,0,0,0,0,0,0,3,3,5,5,3,0,0,0,24,0,0,0,7,0,3,0,0,0,3,0,8,0,0,0,3
7,24237040114,Δημοτική Κοινότητα Σταροχωρίου,366,16,25,22,16,18,12,12,24,29,32,15,20,28,16,17,58,191,12,12,13,11,9,7,0,14,19,16,14,10,17,11,8,28,178,7,17,12,7,7,7,9,14,13,19,4,8,8,7,6,32
8,2423704011401,"Άνω Σταροχώρι,το",76,5,4,3,3,0,3,4,3,3,7,5,3,5,4,6,15,36,0,5,3,0,0,3,0,0,4,3,0,3,3,3,3,9,37,5,0,4,0,0,0,4,0,0,6,3,3,3,3,6,4
8,2423704011402,"Δαφνούλα,η",210,7,16,16,9,6,11,5,17,21,21,9,9,10,7,10,32,113,8,3,8,7,6,3,0,9,11,11,6,3,9,3,4,15,100,3,10,10,5,3,7,3,10,13,7,5,8,0,9,3,15
8,2423704011403,"Κάτω Σταροχώρι,το",71,3,5,0,4,5,3,0,3,6,3,6,8,6,6,4,11,35,0,3,0,4,3,3,0,3,4,0,6,3,4,5,4,5,33,3,4,0,0,0,0,0,3,0,0,0,3,4,4,0,8
8,2423704011404,"Τρούσας,ο",17,3,0,0,0,0,0,0,4,0,0,0,0,4,0,0,3,9,0,0,0,0,0,0,0,4,0,0,0,0,3,0,0,3,4,0,0,0,0,0,0,0,0,0,0,0,0,3,0,0,4
7,24237040115,Δημοτική Κοινότητα Φαρών,500,19,27,41,30,28,35,24,30,37,39,38,20,29,25,24,58,259,9,17,18,13,19,21,7,18,17,23,22,10,12,16,14,26,239,12,12,21,15,6,17,13,15,17,20,18,12,14,12,13,29
8,2423704011501,"Φαραί,αι",470,16,29,41,26,28,33,23,30,34,39,38,20,25,23,20,55,246,6,15,18,10,19,19,7,15,14,23,22,5,15,16,8,30,227,12,12,21,14,6,12,12,13,17,20,18,12,13,9,10,28
8,2423704011502,"Πρέβεδος,ο",27,0,0,0,3,0,0,0,3,6,0,3,3,6,0,6,5,16,0,0,0,0,0,0,0,0,0,0,3,3,0,0,3,0,14,0,0,0,0,0,3,0,0,3,0,0,0,3,0,0,3
7,24237040116,Δημοτική Κοινότητα Χρυσοπηγής,114,3,0,0,0,11,10,5,10,3,6,11,15,12,10,6,11,66,0,0,0,0,5,6,8,6,3,6,8,9,9,6,6,4,50,4,0,0,0,3,7,0,0,0,3,0,4,6,0,3,5
8,2423704011601,"Χρυσοπηγή,η",88,3,0,0,0,6,7,5,10,4,6,10,12,11,10,4,7,50,0,0,0,0,3,3,8,6,4,0,11,6,9,6,0,4,35,4,0,0,0,3,7,0,0,0,0,3,4,6,0,0,5
8,2423704011602,"Άνω Χρυσοπηγή,η",23,0,0,0,0,9,0,0,0,0,3,3,0,0,0,4,3,14,0,0,0,0,0,0,0,0,0,0,0,0,0,0,3,3,12,0,0,0,0,4,0,0,0,0,3,0,0,0,0,0,3
6,242370402,ΔΗΜΟΤΙΚΗ ΕΝΟΤΗΤΑ ΚΑΛΕΝΤΖΙΟΥ,274,8,8,8,11,12,17,17,14,17,11,20,12,28,23,15,55,150,4,5,6,8,8,4,14,9,12,4,7,4,21,12,8,24,128,3,5,4,6,8,9,4,0,6,3,11,11,11,14,10,29
7,24237040201,Δημοτική Κοινότητα Καλεντζίου,274,8,8,8,11,12,17,17,14,17,11,20,12,28,23,15,55,150,4,5,6,8,8,4,14,9,12,4,7,4,21,12,8,24,128,3,5,4,6,8,9,4,0,6,3,11,11,11,14,10,29
8,2423704020101,"Άγιος Γεώργιος,ο",63,0,4,3,3,0,0,3,0,7,3,5,5,4,7,5,22,37,0,3,3,3,0,0,3,0,3,3,0,0,4,3,4,12,30,4,0,4,0,0,0,4,0,0,0,3,3,0,3,3,13
8,2423704020102,"Αβράμιον,το",43,0,0,0,0,0,5,0,0,0,0,3,3,8,7,5,4,23,0,0,0,0,0,0,0,0,0,0,0,0,5,3,4,0,17,0,0,0,0,3,0,0,3,0,0,3,0,0,3,5,0
8,2423704020103,"Καλέντζιον,το",74,0,0,3,4,3,6,5,4,7,5,3,3,12,0,8,10,41,0,0,3,0,0,4,3,4,7,0,5,3,10,0,3,4,31,0,0,5,0,0,0,0,0,3,3,0,4,4,0,3,4
8,2423704020104,"Μπαντσαίικα,τα",96,5,3,3,5,7,7,8,6,4,6,7,3,7,6,0,15,52,3,3,3,0,3,3,10,0,3,6,3,0,3,8,0,5,46,0,0,3,3,3,3,0,3,3,3,3,0,6,0,4,13
6,242370403,ΔΗΜΟΤΙΚΗ ΕΝΟΤΗΤΑ ΛΕΟΝΤΙΟΥ,478,18,24,22,18,18,25,31,19,29,25,35,33,45,37,26,73,265,7,14,15,11,14,10,15,14,8,15,22,17,27,22,11,43,217,9,12,9,10,7,12,15,7,19,9,17,18,21,13,12,28
7,24237040301,Δημοτική Κοινότητα Λεοντίου,394,14,18,22,17,21,20,22,9,24,22,32,23,35,30,22,64,216,4,10,15,12,10,5,14,9,6,10,20,12,21,20,7,37,181,8,10,3,7,7,12,12,4,16,9,14,14,17,13,12,25
8,2423704030101,"Λεόντιον,το",308,12,15,19,13,16,19,18,12,18,17,27,17,24,18,15,49,173,4,10,12,9,8,5,9,9,6,7,13,7,18,13,6,28,132,5,8,3,6,6,11,11,6,10,6,12,7,10,8,11,24
8,2423704030102,"Βεταίικα,τα",34,0,0,0,0,0,0,4,3,0,4,3,6,5,6,3,4,19,0,0,0,0,0,0,3,0,0,0,0,3,3,5,4,3,18,0,0,0,0,0,0,0,3,0,4,0,0,0,4,0,3
8,2423704030103,"Γολέμι,το",15,0,0,4,0,0,3,0,0,4,0,4,3,3,3,0,0,9,0,0,4,0,0,0,0,0,0,0,4,3,3,3,0,0,9,0,0,0,0,0,3,0,0,4,0,0,0,0,0,0,0
8,2423704030104,"Θωμέικα,τα",17,0,0,0,0,3,0,4,0,0,3,0,0,0,3,3,3,6,0,0,0,0,0,0,3,0,0,0,0,0,0,3,3,3,8,0,0,0,0,3,0,0,0,0,3,0,0,0,3,0,3
8,2423704030105,"Κατσαϊτέικα,τα",11,0,0,0,3,0,0,0,0,0,0,0,0,3,0,0,0,5,0,0,0,0,0,0,0,0,0,0,0,0,0,0,0,0,8,0,0,0,0,0,0,0,0,0,4,0,0,3,0,0,3
8,2423704030106,"Κουναβαίικα,τα",12,3,0,0,0,0,0,0,0,0,0,0,0,3,3,0,0,5,0,0,0,0,0,0,4,0,0,0,0,0,3,0,0,0,9,3,0,0,0,0,0,0,0,0,0,0,0,0,3,0,0
8,2423704030107,"Οβρυόκαμπος,ο",0,0,0,0,0,0,0,0,0,0,0,0,0,0,0,0,0,0,0,0,0,0,0,0,0,0,0,0,0,0,0,0,0,0,0,0,0,0,0,0,0,0,0,0,0,0,0,0,0,0,0
7,24237040302,Δημοτική Κοινότητα Άνω Μαζαράκι,22,0,0,0,3,0,4,0,0,0,0,0,8,8,3,3,4,14,0,0,0,0,0,0,0,0,0,0,0,4,4,3,3,4,10,0,0,0,3,0,4,0,0,0,0,0,3,0,3,0,0
8,2423704030201,"Άνω Μαζαράκιον,το",22,0,0,0,3,0,4,0,0,0,0,0,8,8,3,3,4,14,0,0,0,0,0,0,0,0,0,0,0,4,4,3,3,4,10,0,0,0,3,0,4,0,0,0,0,0,3,0,3,0,0
7,24237040303,Δημοτική Κοινότητα Δεμεστίχων,62,7,4,3,3,0,0,5,6,3,3,6,3,3,4,5,7,33,0,3,0,0,0,3,3,3,0,3,4,0,3,5,5,4,26,4,0,3,0,0,0,0,0,0,0,0,3,3,0,3,6
8,2423704030301,"Δεμέστιχα,τα",62,7,4,3,3,0,0,5,6,3,3,6,3,3,4,5,7,33,0,3,0,0,0,3,3,3,0,3,4,0,3,5,5,4,26,4,0,3,0,0,0,0,0,0,0,0,3,3,0,3,6
6,242370404,ΔΗΜΟΤΙΚΗ ΕΝΟΤΗΤΑ ΤΡΙΤΑΙΑΣ,3056,92,114,126,157,131,169,184,159,193,188,201,212,237,220,202,470,1661,53,46,60,92,72,109,109,90,118,103,117,111,135,116,113,216,1398,36,66,69,62,56,64,71,66,72,87,81,105,104,106,87,257
7,24237040401,Δημοτική Κοινότητα Σταυροδρομίου,297,11,15,10,10,14,23,16,25,26,15,16,19,28,25,23,23,170,5,5,3,6,10,16,12,13,13,9,11,14,11,19,15,12,125,4,7,6,7,3,9,8,10,11,7,8,8,15,9,6,13
8,2423704040101,"Σταυροδρόμιον,το",145,8,5,10,5,6,15,8,9,11,9,9,11,7,9,12,19,80,5,0,3,3,4,9,4,5,4,3,8,11,3,3,5,6,63,0,3,4,4,4,3,3,0,4,4,4,0,8,4,4,10
8,2423704040102,"Ξηροχώριον,το",55,0,4,0,0,3,5,0,3,4,0,8,5,3,8,3,0,29,0,0,0,0,0,5,0,4,4,0,0,4,0,6,3,0,23,0,4,0,0,0,0,3,0,0,0,5,4,4,0,3,0
8,2423704040103,"Πανουσαίικα,τα",46,3,3,0,5,0,4,0,3,11,0,0,4,6,4,5,4,30,0,3,0,3,0,0,0,4,5,0,0,0,3,7,4,4,19,3,3,0,0,0,0,0,3,0,0,0,4,0,0,0,0
8,2423704040104,"Ράχη,η",52,0,0,0,0,0,3,3,0,5,3,3,5,5,6,4,3,27,0,3,0,0,0,0,3,3,3,0,0,0,3,7,4,3,23,0,0,0,0,0,0,0,3,5,0,0,5,4,3,0,0
7,24237040402,Δημοτική Κοινότητα Αγίας Βαρβάρας,109,3,0,4,4,3,5,8,5,4,4,10,5,8,13,9,21,60,3,0,4,0,0,3,5,3,4,0,5,3,7,9,7,14,46,0,3,3,0,3,0,0,0,3,7,3,0,3,7,3,10
8,2423704040201,"Αγία Βαρβάρα,η",67,3,0,3,0,0,3,8,3,0,3,4,5,6,6,6,12,39,3,0,3,3,0,0,5,4,0,0,6,3,4,0,7,6,26,0,0,4,0,0,0,0,0,0,3,3,0,0,3,0,4
8,2423704040202,"Γάλαρος,ο",38,0,3,5,0,4,0,0,0,0,3,3,3,4,5,5,11,24,0,0,0,0,0,0,0,0,0,0,0,5,0,5,3,5,18,0,3,3,0,4,0,0,0,3,0,3,0,0,3,0,4
7,24237040403,Δημοτική Κοινότητα Αγίας Μαρίνης,54,0,0,0,0,0,8,5,0,3,6,3,3,5,4,8,15,33,0,0,0,0,0,5,5,0,0,5,3,3,4,3,8,5,23,0,0,0,0,0,0,0,0,0,5,0,3,4,3,3,7
8,2423704040301,"Αγία Μαρίνα,η",28,0,0,0,0,0,0,0,0,0,0,0,3,4,3,6,9,13,0,0,0,0,0,0,0,0,0,0,0,0,0,3,6,4,12,0,0,0,0,0,0,0,0,0,0,0,3,0,3,3,3
8,2423704040302,"Κάτω Αγία Μαρίνα,η",29,0,0,0,0,0,8,5,0,0,3,3,3,4,3,4,4,17,0,0,0,0,0,5,5,0,0,0,3,3,0,0,4,3,7,0,0,0,0,0,0,0,0,0,5,0,3,0,3,0,3
7,24237040404,Δημοτική Κοινότητα Αλεποχωρίου,229,14,8,9,15,8,16,25,18,12,13,12,11,26,7,7,38,126,11,5,6,12,4,10,15,6,12,3,9,6,10,4,3,18,105,6,5,6,0,8,9,7,9,3,8,0,8,14,5,0,23
8,2423704040401,"Άγιος Δημήτριος,ο",99,10,3,0,0,0,7,9,10,6,3,0,8,9,3,8,17,52,4,0,0,3,0,3,3,4,3,0,0,5,6,0,4,6,49,4,0,0,0,0,3,3,4,0,3,0,5,6,3,0,8
8,2423704040402,"Αλεποχώριον,το",132,7,3,9,11,4,7,13,10,8,8,8,6,14,0,3,18,76,4,3,6,11,4,5,9,5,7,3,5,3,6,3,3,9,54,4,3,6,0,3,4,3,8,4,3,0,0,6,0,4,11
7,24237040405,Δημοτική Κοινότητα Βελιμαχίου,64,0,3,3,7,9,5,0,3,6,7,5,5,3,0,0,8,39,0,0,0,6,7,5,0,0,0,3,3,3,3,0,3,4,29,0,0,3,3,0,3,0,3,3,3,4,0,0,4,0,0
8,2423704040501,"Βελιμάχιον,το",60,0,3,3,7,7,5,0,3,3,7,5,5,3,0,0,9,36,0,0,0,6,7,5,0,0,3,3,3,3,3,0,3,5,27,0,0,3,3,4,3,0,3,0,3,4,0,0,4,0,0
8,2423704040502,"Μονή Αγίων Πάντων,η",8,0,0,0,0,0,0,0,0,3,3,0,0,0,0,0,0,6,0,0,0,0,0,0,0,0,0,3,0,0,0,0,0,0,4,0,0,0,0,0,0,0,0,3,0,0,0,0,0,0,0
7,24237040406,Δημοτική Κοινότητα Δροσιάς,494,13,11,26,19,22,32,32,25,23,30,39,39,42,42,28,80,265,10,3,14,11,12,21,22,15,13,15,18,22,26,19,17,30,231,6,6,9,10,14,8,12,7,7,14,18,15,12,19,9,47
8,2423704040601,"Δροσιά,η",197,3,6,10,8,3,8,10,8,12,9,18,14,15,19,7,39,107,0,3,6,4,4,9,6,7,8,3,13,9,8,9,10,14,92,4,7,3,5,3,3,6,3,6,4,7,8,10,8,0,22
8,2423704040602,"Κάτω Δροσιά,η",161,3,0,10,6,8,15,17,9,11,8,9,16,17,7,13,20,91,3,0,8,4,4,12,10,9,5,4,4,7,10,3,7,7,72,3,0,4,4,0,6,3,3,3,0,7,7,4,7,4,11
8,2423704040603,"Κουμπέριον,το",68,4,3,4,0,0,6,8,3,0,4,4,4,8,11,0,7,39,6,0,0,0,0,3,3,3,0,3,0,3,6,3,3,6,31,0,3,4,0,0,0,3,0,0,0,8,0,4,6,3,4
8,2423704040604,"Πτέρη,η",66,0,4,3,5,9,0,0,0,0,8,5,3,4,3,3,16,29,0,0,0,0,0,0,0,0,0,3,4,3,4,0,0,5,34,0,4,0,5,5,0,3,0,0,3,4,0,3,3,0,8
7,24237040407,Δημοτική Κοινότητα Ερυμανθείας,217,13,13,4,8,5,14,15,14,16,11,17,26,15,11,12,30,124,10,6,7,7,3,11,8,7,7,8,3,11,8,9,4,16,97,5,11,0,3,0,5,10,5,6,4,11,12,4,5,5,17
8,2423704040701,"Ερυμάνθεια,η",217,13,13,4,8,5,14,15,14,16,11,17,26,15,11,12,30,124,10,6,7,7,3,11,8,7,7,8,3,11,8,9,4,16,97,5,11,0,3,0,5,10,5,6,4,11,12,4,5,5,17
7,24237040408,Δημοτική Κοινότητα Κάλφα,178,6,6,6,26,10,7,3,7,11,14,8,12,8,11,13,32,92,3,0,9,9,0,4,0,0,7,9,5,5,10,4,6,15,88,3,4,0,13,6,5,0,3,7,3,0,4,3,10,4,19
8,2423704040801,"Κάλφας,ο",149,4,4,7,15,10,7,3,6,9,15,8,10,8,11,11,25,71,0,0,5,7,0,4,0,0,4,10,5,5,3,4,8,8,76,3,4,4,11,6,5,0,3,7,3,0,7,3,3,6,14
8,2423704040802,"Μασουραίικα,τα",31,0,0,3,7,0,0,0,3,4,3,0,0,3,3,4,6,19,0,0,0,4,0,0,0,0,0,3,0,0,3,3,0,5,10,0,0,0,0,0,0,0,3,3,0,0,0,0,4,0,3
7,24237040409,Δημοτική Κοινότητα Μανεσίου Πατρών,308,7,16,14,18,9,15,19,16,29,18,24,19,19,22,33,48,167,3,9,6,11,0,11,6,12,17,12,16,6,12,9,12,28,143,0,4,4,10,6,7,10,7,14,9,5,10,3,16,17,22
8,2423704040901,"Μανέσιον,το",120,4,10,12,5,4,6,6,4,14,9,6,0,7,7,16,20,62,0,4,5,3,0,3,0,5,4,8,5,0,4,3,5,16,56,3,3,4,0,4,3,3,0,7,4,4,3,0,8,9,7
8,2423704040902,"Γολέμιον,το",60,0,0,0,7,3,0,0,3,5,0,6,4,3,3,7,14,27,0,0,0,0,0,0,0,4,0,0,0,3,4,0,3,3,35,0,3,0,5,0,0,0,3,4,0,3,3,0,0,3,9
8,2423704040903,"Κάτω Μαστραντώνιον,το",97,0,3,4,6,0,5,6,3,5,6,10,3,5,9,5,12,62,0,0,3,9,3,6,4,3,4,3,8,0,4,7,3,3,38,0,3,3,0,0,0,3,3,3,5,4,5,3,5,0,6
8,2423704040904,"Μαστραντώνης,ο",29,3,0,0,0,0,4,4,3,8,5,0,3,0,0,0,4,19,3,0,0,0,0,3,0,3,8,0,0,0,0,0,0,3,12,0,0,0,0,0,0,0,3,0,3,0,3,0,0,4,3
7,24237040410,Δημοτική Κοινότητα Ρουπακιάς,113,0,0,3,3,3,4,11,9,7,8,4,12,9,9,6,22,60,0,0,4,0,3,3,4,10,8,5,4,4,3,5,3,8,56,0,0,3,0,0,4,3,3,0,5,0,6,8,5,7,17
8,2423704041001,"Ρουπακιά,η",113,0,0,3,3,3,4,11,9,7,8,4,12,9,9,6,22,60,0,0,4,0,3,3,4,10,8,5,4,4,3,5,3,8,56,0,0,3,0,0,4,3,3,0,5,0,6,8,5,7,17
7,24237040411,Δημοτική Κοινότητα Σκιαδά,544,10,29,24,24,27,19,34,29,38,31,36,38,37,47,37,97,297,3,8,10,16,18,11,21,17,29,19,14,17,27,26,19,40,249,5,18,12,10,7,11,16,15,13,9,19,17,13,19,15,55
8,2423704041101,"Σκιαδάς,ο",308,5,22,16,16,17,12,13,13,23,18,19,15,17,21,20,58,155,0,6,6,9,12,4,10,5,18,14,9,9,12,13,10,26,150,3,13,12,10,7,6,5,10,7,7,12,3,3,11,12,36
8,2423704041102,"Καρπέτα,το",104,4,4,3,4,6,3,6,6,8,3,7,6,10,10,4,18,55,4,0,3,4,4,3,4,5,3,3,4,3,3,7,0,5,47,0,0,3,0,0,3,4,4,3,3,5,7,5,7,0,9
8,2423704041103,"Μονή Κοιμήσεως Θεοτόκου Νοτενών,η",0,0,0,0,0,0,0,0,0,0,0,0,0,0,0,0,0,0,0,0,0,0,0,0,0,0,0,0,0,0,0,0,0,0,0,0,0,0,0,0,0,0,0,0,0,0,0,0,0,0,0
8,2423704041104,"Μπαράκες,οι",78,0,3,0,3,0,0,7,5,9,3,3,9,8,7,4,6,48,4,0,0,3,0,0,3,5,4,3,0,0,7,6,6,3,27,0,0,0,0,0,4,3,0,3,0,0,6,3,3,0,5
8,2423704041105,"Πηγάδια,τα",60,0,0,3,3,3,6,4,3,3,0,3,4,4,0,6,13,35,0,0,0,3,3,6,4,0,3,3,0,3,3,4,5,8,23,0,0,3,0,0,0,0,0,0,0,0,4,4,0,3,8
7,24237040412,Δημοτική Κοινότητα Σκούρα,117,4,6,3,7,13,8,9,5,3,8,12,11,10,3,6,13,64,0,3,0,6,5,3,11,0,4,0,5,6,5,0,3,8,55,0,0,3,3,5,3,0,6,0,6,5,7,3,0,0,7
8,2423704041201,"Σκούρας,ο",97,0,3,0,7,13,3,10,3,4,8,10,6,8,3,5,9,48,0,0,0,6,5,0,7,0,0,0,5,5,8,0,3,6,46,0,0,3,3,5,3,0,4,0,6,3,3,3,0,0,7
8,2423704041202,"Καρδάσι,το",22,0,4,0,0,0,3,3,0,0,0,0,3,0,4,5,0,13,0,4,0,0,0,3,3,0,0,0,0,4,0,4,5,0,7,0,3,0,0,0,0,0,0,0,0,0,3,0,0,0,0
7,24237040413,Δημοτική Κοινότητα Σπαρτιάς,172,4,9,6,5,7,6,6,9,13,12,7,6,12,17,17,27,91,3,3,3,4,4,3,6,6,8,8,4,8,5,6,8,17,85,0,8,3,3,5,0,3,0,7,0,4,3,10,7,12,12
8,2423704041301,"Σπαρτιά,η",70,0,8,0,4,3,3,4,5,5,5,4,4,3,6,4,7,37,0,0,0,4,3,3,0,5,4,5,3,4,0,0,3,6,30,0,4,0,0,0,3,0,0,4,3,0,0,3,3,4,4
8,2423704041302,"Κυπαρίσσιον,το",106,3,3,6,4,3,0,5,3,9,4,5,6,13,7,11,17,51,0,0,3,4,0,3,3,0,6,6,3,6,5,3,3,14,51,0,0,3,3,5,0,4,0,5,0,3,3,6,7,5,6
7,24237040414,Δημοτική Κοινότητα Χιόνας,147,3,3,8,12,12,10,6,4,7,14,9,4,17,14,7,21,77,4,0,4,6,7,8,5,0,3,5,12,0,13,4,3,10,72,3,3,0,3,8,5,3,3,3,6,0,6,6,6,0,13
8,2423704041401,"Χιόνα,η",147,3,3,8,12,12,10,6,4,7,14,9,4,17,14,7,21,77,4,0,4,6,7,8,5,0,3,5,12,0,13,4,3,10,72,3,3,0,3,8,5,3,3,3,6,0,6,6,6,0,13
5,2423705,ΔΗΜΟΣ ΚΑΛΑΒΡΥΤΩΝ,9224,275,330,318,370,363,425,414,471,501,572,610,691,723,761,652,1754,4813,133,182,146,201,199,219,226,254,271,315,338,367,398,416,364,786,4409,139,152,169,166,162,208,190,218,227,254,275,321,328,343,284,966
6,242370501,ΔΗΜΟΤΙΚΗ ΕΝΟΤΗΤΑ ΚΑΛΑΒΡΥΤΩΝ,4927,160,209,197,231,203,262,229,274,306,352,352,373,342,363,305,784,2552,65,108,87,132,108,136,124,145,167,189,191,211,197,202,157,337,2377,92,98,108,102,98,130,107,127,137,160,163,165,143,164,145,444
7,24237050101,Δημοτική Κοινότητα Καλαβρύτων,1703,73,76,77,97,70,99,98,125,119,122,133,115,105,100,88,217,837,29,37,36,60,43,45,57,60,62,59,67,56,57,50,38,84,869,47,36,43,39,29,52,45,63,59,61,70,57,50,47,47,131
8,2423705010101,"Καλάβρυτα,τα",1600,75,71,72,94,63,94,88,117,113,114,118,109,101,91,80,202,779,31,37,32,57,38,39,48,56,61,56,56,53,52,50,35,82,823,47,37,36,39,27,53,42,63,49,60,59,54,46,43,48,119
8,2423705010102,"Αυλών,ο",32,0,0,0,0,0,0,4,3,0,0,3,3,5,0,0,4,14,0,0,0,0,0,0,5,3,0,0,0,3,3,0,0,0,15,0,0,0,0,0,0,0,0,0,0,0,4,0,0,0,5
8,2423705010103,"Βραχνίον,το",13,3,0,0,0,0,0,0,0,3,4,0,3,0,0,0,0,11,0,0,0,0,0,0,0,0,0,4,0,3,0,0,0,0,5,3,0,0,0,0,0,0,0,3,0,0,0,0,0,0,0
8,2423705010104,"Κραστικοί,οι",37,4,0,0,3,6,5,3,0,3,3,7,4,0,0,3,8,19,4,0,0,3,4,3,3,0,0,0,5,0,0,0,0,0,20,0,0,0,0,5,0,0,0,3,3,4,0,0,0,3,6
8,2423705010105,"Μονή Αγίας Λαύρας,η",4,0,0,0,0,0,0,0,0,0,0,4,0,0,0,0,0,4,0,0,0,0,0,0,0,0,0,0,4,0,0,0,0,0,0,0,0,0,0,0,0,0,0,0,0,0,0,0,0,0,0
8,2423705010106,"Σούβαρδον,το",9,0,0,0,0,0,0,0,0,0,3,0,0,0,0,0,4,3,0,0,0,0,0,0,0,0,0,3,0,0,0,0,0,0,3,0,0,0,0,0,0,0,0,0,0,0,0,0,0,0,4
8,2423705010107,"Στάση Κερπινής,η",9,0,0,0,0,0,0,0,0,0,3,0,0,0,0,0,4,5,0,0,0,0,0,0,0,0,0,0,0,0,0,0,0,0,6,0,0,0,0,0,0,0,0,0,3,0,0,0,0,0,3
7,24237050102,Δημοτική Κοινότητα Άνω Βλασίας,129,3,5,6,0,4,6,7,14,8,9,7,12,14,6,6,17,77,3,0,0,0,3,3,0,7,5,10,9,7,9,4,0,10,54,0,3,3,0,4,3,3,5,4,3,0,3,3,5,3,4
8,2423705010201,"Άνω Βλασία,η",129,3,5,6,0,4,6,7,14,8,9,7,12,14,6,6,17,77,3,0,0,0,3,3,0,7,5,10,9,7,9,4,0,10,54,0,3,3,0,4,3,3,5,4,3,0,3,3,5,3,4
7,24237050103,Δημοτική Κοινότητα Άνω Λουσών,82,0,3,0,3,6,4,0,3,3,12,10,13,3,0,5,21,38,0,0,0,5,3,4,0,0,0,4,3,11,3,0,0,7,42,0,0,0,3,5,3,0,3,0,4,4,0,3,0,0,16
8,2423705010301,"Άνω Λουσοί,οι",75,0,3,0,3,5,4,0,3,3,12,10,10,3,0,5,21,35,0,0,0,5,3,0,0,0,0,4,3,8,3,0,0,7,42,0,0,0,3,4,3,0,3,0,4,4,0,3,0,0,16
8,2423705010302,"Βαλβούσια,τα",5,0,0,0,0,4,3,0,0,0,0,0,0,0,0,0,0,4,0,0,0,0,0,3,0,0,0,0,0,0,0,0,0,0,3,0,0,0,0,4,0,0,0,0,0,0,0,0,0,0,0
7,24237050104,Δημοτική Κοινότητα Βάλτας,57,0,3,0,3,5,3,3,0,0,3,3,5,3,7,7,14,35,0,3,0,3,3,0,3,0,0,0,0,3,8,4,3,10,24,0,0,0,0,0,4,0,0,0,0,0,4,0,4,3,6
8,2423705010401,"Βάλτα,η",57,0,3,0,3,5,3,3,0,0,3,3,5,3,7,7,14,35,0,3,0,3,3,0,3,0,0,0,0,3,8,4,3,10,24,0,0,0,0,0,4,0,0,0,0,0,4,0,4,3,6
7,24237050105,Δημοτική Κοινότητα Βιλιβίνης,26,0,0,0,0,0,0,3,0,0,0,0,0,4,3,4,9,15,3,0,0,0,0,0,0,0,0,0,0,0,0,4,3,7,14,0,0,0,0,0,0,4,0,0,0,0,0,4,0,3,4
8,2423705010501,"Βιλιβίνα,η",26,0,0,0,0,0,0,3,0,0,0,0,0,4,3,4,9,15,3,0,0,0,0,0,0,0,0,0,0,0,0,4,3,7,14,0,0,0,0,0,0,4,0,0,0,0,0,4,0,3,4
7,24237050106,Δημοτική Κοινότητα Γουμένισσας,187,11,6,16,8,9,8,11,11,8,14,20,12,11,7,6,26,94,3,5,6,8,4,3,7,4,5,6,9,6,9,0,7,9,90,6,3,7,4,3,7,6,10,5,6,9,4,4,4,3,13
8,2423705010601,"Γουμένισσα,η",187,11,6,16,8,9,8,11,11,8,14,20,12,11,7,6,26,94,3,5,6,8,4,3,7,4,5,6,9,6,9,0,7,9,90,6,3,7,4,3,7,6,10,5,6,9,4,4,4,3,13
7,24237050107,Δημοτική Κοινότητα Δουμενών,67,0,6,9,6,0,4,0,3,6,6,5,5,5,5,7,9,43,0,5,3,3,0,4,0,0,0,6,0,7,0,3,3,9,21,0,5,3,0,0,0,0,3,3,0,3,0,3,5,0,0
8,2423705010701,"Δουμενά,τα",67,0,6,9,6,0,4,0,3,6,6,5,5,5,5,7,9,43,0,5,3,3,0,4,0,0,0,6,0,7,0,3,3,9,21,0,5,3,0,0,0,0,3,3,0,3,0,3,5,0,0
7,24237050108,Δημοτική Κοινότητα Δροσάτου,120,3,11,3,6,0,6,0,7,10,8,9,5,13,10,5,28,55,0,4,0,0,0,0,0,4,4,4,4,3,4,5,0,14,63,4,5,3,3,0,3,0,3,4,0,3,4,5,8,4,16
8,2423705010801,"Δροσάτον,το",120,3,11,3,6,0,6,0,7,10,8,9,5,13,10,5,28,55,0,4,0,0,0,0,0,4,4,4,4,3,4,5,0,14,63,4,5,3,3,0,3,0,3,4,0,3,4,5,8,4,16
7,24237050109,Δημοτική Κοινότητα Καλλιφωνίου,59,0,0,0,0,3,0,3,0,6,0,3,4,6,11,3,17,31,0,0,0,0,0,0,3,0,0,0,0,4,4,5,4,5,25,0,0,0,0,3,3,0,0,4,0,0,3,0,3,3,9
8,2423705010901,"Καλλιφώνιον,το",59,0,0,0,0,3,0,3,0,6,0,3,4,6,11,3,17,31,0,0,0,0,0,0,3,0,0,0,0,4,4,5,4,5,25,0,0,0,0,3,3,0,0,4,0,0,3,0,3,3,9
7,24237050110,Δημοτική Κοινότητα Κανδάλου,77,3,5,0,0,3,3,3,6,6,3,4,8,3,5,13,14,43,0,3,0,0,0,0,0,3,0,0,0,4,0,5,5,3,38,3,0,0,0,3,3,4,0,3,0,4,0,3,0,7,8
8,2423705011001,"Κάνδαλος,ο",77,3,5,0,0,3,3,3,6,6,3,4,8,3,5,13,14,43,0,3,0,0,0,0,0,3,0,0,0,4,0,5,5,3,38,3,0,0,0,3,3,4,0,3,0,4,0,3,0,7,8
7,24237050111,Δημοτική Κοινότητα Κάτω Βλασίας,67,0,0,0,3,4,4,3,3,8,3,3,5,9,3,7,12,37,0,0,0,0,3,5,3,0,4,0,3,3,3,3,5,8,28,0,0,0,0,3,0,0,3,7,3,4,0,3,3,5,6
8,2423705011101,"Κάτω Βλασία,η",61,0,0,0,3,4,4,3,3,8,3,0,5,9,3,3,12,33,0,0,0,0,3,5,3,0,4,0,3,3,3,0,3,8,30,0,0,0,0,3,0,0,3,7,3,3,0,3,3,3,6
8,2423705011102,"Μενυχταίικα,τα",3,0,0,0,0,0,0,0,0,0,0,0,0,0,3,0,0,3,0,0,0,0,0,0,0,0,0,0,0,0,0,3,0,0,0,0,0,0,0,0,0,0,0,0,0,0,0,0,0,0,0
8,2423705011103,"Μετόχιον,το",3,0,0,0,0,0,0,0,0,0,0,0,0,0,0,3,0,0,0,0,0,0,0,0,0,0,0,0,0,0,0,0,0,0,0,0,0,0,0,0,0,0,0,0,0,0,0,0,0,0,0
8,2423705011104,"Μονή Αγίου Νικολάου Βλασίας,η",0,0,0,0,0,0,0,0,0,0,0,0,0,0,0,0,0,0,0,0,0,0,0,0,0,0,0,0,0,0,0,0,0,0,0,0,0,0,0,0,0,0,0,0,0,0,0,0,0,0,0
7,24237050112,Δημοτική Κοινότητα Κάτω Ζαχλωρούς,53,4,4,3,3,4,0,6,0,6,0,4,3,3,0,0,7,31,3,3,0,0,4,0,0,0,5,4,4,0,0,0,0,6,18,0,4,0,0,3,0,3,0,0,0,0,0,3,0,0,4
8,2423705011201,"Κάτω Ζαχλωρού,η",43,4,4,3,3,4,0,3,0,3,0,4,4,3,0,0,7,23,3,3,0,0,4,0,0,0,6,4,4,3,0,0,0,6,18,0,4,0,0,3,0,3,0,0,0,0,0,3,0,0,4
8,2423705011202,"Άνω Ζαχλωρού,η",0,0,0,0,0,0,0,0,0,0,0,0,0,0,0,0,0,0,0,0,0,0,0,0,0,0,0,0,0,0,0,0,0,0,0,0,0,0,0,0,0,0,0,0,0,0,0,0,0,0,0
8,2423705011203,"Μονή Μεγάλου Σπηλαίου,η",3,0,0,0,0,0,0,0,0,0,0,0,0,0,0,0,0,3,0,0,0,0,0,0,0,0,0,0,0,0,0,0,0,0,0,0,0,0,0,0,0,0,0,0,0,0,0,0,0,0,0
7,24237050113,Δημοτική Κοινότητα Κάτω Λουσών,55,0,4,4,0,0,4,4,4,4,4,4,3,3,5,3,15,30,0,5,0,0,0,0,0,3,4,3,5,0,0,0,3,3,28,0,0,3,0,0,0,3,0,0,0,0,3,0,0,3,9
8,2423705011301,"Κάτω Λουσοί,οι",49,0,4,4,0,0,4,4,4,4,0,4,3,3,5,3,15,24,0,5,0,0,0,0,0,3,4,0,5,0,0,0,3,3,28,0,0,3,0,0,0,3,0,0,0,0,3,0,0,3,9
8,2423705011302,"Λουσικόν,το",3,0,0,0,0,0,0,0,0,0,3,4,0,0,0,0,0,3,0,0,0,0,0,0,0,0,0,3,4,0,0,0,0,0,0,0,0,0,0,0,0,0,0,0,0,0,0,0,0,0,0
7,24237050114,Δημοτική Κοινότητα Κερπινής,95,3,4,0,9,3,5,5,7,12,11,10,4,6,7,3,21,48,3,0,3,4,3,3,3,3,3,5,6,4,0,0,0,5,49,0,3,0,3,3,4,0,3,6,4,3,0,4,3,0,13
8,2423705011401,"Κερπινή,η",95,3,4,0,9,3,5,5,7,12,11,10,4,6,7,3,21,48,3,0,3,4,3,3,3,3,3,5,6,4,0,0,0,5,49,0,3,0,3,3,4,0,3,6,4,3,0,4,3,0,13
7,24237050115,Δημοτική Κοινότητα Κερτέζης,332,7,10,7,21,19,20,9,12,11,24,23,32,33,29,24,62,184,4,5,5,8,5,10,6,7,8,15,14,21,20,20,15,27,151,5,3,3,10,10,7,6,7,5,7,6,13,14,11,11,33
8,2423705011501,"Κέρτεζη,η",332,7,10,7,21,19,20,9,12,11,24,23,32,33,29,24,62,184,4,5,5,8,5,10,6,7,8,15,14,21,20,20,15,27,151,5,3,3,10,10,7,6,7,5,7,6,13,14,11,11,33
7,24237050116,Δημοτική Κοινότητα Κορφών,71,4,5,0,0,3,7,0,4,4,4,4,8,8,8,6,5,37,0,3,0,0,0,3,0,4,3,0,4,0,4,4,4,4,31,4,5,0,4,5,0,0,0,3,3,3,3,7,3,3,3
8,2423705011601,"Κορφαί,αι",71,4,5,0,0,3,7,0,4,4,4,4,8,8,8,6,5,37,0,3,0,0,0,3,0,4,3,0,4,0,4,4,4,4,31,4,5,0,4,5,0,0,0,3,3,3,3,7,3,3,3
7,24237050117,Δημοτική Κοινότητα Κούτελης,72,0,0,0,0,9,8,0,3,7,0,9,11,3,4,4,11,41,4,0,0,0,3,3,0,0,7,0,3,11,3,0,4,4,29,0,0,0,0,4,3,0,3,0,0,3,0,0,0,0,10
8,2423705011701,"Κούτελη,η",67,0,0,0,0,7,8,0,3,7,0,9,5,3,4,4,11,42,4,0,0,0,3,3,0,0,7,0,3,5,3,0,4,4,27,0,0,0,0,3,3,0,3,0,0,4,0,0,0,0,10
8,2423705011702,"Παλαιά Κούτελη,η",4,0,0,0,0,0,0,0,0,0,0,0,0,0,0,0,0,0,0,0,0,0,0,0,0,0,0,0,0,0,0,0,0,0,4,0,0,0,0,0,0,0,0,0,0,0,0,0,0,0,0
7,24237050118,Δημοτική Κοινότητα Κρυονερίου,65,3,4,3,0,0,4,0,4,4,0,0,6,7,15,4,17,33,3,4,0,0,0,0,0,4,0,0,0,3,3,0,0,6,34,0,0,3,0,3,4,0,0,0,3,0,6,0,10,3,8
8,2423705011801,"Κρυονέριον,το",65,3,4,3,0,0,4,0,4,4,0,0,6,7,15,4,17,33,3,4,0,0,0,0,0,4,0,0,0,3,3,0,0,6,34,0,0,3,0,3,4,0,0,0,3,0,6,0,10,3,8
7,24237050119,Δημοτική Κοινότητα Λαγοβουνίου,54,4,0,0,0,3,3,0,3,0,0,3,6,3,4,3,21,22,4,0,0,0,0,0,0,3,0,0,3,0,4,3,3,7,29,0,0,0,0,3,3,0,3,0,0,3,3,0,0,0,12
8,2423705011901,"Λαγοβούνιον,το",54,4,0,0,0,3,3,0,3,0,0,3,6,3,4,3,21,22,4,0,0,0,0,0,0,3,0,0,3,0,4,3,3,7,29,0,0,0,0,3,3,0,3,0,0,3,3,0,0,0,12
7,24237050120,Δημοτική Κοινότητα Λαπαναγών,11,0,0,0,0,3,0,0,3,0,0,0,0,0,0,0,4,5,0,0,0,0,0,0,0,3,0,0,0,0,0,0,0,4,8,0,0,0,0,3,0,0,0,0,3,0,0,0,0,0,0
8,2423705012001,"Λαπαναγοί,οι",11,0,0,0,0,3,0,0,3,0,0,0,0,0,0,0,4,5,0,0,0,0,0,0,0,3,0,0,0,0,0,0,0,4,8,0,0,0,0,3,0,0,0,0,3,0,0,0,0,0,0
7,24237050121,Δημοτική Κοινότητα Μανεσίου Καλαβρύτων,179,3,0,7,7,9,12,6,7,8,10,11,16,13,24,19,30,93,3,0,4,4,3,6,3,5,7,4,6,13,9,17,11,13,82,3,0,0,4,3,8,3,4,4,4,3,7,3,11,6,14
8,2423705012101,"Μανέσιον,το",148,3,0,7,7,9,13,6,7,8,7,11,18,11,18,12,23,81,3,0,4,4,3,7,3,5,7,5,6,9,7,7,7,14,69,3,0,0,4,3,8,3,4,4,4,3,6,3,8,3,12
8,2423705012102,"Μπούμπουκας,ο",29,0,0,0,0,0,0,0,0,0,0,0,0,3,9,4,9,16,0,0,0,0,0,0,0,0,0,0,0,0,3,6,0,3,16,0,0,0,0,0,0,0,0,0,0,0,3,0,5,0,5
7,24237050122,Δημοτική Κοινότητα Μικρού Ποντιά,236,3,12,8,25,13,9,12,10,10,18,18,13,20,26,16,28,127,3,5,0,9,6,7,11,4,6,16,14,3,14,11,13,13,107,3,4,4,13,5,4,4,9,5,4,0,8,9,17,6,18
8,2423705012201,"Μικρός Ποντιάς,ο",78,0,3,0,5,0,3,5,4,4,7,7,3,9,9,5,14,43,0,0,0,3,0,3,3,4,0,5,3,0,7,4,3,8,38,0,3,0,4,4,0,4,4,0,3,0,4,4,7,0,4
8,2423705012202,"Καρούσιον,το",70,0,3,0,4,7,6,8,4,7,3,4,3,7,9,4,8,36,0,0,0,3,5,0,5,4,0,3,4,0,3,0,4,3,31,3,3,0,5,4,0,0,3,3,0,0,3,3,4,3,0
8,2423705012203,"Λομποκάς,ο",36,0,7,3,5,3,3,0,3,3,0,0,0,3,5,0,0,16,0,3,0,0,0,3,0,3,4,0,0,0,0,0,0,4,17,0,3,3,5,3,0,0,3,0,0,0,0,3,3,0,0
8,2423705012204,"Μέγας Ποντιάς,ο",50,0,0,4,9,0,0,5,3,3,9,4,3,4,5,3,8,30,0,0,3,9,0,0,3,0,3,4,4,0,4,3,0,0,22,0,0,4,3,0,0,0,3,0,3,0,0,0,4,3,5
7,24237050123,Δημοτική Κοινότητα Πετσάκων,137,0,11,6,7,8,10,12,11,3,17,10,14,8,12,6,11,85,0,7,0,5,6,9,5,5,0,11,5,5,4,5,5,5,55,0,5,8,4,4,3,4,4,0,4,3,5,3,3,3,8
8,2423705012301,"Πετσάκοι,οι",111,0,5,3,7,6,10,8,8,3,10,10,9,8,10,6,8,68,0,3,0,5,4,9,5,4,0,8,5,5,4,3,5,0,40,0,0,3,4,4,3,5,0,0,4,3,6,3,3,3,5
8,2423705012302,"Μπόσι,το",23,0,9,3,0,0,0,3,0,0,4,0,0,0,0,0,4,14,0,3,0,0,0,0,0,3,0,4,0,0,0,0,0,0,12,0,3,3,0,0,0,3,0,0,0,0,0,0,0,0,0
7,24237050124,Δημοτική Κοινότητα Πλατανιωτίσσης,71,3,4,8,3,3,5,4,4,7,4,5,7,5,3,0,9,41,0,3,3,0,3,3,4,3,10,0,0,3,0,5,3,5,32,3,0,3,3,0,0,0,4,0,0,3,0,3,0,0,8
8,2423705012401,"Πλατανιώτισσα,η",65,3,4,8,3,3,6,3,4,7,4,5,3,5,3,0,8,34,0,3,3,0,3,3,3,0,10,3,0,3,0,5,3,0,28,3,0,3,3,0,0,0,4,0,0,3,0,3,0,0,8
8,2423705012402,"Δίγελα,η",9,0,0,4,0,0,3,0,3,0,0,0,0,0,0,0,5,5,0,0,4,0,0,3,0,3,0,0,0,0,0,0,0,5,0,0,0,0,0,0,0,0,0,0,0,0,0,0,0,0,0
7,24237050125,Δημοτική Κοινότητα Πριολίθου,138,3,9,7,6,4,10,0,3,8,8,12,11,4,13,7,31,72,3,3,0,0,4,5,4,3,4,3,4,11,5,4,0,16,64,3,3,3,3,4,3,0,0,7,8,5,3,0,6,3,17
8,2423705012501,"Πριόλιθος,ο",138,3,9,7,6,4,10,0,3,8,8,12,11,4,13,7,31,72,3,3,0,0,4,5,4,3,4,3,4,11,5,4,0,16,64,3,3,3,3,4,3,0,0,7,8,5,3,0,6,3,17
7,24237050126,Δημοτική Κοινότητα Προφήτου Ηλιού,53,5,0,0,0,3,3,4,5,3,7,3,3,7,6,5,11,32,0,0,0,0,3,0,4,5,0,6,0,0,7,0,0,0,24,5,0,3,0,0,3,3,0,0,4,0,0,3,3,3,7
8,2423705012601,"Προφήτης Ηλίας,ο",34,5,0,0,0,3,3,4,5,0,3,3,0,3,0,3,7,19,0,0,0,0,3,0,4,5,0,3,0,0,5,0,0,3,13,5,0,0,0,0,3,3,0,0,0,0,0,0,0,0,3
8,2423705012602,"Μουρίκιον,το",22,0,0,3,0,0,0,3,0,5,3,0,0,8,3,3,0,10,0,0,0,0,0,0,0,0,5,0,0,0,6,0,3,3,9,0,0,3,0,0,0,3,0,0,4,0,0,0,3,3,3
7,24237050127,Δημοτική Κοινότητα Ρωγών,52,0,3,0,0,0,4,0,0,4,0,3,0,4,5,4,11,27,0,4,0,0,0,4,0,0,3,0,3,0,3,3,4,4,22,0,0,0,0,0,0,0,0,4,0,0,0,4,6,3,4
8,2423705012701,"Ρωγοί,οι",52,0,3,0,0,0,4,0,0,4,0,3,0,4,5,4,11,27,0,4,0,0,0,4,0,0,3,0,3,0,3,3,4,4,22,0,0,0,0,0,0,0,0,4,0,0,0,4,6,3,4
7,24237050128,Δημοτική Κοινότητα Σιγουνίου,53,4,0,3,5,6,5,0,0,3,0,9,10,0,0,0,9,27,4,0,0,3,3,3,3,0,0,0,4,7,0,0,0,5,24,0,0,3,0,3,0,3,0,3,0,3,0,0,0,0,6
8,2423705012801,"Σιγούνιον,το",49,4,0,3,0,6,5,0,0,3,0,7,6,0,0,0,9,27,4,0,0,3,3,3,3,0,0,0,4,6,0,0,0,5,20,0,0,3,0,3,0,3,0,3,0,0,0,0,0,0,6
8,2423705012802,"Λεύκη,η",0,0,0,0,0,0,0,0,0,0,0,0,0,0,0,0,0,3,0,0,0,0,0,0,0,0,0,0,0,0,0,0,0,0,3,0,0,0,0,0,0,0,0,0,0,0,0,0,0,0,0
7,24237050129,Δημοτική Κοινότητα Σκεπαστού,505,17,23,38,17,13,13,22,29,37,53,31,43,27,39,29,72,254,10,10,19,10,8,7,5,22,21,24,19,22,16,25,11,29,249,10,11,21,10,8,4,14,11,13,27,15,23,14,12,16,45
8,2423705012901,"Σκεπαστόν,το",505,17,23,38,17,13,13,22,29,37,53,31,43,27,39,29,72,254,10,10,19,10,8,7,5,22,21,24,19,22,16,25,11,29,249,10,11,21,10,8,4,14,11,13,27,15,23,14,12,16,45
7,24237050130,Δημοτική Κοινότητα Τρεχλού,100,0,3,0,5,4,0,5,3,7,5,11,3,11,10,10,17,53,0,0,0,0,0,0,0,3,4,7,5,0,6,7,7,7,45,0,0,0,5,0,0,4,0,5,0,3,6,8,6,5,14
8,2423705013001,"Τρεχλόν,το",66,0,0,0,0,0,0,3,3,7,0,4,5,11,8,9,17,33,0,0,0,0,0,0,0,3,3,3,4,0,6,3,3,5,31,0,0,0,0,0,0,4,0,0,0,5,3,0,4,4,10
8,2423705013002,"Λαπάθεια,η",36,0,3,0,3,3,0,0,0,3,0,3,0,3,4,3,4,22,0,0,0,0,0,0,0,0,3,0,4,3,3,3,0,0,17,0,0,0,3,0,0,0,0,3,0,3,0,4,0,0,3
7,24237050131,Δημοτική Κοινότητα Φλαμπούρων,35,0,3,4,0,0,0,7,0,3,4,4,0,3,7,0,6,15,0,4,0,0,0,0,0,0,0,3,0,0,0,3,0,3,23,0,0,4,0,0,0,3,0,3,5,0,0,0,0,3,3
8,2423705013101,"Φλάμπουρα,τα",27,0,0,0,0,0,0,3,0,0,0,3,0,3,7,0,5,10,0,0,0,0,0,0,0,0,0,0,0,0,0,3,0,0,13,0,0,0,0,0,0,3,0,0,0,0,0,0,0,0,3
8,2423705013102,"Νεοχώριον,το",6,0,4,0,0,0,0,0,0,3,5,0,0,0,0,0,0,3,0,4,0,0,0,0,0,0,0,0,0,0,0,0,0,0,0,0,0,0,0,0,0,0,0,3,5,0,0,0,0,0,0
8,2423705013103,"Ορθολίθιον,το",9,0,0,0,0,0,0,0,0,0,0,0,0,0,0,3,0,3,0,0,0,0,0,0,0,0,0,0,0,0,0,0,0,0,4,0,0,0,0,0,0,0,0,0,0,0,0,0,0,3,0
6,242370502,ΔΗΜΟΤΙΚΗ ΕΝΟΤΗΤΑ ΑΡΟΑΝΙΑΣ,1255,24,41,31,41,43,52,57,55,56,63,80,93,129,134,112,241,671,14,19,16,22,28,23,40,33,26,40,48,46,59,80,67,117,589,13,19,17,17,18,25,21,24,28,26,28,45,68,57,48,122
7,24237050201,Δημοτική Κοινότητα Ψωφίδος,275,7,14,9,14,3,10,12,17,11,16,24,16,21,29,21,44,132,3,0,5,8,6,5,6,12,5,12,18,5,13,17,14,24,141,3,12,6,8,0,7,8,7,4,7,9,14,4,15,10,24
8,2423705020101,"Τριπόταμα,τα",34,0,3,0,0,0,0,3,3,0,3,4,3,0,3,0,3,14,0,0,0,0,0,0,0,3,0,0,0,3,0,3,0,0,18,0,3,0,0,0,0,0,0,0,3,3,0,3,0,3,3
8,2423705020102,"Άνω Τριπόταμα,τα",58,0,7,7,0,0,4,5,4,5,4,0,4,5,8,3,5,29,0,0,3,0,0,0,0,5,5,3,0,0,3,3,5,3,31,0,6,3,0,0,3,3,3,0,0,0,4,3,0,0,6
8,2423705020103,"Άνω Ψωφίς,η",24,3,0,3,3,0,0,0,0,0,3,0,0,3,0,5,6,7,0,0,0,0,0,0,0,0,0,3,0,0,3,3,4,3,13,3,0,3,3,0,0,0,3,4,0,0,0,0,0,3,0
8,2423705020104,"Βασιλική,η",4,0,0,0,0,0,0,0,0,0,3,0,0,0,0,0,0,5,0,0,0,0,0,0,0,0,0,3,0,0,0,0,0,0,3,0,0,0,0,0,0,0,0,0,0,0,0,0,0,3,0
8,2423705020105,"Κάτω Τριπόταμα,τα",111,0,5,0,3,5,0,4,10,4,3,12,4,11,12,9,21,51,0,4,0,3,3,0,4,3,0,3,9,0,7,7,3,10,58,0,4,0,4,0,0,3,4,5,4,5,6,0,3,5,9
8,2423705020106,"Ψωφίς,η",46,0,0,0,3,0,5,0,0,0,3,8,3,0,9,0,9,22,0,0,0,3,0,0,0,0,0,0,3,3,0,3,0,7,21,0,0,0,3,0,3,0,0,0,3,3,3,0,3,0,4
7,24237050202,Δημοτική Κοινότητα Αγραμπέλων,112,0,3,0,0,5,5,4,5,4,3,9,8,11,15,15,20,61,0,4,0,0,0,3,3,0,4,0,5,3,5,8,7,12,54,0,0,0,3,5,0,0,3,0,0,8,4,9,11,6,10
8,2423705020201,"Πλατανίτσα,η",70,0,3,0,0,0,6,5,3,4,5,5,6,6,11,9,13,39,0,4,0,0,0,3,3,0,4,3,3,0,4,3,4,8,33,0,0,0,3,0,0,0,5,0,0,0,3,4,5,7,3
8,2423705020202,"Αγράμπελα,τα",40,0,0,0,0,5,3,3,0,0,0,3,5,8,6,8,8,19,0,0,0,0,0,3,3,0,0,0,0,0,3,3,4,7,19,0,0,0,0,5,0,0,0,0,0,4,3,7,3,3,4
7,24237050203,Δημοτική Κοινότητα Αγριδίου,65,5,0,3,0,3,0,0,0,4,0,0,4,8,13,4,18,35,0,0,3,0,0,0,0,0,0,0,0,0,0,11,4,9,28,5,0,0,0,3,0,0,0,0,0,0,0,4,5,3,7
8,2423705020301,"Αγρίδιον,το",65,5,0,3,0,3,0,0,0,4,0,0,4,8,13,4,18,35,0,0,3,0,0,0,0,0,0,0,0,0,0,11,4,9,28,5,0,0,0,3,0,0,0,0,0,0,0,4,5,3,7
7,24237050204,Δημοτική Κοινότητα Αλεσταίνης,10,0,0,0,0,0,0,0,0,0,3,0,0,0,0,0,3,7,0,0,0,0,0,0,0,0,0,3,0,0,0,0,0,3,6,0,0,0,0,0,0,0,0,0,0,0,0,0,0,0,4
8,2423705020401,"Αλέσταινα,η",10,0,0,0,0,0,0,0,0,0,3,0,0,0,0,0,3,7,0,0,0,0,0,0,0,0,0,3,0,0,0,0,0,3,6,0,0,0,0,0,0,0,0,0,0,0,0,0,0,0,4
7,24237050205,Δημοτική Κοινότητα Αναστάσεως,62,0,0,3,6,4,0,0,4,3,3,4,3,0,6,5,18,33,0,0,3,6,0,0,0,0,3,0,4,3,3,3,3,7,32,0,0,0,3,0,0,0,4,3,3,0,3,0,0,5,8
8,2423705020501,"Ανάστασις,η",55,0,0,3,3,4,0,0,3,4,4,4,3,0,6,5,13,33,0,0,3,6,0,0,0,0,3,0,4,3,3,3,3,7,25,0,0,0,0,0,0,0,3,0,0,0,3,0,0,5,9
8,2423705020502,"Μονή Αγίων Θεοδώρων,η",5,0,0,0,0,0,0,3,0,0,0,0,0,0,0,0,0,0,0,0,0,0,0,0,0,0,0,0,0,0,0,0,0,0,5,0,0,0,0,0,0,3,0,0,0,0,0,0,0,0,0
7,24237050206,Δημοτική Κοινότητα Αροανίας,50,0,0,0,0,4,0,3,3,0,5,0,3,4,5,7,19,29,0,0,0,0,4,0,3,4,0,6,0,3,4,0,0,7,19,0,0,0,0,0,0,4,0,0,3,0,0,3,3,4,9
8,2423705020601,"Αροανία,η",50,0,0,0,0,4,0,3,3,0,5,0,3,4,5,7,19,29,0,0,0,0,4,0,3,4,0,6,0,3,4,0,0,7,19,0,0,0,0,0,0,4,0,0,3,0,0,3,3,4,9
7,24237050207,Δημοτική Κοινότητα Δεσινού,22,0,0,0,0,0,0,0,0,3,3,4,0,5,0,5,7,9,0,0,0,0,0,0,0,0,0,3,4,0,0,0,3,0,10,0,0,0,0,0,0,0,0,3,0,0,0,3,0,5,4
8,2423705020701,"Δεσινόν,το",22,0,0,0,0,0,0,0,0,3,3,4,0,5,0,5,7,9,0,0,0,0,0,0,0,0,0,3,4,0,0,0,3,0,10,0,0,0,0,0,0,0,0,3,0,0,0,3,0,5,4
7,24237050208,Δημοτική Κοινότητα Καμενιάνων,60,3,0,0,0,0,6,3,0,0,0,0,9,9,6,7,14,34,0,0,0,0,0,4,3,0,0,0,0,3,6,4,3,6,29,4,0,0,0,0,4,0,0,3,0,0,4,6,5,3,6
8,2423705020801,"Καμενιάνοι,οι",45,3,0,0,0,0,4,3,0,0,0,0,3,5,6,5,6,26,0,0,0,0,0,3,3,0,0,0,0,0,6,3,0,4,22,4,0,0,0,0,4,0,0,3,0,0,0,3,5,3,4
8,2423705020802,"Δροβολοβόν,το",12,0,0,0,0,0,0,0,0,0,0,0,3,0,3,4,6,10,0,0,0,0,0,0,0,0,0,0,0,0,0,3,4,4,5,0,0,0,0,0,0,0,0,0,0,0,0,0,0,0,4
7,24237050209,Δημοτική Κοινότητα Λεχουρίου,168,4,6,4,0,3,13,9,6,11,13,8,12,20,22,9,39,92,3,7,0,0,3,4,4,6,5,8,0,3,6,8,6,18,78,0,0,0,0,0,7,9,0,4,9,4,7,11,11,5,18
8,2423705020901,"Λεχούριον,το",133,4,6,3,0,0,7,9,6,6,10,5,6,14,17,9,27,71,3,3,0,0,0,3,4,6,4,8,3,3,6,9,4,18,60,0,0,0,0,0,6,9,0,0,4,0,6,10,11,3,12
8,2423705020902,"Κερασέα,η",37,0,3,3,0,3,3,0,0,3,5,0,4,4,0,3,9,19,0,3,0,0,3,3,0,0,0,3,0,4,3,0,0,3,15,0,0,3,0,0,3,0,0,0,0,0,3,3,0,0,4
7,24237050210,Δημοτική Κοινότητα Λιβαρτζίου,151,7,0,0,3,4,4,9,5,5,4,12,10,23,15,15,26,85,3,3,0,0,3,4,5,4,5,3,5,4,14,10,9,15,64,3,0,0,0,5,3,3,3,3,4,4,9,7,7,4,14
8,2423705021001,"Λιβάρτζιον,το",117,0,0,0,0,4,4,9,3,3,0,8,11,21,15,13,23,71,0,3,0,0,3,4,5,4,3,3,3,4,14,10,9,11,50,4,0,0,0,5,0,3,0,0,0,3,4,4,7,0,10
8,2423705021002,"Λιβάδιον,το",4,0,0,0,0,0,0,0,0,0,0,0,0,0,0,0,8,0,0,0,0,0,0,0,0,0,0,0,0,0,0,0,0,0,3,0,0,0,0,0,0,0,0,0,0,0,0,0,0,0,4
8,2423705021003,"Λιβαρτζινόν,το",25,4,0,0,3,0,3,0,0,5,0,3,3,5,3,0,3,14,0,0,0,0,0,3,0,0,0,0,0,0,3,3,0,0,14,0,0,0,0,0,3,0,0,3,0,0,3,0,0,0,0
7,24237050211,Δημοτική Κοινότητα Πλάκας,88,0,3,3,5,7,6,10,6,5,0,7,6,17,9,4,6,49,0,3,0,3,6,3,7,4,0,3,0,4,6,7,4,3,37,0,0,0,0,3,5,0,0,5,0,3,4,8,4,0,4
8,2423705021101,"Πλάκα,η",88,0,3,3,5,7,6,10,6,5,0,7,6,17,9,4,6,49,0,3,0,3,6,3,7,4,0,3,0,4,6,7,4,3,37,0,0,0,0,3,5,0,0,5,0,3,4,8,4,0,4
7,24237050212,Δημοτική Κοινότητα Σειρών,199,7,4,4,7,18,5,7,11,14,10,16,17,12,17,13,29,101,6,8,3,3,9,3,3,8,0,9,11,9,4,10,10,15,94,3,0,3,7,7,5,3,6,10,4,7,5,10,3,4,16
8,2423705021201,"Σειραί,αι",45,5,0,3,0,0,0,0,4,5,0,3,6,5,4,3,10,20,3,0,0,0,0,0,0,3,0,0,0,3,0,4,3,7,22,0,0,3,0,0,0,0,4,3,0,0,3,5,3,3,6
8,2423705021202,"Άγιοι Θεόδωροι,οι",6,0,3,0,0,0,0,0,0,3,0,0,0,0,0,0,0,4,0,0,0,0,0,0,0,0,3,0,0,0,0,0,0,0,4,0,0,0,0,0,0,0,0,0,0,0,0,0,0,0,0
8,2423705021203,"Άγιος Γεώργιος,ο",57,3,5,0,0,3,3,4,3,3,0,6,6,4,10,4,5,32,0,5,3,0,0,0,4,0,0,0,3,3,3,6,4,0,27,0,0,0,0,0,0,3,0,3,0,0,0,3,0,0,6
8,2423705021204,"Θωμαίϊκα,τα",38,0,0,0,4,11,0,3,0,5,6,4,0,0,0,0,5,18,0,0,0,0,8,0,3,0,0,3,3,0,0,0,0,3,17,0,0,0,0,7,0,0,0,5,0,0,0,0,0,0,0
8,2423705021205,"Κρήνη,η",47,3,0,0,3,4,0,0,0,4,5,4,3,4,7,11,3,28,0,0,0,0,0,0,0,0,0,3,0,4,0,3,4,3,23,3,0,0,3,0,0,3,3,4,0,0,3,3,0,4,4
6,242370503,ΔΗΜΟΤΙΚΗ ΕΝΟΤΗΤΑ ΚΛΕΙΤΟΡΟΣ,2040,63,56,62,65,73,84,84,93,102,107,126,151,176,170,163,465,1083,38,38,35,36,42,50,36,51,56,57,70,77,98,91,90,219,954,28,22,24,31,27,36,44,44,43,47,59,77,74,77,71,248
7,24237050301,Δημοτική Κοινότητα Κλειτορίας,671,33,23,29,38,23,20,36,33,48,43,49,51,44,42,41,120,345,13,20,15,20,14,16,16,15,21,27,27,26,20,22,19,55,324,17,7,16,15,12,6,22,16,30,19,24,23,26,18,18,63
8,2423705030101,"Κλειτορία,η",626,31,26,29,33,19,22,36,32,48,43,45,49,36,40,32,108,321,13,16,15,20,14,14,16,14,21,27,24,28,19,19,16,47,303,15,7,16,16,7,6,22,16,25,19,18,18,20,18,19,58
8,2423705030102,"Βάλτος,ο",3,0,0,0,0,0,0,0,0,0,0,0,0,0,0,0,0,0,0,0,0,0,0,0,0,0,0,0,0,0,0,0,0,0,0,0,0,0,0,0,0,0,0,0,0,0,0,0,0,0,0
8,2423705030103,"Ελατόφυτον,το",13,0,0,0,3,0,0,0,0,3,0,0,0,0,0,0,0,7,0,0,0,0,0,0,0,0,0,0,0,0,4,0,0,0,9,0,0,0,3,0,0,0,0,3,0,0,0,0,0,0,0
8,2423705030104,"Ζαρέλια,τα",0,0,0,0,0,0,0,0,0,0,0,0,0,0,0,0,0,0,0,0,0,0,0,0,0,0,0,0,0,0,0,0,0,0,0,0,0,0,0,0,0,0,0,0,0,0,0,0,0,0,0
8,2423705030105,"Καλλιθέα,η",33,0,0,0,0,3,0,0,3,3,0,3,3,6,3,4,14,20,0,0,0,0,0,0,0,3,3,0,3,0,3,3,3,5,16,0,0,0,0,3,0,0,0,0,0,3,0,0,0,0,7
7,24237050302,Δημοτική Κοινότητα Αγίου Νικολάου,77,0,0,3,0,4,5,11,7,0,3,0,6,10,10,0,15,45,0,0,0,0,5,0,5,3,0,3,0,0,6,7,0,9,34,0,0,3,0,0,6,3,3,0,0,0,4,0,5,0,4
8,2423705030201,"Άγιος Νικόλαος,ο",77,0,0,3,0,4,5,11,7,0,3,0,6,10,10,0,15,45,0,0,0,0,5,0,5,3,0,3,0,0,6,7,0,9,34,0,0,3,0,0,6,3,3,0,0,0,4,0,5,0,4
7,24237050303,Δημοτική Κοινότητα Άνω Κλειτορίας,39,0,3,3,0,0,0,0,0,3,0,0,4,3,4,7,10,22,0,3,0,0,0,0,0,0,0,0,0,4,4,0,5,9,15,0,0,0,0,0,0,0,0,0,0,0,3,3,3,0,4
8,2423705030301,"Άνω Κλειτορία,η",39,0,3,3,0,0,0,0,0,3,0,0,4,3,4,7,10,22,0,3,0,0,0,0,0,0,0,0,0,4,4,0,5,9,15,0,0,0,0,0,0,0,0,0,0,0,3,3,3,0,4
7,24237050304,Δημοτική Κοινότητα Άρμπουνα,35,0,0,0,0,3,0,5,5,0,0,3,3,0,10,0,13,17,0,0,0,0,3,0,4,3,0,0,3,3,0,4,0,6,15,0,0,0,0,0,0,0,0,0,0,0,3,0,4,0,9
8,2423705030401,"Άρμπουνας,ο",35,0,0,0,0,3,0,5,5,0,0,3,3,0,10,0,13,17,0,0,0,0,3,0,4,3,0,0,3,3,0,4,0,6,15,0,0,0,0,0,0,0,0,0,0,0,3,0,4,0,9
7,24237050305,Δημοτική Κοινότητα Γλάστρας,56,3,4,0,3,0,3,0,6,7,8,0,5,4,4,3,14,26,3,0,0,3,0,0,0,0,7,3,0,3,4,0,0,7,27,3,0,0,0,0,4,0,3,0,0,0,0,0,4,3,9
8,2423705030501,"Άγιος Βλάσιος,ο",43,3,0,0,0,0,5,0,4,0,0,0,5,0,4,3,11,19,3,0,0,0,0,0,0,4,0,3,0,3,0,0,0,4,21,3,0,0,0,0,3,0,3,0,0,0,0,0,4,3,4
8,2423705030502,"Γλάστρα,η",10,3,0,0,0,0,0,0,0,4,3,0,0,3,0,0,5,4,0,0,0,0,0,0,0,0,4,3,0,0,3,0,0,0,3,3,0,0,0,0,0,0,3,0,0,0,0,0,0,0,3
7,24237050306,Δημοτική Κοινότητα Δρυμού,72,4,0,0,0,4,3,0,3,4,0,4,3,11,6,7,14,39,4,0,0,0,3,3,0,3,4,0,4,0,5,6,3,8,32,0,0,3,0,4,3,0,0,0,0,0,3,9,3,8,8
8,2423705030601,"Δρυμός,ο",40,0,0,0,0,0,3,0,0,0,0,5,0,11,9,10,10,25,0,0,0,0,0,3,0,0,0,0,5,0,3,4,8,5,19,0,0,0,0,0,0,0,0,0,0,0,0,7,3,5,8
8,2423705030602,"Κάτω Δρυμός,ο",29,4,0,0,0,4,3,0,3,3,0,0,4,3,0,0,7,16,4,0,0,0,3,0,0,3,3,0,0,0,0,0,0,0,16,0,0,3,0,4,3,0,0,0,0,0,4,0,0,0,3
7,24237050307,Δημοτική Κοινότητα Καστελλίου,19,0,0,0,0,0,0,0,0,0,0,0,0,3,0,0,13,11,0,0,0,0,0,0,0,0,0,0,0,0,3,0,0,8,11,0,0,0,0,0,0,0,0,0,0,0,0,3,0,0,8
8,2423705030701,"Καστέλλιον,το",19,0,0,0,0,0,0,0,0,0,0,0,0,3,0,0,13,11,0,0,0,0,0,0,0,0,0,0,0,0,3,0,0,8,11,0,0,0,0,0,0,0,0,0,0,0,0,3,0,0,8
7,24237050308,Δημοτική Κοινότητα Καστρίων,81,3,5,0,0,0,3,5,0,4,4,4,9,9,7,8,15,51,3,3,0,0,0,3,0,0,5,3,3,3,7,3,7,9,32,0,0,0,0,3,0,4,0,0,3,4,5,0,3,0,10
8,2423705030801,"Καστρία,τα",81,3,5,0,0,0,3,5,0,4,4,4,9,9,7,8,15,51,3,3,0,0,0,3,0,0,5,3,3,3,7,3,7,9,32,0,0,0,0,3,0,4,0,0,3,4,5,0,3,0,10
7,24237050309,Δημοτική Κοινότητα Κλείτορος,46,3,0,0,0,0,0,4,3,0,3,4,0,4,3,3,19,24,3,0,0,0,0,0,4,0,0,0,4,0,3,0,3,10,20,0,0,0,0,0,0,0,0,0,0,3,0,0,0,3,12
8,2423705030901,"Κλείτωρ,ο",46,3,0,0,0,0,0,4,3,0,3,4,0,4,3,3,19,24,3,0,0,0,0,0,4,0,0,0,4,0,3,0,3,10,20,0,0,0,0,0,0,0,0,0,0,3,0,0,0,3,12
7,24237050310,Δημοτική Κοινότητα Κρινοφύτων,113,3,4,4,0,8,11,0,8,4,11,8,11,7,7,12,24,65,3,3,3,0,3,5,0,0,0,3,5,3,7,4,9,13,50,0,0,0,0,3,3,0,4,0,5,7,4,0,4,5,13
8,2423705031001,"Κρινόφυτα,τα",113,3,4,4,0,8,11,0,8,4,11,8,11,7,7,12,24,65,3,3,3,0,3,5,0,0,0,3,5,3,7,4,9,13,50,0,0,0,0,3,3,0,4,0,5,7,4,0,4,5,13
7,24237050311,Δημοτική Κοινότητα Λευκασίου,82,3,0,4,3,5,3,3,3,8,6,0,4,9,9,10,18,45,3,4,4,0,0,0,0,3,4,5,3,6,4,3,6,8,35,0,0,0,0,3,3,3,0,0,4,3,0,7,4,3,7
8,2423705031101,"Λευκάσιον,το",82,3,0,4,3,5,3,3,3,8,6,0,4,9,9,10,18,45,3,4,4,0,0,0,0,3,4,5,3,6,4,3,6,8,35,0,0,0,0,3,3,3,0,0,4,3,0,7,4,3,7
7,24237050312,Δημοτική Κοινότητα Λυκουρίας,311,11,12,9,9,18,21,12,19,9,15,25,34,26,23,19,56,167,6,7,3,3,10,14,0,13,9,8,10,19,17,15,7,22,147,3,3,4,3,10,10,8,8,4,9,13,17,7,6,10,36
8,2423705031201,"Λυκουρία,η",304,11,12,9,9,18,23,12,19,9,15,25,32,23,23,19,58,163,6,7,3,3,10,11,0,9,9,8,10,19,14,15,7,18,145,3,3,4,3,10,10,8,8,4,9,13,15,7,6,10,36
8,2423705031202,"Κερασιά,η",3,0,0,0,0,0,0,0,0,0,0,0,0,0,3,0,0,7,0,0,0,0,0,0,0,0,0,0,0,0,0,0,0,0,0,0,0,0,0,0,0,0,0,0,0,0,0,0,3,0,0
7,24237050313,Δημοτική Κοινότητα Παγκρατίου,94,0,0,0,9,0,3,6,0,3,0,6,8,6,14,9,36,47,0,0,0,0,0,0,6,0,0,3,3,4,5,10,5,15,44,0,0,0,6,3,0,0,0,0,3,0,0,3,6,0,19
8,2423705031301,"Παγκράτιον,το",57,0,0,0,5,0,3,6,0,3,3,4,4,3,10,0,25,30,0,0,0,0,0,0,6,0,0,4,0,0,0,4,3,12,29,0,0,0,3,0,0,0,0,0,0,4,0,0,3,3,15
8,2423705031302,"Παγκραταίικα Καλύβια,τα",22,0,0,0,0,0,0,0,0,0,3,3,0,3,3,0,3,10,0,0,0,0,0,0,0,0,0,0,4,0,0,4,0,0,14,0,0,0,0,3,0,0,0,0,0,0,0,0,0,0,5
8,2423705031303,"Σελλά,τα",6,0,0,0,0,0,0,0,0,0,0,0,0,0,3,0,5,3,0,0,0,0,0,0,0,0,0,0,0,0,0,3,0,0,0,0,0,0,0,0,0,0,0,0,0,0,0,0,0,0,3
8,2423705031304,"Στενόν,το",8,0,0,0,0,0,0,0,0,0,0,0,3,3,0,3,0,3,0,0,0,0,0,0,0,0,0,0,0,3,3,0,0,0,3,0,0,0,0,0,0,0,0,0,0,0,0,0,0,3,0
7,24237050314,Δημοτική Κοινότητα Πλανητέρου,149,3,3,7,9,3,4,4,7,8,10,9,10,18,15,16,23,78,5,3,4,0,3,3,0,4,4,4,7,0,7,7,9,12,74,0,3,0,4,0,3,3,6,0,3,0,6,8,5,9,14
8,2423705031401,"Πλανητέρον,το",149,3,3,7,9,3,4,4,7,8,10,9,10,18,15,16,23,78,5,3,4,0,3,3,0,4,4,4,7,0,7,7,9,12,74,0,3,0,4,0,3,3,6,0,3,0,6,8,5,9,14
7,24237050315,Δημοτική Κοινότητα Τουρλάδας,37,0,0,0,0,0,0,0,4,0,0,0,0,8,7,6,12,17,0,0,0,0,0,0,0,5,0,0,0,0,3,0,3,8,17,0,0,0,0,0,0,0,4,0,0,0,0,3,4,5,8
8,2423705031501,"Τουρλάδα,η",37,0,0,0,0,0,0,0,4,0,0,0,0,8,7,6,12,17,0,0,0,0,0,0,0,5,0,0,0,0,3,0,3,8,17,0,0,0,0,0,0,0,4,0,0,0,0,3,4,5,8
7,24237050316,Δημοτική Κοινότητα Φιλίων,154,6,5,3,0,0,3,3,5,4,4,12,10,15,15,15,54,77,3,0,3,0,0,6,0,6,3,4,5,3,11,5,7,25,78,3,3,0,0,0,0,0,3,3,3,9,7,6,8,6,26
8,2423705031601,"Φίλια,τα",98,0,0,0,0,0,4,3,4,3,0,6,7,10,6,13,37,50,3,0,0,0,0,3,0,0,3,4,0,3,7,0,8,16,46,0,0,0,0,0,0,3,3,0,0,4,8,5,9,3,18
8,2423705031602,"Άγιοι Θεόδωροι,οι",9,0,0,0,0,0,0,0,0,0,0,0,0,0,0,0,3,4,0,0,0,0,0,0,0,0,0,0,0,0,0,0,0,3,3,0,0,0,0,0,0,0,0,0,0,0,0,0,0,0,3
8,2423705031603,"Ζευγολατιόν,το",0,0,0,0,0,0,0,0,0,0,0,0,0,0,0,0,5,5,0,0,0,0,0,0,0,0,0,0,0,0,0,0,0,5,0,0,0,0,0,0,0,0,0,0,0,0,0,0,0,0,4
8,2423705031604,"Καλύβια,τα",46,3,3,3,0,0,3,0,0,4,0,6,3,9,3,4,13,22,0,0,3,0,0,3,0,0,5,0,4,0,7,3,0,7,22,0,5,0,0,0,0,0,0,3,0,5,3,0,3,0,9
8,2423705031605,"Μονή Αγίου Αθανασίου,η",4,0,0,0,0,0,0,0,4,0,0,0,0,0,0,0,0,4,0,0,0,0,0,0,0,4,0,0,0,0,0,0,0,0,0,0,0,0,0,0,0,0,0,0,0,0,0,0,0,0,0
6,242370504,ΔΗΜΟΤΙΚΗ ΕΝΟΤΗΤΑ ΠΑΪΩΝ,998,25,27,31,30,41,30,47,46,39,52,50,71,80,93,75,266,515,13,19,11,20,22,13,29,22,20,26,32,36,42,46,53,114,486,14,10,17,13,22,15,21,21,17,24,21,33,41,43,19,150
7,24237050401,Δημοτική Κοινότητα Δάφνης,487,9,13,14,9,12,17,24,22,17,21,27,32,45,52,40,123,248,8,8,5,5,6,9,18,13,7,10,13,14,23,29,27,51,236,5,3,7,7,10,11,10,7,8,13,12,14,24,25,11,70
8,2423705040101,"Δάφνη,η",487,9,13,14,9,12,17,24,22,17,21,27,32,45,52,40,123,248,8,8,5,5,6,9,18,13,7,10,13,14,23,29,27,51,236,5,3,7,7,10,11,10,7,8,13,12,14,24,25,11,70
7,24237050402,Δημοτική Κοινότητα Αμυγδαλέας,39,3,0,3,0,0,0,3,3,0,0,3,0,4,3,4,16,19,3,0,4,0,0,3,0,0,0,0,3,0,0,0,0,8,17,0,0,3,3,0,0,0,0,0,0,0,0,4,3,0,11
8,2423705040201,"Αμυγδαλέα,η",39,3,0,3,0,0,0,3,3,0,0,3,0,4,3,4,16,19,3,0,4,0,0,3,0,0,0,0,3,0,0,0,0,8,17,0,0,3,3,0,0,0,0,0,0,0,0,4,3,0,11
7,24237050403,Δημοτική Κοινότητα Νασίων,19,0,0,0,0,3,0,0,0,0,0,0,3,0,4,0,7,8,0,0,0,0,0,0,0,0,0,0,0,0,0,4,0,3,9,0,0,0,0,0,0,0,0,0,0,0,0,0,0,0,3
8,2423705040301,"Νάσια,τα",19,0,0,0,0,3,0,0,0,0,0,0,3,0,4,0,7,8,0,0,0,0,0,0,0,0,0,0,0,0,0,4,0,3,9,0,0,0,0,0,0,0,0,0,0,0,0,0,0,0,3
7,24237050404,Δημοτική Κοινότητα Πάου,255,8,9,12,14,22,9,11,9,13,15,15,15,20,15,11,55,127,7,3,3,9,11,4,0,4,6,8,7,12,12,12,6,25,131,4,4,6,8,13,3,6,7,4,4,10,7,11,6,3,34
8,2423705040401,"Πάος,ο",10,0,0,0,0,4,0,0,0,0,0,0,0,0,0,0,3,3,4,0,0,0,4,0,0,0,0,0,0,0,0,0,0,0,5,0,0,0,0,0,0,0,0,0,0,0,0,0,0,0,3
8,2423705040402,"Βεσίνιον,το",8,0,0,0,0,0,0,0,0,0,0,0,0,0,0,0,4,4,0,0,0,0,0,0,0,0,0,0,0,0,0,0,0,4,3,0,0,0,0,0,0,0,0,0,0,0,0,0,0,0,0
8,2423705040403,"Δεχουναίικα,τα",10,0,0,0,0,0,0,0,0,0,0,0,0,0,4,0,5,4,0,0,0,0,0,0,0,0,0,0,0,0,0,0,0,4,4,0,0,0,0,0,0,0,0,0,0,0,0,3,0,0,5
8,2423705040404,"Παλαιός Πάος,ο",211,4,9,8,16,21,9,6,9,8,16,15,13,18,12,8,38,108,6,3,0,9,10,4,4,4,3,8,4,9,9,8,6,20,106,0,4,4,5,13,3,4,7,4,5,8,7,7,7,3,21
8,2423705040405,"Ποταμιά,η",16,0,0,0,0,0,0,0,0,0,0,4,6,0,3,0,5,9,0,0,0,0,0,0,0,0,0,0,0,0,0,3,0,0,9,0,0,0,0,0,0,0,0,0,0,0,3,0,0,0,3
7,24237050405,Δημοτική Κοινότητα Πεύκου,48,4,0,0,0,0,0,0,4,0,0,4,0,3,3,7,24,30,4,0,0,0,0,0,0,4,0,0,0,0,3,3,0,12,16,0,0,0,0,0,0,0,0,0,0,0,0,0,0,4,14
8,2423705040501,"Πεύκον,το",48,4,0,0,0,0,0,0,4,0,0,4,0,3,3,7,24,30,4,0,0,0,0,0,0,4,0,0,0,0,3,3,0,12,16,0,0,0,0,0,0,0,0,0,0,0,0,0,0,4,14
7,24237050406,Δημοτική Κοινότητα Σκοτάνης,87,0,0,0,4,3,3,7,12,9,0,3,9,3,9,7,14,48,0,5,0,3,3,0,4,5,4,3,3,3,3,3,3,13,36,0,0,0,3,3,3,4,3,3,0,0,5,0,3,3,5
8,2423705040601,"Σκοτάνη,η",35,0,0,0,0,0,0,3,3,3,0,0,6,0,3,5,11,17,0,0,0,0,0,0,3,3,3,0,0,3,0,0,5,3,15,0,0,0,0,0,0,3,0,0,0,0,5,0,0,0,5
8,2423705040602,"Άγιος Γεώργιος,ο",48,0,0,0,4,3,3,0,6,4,0,3,6,3,3,0,6,27,0,5,0,3,3,0,0,0,4,0,3,0,3,0,0,6,23,0,0,0,3,3,3,4,0,3,0,0,3,0,4,3,0
7,24237050407,Δημοτική Κοινότητα Χόβολης,70,0,0,0,0,3,0,3,3,0,5,0,7,7,3,8,27,35,0,0,0,0,3,0,0,0,4,3,5,3,3,0,3,13,38,0,0,0,0,0,0,3,3,0,0,0,0,3,3,0,18
8,2423705040701,"Κάτω Χόβολη,η",70,0,0,0,0,3,0,3,3,0,5,0,7,7,3,8,27,37,0,0,0,0,3,0,0,0,4,3,5,3,3,0,3,13,38,0,0,0,0,0,0,3,3,0,0,0,0,3,3,0,18
8,2423705040702,"Άνω Χόβολη,η",3,0,0,0,0,0,0,0,0,0,0,0,3,0,0,0,0,3,0,0,0,0,0,0,0,0,0,0,0,3,0,0,0,0,0,0,0,0,0,0,0,0,0,0,0,0,0,0,0,0,0
