((1, 15),): 0.04193431099260696
((0, 15), (1, 15)): 0.03999515210277542
((0, 15),): 0.013412515654668122
((0, 13), (1, 13)): 0.013129721649901022
((0, 15), (1, 13)): 0.011877348200218156
((0, 12), (1, 11)): 0.010907768755302388
((0, 13), (1, 12)): 0.01074617218114976
((0, 15), (1, 14)): 0.010665373894073446
((0, 13), (1, 14)): 0.010665373894073446
((0, 12), (1, 12)): 0.010624974750535289
((1, 13),): 0.009978588453924776
((0, 14), (1, 13)): 0.009897790166848462
((0, 14), (1, 14)): 0.009251403870237951
((0, 14), (1, 12)): 0.009211004726699794
((0, 9),): 0.007595038985173514
((1, 14),): 0.007473841554559043
((1, 12),): 0.0071910475497919445
((0, 10),): 0.006665858683795904
((0, 7),): 0.00658506039671959
((0, 11),): 0.0064638629661051186
((0, 12),): 0.0064638629661051186
((0, 11), (1, 11)): 0.006059871530723549
((1, 11),): 0.005979073243647235
((0, 8),): 0.005979073243647235
((0, 6),): 0.005494283521189351
((0, 13),): 0.005292287803498566
((1, 10),): 0.005211489516422252
((0, 11), (1, 10)): 0.005049892942269624
((1, 8),): 0.00496909465519331
((1, 9),): 0.004645901506888054
((0, 14),): 0.004363107502120955
((1, 7),): 0.0037571203490486
((0, 10), (1, 10)): 0.0036763220619722863
((0, 5),): 0.0035955237748959723
((0, 5), (0, 12), (1, 11)): 0.003514725487819658
((0, 6), (1, 6)): 0.003474326344281501
((0, 9), (1, 9)): 0.003474326344281501
((0, 10), (1, 9)): 0.003433927200743344
((0, 7), (1, 6)): 0.003151133195976245
((0, 6), (1, 5)): 0.0030299357653617745
((0, 11), (1, 4), (1, 10)): 0.0029895366218236174
((1, 6),): 0.0029895366218236174
((1, 5),): 0.0028683391912091463
((0, 4), (0, 10), (1, 10)): 0.0028683391912091463
((0, 8), (1, 7)): 0.002787540904132832
((0, 7), (1, 7)): 0.002787540904132832
((0, 6), (0, 12), (1, 11)): 0.0025855451864420474
((0, 8), (1, 8)): 0.0025855451864420474
((0, 9), (1, 8)): 0.0025047468993657333
((0, 13), (1, 11)): 0.0024239486122894197
((0, 10), (1, 4), (1, 10)): 0.0021815537510604774
((0, 4), (0, 11), (1, 11)): 0.0021411546075223204
((0, 12), (1, 5), (1, 11)): 0.0020199571769078497
((0, 4), (0, 11), (1, 10)): 0.0020199571769078497
((0, 12), (1, 10)): 0.0020199571769078497
((0, 5), (1, 5)): 0.0020199571769078497
((0, 5), (0, 11), (1, 11)): 0.0019795580333696926
((0, 5), (0, 11), (1, 10)): 0.0019795580333696926
((0, 9), (0, 15), (1, 15)): 0.0019795580333696926
((0, 4), (0, 12), (1, 11)): 0.0019391588898315356
((0, 6), (0, 12), (1, 12)): 0.0018987597462933785
((0, 11), (1, 5), (1, 11)): 0.0018987597462933785
((0, 3), (0, 9), (1, 9)): 0.0018987597462933785
((0, 14), (1, 11)): 0.0018583606027552217
((0, 10), (1, 15)): 0.0018583606027552217
((0, 7), (1, 0), (1, 6)): 0.0017775623156789076
((0, 10), (1, 4), (1, 9)): 0.0017775623156789076
((0, 7), (1, 0), (1, 7)): 0.0017371631721407506
((0, 9), (1, 15)): 0.0017371631721407506
((0, 0), (0, 7), (1, 7)): 0.0016967640286025937
((0, 3), (0, 10), (1, 9)): 0.0016563648850644367
((0, 11), (1, 5), (1, 10)): 0.0016563648850644367
((0, 0), (0, 7), (1, 6)): 0.0016563648850644367
((0, 6), (1, 0), (1, 6)): 0.0016563648850644367
((1, 10), (1, 15)): 0.0016563648850644367
((0, 5), (0, 12), (1, 12)): 0.0016159657415262796
((0, 3), (0, 4), (0, 10), (1, 10)): 0.0015755665979881226
((0, 0), (0, 8), (1, 7)): 0.0015755665979881226
((0, 4),): 0.0015755665979881226
((0, 14), (1, 15)): 0.0015755665979881226
((0, 4), (0, 10), (1, 9)): 0.0015351674544499658
((0, 10), (1, 3), (1, 9)): 0.0015351674544499658
((0, 12), (1, 5), (1, 12)): 0.0015351674544499658
((0, 3), (0, 10), (1, 4), (1, 9)): 0.0015351674544499658
((0, 8), (1, 0), (1, 7)): 0.0015351674544499658
((0, 11), (1, 15)): 0.0015351674544499658
((0, 0), (0, 6), (1, 6)): 0.0014947683109118087
((0, 11), (1, 4), (1, 5), (1, 10)): 0.0014543691673736517
((0, 5), (0, 10), (1, 10)): 0.0014543691673736517
((0, 12), (1, 14)): 0.0014139700238354946
((0, 10), (1, 11)): 0.0014139700238354946
((0, 11), (1, 4), (1, 11)): 0.0014139700238354946
((0, 12), (1, 4), (1, 11)): 0.0013735708802973378
((0, 5), (0, 11), (1, 4), (1, 10)): 0.0013735708802973378
((0, 4), (0, 11), (1, 5), (1, 10)): 0.0013331717367591808
((0, 1), (0, 8), (1, 8)): 0.0013331717367591808
((0, 4), (0, 10), (1, 3), (1, 9)): 0.0013331717367591808
((0, 9), (1, 2), (1, 9)): 0.0013331717367591808
((0, 3), (0, 10), (1, 10)): 0.0013331717367591808
((0, 5), (0, 13), (1, 12)): 0.0013331717367591808
((0, 6), (1, 0), (1, 5)): 0.0013331717367591808
((0, 4), (0, 11), (1, 5), (1, 11)): 0.0013331717367591808
((0, 6), (0, 14), (1, 12)): 0.0012927725932210237
((0, 8), (1, 15)): 0.0012927725932210237
((0, 4), (0, 5), (0, 11), (1, 10)): 0.0012927725932210237
((0, 9), (1, 3), (1, 9)): 0.0012927725932210237
((0, 0), (0, 6), (1, 5)): 0.0012927725932210237
((0, 9), (1, 10)): 0.0012523734496828667
((0, 12), (1, 6), (1, 11)): 0.0012523734496828667
((0, 2), (0, 9), (1, 9)): 0.0012523734496828667
((0, 10), (1, 3), (1, 4), (1, 10)): 0.0012119743061447098
((0, 1), (0, 8), (1, 7)): 0.0012119743061447098
((0, 15), (1, 9), (1, 15)): 0.0012119743061447098
((0, 9), (1, 1), (1, 8)): 0.0012119743061447098
((0, 8), (1, 13)): 0.0012119743061447098
((0, 4), (0, 11), (1, 3), (1, 10)): 0.0012119743061447098
((0, 10), (0, 15), (1, 15)): 0.0012119743061447098
((1, 11), (1, 15)): 0.0012119743061447098
((0, 10), (1, 3), (1, 10)): 0.0012119743061447098
((0, 6), (0, 13), (1, 12)): 0.0011311760190683957
((1, 4),): 0.0011311760190683957
((0, 3), (0, 11), (1, 10)): 0.0011311760190683957
((0, 8), (1, 1), (1, 8)): 0.0011311760190683957
((0, 11), (1, 3), (1, 10)): 0.0010907768755302387
((0, 15), (1, 12)): 0.0010907768755302387
((0, 4), (0, 10), (1, 4), (1, 10)): 0.0010907768755302387
((0, 8), (1, 0), (1, 8)): 0.0010907768755302387
((0, 4), (1, 10)): 0.0010907768755302387
((0, 8), (0, 15), (1, 14)): 0.0010907768755302387
((0, 12), (1, 6), (1, 12)): 0.0010503777319920819
((0, 4), (0, 9), (1, 9)): 0.0010503777319920819
((0, 5), (0, 10), (1, 4), (1, 10)): 0.0010503777319920819
((0, 8), (0, 15), (1, 15)): 0.0010503777319920819
((0, 2), (0, 3), (0, 9), (1, 8)): 0.0010503777319920819
((0, 7), (0, 12), (1, 11)): 0.0010503777319920819
((0, 6), (0, 11), (1, 11)): 0.0010503777319920819
((0, 3), (0, 4), (0, 10), (1, 9)): 0.0010503777319920819
((0, 5), (1, 4)): 0.0010099785884539248
((0, 8), (1, 1), (1, 7)): 0.0010099785884539248
((0, 4), (0, 9), (1, 3), (1, 9)): 0.0010099785884539248
((0, 3), (0, 4), (0, 11), (1, 10)): 0.0010099785884539248
((0, 1), (0, 8), (1, 0), (1, 7)): 0.0010099785884539248
((0, 11), (1, 12)): 0.0010099785884539248
((0, 0), (0, 6), (1, 0), (1, 6)): 0.0010099785884539248
((0, 15), (1, 10), (1, 15)): 0.0009695794449157678
((0, 8), (0, 15), (1, 13)): 0.0009695794449157678
((0, 3), (0, 10), (1, 4), (1, 10)): 0.0009695794449157678
((0, 1), (0, 8), (1, 1), (1, 8)): 0.0009695794449157678
((0, 5), (0, 11), (1, 4), (1, 11)): 0.0009695794449157678
((0, 9), (1, 1), (1, 2), (1, 8)): 0.0009695794449157678
((0, 2), (0, 9), (1, 3), (1, 9)): 0.0009695794449157678
((0, 1), (0, 9), (1, 8)): 0.0009695794449157678
((0, 7), (0, 14), (1, 12)): 0.0009695794449157678
((0, 9), (1, 7)): 0.0009695794449157678
((0, 4), (0, 10), (1, 5), (1, 10)): 0.0009291803013776108
((0, 7), (0, 13), (1, 13)): 0.0009291803013776108
((0, 1), (0, 7), (1, 7)): 0.0009291803013776108
((0, 4), (0, 10), (1, 3), (1, 10)): 0.0009291803013776108
((0, 9), (1, 2), (1, 8)): 0.0009291803013776108
((0, 8), (1, 2), (1, 8)): 0.0009291803013776108
((0, 8), (0, 13), (1, 13)): 0.0009291803013776108
((0, 8), (1, 9)): 0.0008887811578394538
((0, 8), (1, 6)): 0.0008887811578394538
((1, 9), (1, 15)): 0.0008887811578394538
((0, 11), (1, 9)): 0.0008887811578394538
((0, 8), (0, 14), (1, 13)): 0.0008887811578394538
((0, 1), (0, 8), (1, 1), (1, 7)): 0.0008887811578394538
((0, 7), (0, 12), (1, 12)): 0.0008887811578394538
((0, 13), (1, 15)): 0.0008887811578394538
((0, 2), (0, 9), (1, 8)): 0.0008887811578394538
((0, 4), (1, 9)): 0.0008887811578394538
((0, 0), (0, 8), (1, 0), (1, 7)): 0.0008483820143012969
((0, 10), (1, 5), (1, 10)): 0.0008483820143012969
((0, 3), (0, 11), (1, 4), (1, 10)): 0.0008483820143012969
((0, 9), (1, 3), (1, 8)): 0.0008483820143012969
((0, 0), (0, 8), (1, 8)): 0.0008483820143012969
((0, 7), (1, 5)): 0.0008483820143012969
((0, 3), (0, 9), (1, 2), (1, 9)): 0.0008483820143012969
((0, 3), (0, 11), (1, 11)): 0.0008483820143012969
((1, 5), (1, 11)): 0.0008483820143012969
((0, 6), (1, 12)): 0.0008483820143012969
((0, 15), (1, 8), (1, 15)): 0.0008483820143012969
((0, 10), (1, 8)): 0.0008483820143012969
((0, 1), (0, 8), (1, 2), (1, 8)): 0.0008483820143012969
((1, 4), (1, 9)): 0.0008079828707631398
((0, 10), (1, 3), (1, 4), (1, 9)): 0.0008079828707631398
((0, 4), (0, 11), (1, 4), (1, 10)): 0.0008079828707631398
((0, 8), (0, 13), (1, 14)): 0.0008079828707631398
((0, 2), (0, 3), (0, 9), (1, 9)): 0.0008079828707631398
((0, 3), (0, 9), (1, 2), (1, 8)): 0.0008079828707631398
((0, 9), (0, 15), (1, 13)): 0.0008079828707631398
((0, 3), (0, 9), (1, 8)): 0.0008079828707631398
((0, 2), (0, 10), (1, 9)): 0.0008079828707631398
((0, 5), (0, 10), (1, 9)): 0.0008079828707631398
((0, 12), (1, 15)): 0.0008079828707631398
((0, 8), (1, 0), (1, 1), (1, 7)): 0.0008079828707631398
((1, 4), (1, 10)): 0.0008079828707631398
((0, 6), (0, 13), (1, 13)): 0.0008079828707631398
((0, 5), (0, 11), (1, 5), (1, 10)): 0.0007675837272249829
((0, 6), (1, 11)): 0.0007675837272249829
((0, 2), (0, 9), (1, 3), (1, 8)): 0.0007675837272249829
((0, 7), (1, 8)): 0.0007675837272249829
((0, 2), (0, 8), (1, 8)): 0.0007675837272249829
((0, 12), (1, 13)): 0.0007675837272249829
((1, 5), (1, 10)): 0.0007675837272249829
((0, 14), (1, 6), (1, 12)): 0.0007675837272249829
((0, 4), (0, 12), (1, 10)): 0.0007271845836868258
((0, 0), (0, 5), (1, 5)): 0.0007271845836868258
((0, 7), (0, 14), (1, 13)): 0.0007271845836868258
((0, 3), (0, 10), (1, 2), (1, 9)): 0.0007271845836868258
((0, 1), (0, 2), (0, 8), (1, 8)): 0.0007271845836868258
((0, 3), (0, 9), (1, 4), (1, 9)): 0.0007271845836868258
((0, 0), (0, 8), (1, 1), (1, 7)): 0.0007271845836868258
((0, 1), (0, 2), (0, 9), (1, 9)): 0.0007271845836868258
((0, 5), (1, 10)): 0.0007271845836868258
((0, 14), (1, 5), (1, 12)): 0.0007271845836868258
((0, 4), (0, 5), (0, 11), (1, 11)): 0.0007271845836868258
((0, 2), (0, 8), (1, 1), (1, 8)): 0.0007271845836868258
((0, 5), (1, 11)): 0.0007271845836868258
((0, 6), (1, 7)): 0.0007271845836868258
((0, 13), (1, 6), (1, 12)): 0.0006867854401486689
((0, 0), (0, 7), (1, 0), (1, 7)): 0.0006867854401486689
((1, 4), (1, 11)): 0.0006867854401486689
((0, 7), (0, 13), (1, 12)): 0.0006867854401486689
((0, 5), (1, 0), (1, 5)): 0.0006867854401486689
((0, 3), (0, 10), (1, 3), (1, 9)): 0.0006867854401486689
((0, 0), (0, 1), (0, 8), (1, 7)): 0.0006867854401486689
((0, 10), (1, 2), (1, 9)): 0.0006867854401486689
((0, 7), (1, 1), (1, 7)): 0.0006867854401486689
((0, 3), (0, 9), (1, 3), (1, 9)): 0.0006867854401486689
((0, 2), (0, 10), (1, 3), (1, 9)): 0.0006867854401486689
((0, 5), (0, 10), (1, 4), (1, 9)): 0.0006867854401486689
((0, 9), (1, 2), (1, 3), (1, 9)): 0.0006867854401486689
((0, 12), (1, 9)): 0.0006867854401486689
((0, 3), (1, 10)): 0.0006867854401486689
((0, 9), (0, 15), (1, 14)): 0.0006867854401486689
((0, 13), (1, 7), (1, 13)): 0.0006867854401486689
((0, 5), (0, 14), (1, 12)): 0.0006867854401486689
((0, 7), (1, 0), (1, 1), (1, 7)): 0.0006463862966105119
((0, 7), (0, 14), (1, 14)): 0.0006463862966105119
((0, 10), (1, 2), (1, 3), (1, 9)): 0.0006463862966105119
((0, 2), (0, 9), (1, 1), (1, 8)): 0.0006463862966105119
((0, 0), (0, 1), (0, 7), (1, 7)): 0.0006463862966105119
((0, 4), (0, 4), (0, 11), (1, 10)): 0.0006463862966105119
((0, 4), (1, 11)): 0.0006463862966105119
((0, 6), (0, 13), (1, 14)): 0.0006463862966105119
((0, 2), (0, 9), (1, 2), (1, 8)): 0.0006463862966105119
((0, 3), (1, 9)): 0.0006463862966105119
((0, 4), (0, 5), (0, 10), (1, 9)): 0.0006463862966105119
((0, 5), (0, 6), (0, 12), (1, 11)): 0.0006463862966105119
((0, 8), (1, 0), (1, 6)): 0.0006463862966105119
((0, 9), (1, 0), (1, 8)): 0.0006463862966105119
((0, 5), (0, 12), (1, 5), (1, 11)): 0.0006463862966105119
((1, 12), (1, 15)): 0.0006059871530723549
((0, 13), (1, 5), (1, 12)): 0.0006059871530723549
((0, 3), (0, 4), (0, 9), (1, 8)): 0.0006059871530723549
((0, 0), (0, 7), (1, 5)): 0.0006059871530723549
((0, 1), (0, 9), (1, 2), (1, 9)): 0.0006059871530723549
((0, 11), (1, 3), (1, 11)): 0.0006059871530723549
((0, 9), (1, 2), (1, 3), (1, 8)): 0.0006059871530723549
((1, 8), (1, 15)): 0.0006059871530723549
((0, 8), (0, 14), (1, 14)): 0.0006059871530723549
((1, 6), (1, 12)): 0.0006059871530723549
((0, 9), (0, 15)): 0.0006059871530723549
((0, 3), (0, 12), (1, 11)): 0.0006059871530723549
((0, 12), (1, 4), (1, 12)): 0.0006059871530723549
((0, 2), (0, 10), (1, 10)): 0.0006059871530723549
((0, 1), (0, 9), (1, 2), (1, 8)): 0.0006059871530723549
((0, 9), (1, 13)): 0.0006059871530723549
((0, 9), (1, 1), (1, 9)): 0.0006059871530723549
((0, 1), (0, 1), (0, 8), (1, 8)): 0.0005655880095341979
((0, 4), (0, 5), (0, 12), (1, 11)): 0.0005655880095341979
((0, 10), (1, 4), (1, 5), (1, 10)): 0.0005655880095341979
((0, 11), (0, 15), (1, 15)): 0.0005655880095341979
((0, 2), (0, 3), (0, 10), (1, 10)): 0.0005655880095341979
((0, 5), (1, 6)): 0.0005655880095341979
((0, 1), (0, 7), (1, 6)): 0.0005655880095341979
((0, 10), (1, 4), (1, 4), (1, 10)): 0.0005655880095341979
((0, 8), (1, 1), (1, 2), (1, 8)): 0.0005655880095341979
((0, 9), (1, 3), (1, 4), (1, 9)): 0.0005655880095341979
((0, 9), (1, 4), (1, 9)): 0.0005655880095341979
((0, 7), (0, 13), (1, 14)): 0.0005655880095341979
((0, 13), (1, 6), (1, 13)): 0.0005655880095341979
((0, 15), (1, 8), (1, 13)): 0.0005655880095341979
((0, 6), (0, 14), (1, 11)): 0.0005655880095341979
((0, 2), (0, 3), (0, 10), (1, 9)): 0.0005655880095341979
((0, 0), (0, 7), (1, 0), (1, 6)): 0.0005251888659960409
((0, 3), (0, 12), (1, 10)): 0.0005251888659960409
((0, 4), (0, 4), (0, 10), (1, 10)): 0.0005251888659960409
((0, 4), (0, 6), (0, 11), (1, 11)): 0.0005251888659960409
((1, 8), (1, 13)): 0.0005251888659960409
((0, 11), (1, 3), (1, 5), (1, 10)): 0.0005251888659960409
((0, 6), (0, 11), (1, 10)): 0.0005251888659960409
((0, 0), (0, 8), (1, 6)): 0.0005251888659960409
((0, 4), (0, 9), (1, 3), (1, 8)): 0.0005251888659960409
((0, 11), (1, 6), (1, 11)): 0.0005251888659960409
((0, 3), (0, 9), (1, 10)): 0.0005251888659960409
((0, 7), (1, 1), (1, 6)): 0.0005251888659960409
((0, 1), (0, 9), (1, 1), (1, 8)): 0.0005251888659960409
((0, 1), (0, 9), (1, 9)): 0.0005251888659960409
((0, 12), (1, 3), (1, 10)): 0.0005251888659960409
((0, 1), (0, 8), (1, 2), (1, 7)): 0.0005251888659960409
((0, 2), (0, 8), (1, 1), (1, 7)): 0.0005251888659960409
((0, 5), (0, 12), (1, 10)): 0.0005251888659960409
((0, 8), (1, 0), (1, 1), (1, 8)): 0.0005251888659960409
((0, 4), (0, 5), (0, 10), (1, 10)): 0.0005251888659960409
((0, 5), (0, 11), (1, 5), (1, 11)): 0.0005251888659960409
((0, 2), (0, 2), (0, 9), (1, 8)): 0.0005251888659960409
((0, 15), (1, 11), (1, 15)): 0.0005251888659960409
((0, 8), (1, 1), (1, 1), (1, 8)): 0.0005251888659960409
((0, 7), (0, 15), (1, 14)): 0.0005251888659960409
((0, 6), (0, 14), (1, 14)): 0.0004847897224578839
((0, 3), (0, 10), (1, 3), (1, 10)): 0.0004847897224578839
((0, 5), (1, 12)): 0.0004847897224578839
((1, 3), (1, 9)): 0.0004847897224578839
((0, 10), (1, 3), (1, 3), (1, 9)): 0.0004847897224578839
((0, 1), (0, 2), (0, 8), (1, 7)): 0.0004847897224578839
((0, 8), (1, 14)): 0.0004847897224578839
((0, 8), (1, 1), (1, 2), (1, 7)): 0.0004847897224578839
((0, 12), (1, 11), (1, 15)): 0.0004847897224578839
((0, 11), (1, 4), (1, 5), (1, 11)): 0.0004847897224578839
((0, 2), (0, 3), (0, 8), (1, 8)): 0.0004847897224578839
((0, 0), (0, 7), (1, 1), (1, 7)): 0.0004847897224578839
((0, 13), (1, 10)): 0.0004847897224578839
((0, 8), (0, 13), (1, 12)): 0.0004847897224578839
((0, 10), (1, 4), (1, 11)): 0.0004847897224578839
((0, 3), (0, 3), (0, 9), (1, 9)): 0.0004847897224578839
((0, 1), (0, 7), (1, 1), (1, 7)): 0.0004847897224578839
((0, 7), (1, 13)): 0.0004847897224578839
((1, 7), (1, 12)): 0.0004847897224578839
((0, 5), (0, 12), (1, 4), (1, 11)): 0.0004847897224578839
((0, 4), (0, 12), (1, 12)): 0.0004847897224578839
((0, 1), (0, 7), (1, 0), (1, 6)): 0.0004847897224578839
((0, 12), (1, 5), (1, 10)): 0.0004847897224578839
((0, 9), (1, 2), (1, 2), (1, 8)): 0.0004847897224578839
((0, 9), (1, 1), (1, 2), (1, 9)): 0.0004847897224578839
((0, 5), (0, 12), (1, 6), (1, 12)): 0.0004847897224578839
((0, 4), (0, 10), (1, 4), (1, 9)): 0.0004847897224578839
((0, 0), (0, 1), (0, 8), (1, 8)): 0.0004847897224578839
((0, 13), (1, 8), (1, 13)): 0.0004443905789197269
((0, 0), (0, 9), (1, 7)): 0.0004443905789197269
((0, 5), (0, 12), (1, 6), (1, 11)): 0.0004443905789197269
((0, 15), (1, 9), (1, 13)): 0.0004443905789197269
((0, 12), (1, 7), (1, 12)): 0.0004443905789197269
((0, 6), (0, 12), (1, 5), (1, 11)): 0.0004443905789197269
((0, 3), (0, 4), (0, 9), (1, 9)): 0.0004443905789197269
((0, 2), (0, 10), (1, 8)): 0.0004443905789197269
((0, 6), (1, 0), (1, 0), (1, 6)): 0.0004443905789197269
((0, 1), (0, 8), (1, 6)): 0.0004443905789197269
((0, 5), (0, 13), (1, 11)): 0.0004443905789197269
((0, 13), (1, 7), (1, 14)): 0.0004443905789197269
((0, 9), (1, 4), (1, 8)): 0.0004443905789197269
((0, 0), (0, 0), (0, 7), (1, 6)): 0.0004443905789197269
((0, 1), (0, 2), (0, 9), (1, 8)): 0.0004443905789197269
((0, 13), (1, 7), (1, 12)): 0.0004443905789197269
((0, 11), (1, 3), (1, 4), (1, 10)): 0.0004443905789197269
((0, 5), (0, 5), (0, 11), (1, 10)): 0.0004443905789197269
((0, 1), (0, 10), (1, 9)): 0.0004443905789197269
((0, 6), (1, 14)): 0.0004443905789197269
((0, 3), (0, 3), (0, 10), (1, 9)): 0.0004443905789197269
((0, 6), (0, 14), (1, 13)): 0.0004443905789197269
((0, 3), (0, 10), (1, 2), (1, 10)): 0.0004443905789197269
((0, 10), (1, 1), (1, 9)): 0.0004443905789197269
((0, 3), (0, 9), (1, 3), (1, 8)): 0.0004443905789197269
((0, 4), (0, 5), (1, 10)): 0.0004443905789197269
((0, 0), (0, 0), (0, 7), (1, 7)): 0.0004443905789197269
((0, 10), (1, 4), (1, 4), (1, 9)): 0.0004443905789197269
((0, 7), (1, 12)): 0.0004443905789197269
((0, 0), (0, 6), (1, 7)): 0.0004039914353815699
((0, 14), (1, 10)): 0.0004039914353815699
((0, 2), (0, 4), (0, 10), (1, 10)): 0.0004039914353815699
((0, 3), (0, 4), (0, 11), (1, 11)): 0.0004039914353815699
((0, 8), (1, 5)): 0.0004039914353815699
((0, 0), (0, 5), (1, 6)): 0.0004039914353815699
((0, 7), (1, 0), (1, 5)): 0.0004039914353815699
((0, 3), (0, 11), (1, 9)): 0.0004039914353815699
((0, 5), (0, 5), (0, 11), (1, 11)): 0.0004039914353815699
((0, 11), (1, 6), (1, 10)): 0.0004039914353815699
((0, 5), (1, 4), (1, 10)): 0.0004039914353815699
((0, 1), (0, 7), (1, 0), (1, 7)): 0.0004039914353815699
((1, 3), (1, 10)): 0.0004039914353815699
((0, 7), (1, 11)): 0.0004039914353815699
((0, 2), (0, 9), (1, 4), (1, 9)): 0.0004039914353815699
((0, 4), (0, 5), (0, 12), (1, 12)): 0.0004039914353815699
((0, 4), (0, 11), (1, 9)): 0.0004039914353815699
((0, 6), (0, 12), (1, 10)): 0.0004039914353815699
((1, 1), (1, 8)): 0.0004039914353815699
((0, 8), (0, 14), (1, 12)): 0.0004039914353815699
((0, 3), (0, 9), (1, 4), (1, 8)): 0.0004039914353815699
((0, 6), (0, 12), (1, 4), (1, 11)): 0.0004039914353815699
((0, 1), (0, 9), (1, 0), (1, 8)): 0.0004039914353815699
((1, 3), (1, 8)): 0.0004039914353815699
((0, 10), (1, 2), (1, 3), (1, 10)): 0.0004039914353815699
((0, 3), (0, 5), (0, 11), (1, 10)): 0.0004039914353815699
((1, 6), (1, 11)): 0.0004039914353815699
((0, 4), (0, 4), (0, 11), (1, 11)): 0.0004039914353815699
((0, 5), (1, 0), (1, 4)): 0.0004039914353815699
((0, 12), (1, 3), (1, 11)): 0.0004039914353815699
((0, 8), (1, 2), (1, 3), (1, 8)): 0.0004039914353815699
((0, 3), (1, 8)): 0.0004039914353815699
((0, 11), (1, 3), (1, 9)): 0.0004039914353815699
((0, 11), (1, 4), (1, 9)): 0.0004039914353815699
((0, 6), (1, 13)): 0.0004039914353815699
((0, 3), (1, 4), (1, 9)): 0.0004039914353815699
((0, 9), (0, 13), (1, 13)): 0.0004039914353815699
((0, 2), (0, 9), (1, 2), (1, 9)): 0.0004039914353815699
((0, 7), (1, 0), (1, 0), (1, 6)): 0.0004039914353815699
((0, 5), (0, 11), (1, 3), (1, 10)): 0.0004039914353815699
((0, 4), (0, 11), (1, 4), (1, 11)): 0.0004039914353815699
((0, 2), (0, 4), (0, 10), (1, 9)): 0.0004039914353815699
((0, 1), (0, 2), (0, 7), (1, 7)): 0.0004039914353815699
((0, 5), (1, 9)): 0.0003635922918434129
((0, 5), (0, 10), (1, 5), (1, 10)): 0.0003635922918434129
((0, 14), (1, 5), (1, 14)): 0.0003635922918434129
((0, 9), (1, 3), (1, 3), (1, 9)): 0.0003635922918434129
((0, 13), (1, 8), (1, 12)): 0.0003635922918434129
((0, 7), (1, 14)): 0.0003635922918434129
((1, 3), (1, 4), (1, 10)): 0.0003635922918434129
((0, 12), (1, 4), (1, 10)): 0.0003635922918434129
((0, 6), (0, 15), (1, 13)): 0.0003635922918434129
((0, 8), (1, 2), (1, 7)): 0.0003635922918434129
((0, 0), (0, 9), (1, 8)): 0.0003635922918434129
((1, 6), (1, 14)): 0.0003635922918434129
((1, 4), (1, 5), (1, 10)): 0.0003635922918434129
((0, 0), (0, 5), (1, 4)): 0.0003635922918434129
((0, 7), (0, 15), (1, 15)): 0.0003635922918434129
((0, 13), (1, 6), (1, 14)): 0.0003635922918434129
((0, 4), (0, 14), (1, 12)): 0.0003635922918434129
((0, 1), (0, 7), (1, 8)): 0.0003635922918434129
((0, 5), (0, 6), (0, 12), (1, 12)): 0.0003635922918434129
((0, 4), (1, 4), (1, 10)): 0.0003635922918434129
((0, 10), (1, 3), (1, 3), (1, 10)): 0.0003635922918434129
((0, 11), (1, 8)): 0.0003635922918434129
((0, 11), (1, 3), (1, 4), (1, 11)): 0.0003635922918434129
((0, 3), (0, 8), (1, 2), (1, 8)): 0.0003635922918434129
((0, 10), (1, 2), (1, 8)): 0.0003635922918434129
((0, 2), (0, 2), (0, 9), (1, 9)): 0.0003635922918434129
((0, 7), (1, 1), (1, 1), (1, 7)): 0.0003635922918434129
((0, 0), (1, 6)): 0.0003635922918434129
((0, 0), (0, 6), (1, 4)): 0.0003635922918434129
((0, 9), (0, 14), (1, 13)): 0.0003635922918434129
((0, 6), (1, 1), (1, 6)): 0.0003635922918434129
((0, 3), (0, 4), (0, 11), (1, 9)): 0.0003635922918434129
((0, 15), (1, 9), (1, 14)): 0.0003635922918434129
((0, 2), (0, 10), (1, 2), (1, 10)): 0.0003635922918434129
((0, 5), (0, 11), (1, 4), (1, 9)): 0.0003635922918434129
((0, 0), (0, 2), (0, 7), (1, 7)): 0.00032319314830525593
((0, 5), (0, 6), (0, 12), (1, 10)): 0.00032319314830525593
((0, 5), (0, 12), (1, 5), (1, 10)): 0.00032319314830525593
((0, 5), (0, 14), (1, 11)): 0.00032319314830525593
((0, 6), (0, 6), (0, 12), (1, 11)): 0.00032319314830525593
((1, 3),): 0.00032319314830525593
((0, 3), (0, 11), (1, 4), (1, 9)): 0.00032319314830525593
((1, 0), (1, 7)): 0.00032319314830525593
((0, 8), (0, 15)): 0.00032319314830525593
((0, 2), (0, 10), (1, 2), (1, 9)): 0.00032319314830525593
((1, 8), (1, 14)): 0.00032319314830525593
((0, 6), (1, 0), (1, 1), (1, 6)): 0.00032319314830525593
((0, 0), (0, 1), (0, 7), (1, 6)): 0.00032319314830525593
((0, 7), (1, 15)): 0.00032319314830525593
((0, 13), (1, 5), (1, 11)): 0.00032319314830525593
((0, 3), (0, 8), (1, 8)): 0.00032319314830525593
((0, 6), (0, 11), (1, 4), (1, 10)): 0.00032319314830525593
((0, 7), (0, 15), (1, 13)): 0.00032319314830525593
((0, 4), (0, 10), (1, 11)): 0.00032319314830525593
((0, 6), (0, 13), (1, 11)): 0.00032319314830525593
((0, 9), (1, 1), (1, 7)): 0.00032319314830525593
((0, 14), (1, 8), (1, 14)): 0.00032319314830525593
((0, 15), (1, 8), (1, 14)): 0.00032319314830525593
((0, 6), (1, 10)): 0.00032319314830525593
((0, 0), (0, 1), (0, 6), (1, 5)): 0.00032319314830525593
((0, 15), (1, 9)): 0.00032319314830525593
((0, 2), (0, 8), (1, 3), (1, 7)): 0.00032319314830525593
((0, 12), (1, 7), (1, 11)): 0.00032319314830525593
((0, 10), (1, 2), (1, 4), (1, 9)): 0.00032319314830525593
((0, 2), (1, 8)): 0.00032319314830525593
((0, 10), (1, 2), (1, 10)): 0.00032319314830525593
((0, 10), (1, 2), (1, 4), (1, 10)): 0.00032319314830525593
((0, 9), (1, 0), (1, 1), (1, 8)): 0.00032319314830525593
((0, 2), (0, 4), (0, 9), (1, 8)): 0.00032319314830525593
((0, 5), (0, 13), (1, 14)): 0.00032319314830525593
((0, 2), (0, 8), (1, 2), (1, 7)): 0.00032319314830525593
((0, 7), (1, 0), (1, 0), (1, 7)): 0.00032319314830525593
((0, 0), (0, 8), (1, 0), (1, 8)): 0.00032319314830525593
((0, 5), (0, 6), (0, 11), (1, 10)): 0.00032319314830525593
((0, 15), (1, 10)): 0.00032319314830525593
((0, 9), (1, 0), (1, 7)): 0.00032319314830525593
((0, 7), (0, 13), (1, 11)): 0.00032319314830525593
((1, 3), (1, 4), (1, 9)): 0.00032319314830525593
((0, 5), (0, 12), (1, 5), (1, 12)): 0.00032319314830525593
((1, 7), (1, 15)): 0.00032319314830525593
((0, 4), (0, 11), (1, 4), (1, 9)): 0.00032319314830525593
((0, 5), (0, 6), (0, 11), (1, 11)): 0.00032319314830525593
((0, 3), (0, 5), (0, 10), (1, 9)): 0.00032319314830525593
((0, 6), (1, 4)): 0.00032319314830525593
((0, 8), (1, 0), (1, 0), (1, 7)): 0.00032319314830525593
((0, 9), (1, 6)): 0.00032319314830525593
((0, 3), (0, 8), (1, 3), (1, 8)): 0.00032319314830525593
((0, 0), (1, 7)): 0.00032319314830525593
((0, 12), (1, 4), (1, 6), (1, 11)): 0.00032319314830525593
((0, 0), (0, 1), (0, 6), (1, 6)): 0.00032319314830525593
((0, 9), (1, 1), (1, 3), (1, 8)): 0.00032319314830525593
((0, 0), (0, 6), (1, 0), (1, 5)): 0.00032319314830525593
((0, 11), (1, 10), (1, 15)): 0.00032319314830525593
((0, 9), (0, 13), (1, 14)): 0.00032319314830525593
((0, 4), (0, 10), (1, 5), (1, 9)): 0.00032319314830525593
((0, 1), (0, 6), (1, 6)): 0.00032319314830525593
((0, 8), (1, 1), (1, 9)): 0.00032319314830525593
((0, 0), (0, 7), (1, 1), (1, 6)): 0.00032319314830525593
((0, 5), (0, 10)): 0.00028279400476709894
((0, 5), (0, 11), (1, 3), (1, 11)): 0.00028279400476709894
((0, 5), (0, 12)): 0.00028279400476709894
((0, 13), (1, 5), (1, 14)): 0.00028279400476709894
((0, 1), (0, 9), (1, 1), (1, 7)): 0.00028279400476709894
((0, 10), (1, 12)): 0.00028279400476709894
((0, 3), (1, 11)): 0.00028279400476709894
((0, 9), (1, 14)): 0.00028279400476709894
((0, 11), (1, 2), (1, 9)): 0.00028279400476709894
((0, 9), (1, 1), (1, 2), (1, 7)): 0.00028279400476709894
((0, 0), (0, 1), (0, 9), (1, 8)): 0.00028279400476709894
((0, 3), (0, 4), (1, 9)): 0.00028279400476709894
((0, 2), (0, 8), (1, 2), (1, 8)): 0.00028279400476709894
((0, 0), (0, 0), (0, 8), (1, 7)): 0.00028279400476709894
((0, 12), (1, 5), (1, 6), (1, 11)): 0.00028279400476709894
((0, 1), (0, 10), (1, 2), (1, 9)): 0.00028279400476709894
((0, 5), (0, 11), (1, 6), (1, 10)): 0.00028279400476709894
((0, 1), (0, 9), (1, 3), (1, 8)): 0.00028279400476709894
((0, 13), (1, 9), (1, 13)): 0.00028279400476709894
((0, 14), (1, 6), (1, 13)): 0.00028279400476709894
((0, 10), (0, 15), (1, 13)): 0.00028279400476709894
((0, 5), (0, 11), (1, 6), (1, 11)): 0.00028279400476709894
((0, 4), (0, 11), (1, 5), (1, 9)): 0.00028279400476709894
((0, 11), (1, 3), (1, 4), (1, 9)): 0.00028279400476709894
((0, 4), (0, 11), (1, 3), (1, 9)): 0.00028279400476709894
((0, 2), (1, 3), (1, 9)): 0.00028279400476709894
((0, 2), (0, 11), (1, 9)): 0.00028279400476709894
((0, 1), (0, 3), (0, 9), (1, 9)): 0.00028279400476709894
((0, 4), (0, 10), (1, 10), (1, 15)): 0.00028279400476709894
((0, 3), (0, 10), (1, 8)): 0.00028279400476709894
((0, 13), (1, 8), (1, 14)): 0.00028279400476709894
((0, 2), (1, 9)): 0.00028279400476709894
((0, 0), (0, 8), (1, 2), (1, 7)): 0.00028279400476709894
((1, 5), (1, 12)): 0.00028279400476709894
((0, 4), (0, 13), (1, 12)): 0.00028279400476709894
((0, 3), (0, 10), (1, 5), (1, 10)): 0.00028279400476709894
((0, 4), (1, 5), (1, 10)): 0.00028279400476709894
((0, 13), (1, 6), (1, 11)): 0.00028279400476709894
((0, 12), (1, 6), (1, 10)): 0.00028279400476709894
((0, 3), (0, 11), (1, 4), (1, 11)): 0.00028279400476709894
((0, 4), (1, 3), (1, 10)): 0.00028279400476709894
((0, 11), (1, 7)): 0.00028279400476709894
((0, 12), (1, 4), (1, 5), (1, 11)): 0.00028279400476709894
((1, 10), (1, 13)): 0.00028279400476709894
((0, 6), (0, 11), (1, 5), (1, 11)): 0.00028279400476709894
((0, 11), (1, 4), (1, 4), (1, 10)): 0.00028279400476709894
((0, 3), (1, 3), (1, 9)): 0.00028279400476709894
((0, 3), (0, 10), (1, 2), (1, 8)): 0.00028279400476709894
((0, 3), (0, 11), (1, 5), (1, 10)): 0.00028279400476709894
((0, 5), (0, 11), (1, 12)): 0.00028279400476709894
((0, 1), (0, 11), (1, 9)): 0.00028279400476709894
((0, 6), (0, 12), (1, 5), (1, 12)): 0.00028279400476709894
((0, 1), (0, 6), (1, 1), (1, 6)): 0.00028279400476709894
((0, 7), (1, 0), (1, 1), (1, 6)): 0.00028279400476709894
((0, 4), (0, 12), (1, 5), (1, 11)): 0.00028279400476709894
((0, 6), (0, 7), (0, 13), (1, 12)): 0.00028279400476709894
((0, 6), (0, 11), (1, 12)): 0.00028279400476709894
((0, 7), (1, 0), (1, 8)): 0.00028279400476709894
((1, 14), (1, 15)): 0.00028279400476709894
((0, 13), (1, 4), (1, 12)): 0.00028279400476709894
((0, 0), (0, 8), (1, 1), (1, 8)): 0.00028279400476709894
((0, 4), (0, 9), (1, 8)): 0.00028279400476709894
((0, 5), (0, 6), (0, 14), (1, 12)): 0.00028279400476709894
((0, 9), (1, 11)): 0.00028279400476709894
((0, 10), (1, 10), (1, 15)): 0.00028279400476709894
((0, 4), (0, 12), (1, 3), (1, 11)): 0.00028279400476709894
((1, 7), (1, 13)): 0.00028279400476709894
((0, 3), (0, 10)): 0.00028279400476709894
((0, 4), (0, 11), (1, 3), (1, 11)): 0.00028279400476709894
((0, 4), (0, 5), (0, 12), (1, 10)): 0.00028279400476709894
((0, 1), (0, 1), (0, 7), (1, 7)): 0.00028279400476709894
((0, 0), (0, 7), (1, 8)): 0.00028279400476709894
((0, 3), (0, 11), (1, 3), (1, 10)): 0.00028279400476709894
((0, 11), (1, 5), (1, 5), (1, 11)): 0.00028279400476709894
((0, 2), (0, 8), (1, 3), (1, 8)): 0.00028279400476709894
((1, 9), (1, 13)): 0.00028279400476709894
((0, 7), (1, 2), (1, 7)): 0.00028279400476709894
((0, 14), (1, 7), (1, 12)): 0.00028279400476709894
((0, 4), (0, 11), (1, 6), (1, 11)): 0.00028279400476709894
((0, 1), (0, 3), (0, 9), (1, 8)): 0.00028279400476709894
((0, 9), (1, 3), (1, 4), (1, 8)): 0.00024239486122894195
((0, 6), (0, 12), (1, 13)): 0.00024239486122894195
((0, 3), (0, 9), (1, 1), (1, 8)): 0.00024239486122894195
((0, 5), (0, 5), (0, 12), (1, 11)): 0.00024239486122894195
((0, 10), (1, 5), (1, 9)): 0.00024239486122894195
((0, 12), (1, 5), (1, 5), (1, 12)): 0.00024239486122894195
((0, 9), (1, 1), (1, 6)): 0.00024239486122894195
((0, 11), (1, 5), (1, 6), (1, 11)): 0.00024239486122894195
((1, 5), (1, 9)): 0.00024239486122894195
((0, 6), (0, 12), (1, 5), (1, 10)): 0.00024239486122894195
((0, 0), (0, 1), (0, 7), (1, 5)): 0.00024239486122894195
((0, 15), (1, 10), (1, 13)): 0.00024239486122894195
((0, 2), (0, 11), (1, 10)): 0.00024239486122894195
((0, 11), (1, 4)): 0.00024239486122894195
((0, 14), (1, 9), (1, 14)): 0.00024239486122894195
((0, 0), (0, 0), (0, 6), (1, 6)): 0.00024239486122894195
((0, 4), (0, 4), (0, 10), (1, 9)): 0.00024239486122894195
((0, 9), (0, 14), (1, 14)): 0.00024239486122894195
((0, 12), (1, 5), (1, 6), (1, 12)): 0.00024239486122894195
((0, 7), (0, 12), (1, 6), (1, 12)): 0.00024239486122894195
((0, 10), (1, 4)): 0.00024239486122894195
((0, 6), (0, 12), (1, 4), (1, 12)): 0.00024239486122894195
((0, 0), (0, 0), (0, 6), (1, 5)): 0.00024239486122894195
((0, 4), (0, 5), (0, 11), (1, 4), (1, 10)): 0.00024239486122894195
((0, 4), (0, 9), (1, 4), (1, 8)): 0.00024239486122894195
((0, 11), (1, 4), (1, 4), (1, 11)): 0.00024239486122894195
((0, 4), (1, 4), (1, 9)): 0.00024239486122894195
((1, 0), (1, 8)): 0.00024239486122894195
((0, 9), (1, 1), (1, 3), (1, 9)): 0.00024239486122894195
((0, 7), (1, 9)): 0.00024239486122894195
((0, 15), (1, 7), (1, 13)): 0.00024239486122894195
((0, 4), (0, 6), (0, 12), (1, 11)): 0.00024239486122894195
((0, 5), (0, 11)): 0.00024239486122894195
((0, 3), (0, 3), (0, 11), (1, 11)): 0.00024239486122894195
((0, 1), (0, 2), (0, 7), (1, 8)): 0.00024239486122894195
((0, 15), (1, 7), (1, 14)): 0.00024239486122894195
((1, 2), (1, 8)): 0.00024239486122894195
((0, 6), (0, 12)): 0.00024239486122894195
((0, 2), (0, 10), (1, 3), (1, 10)): 0.00024239486122894195
((0, 2), (0, 2), (0, 8), (1, 7)): 0.00024239486122894195
((0, 1), (0, 8), (1, 9)): 0.00024239486122894195
((0, 7), (1, 0), (1, 2), (1, 7)): 0.00024239486122894195
((0, 2), (0, 2), (0, 8), (1, 8)): 0.00024239486122894195
((0, 4), (0, 4), (0, 10), (1, 11)): 0.00024239486122894195
((0, 15), (1, 8)): 0.00024239486122894195
((0, 0), (0, 1), (0, 9), (1, 7)): 0.00024239486122894195
((0, 3), (0, 8), (1, 9)): 0.00024239486122894195
((0, 3), (1, 4), (1, 10)): 0.00024239486122894195
((0, 2), (0, 9), (1, 1), (1, 9)): 0.00024239486122894195
((0, 9), (1, 9), (1, 15)): 0.00024239486122894195
((0, 2), (0, 8), (1, 7)): 0.00024239486122894195
((0, 7), (0, 8), (1, 14)): 0.00024239486122894195
((0, 9), (1, 2), (1, 2), (1, 9)): 0.00024239486122894195
((0, 4), (1, 4), (1, 11)): 0.00024239486122894195
((0, 2), (0, 3), (0, 11), (1, 10)): 0.00024239486122894195
((0, 1), (1, 8)): 0.00024239486122894195
((0, 10), (0, 15)): 0.00024239486122894195
((0, 2), (0, 3), (0, 9), (1, 2), (1, 9)): 0.00024239486122894195
((0, 1), (0, 1), (0, 9), (1, 8)): 0.00024239486122894195
((0, 1), (0, 2), (0, 9), (1, 7)): 0.00024239486122894195
((0, 5), (0, 15), (1, 13)): 0.00024239486122894195
((0, 6), (1, 8)): 0.00024239486122894195
((0, 4), (0, 5), (1, 11)): 0.00024239486122894195
((0, 1), (0, 9), (1, 2), (1, 7)): 0.00024239486122894195
((0, 5), (0, 14), (1, 14)): 0.00024239486122894195
((0, 10), (1, 3), (1, 8)): 0.00024239486122894195
((0, 4), (1, 8)): 0.00024239486122894195
((0, 8), (1, 1), (1, 1), (1, 7)): 0.00024239486122894195
((0, 4), (0, 9), (1, 4), (1, 9)): 0.00024239486122894195
((0, 1), (0, 6), (1, 5)): 0.00024239486122894195
((0, 5), (0, 13), (1, 6), (1, 12)): 0.00024239486122894195
((0, 6), (1, 6), (1, 11)): 0.00024239486122894195
((0, 0), (0, 8), (1, 1), (1, 6)): 0.00024239486122894195
((0, 5), (0, 13), (1, 13)): 0.00024239486122894195
((0, 4), (0, 9), (1, 2), (1, 8)): 0.00024239486122894195
((0, 8), (1, 0), (1, 1), (1, 6)): 0.00024239486122894195
((0, 12), (1, 4), (1, 5), (1, 10)): 0.00024239486122894195
((0, 6), (0, 12), (1, 7), (1, 11)): 0.00024239486122894195
((0, 2), (1, 10)): 0.00024239486122894195
((0, 2), (0, 9), (1, 2), (1, 7)): 0.00024239486122894195
((0, 8), (1, 3), (1, 8)): 0.00024239486122894195
((0, 14), (1, 8), (1, 12)): 0.00024239486122894195
((0, 7), (1, 1), (1, 8)): 0.00024239486122894195
((0, 0), (0, 2), (0, 8), (1, 7)): 0.00024239486122894195
((0, 6), (1, 0), (1, 7)): 0.00024239486122894195
((0, 3), (0, 8), (1, 1), (1, 8)): 0.00024239486122894195
((0, 11), (1, 5)): 0.00024239486122894195
((0, 6), (0, 11)): 0.00020199571769078495
((0, 2), (1, 7)): 0.00020199571769078495
((0, 4), (0, 10), (1, 2), (1, 4), (1, 9)): 0.00020199571769078495
((0, 1), (0, 10), (1, 1), (1, 9)): 0.00020199571769078495
((0, 3), (0, 3), (0, 9), (1, 8)): 0.00020199571769078495
((0, 6), (0, 10), (1, 10)): 0.00020199571769078495
((0, 0), (0, 6), (1, 0), (1, 7)): 0.00020199571769078495
((0, 9), (1, 4), (1, 10)): 0.00020199571769078495
((0, 5), (0, 10), (1, 3), (1, 10)): 0.00020199571769078495
((0, 7), (0, 14), (1, 6), (1, 12)): 0.00020199571769078495
((0, 1), (0, 10), (1, 3), (1, 9)): 0.00020199571769078495
((0, 1), (0, 1), (0, 8), (1, 7)): 0.00020199571769078495
((0, 0), (0, 7), (1, 2), (1, 7)): 0.00020199571769078495
((0, 4), (0, 4), (0, 9), (1, 9)): 0.00020199571769078495
((0, 12), (1, 3), (1, 9)): 0.00020199571769078495
((0, 13), (1, 8)): 0.00020199571769078495
((1, 0), (1, 6)): 0.00020199571769078495
((0, 2), (0, 3), (0, 11), (1, 9)): 0.00020199571769078495
((0, 5), (0, 6), (1, 12)): 0.00020199571769078495
((0, 1), (0, 6), (1, 0), (1, 5)): 0.00020199571769078495
((0, 4), (0, 10), (1, 2), (1, 9)): 0.00020199571769078495
((0, 3), (0, 4), (0, 5), (0, 10), (1, 10)): 0.00020199571769078495
((0, 3), (0, 5), (0, 10), (1, 10)): 0.00020199571769078495
((0, 2), (0, 9), (1, 7)): 0.00020199571769078495
((0, 4), (0, 10), (1, 2), (1, 10)): 0.00020199571769078495
((0, 7), (0, 14)): 0.00020199571769078495
((0, 8), (0, 13)): 0.00020199571769078495
((0, 10), (1, 5), (1, 11)): 0.00020199571769078495
((0, 2), (0, 7), (1, 0), (1, 7)): 0.00020199571769078495
((0, 4), (0, 5), (0, 11), (1, 9)): 0.00020199571769078495
((0, 4), (0, 12), (1, 5), (1, 12)): 0.00020199571769078495
((1, 6), (1, 10)): 0.00020199571769078495
((0, 1), (0, 8), (1, 1), (1, 9)): 0.00020199571769078495
((0, 0), (0, 6), (1, 1), (1, 6)): 0.00020199571769078495
((0, 4), (1, 4)): 0.00020199571769078495
((0, 4), (0, 13), (1, 11)): 0.00020199571769078495
((0, 15), (1, 11)): 0.00020199571769078495
((0, 14), (1, 13), (1, 15)): 0.00020199571769078495
((0, 0), (0, 9), (1, 1), (1, 7)): 0.00020199571769078495
((0, 12), (1, 12), (1, 15)): 0.00020199571769078495
((0, 4), (0, 9), (1, 3), (1, 10)): 0.00020199571769078495
((0, 5), (0, 10), (1, 5), (1, 9)): 0.00020199571769078495
((0, 7), (1, 1), (1, 2), (1, 7)): 0.00020199571769078495
((0, 0), (0, 2), (0, 8), (1, 6)): 0.00020199571769078495
((0, 12), (1, 5), (1, 5), (1, 11)): 0.00020199571769078495
((0, 7), (1, 1), (1, 1), (1, 6)): 0.00020199571769078495
((0, 9), (1, 0), (1, 9)): 0.00020199571769078495
((0, 1), (0, 2), (0, 8), (1, 9)): 0.00020199571769078495
((0, 9), (1, 2), (1, 7)): 0.00020199571769078495
((0, 5), (0, 13), (1, 6), (1, 14)): 0.00020199571769078495
((0, 6), (1, 0), (1, 4)): 0.00020199571769078495
((0, 12), (1, 6), (1, 13)): 0.00020199571769078495
((0, 7), (1, 4)): 0.00020199571769078495
((0, 9), (1, 3), (1, 10)): 0.00020199571769078495
((1, 6), (1, 13)): 0.00020199571769078495
((0, 10), (0, 15), (1, 14)): 0.00020199571769078495
((0, 6), (1, 5), (1, 11)): 0.00020199571769078495
((0, 3), (0, 5), (0, 11), (1, 11)): 0.00020199571769078495
((0, 1), (0, 1), (0, 9), (1, 9)): 0.00020199571769078495
((0, 8), (1, 3)): 0.00020199571769078495
((0, 6), (0, 12), (1, 6), (1, 11)): 0.00020199571769078495
((0, 2), (0, 8), (1, 1), (1, 9)): 0.00020199571769078495
((0, 4), (0, 9), (1, 10)): 0.00020199571769078495
((0, 1), (0, 8), (1, 3), (1, 8)): 0.00020199571769078495
((0, 2), (0, 7), (1, 7)): 0.00020199571769078495
((0, 9), (1, 2), (1, 10)): 0.00020199571769078495
((0, 10), (1, 3), (1, 5), (1, 10)): 0.00020199571769078495
((0, 0), (0, 2), (0, 9), (1, 8)): 0.00020199571769078495
((0, 11), (1, 4), (1, 6), (1, 11)): 0.00020199571769078495
((0, 10), (1, 4), (1, 5), (1, 9)): 0.00020199571769078495
((0, 10), (1, 9), (1, 15)): 0.00020199571769078495
((0, 6), (0, 13)): 0.00020199571769078495
((0, 6), (0, 13), (1, 7), (1, 12)): 0.00020199571769078495
((0, 0), (0, 8), (1, 5)): 0.00020199571769078495
((0, 3), (0, 10), (1, 3), (1, 4), (1, 10)): 0.00020199571769078495
((0, 0), (0, 8), (1, 2), (1, 8)): 0.00020199571769078495
((0, 8), (1, 12)): 0.00020199571769078495
((0, 7), (0, 14), (1, 11)): 0.00020199571769078495
((0, 2), (0, 9), (1, 10)): 0.00020199571769078495
((0, 4), (0, 10)): 0.00020199571769078495
((0, 2), (0, 4), (0, 9), (1, 9)): 0.00020199571769078495
((0, 9), (1, 3), (1, 4), (1, 10)): 0.00020199571769078495
((0, 3), (0, 4), (0, 12), (1, 10)): 0.00020199571769078495
((0, 14), (1, 7), (1, 11)): 0.00020199571769078495
((0, 5), (1, 4), (1, 11)): 0.00020199571769078495
((1, 4), (1, 8)): 0.00020199571769078495
((0, 4), (0, 11)): 0.00020199571769078495
((0, 8), (1, 10)): 0.00020199571769078495
((0, 12), (1, 6)): 0.00020199571769078495
((0, 1), (0, 10), (1, 8)): 0.00020199571769078495
((0, 5), (0, 10), (1, 3), (1, 9)): 0.00020199571769078495
((0, 2), (0, 2), (0, 10), (1, 9)): 0.00020199571769078495
((0, 2), (0, 10), (1, 4), (1, 10)): 0.00020199571769078495
((1, 5), (1, 13)): 0.00020199571769078495
((0, 7), (0, 11), (1, 11)): 0.00020199571769078495
((0, 11), (1, 3), (1, 3), (1, 10)): 0.00020199571769078495
((0, 2), (0, 10), (1, 3), (1, 8)): 0.00020199571769078495
((0, 6), (1, 0), (1, 0), (1, 5)): 0.00020199571769078495
((0, 6), (0, 11), (1, 5), (1, 10)): 0.00020199571769078495
((0, 1), (0, 8), (1, 0), (1, 6)): 0.00020199571769078495
((0, 10), (1, 2), (1, 3), (1, 8)): 0.00020199571769078495
((0, 12), (0, 15)): 0.00020199571769078495
((0, 5), (0, 10), (1, 11)): 0.00020199571769078495
((0, 8), (1, 1), (1, 6)): 0.00020199571769078495
((0, 2), (0, 9), (1, 4), (1, 8)): 0.00020199571769078495
((0, 5), (1, 0), (1, 6)): 0.00020199571769078495
((0, 14), (1, 9)): 0.00020199571769078495
((0, 0), (0, 1), (0, 2), (0, 8), (1, 7)): 0.00016159657415262796
((0, 15), (1, 13), (1, 15)): 0.00016159657415262796
((0, 9), (1, 12)): 0.00016159657415262796
((1, 2), (1, 9)): 0.00016159657415262796
((0, 0), (0, 1), (0, 10), (1, 8)): 0.00016159657415262796
((0, 7), (1, 2), (1, 6)): 0.00016159657415262796
((0, 5), (0, 7), (0, 13), (1, 12)): 0.00016159657415262796
((0, 6), (1, 9)): 0.00016159657415262796
((0, 0), (0, 9), (1, 0), (1, 7)): 0.00016159657415262796
((0, 3), (0, 8), (1, 4), (1, 8)): 0.00016159657415262796
((0, 4), (0, 12), (1, 4), (1, 10)): 0.00016159657415262796
((0, 3), (0, 8)): 0.00016159657415262796
((0, 9), (1, 4)): 0.00016159657415262796
((0, 6), (0, 7), (1, 12)): 0.00016159657415262796
((0, 5), (0, 11), (1, 9)): 0.00016159657415262796
((0, 11), (1, 4), (1, 12)): 0.00016159657415262796
((0, 0), (0, 1), (0, 8), (1, 6)): 0.00016159657415262796
((0, 10), (1, 3), (1, 4), (1, 11)): 0.00016159657415262796
((0, 10), (1, 7)): 0.00016159657415262796
((0, 1), (0, 7), (1, 2), (1, 8)): 0.00016159657415262796
((0, 1), (0, 8), (1, 0), (1, 8)): 0.00016159657415262796
((0, 11), (1, 3), (1, 5), (1, 11)): 0.00016159657415262796
((0, 5), (0, 10), (1, 4)): 0.00016159657415262796
((0, 2), (1, 1), (1, 8)): 0.00016159657415262796
((0, 5), (0, 6), (0, 13), (1, 11)): 0.00016159657415262796
((0, 7), (1, 2), (1, 8)): 0.00016159657415262796
((0, 3), (0, 10), (1, 11)): 0.00016159657415262796
((0, 6), (0, 7), (0, 13), (1, 13)): 0.00016159657415262796
((0, 7), (0, 12), (1, 6), (1, 11)): 0.00016159657415262796
((0, 3), (0, 12), (1, 9)): 0.00016159657415262796
((0, 12), (1, 4), (1, 5), (1, 12)): 0.00016159657415262796
((0, 4), (0, 4), (1, 10)): 0.00016159657415262796
((0, 14), (1, 3), (1, 11)): 0.00016159657415262796
((0, 3), (0, 3), (0, 10), (1, 3), (1, 9)): 0.00016159657415262796
((0, 0), (0, 12), (1, 6), (1, 11)): 0.00016159657415262796
((0, 10), (1, 1), (1, 2), (1, 8)): 0.00016159657415262796
((0, 5), (0, 14), (1, 6), (1, 12)): 0.00016159657415262796
((0, 10), (1, 1), (1, 3), (1, 9)): 0.00016159657415262796
((0, 10), (0, 11), (1, 15)): 0.00016159657415262796
((0, 4), (0, 4), (0, 12), (1, 11)): 0.00016159657415262796
((0, 1), (0, 5), (1, 5)): 0.00016159657415262796
((0, 3), (0, 11), (1, 2), (1, 10)): 0.00016159657415262796
((0, 1), (0, 10), (1, 1), (1, 8)): 0.00016159657415262796
((0, 0), (0, 1), (0, 7), (1, 0), (1, 6)): 0.00016159657415262796
((0, 4), (0, 11), (1, 4), (1, 5), (1, 10)): 0.00016159657415262796
((0, 4), (0, 11), (1, 12)): 0.00016159657415262796
((0, 2), (0, 8), (1, 0), (1, 8)): 0.00016159657415262796
((0, 14), (1, 7)): 0.00016159657415262796
((0, 8), (1, 2), (1, 3), (1, 7)): 0.00016159657415262796
((0, 4), (0, 9), (1, 2), (1, 3), (1, 9)): 0.00016159657415262796
((0, 6), (0, 14), (1, 7), (1, 11)): 0.00016159657415262796
((0, 6), (0, 6), (0, 12), (1, 12)): 0.00016159657415262796
((0, 12), (1, 6), (1, 11), (1, 15)): 0.00016159657415262796
((0, 8), (0, 9), (1, 15)): 0.00016159657415262796
((0, 7), (0, 7), (0, 13), (1, 12)): 0.00016159657415262796
((0, 14), (1, 6), (1, 11)): 0.00016159657415262796
((0, 4), (1, 0), (1, 4)): 0.00016159657415262796
((0, 4), (0, 13), (1, 13)): 0.00016159657415262796
((0, 10), (1, 1), (1, 8)): 0.00016159657415262796
((0, 3), (0, 10), (1, 3), (1, 8)): 0.00016159657415262796
((0, 4), (0, 9), (1, 4), (1, 10)): 0.00016159657415262796
((0, 14), (1, 7), (1, 14)): 0.00016159657415262796
((0, 8), (1, 1), (1, 2), (1, 9)): 0.00016159657415262796
((0, 3), (0, 4), (0, 10), (1, 4), (1, 9)): 0.00016159657415262796
((0, 6), (0, 7), (1, 11)): 0.00016159657415262796
((0, 3), (0, 10), (1, 1), (1, 9)): 0.00016159657415262796
((0, 4), (0, 12), (1, 6), (1, 11)): 0.00016159657415262796
((0, 8), (1, 0), (1, 2), (1, 7)): 0.00016159657415262796
((0, 15), (1, 7), (1, 15)): 0.00016159657415262796
((0, 11), (1, 5), (1, 5), (1, 10)): 0.00016159657415262796
((0, 11), (1, 13)): 0.00016159657415262796
((0, 10), (1, 3), (1, 4), (1, 5), (1, 10)): 0.00016159657415262796
((0, 4), (0, 6), (0, 11), (1, 10)): 0.00016159657415262796
((0, 2), (1, 1), (1, 9)): 0.00016159657415262796
((1, 0), (1, 5)): 0.00016159657415262796
((0, 0), (0, 9), (1, 2), (1, 8)): 0.00016159657415262796
((0, 5), (0, 11), (1, 11), (1, 15)): 0.00016159657415262796
((0, 5), (0, 7), (0, 12), (1, 11)): 0.00016159657415262796
((1, 4), (1, 12)): 0.00016159657415262796
((0, 6), (0, 7), (0, 14), (1, 12)): 0.00016159657415262796
((0, 1), (0, 1), (0, 7), (1, 6)): 0.00016159657415262796
((0, 14), (1, 12), (1, 15)): 0.00016159657415262796
((0, 5), (0, 5), (0, 12), (1, 10)): 0.00016159657415262796
((0, 1), (0, 9), (1, 1), (1, 9)): 0.00016159657415262796
((0, 13), (1, 9), (1, 14)): 0.00016159657415262796
((0, 5), (0, 9), (1, 4), (1, 9)): 0.00016159657415262796
((0, 3), (0, 12), (1, 12)): 0.00016159657415262796
((0, 3), (0, 4), (0, 8), (1, 8)): 0.00016159657415262796
((1, 2), (1, 7)): 0.00016159657415262796
((0, 0), (0, 4), (1, 4)): 0.00016159657415262796
((0, 0), (0, 5), (1, 0), (1, 5)): 0.00016159657415262796
((0, 5), (0, 6), (0, 13), (1, 13)): 0.00016159657415262796
((0, 0), (0, 1), (0, 6), (1, 7)): 0.00016159657415262796
((0, 3), (0, 4), (0, 9), (1, 3), (1, 9)): 0.00016159657415262796
((0, 5), (1, 6), (1, 12)): 0.00016159657415262796
((0, 12), (1, 3), (1, 5), (1, 11)): 0.00016159657415262796
((0, 2), (1, 3), (1, 8)): 0.00016159657415262796
((0, 10), (1, 1), (1, 7)): 0.00016159657415262796
((0, 11), (1, 2), (1, 3), (1, 9)): 0.00016159657415262796
((0, 2), (0, 7), (1, 8)): 0.00016159657415262796
((0, 9), (1, 2), (1, 4), (1, 9)): 0.00016159657415262796
((0, 14), (1, 7), (1, 13)): 0.00016159657415262796
((0, 1), (0, 1), (1, 8)): 0.00016159657415262796
((0, 1), (0, 10), (1, 3), (1, 8)): 0.00016159657415262796
((0, 0), (1, 8)): 0.00016159657415262796
((0, 8), (1, 9), (1, 15)): 0.00016159657415262796
((1, 9), (1, 14)): 0.00016159657415262796
((0, 14), (1, 5), (1, 13)): 0.00016159657415262796
((0, 1), (0, 9), (1, 7)): 0.00016159657415262796
((0, 11), (1, 4), (1, 5), (1, 9)): 0.00016159657415262796
((0, 11), (1, 5), (1, 9)): 0.00016159657415262796
((0, 7), (1, 1), (1, 2), (1, 8)): 0.00016159657415262796
((0, 2), (0, 10), (1, 1), (1, 8)): 0.00016159657415262796
((0, 0), (0, 2), (0, 8), (1, 8)): 0.00016159657415262796
((0, 8), (0, 9), (0, 15), (1, 15)): 0.00016159657415262796
((0, 1), (0, 7), (1, 0), (1, 5)): 0.00016159657415262796
((0, 10), (1, 3), (1, 4), (1, 8)): 0.00016159657415262796
((0, 4), (0, 6), (0, 11), (1, 5), (1, 10)): 0.00016159657415262796
((0, 4), (0, 4), (0, 9), (1, 10)): 0.00016159657415262796
((0, 4), (0, 11), (1, 4)): 0.00016159657415262796
((0, 9), (1, 3), (1, 3), (1, 8)): 0.00016159657415262796
((0, 5), (0, 12), (1, 13)): 0.00016159657415262796
((0, 3), (0, 10), (1, 4), (1, 8)): 0.00016159657415262796
((0, 1), (1, 7)): 0.00016159657415262796
((0, 3), (0, 12), (1, 4), (1, 11)): 0.00016159657415262796
((0, 6), (0, 11), (1, 4), (1, 11)): 0.00016159657415262796
((0, 5), (0, 12), (1, 7), (1, 11)): 0.00016159657415262796
((0, 7), (0, 15)): 0.00016159657415262796
((0, 12), (1, 4), (1, 4), (1, 11)): 0.00016159657415262796
((0, 5), (0, 9), (1, 9)): 0.00016159657415262796
((0, 11), (1, 2), (1, 10)): 0.00016159657415262796
((0, 2), (1, 2), (1, 8)): 0.00016159657415262796
((0, 10), (1, 11), (1, 15)): 0.00016159657415262796
((0, 9), (1, 4), (1, 5), (1, 9)): 0.00016159657415262796
((0, 8), (0, 15), (1, 8), (1, 15)): 0.00016159657415262796
((0, 4), (0, 14), (1, 11)): 0.00016159657415262796
((0, 2), (0, 9), (1, 1), (1, 7)): 0.00016159657415262796
((0, 4), (0, 4), (1, 9)): 0.00016159657415262796
((0, 12), (1, 7), (1, 14)): 0.00016159657415262796
((0, 7), (0, 12)): 0.00016159657415262796
((0, 2), (0, 10), (1, 1), (1, 9)): 0.00016159657415262796
((0, 3), (0, 4), (0, 4), (0, 10), (1, 9)): 0.00016159657415262796
((0, 13), (1, 7), (1, 11)): 0.00016159657415262796
((0, 9), (1, 1), (1, 1), (1, 8)): 0.00016159657415262796
((0, 13), (1, 4), (1, 11)): 0.00016159657415262796
((0, 10), (1, 1), (1, 3), (1, 8)): 0.00016159657415262796
((0, 3), (0, 5), (0, 11), (1, 4), (1, 10)): 0.00016159657415262796
((0, 0), (0, 7), (1, 0), (1, 1), (1, 6)): 0.00016159657415262796
((0, 0), (0, 3), (0, 8), (1, 8)): 0.00012119743061447097
((0, 9), (1, 5), (1, 10)): 0.00012119743061447097
((0, 10), (1, 2), (1, 3), (1, 4), (1, 9)): 0.00012119743061447097
((0, 3), (0, 11), (1, 5), (1, 9)): 0.00012119743061447097
((0, 5), (0, 9), (1, 3), (1, 9)): 0.00012119743061447097
((0, 1), (0, 8), (1, 3), (1, 7)): 0.00012119743061447097
((0, 3), (0, 13), (1, 11)): 0.00012119743061447097
((1, 5), (1, 6), (1, 11)): 0.00012119743061447097
((0, 0), (0, 2), (0, 7), (1, 6)): 0.00012119743061447097
((0, 1), (0, 2), (0, 7), (1, 6)): 0.00012119743061447097
((0, 14), (1, 14), (1, 15)): 0.00012119743061447097
((0, 6), (1, 1), (1, 7)): 0.00012119743061447097
((0, 8), (1, 0), (1, 2), (1, 8)): 0.00012119743061447097
((0, 4), (0, 5), (0, 11), (1, 12)): 0.00012119743061447097
((0, 3), (0, 8), (1, 7)): 0.00012119743061447097
((0, 9), (1, 2), (1, 4), (1, 8)): 0.00012119743061447097
((0, 3), (0, 11), (1, 10), (1, 15)): 0.00012119743061447097
((0, 6), (0, 12), (1, 11), (1, 15)): 0.00012119743061447097
((0, 4), (1, 3), (1, 8)): 0.00012119743061447097
((0, 0), (0, 6), (1, 0), (1, 1), (1, 6)): 0.00012119743061447097
((0, 5), (1, 3), (1, 10)): 0.00012119743061447097
((0, 7), (1, 1), (1, 2), (1, 6)): 0.00012119743061447097
((0, 7), (0, 13), (1, 6), (1, 12)): 0.00012119743061447097
((0, 1), (0, 4), (0, 11), (1, 5), (1, 10)): 0.00012119743061447097
((0, 14), (1, 5), (1, 7), (1, 13)): 0.00012119743061447097
((1, 10), (1, 14)): 0.00012119743061447097
((0, 1), (0, 2), (0, 12), (1, 9)): 0.00012119743061447097
((0, 6), (1, 4), (1, 11)): 0.00012119743061447097
((0, 6), (0, 14), (1, 7), (1, 12)): 0.00012119743061447097
((0, 3), (0, 11), (1, 3), (1, 4), (1, 9)): 0.00012119743061447097
((0, 8), (0, 15), (1, 12)): 0.00012119743061447097
((0, 5), (0, 12), (1, 7), (1, 12)): 0.00012119743061447097
((0, 1), (0, 6), (1, 0), (1, 6)): 0.00012119743061447097
((0, 7), (0, 8), (0, 13), (1, 13)): 0.00012119743061447097
((0, 10), (1, 3), (1, 3), (1, 4), (1, 10)): 0.00012119743061447097
((0, 1), (0, 7), (1, 1), (1, 6)): 0.00012119743061447097
((0, 10), (1, 6)): 0.00012119743061447097
((0, 8), (1, 0), (1, 1), (1, 2), (1, 7)): 0.00012119743061447097
((0, 2), (0, 7), (1, 6)): 0.00012119743061447097
((1, 4), (1, 13)): 0.00012119743061447097
((0, 15), (1, 7)): 0.00012119743061447097
((0, 13), (1, 12), (1, 15)): 0.00012119743061447097
((0, 7), (0, 8), (0, 13), (1, 12)): 0.00012119743061447097
((0, 4), (0, 8), (1, 3), (1, 7)): 0.00012119743061447097
((0, 4), (0, 10), (1, 4), (1, 11)): 0.00012119743061447097
((0, 2), (0, 7), (1, 3), (1, 6)): 0.00012119743061447097
((0, 4), (0, 11), (1, 6), (1, 10)): 0.00012119743061447097
((0, 10), (1, 0), (1, 1), (1, 8)): 0.00012119743061447097
((0, 2), (0, 7), (1, 1), (1, 7)): 0.00012119743061447097
((0, 3), (0, 9), (1, 3), (1, 7)): 0.00012119743061447097
((0, 5), (0, 14), (1, 13)): 0.00012119743061447097
((0, 0), (0, 8), (1, 9)): 0.00012119743061447097
((0, 0), (0, 7), (1, 0), (1, 8)): 0.00012119743061447097
((0, 4), (0, 14), (1, 4), (1, 12)): 0.00012119743061447097
((0, 5), (0, 13)): 0.00012119743061447097
((0, 8), (0, 14), (1, 5), (1, 12)): 0.00012119743061447097
((0, 11), (1, 4), (1, 5)): 0.00012119743061447097
((0, 9), (1, 1), (1, 1), (1, 9)): 0.00012119743061447097
((0, 10), (1, 0), (1, 9)): 0.00012119743061447097
((0, 6), (0, 8), (1, 13)): 0.00012119743061447097
((0, 0), (0, 10), (1, 8)): 0.00012119743061447097
((0, 3), (0, 12), (1, 5), (1, 10)): 0.00012119743061447097
((0, 3), (0, 3), (0, 10), (1, 10)): 0.00012119743061447097
((0, 15), (1, 7), (1, 12)): 0.00012119743061447097
((0, 3), (0, 10), (1, 5), (1, 9)): 0.00012119743061447097
((0, 6), (0, 7), (0, 14), (1, 14)): 0.00012119743061447097
((0, 1), (0, 9), (1, 3), (1, 4), (1, 9)): 0.00012119743061447097
((0, 1), (0, 3), (0, 10), (1, 8)): 0.00012119743061447097
((0, 6), (0, 10), (1, 5), (1, 10)): 0.00012119743061447097
((0, 6), (0, 11), (1, 3), (1, 11)): 0.00012119743061447097
((0, 7), (0, 13), (1, 15)): 0.00012119743061447097
((0, 1), (0, 9), (1, 2), (1, 3), (1, 9)): 0.00012119743061447097
((0, 6), (0, 14), (1, 6), (1, 11)): 0.00012119743061447097
((0, 0), (0, 5), (1, 0), (1, 4)): 0.00012119743061447097
((0, 2), (0, 3), (0, 7), (1, 7)): 0.00012119743061447097
((0, 4), (1, 12)): 0.00012119743061447097
((0, 7), (1, 1), (1, 5)): 0.00012119743061447097
((0, 4), (0, 12), (1, 5)): 0.00012119743061447097
((0, 1), (0, 9), (1, 3), (1, 7)): 0.00012119743061447097
((0, 9), (1, 0), (1, 6)): 0.00012119743061447097
((0, 8), (1, 0), (1, 5)): 0.00012119743061447097
((0, 3), (0, 9), (1, 3), (1, 10)): 0.00012119743061447097
((0, 8), (0, 9), (1, 13)): 0.00012119743061447097
((0, 6), (0, 15), (1, 12)): 0.00012119743061447097
((0, 10), (1, 0), (1, 8)): 0.00012119743061447097
((0, 4), (0, 5), (0, 11), (1, 5), (1, 10)): 0.00012119743061447097
((0, 5), (0, 6), (0, 11), (1, 5), (1, 11)): 0.00012119743061447097
((0, 12), (1, 5), (1, 7), (1, 11)): 0.00012119743061447097
((0, 6), (1, 0), (1, 8)): 0.00012119743061447097
((0, 7), (0, 13)): 0.00012119743061447097
((0, 3), (0, 4), (0, 11), (1, 4), (1, 10)): 0.00012119743061447097
((0, 6), (0, 14), (1, 7), (1, 13)): 0.00012119743061447097
((0, 8), (1, 2), (1, 9)): 0.00012119743061447097
((0, 2), (0, 9), (1, 1), (1, 2), (1, 8)): 0.00012119743061447097
((0, 10), (0, 10), (1, 15)): 0.00012119743061447097
((0, 3), (0, 7), (1, 7)): 0.00012119743061447097
((0, 6), (0, 13), (1, 6), (1, 12)): 0.00012119743061447097
((0, 9), (1, 2), (1, 3), (1, 10)): 0.00012119743061447097
((0, 5), (1, 4), (1, 9)): 0.00012119743061447097
((0, 2), (0, 11), (1, 8)): 0.00012119743061447097
((0, 2), (0, 10), (1, 2), (1, 3), (1, 9)): 0.00012119743061447097
((0, 13), (1, 3), (1, 11)): 0.00012119743061447097
((0, 1), (0, 10), (1, 10)): 0.00012119743061447097
((0, 5), (0, 11), (1, 3), (1, 9)): 0.00012119743061447097
((0, 1), (1, 2), (1, 8)): 0.00012119743061447097
((0, 3), (0, 4), (0, 10), (1, 3), (1, 10)): 0.00012119743061447097
((0, 2), (0, 11), (1, 4), (1, 9)): 0.00012119743061447097
((0, 2), (0, 5), (0, 10), (1, 9)): 0.00012119743061447097
((0, 6), (0, 7), (0, 13), (1, 11)): 0.00012119743061447097
((0, 4), (0, 4), (0, 11)): 0.00012119743061447097
((0, 4), (0, 9)): 0.00012119743061447097
((0, 2), (0, 4), (0, 11), (1, 10)): 0.00012119743061447097
((0, 1), (0, 2), (0, 10), (1, 9)): 0.00012119743061447097
((0, 4), (0, 5), (0, 6), (0, 11), (1, 10)): 0.00012119743061447097
((0, 4), (0, 4), (0, 12), (1, 10)): 0.00012119743061447097
((0, 4), (0, 12), (1, 5), (1, 10)): 0.00012119743061447097
((0, 5), (0, 11), (1, 3), (1, 4), (1, 10)): 0.00012119743061447097
((0, 4), (0, 5), (0, 14), (1, 11)): 0.00012119743061447097
((0, 3), (0, 4), (0, 10), (1, 11)): 0.00012119743061447097
((0, 14), (1, 8), (1, 13)): 0.00012119743061447097
((0, 6), (1, 1), (1, 5)): 0.00012119743061447097
((0, 6), (0, 15), (1, 14)): 0.00012119743061447097
((0, 1), (0, 1), (0, 6), (1, 6)): 0.00012119743061447097
((1, 2), (1, 10)): 0.00012119743061447097
((0, 6), (0, 7), (0, 12), (1, 5), (1, 11)): 0.00012119743061447097
((0, 1), (0, 8), (1, 1), (1, 6)): 0.00012119743061447097
((0, 2), (0, 4), (0, 10), (1, 3), (1, 9)): 0.00012119743061447097
((0, 3), (0, 4), (1, 10)): 0.00012119743061447097
((1, 1), (1, 5)): 0.00012119743061447097
((0, 3), (1, 4), (1, 8)): 0.00012119743061447097
((0, 3), (0, 4), (0, 11), (1, 3), (1, 10)): 0.00012119743061447097
((0, 10), (1, 3), (1, 3), (1, 8)): 0.00012119743061447097
((0, 6), (0, 14), (1, 5), (1, 12)): 0.00012119743061447097
((0, 10), (1, 1), (1, 1), (1, 9)): 0.00012119743061447097
((0, 8), (1, 1), (1, 3), (1, 8)): 0.00012119743061447097
((0, 8), (1, 8), (1, 15)): 0.00012119743061447097
((0, 1), (0, 5), (1, 4)): 0.00012119743061447097
((0, 8), (0, 13), (1, 6), (1, 14)): 0.00012119743061447097
((0, 5), (0, 5), (0, 12), (1, 12)): 0.00012119743061447097
((0, 5), (0, 5), (0, 14), (1, 12)): 0.00012119743061447097
((0, 1), (0, 3), (0, 10), (1, 9)): 0.00012119743061447097
((0, 3), (0, 4), (0, 12), (1, 4), (1, 10)): 0.00012119743061447097
((0, 1), (0, 3), (0, 10), (1, 10)): 0.00012119743061447097
((1, 1), (1, 10)): 0.00012119743061447097
((0, 2), (0, 3), (0, 3), (0, 9), (1, 9)): 0.00012119743061447097
((0, 3), (1, 4), (1, 11)): 0.00012119743061447097
((0, 5), (1, 0), (1, 0), (1, 5)): 0.00012119743061447097
((0, 5), (0, 11), (1, 5), (1, 9)): 0.00012119743061447097
((0, 1), (0, 7), (1, 2), (1, 7)): 0.00012119743061447097
((0, 4), (0, 10), (1, 5), (1, 11)): 0.00012119743061447097
((0, 12), (1, 4), (1, 11), (1, 15)): 0.00012119743061447097
((0, 5), (0, 5), (0, 6), (0, 11), (1, 10)): 0.00012119743061447097
((0, 13), (1, 5), (1, 13)): 0.00012119743061447097
((0, 8), (1, 0), (1, 0), (1, 6)): 0.00012119743061447097
((0, 1), (0, 9), (1, 3), (1, 9)): 0.00012119743061447097
((0, 0), (0, 9), (1, 1), (1, 8)): 0.00012119743061447097
((0, 2), (0, 3), (0, 4), (0, 9), (1, 9)): 0.00012119743061447097
((0, 1), (0, 7), (1, 1), (1, 8)): 0.00012119743061447097
((0, 2), (0, 4), (0, 9), (1, 4), (1, 8)): 0.00012119743061447097
((0, 0), (0, 2), (0, 8), (1, 1), (1, 7)): 0.00012119743061447097
((0, 0), (0, 0), (0, 6), (1, 7)): 0.00012119743061447097
((0, 10), (1, 0), (1, 1), (1, 9)): 0.00012119743061447097
((0, 11), (1, 11), (1, 15)): 0.00012119743061447097
((0, 2), (0, 12), (1, 4), (1, 9)): 0.00012119743061447097
((0, 6), (0, 8), (0, 13), (1, 12)): 0.00012119743061447097
((0, 5), (0, 5), (0, 13), (1, 12)): 0.00012119743061447097
((0, 6), (0, 11), (1, 6), (1, 10)): 0.00012119743061447097
((0, 10), (1, 2), (1, 5), (1, 10)): 0.00012119743061447097
((0, 9), (1, 4), (1, 4), (1, 8)): 0.00012119743061447097
((0, 4), (0, 12), (1, 4), (1, 11)): 0.00012119743061447097
((0, 6), (0, 7), (0, 12), (1, 12)): 0.00012119743061447097
((0, 2), (0, 11), (1, 3), (1, 9)): 0.00012119743061447097
((0, 6), (0, 15), (1, 15)): 0.00012119743061447097
((0, 7), (0, 8), (0, 15)): 0.00012119743061447097
((0, 8), (1, 11)): 0.00012119743061447097
((0, 4), (1, 3), (1, 9)): 0.00012119743061447097
((0, 2), (0, 2), (0, 8), (1, 9)): 0.00012119743061447097
((0, 2), (0, 9), (1, 3), (1, 10)): 0.00012119743061447097
((0, 14), (1, 4), (1, 11)): 0.00012119743061447097
((0, 5), (0, 12), (1, 14)): 0.00012119743061447097
((0, 5), (0, 14), (1, 7), (1, 12)): 0.00012119743061447097
((0, 2), (0, 7), (1, 1), (1, 1), (1, 7)): 0.00012119743061447097
((0, 5), (1, 1), (1, 5)): 0.00012119743061447097
((0, 13), (1, 9)): 0.00012119743061447097
((0, 3), (0, 4), (0, 10), (1, 2), (1, 9)): 0.00012119743061447097
((0, 11), (1, 6)): 0.00012119743061447097
((0, 13), (1, 6), (1, 7), (1, 12)): 0.00012119743061447097
((0, 4), (0, 11), (1, 2), (1, 9)): 0.00012119743061447097
((0, 3), (0, 11), (1, 2), (1, 9)): 0.00012119743061447097
((0, 13), (1, 5), (1, 5), (1, 12)): 0.00012119743061447097
((0, 1), (0, 3), (0, 8), (1, 8)): 0.00012119743061447097
((1, 2), (1, 3), (1, 10)): 0.00012119743061447097
((0, 12), (0, 15), (1, 15)): 0.00012119743061447097
((0, 1), (0, 10), (1, 7)): 0.00012119743061447097
((0, 0), (0, 0), (0, 8), (1, 8)): 0.00012119743061447097
((0, 0), (0, 8), (1, 0), (1, 6)): 0.00012119743061447097
((0, 12), (1, 8), (1, 12)): 0.00012119743061447097
((0, 2), (0, 3), (0, 8), (1, 7)): 0.00012119743061447097
((0, 2), (0, 10), (1, 5), (1, 10)): 0.00012119743061447097
((0, 0), (0, 0), (0, 5), (1, 5)): 0.00012119743061447097
((0, 1), (0, 6), (1, 1), (1, 7)): 0.00012119743061447097
((0, 4), (0, 4), (0, 11), (1, 5), (1, 9)): 0.00012119743061447097
((0, 3), (0, 9), (1, 5), (1, 9)): 0.00012119743061447097
((0, 5), (0, 8), (0, 14), (1, 12)): 0.00012119743061447097
((0, 6), (0, 11), (1, 3), (1, 5), (1, 11)): 0.00012119743061447097
((0, 5), (0, 12), (1, 4), (1, 12)): 0.00012119743061447097
((0, 4), (0, 12), (1, 3), (1, 10)): 0.00012119743061447097
((0, 8), (1, 2), (1, 2), (1, 8)): 0.00012119743061447097
((0, 6), (0, 12), (1, 3), (1, 11)): 0.00012119743061447097
((0, 1), (0, 7), (1, 2), (1, 6)): 0.00012119743061447097
((0, 14), (1, 6), (1, 14)): 0.00012119743061447097
((0, 5), (0, 6), (0, 13), (1, 12)): 0.00012119743061447097
((0, 1), (0, 1), (0, 8), (1, 6)): 0.00012119743061447097
((0, 7), (0, 13), (1, 7), (1, 12)): 0.00012119743061447097
((0, 6), (1, 0), (1, 1), (1, 7)): 0.00012119743061447097
((0, 3), (0, 5), (0, 12), (1, 11)): 0.00012119743061447097
((0, 2), (0, 4), (0, 9), (1, 10)): 0.00012119743061447097
((0, 5), (0, 5), (0, 11), (1, 4), (1, 10)): 0.00012119743061447097
((0, 0), (0, 1), (0, 1), (0, 7), (1, 7)): 0.00012119743061447097
((1, 3), (1, 3), (1, 8)): 0.00012119743061447097
((0, 10), (1, 4), (1, 5), (1, 11)): 0.00012119743061447097
((0, 8), (0, 12), (1, 12)): 0.00012119743061447097
((0, 3), (0, 4), (0, 5), (1, 10)): 0.00012119743061447097
((0, 5), (1, 3), (1, 9)): 0.00012119743061447097
((0, 8), (0, 14), (1, 7), (1, 13)): 0.00012119743061447097
((0, 7), (1, 0), (1, 1), (1, 1), (1, 7)): 0.00012119743061447097
((0, 12), (1, 5)): 0.00012119743061447097
((0, 5), (0, 12), (1, 4), (1, 10)): 0.00012119743061447097
((0, 7), (0, 9)): 0.00012119743061447097
((0, 5), (0, 11), (1, 4), (1, 5), (1, 11)): 0.00012119743061447097
((0, 4), (0, 6), (0, 7), (0, 11), (1, 11)): 0.00012119743061447097
((0, 10), (1, 4), (1, 4), (1, 11)): 0.00012119743061447097
((0, 5), (0, 12), (1, 11), (1, 15)): 0.00012119743061447097
((0, 10), (1, 2), (1, 2), (1, 10)): 0.00012119743061447097
((0, 2), (0, 12), (1, 10)): 0.00012119743061447097
((0, 1), (0, 1), (0, 9), (1, 7)): 0.00012119743061447097
((1, 2), (1, 3), (1, 9)): 0.00012119743061447097
((0, 8), (1, 0), (1, 9)): 0.00012119743061447097
((0, 1), (0, 2), (0, 8), (1, 1), (1, 7)): 0.00012119743061447097
((0, 7), (1, 3), (1, 3), (1, 7)): 0.00012119743061447097
((0, 3), (0, 4), (0, 9), (1, 2), (1, 9)): 0.00012119743061447097
((0, 8), (1, 4), (1, 8)): 0.00012119743061447097
((0, 4), (0, 13)): 0.00012119743061447097
((0, 13), (1, 2), (1, 11)): 0.00012119743061447097
((0, 1), (0, 4), (0, 10), (1, 10)): 8.079828707631398e-05
((0, 1), (0, 2), (0, 6), (1, 5)): 8.079828707631398e-05
((0, 7), (0, 12), (1, 5), (1, 11)): 8.079828707631398e-05
((0, 3), (0, 4), (0, 12), (1, 11)): 8.079828707631398e-05
((0, 3), (0, 4), (0, 10), (1, 3), (1, 9)): 8.079828707631398e-05
((0, 5), (0, 11), (1, 6), (1, 12)): 8.079828707631398e-05
((0, 3), (0, 8), (1, 2), (1, 7)): 8.079828707631398e-05
((0, 4), (0, 5), (0, 10), (1, 2), (1, 10)): 8.079828707631398e-05
((0, 4), (0, 5), (0, 6), (0, 11), (1, 11)): 8.079828707631398e-05
((0, 3), (0, 4), (0, 10), (1, 4), (1, 10)): 8.079828707631398e-05
((0, 0), (0, 2), (0, 3), (0, 8), (1, 7)): 8.079828707631398e-05
((0, 4), (0, 9), (1, 5), (1, 9)): 8.079828707631398e-05
((0, 0), (0, 1), (0, 1), (0, 8), (1, 8)): 8.079828707631398e-05
((0, 7), (0, 15), (1, 7), (1, 14)): 8.079828707631398e-05
((0, 1), (0, 3), (0, 4), (0, 10), (1, 9)): 8.079828707631398e-05
((0, 4), (0, 4), (0, 10), (1, 1), (1, 9)): 8.079828707631398e-05
((0, 14), (1, 8), (1, 8), (1, 14)): 8.079828707631398e-05
((0, 7), (1, 1), (1, 9)): 8.079828707631398e-05
((0, 3), (0, 4), (0, 12), (1, 8)): 8.079828707631398e-05
((0, 9), (1, 2), (1, 2), (1, 3), (1, 8)): 8.079828707631398e-05
((0, 6), (0, 10), (1, 11)): 8.079828707631398e-05
((0, 9), (0, 15), (1, 9), (1, 13)): 8.079828707631398e-05
((0, 15), (1, 5), (1, 11), (1, 15)): 8.079828707631398e-05
((0, 2), (0, 4), (0, 8), (1, 8)): 8.079828707631398e-05
((0, 2), (0, 7), (1, 1), (1, 6)): 8.079828707631398e-05
((0, 2), (0, 8), (1, 9)): 8.079828707631398e-05
((0, 2), (0, 5), (0, 10), (1, 10)): 8.079828707631398e-05
((0, 2), (0, 3), (0, 10), (1, 4), (1, 10)): 8.079828707631398e-05
((0, 10), (1, 5)): 8.079828707631398e-05
((0, 5), (0, 13), (1, 7), (1, 12)): 8.079828707631398e-05
((0, 14), (1, 5), (1, 11)): 8.079828707631398e-05
((0, 2), (0, 4), (1, 9)): 8.079828707631398e-05
((0, 14), (1, 0), (1, 7), (1, 12)): 8.079828707631398e-05
((0, 10), (1, 12), (1, 15)): 8.079828707631398e-05
((0, 2), (0, 10), (1, 3), (1, 8), (1, 15)): 8.079828707631398e-05
((0, 4), (0, 5), (0, 9), (1, 9)): 8.079828707631398e-05
((0, 1), (0, 2), (0, 7), (1, 0), (1, 6)): 8.079828707631398e-05
((0, 0), (0, 6), (0, 11), (1, 5), (1, 10)): 8.079828707631398e-05
((0, 11), (1, 3), (1, 4), (1, 8)): 8.079828707631398e-05
((0, 0), (0, 10), (1, 6)): 8.079828707631398e-05
((0, 8), (0, 15), (1, 10), (1, 13)): 8.079828707631398e-05
((1, 10), (1, 10), (1, 15)): 8.079828707631398e-05
((0, 9), (0, 10)): 8.079828707631398e-05
((0, 5), (0, 11), (1, 4)): 8.079828707631398e-05
((0, 11), (0, 15), (1, 4), (1, 15)): 8.079828707631398e-05
((0, 1), (0, 7), (1, 3), (1, 7)): 8.079828707631398e-05
((0, 7), (0, 8), (0, 14), (1, 12)): 8.079828707631398e-05
((0, 6), (0, 12), (1, 7), (1, 12)): 8.079828707631398e-05
((0, 5), (0, 10), (1, 2), (1, 4), (1, 9)): 8.079828707631398e-05
((0, 7), (0, 8), (1, 12)): 8.079828707631398e-05
((0, 8), (0, 12), (1, 14)): 8.079828707631398e-05
((0, 1), (0, 2), (0, 3), (0, 9), (1, 8)): 8.079828707631398e-05
((0, 1), (0, 3), (0, 8), (1, 7)): 8.079828707631398e-05
((0, 2), (0, 4), (0, 11), (1, 4), (1, 10)): 8.079828707631398e-05
((0, 5), (0, 6), (1, 11)): 8.079828707631398e-05
((0, 2), (0, 9), (1, 2), (1, 10)): 8.079828707631398e-05
((0, 1), (1, 6)): 8.079828707631398e-05
((0, 5), (0, 14), (1, 10)): 8.079828707631398e-05
((0, 10), (1, 2), (1, 3), (1, 3), (1, 9)): 8.079828707631398e-05
((1, 3), (1, 3), (1, 10)): 8.079828707631398e-05
((0, 12), (1, 5), (1, 14)): 8.079828707631398e-05
((1, 2), (1, 6)): 8.079828707631398e-05
((0, 4), (0, 12), (1, 9)): 8.079828707631398e-05
((0, 9), (0, 9), (0, 15)): 8.079828707631398e-05
((0, 6), (0, 11), (1, 0), (1, 6), (1, 11)): 8.079828707631398e-05
((0, 12), (1, 3), (1, 4), (1, 5), (1, 11)): 8.079828707631398e-05
((0, 7), (0, 14), (1, 1), (1, 1), (1, 6), (1, 12)): 8.079828707631398e-05
((0, 3), (0, 10), (1, 1)): 8.079828707631398e-05
((0, 8), (0, 9)): 8.079828707631398e-05
((0, 4), (0, 10), (1, 4), (1, 5), (1, 9)): 8.079828707631398e-05
((0, 3), (0, 4), (0, 9), (1, 1), (1, 9)): 8.079828707631398e-05
((0, 6), (0, 14), (1, 5), (1, 11)): 8.079828707631398e-05
((0, 3), (1, 2), (1, 8)): 8.079828707631398e-05
((0, 9), (0, 15), (1, 8), (1, 13)): 8.079828707631398e-05
((0, 4), (0, 15), (1, 9), (1, 15)): 8.079828707631398e-05
((0, 1), (0, 7), (1, 2), (1, 9)): 8.079828707631398e-05
((0, 9), (0, 11), (1, 15)): 8.079828707631398e-05
((0, 0), (0, 9), (1, 1), (1, 6)): 8.079828707631398e-05
((0, 9), (1, 4), (1, 4), (1, 10)): 8.079828707631398e-05
((0, 2), (0, 2), (1, 6)): 8.079828707631398e-05
((0, 2), (0, 2), (0, 3), (0, 10), (1, 10)): 8.079828707631398e-05
((0, 5), (0, 15), (1, 14)): 8.079828707631398e-05
((0, 5), (0, 6), (0, 11), (1, 10), (1, 15)): 8.079828707631398e-05
((0, 10), (1, 3), (1, 4), (1, 4), (1, 9)): 8.079828707631398e-05
((0, 10), (1, 1), (1, 2), (1, 10)): 8.079828707631398e-05
((0, 13), (1, 5), (1, 10)): 8.079828707631398e-05
((0, 4), (0, 5), (0, 11), (1, 3), (1, 10)): 8.079828707631398e-05
((0, 5), (0, 13), (1, 4), (1, 12)): 8.079828707631398e-05
((1, 5), (1, 5), (1, 11)): 8.079828707631398e-05
((0, 5), (1, 12), (1, 15)): 8.079828707631398e-05
((0, 15), (1, 15), (1, 15)): 8.079828707631398e-05
((0, 3), (0, 4), (0, 5), (0, 10), (1, 9)): 8.079828707631398e-05
((0, 0), (0, 6), (1, 8)): 8.079828707631398e-05
((0, 9), (1, 7), (1, 15)): 8.079828707631398e-05
((0, 9), (0, 10), (1, 15)): 8.079828707631398e-05
((0, 1), (0, 2), (0, 3), (0, 8), (1, 7)): 8.079828707631398e-05
((0, 9), (0, 13)): 8.079828707631398e-05
((0, 11), (1, 2), (1, 4), (1, 4), (1, 10)): 8.079828707631398e-05
((0, 7), (1, 6), (1, 13)): 8.079828707631398e-05
((0, 7), (0, 12), (1, 7), (1, 11)): 8.079828707631398e-05
((0, 11), (1, 6), (1, 12)): 8.079828707631398e-05
((0, 12), (1, 2), (1, 9)): 8.079828707631398e-05
((0, 7), (0, 9), (1, 15)): 8.079828707631398e-05
((0, 14), (1, 4), (1, 12)): 8.079828707631398e-05
((0, 8), (1, 3), (1, 4), (1, 8)): 8.079828707631398e-05
((0, 2), (0, 9), (1, 5), (1, 10)): 8.079828707631398e-05
((0, 5), (0, 14)): 8.079828707631398e-05
((0, 6), (0, 8), (1, 14)): 8.079828707631398e-05
((0, 2), (0, 3), (0, 9), (1, 10)): 8.079828707631398e-05
((0, 8), (1, 8), (1, 14)): 8.079828707631398e-05
((0, 14), (1, 11), (1, 15)): 8.079828707631398e-05
((0, 2), (0, 9), (1, 3), (1, 7)): 8.079828707631398e-05
((1, 2), (1, 4), (1, 11)): 8.079828707631398e-05
((0, 13), (1, 4)): 8.079828707631398e-05
((0, 12), (1, 2), (1, 4), (1, 11)): 8.079828707631398e-05
((0, 4), (0, 4), (1, 8)): 8.079828707631398e-05
((0, 0), (0, 4), (1, 0), (1, 4)): 8.079828707631398e-05
((0, 8), (1, 2), (1, 10)): 8.079828707631398e-05
((0, 7), (0, 7), (0, 14), (1, 12)): 8.079828707631398e-05
((0, 5), (1, 7)): 8.079828707631398e-05
((0, 4), (0, 10), (1, 3), (1, 11)): 8.079828707631398e-05
((0, 4), (0, 10), (1, 8)): 8.079828707631398e-05
((0, 5), (0, 12), (1, 4), (1, 5), (1, 11)): 8.079828707631398e-05
((0, 2), (0, 2), (0, 2), (0, 8), (1, 8)): 8.079828707631398e-05
((0, 8), (0, 14), (1, 11)): 8.079828707631398e-05
((0, 0), (0, 2), (0, 8), (1, 5)): 8.079828707631398e-05
((0, 3), (0, 6), (0, 11), (1, 10)): 8.079828707631398e-05
((0, 10), (1, 3)): 8.079828707631398e-05
((0, 7), (0, 13), (1, 8), (1, 13)): 8.079828707631398e-05
((0, 1), (0, 1), (0, 7), (1, 8)): 8.079828707631398e-05
((0, 9), (0, 10), (1, 13)): 8.079828707631398e-05
((0, 6), (0, 11), (1, 10), (1, 15)): 8.079828707631398e-05
((0, 12), (1, 4), (1, 4), (1, 4), (1, 11)): 8.079828707631398e-05
((0, 3), (0, 4), (0, 9), (1, 10)): 8.079828707631398e-05
((0, 13), (0, 15), (1, 13)): 8.079828707631398e-05
((0, 6), (1, 0), (1, 1), (1, 5)): 8.079828707631398e-05
((0, 3), (0, 3), (0, 8), (1, 7)): 8.079828707631398e-05
((0, 2), (0, 8), (1, 1), (1, 6)): 8.079828707631398e-05
((0, 0), (0, 6), (0, 11), (1, 5), (1, 11)): 8.079828707631398e-05
((0, 0), (0, 8), (1, 2), (1, 6)): 8.079828707631398e-05
((0, 5), (0, 6), (0, 14), (1, 5), (1, 12)): 8.079828707631398e-05
((0, 2), (0, 3), (0, 4), (0, 8), (1, 8)): 8.079828707631398e-05
((0, 14), (1, 3), (1, 12)): 8.079828707631398e-05
((0, 8), (1, 7), (1, 12)): 8.079828707631398e-05
((0, 3), (0, 11), (1, 3), (1, 9)): 8.079828707631398e-05
((0, 0), (0, 1), (0, 1), (0, 8), (1, 7)): 8.079828707631398e-05
((0, 0), (0, 6), (1, 0), (1, 0), (1, 5)): 8.079828707631398e-05
((0, 10), (1, 3), (1, 4), (1, 10), (1, 15)): 8.079828707631398e-05
((0, 5), (0, 11), (1, 5)): 8.079828707631398e-05
((0, 3), (0, 4), (0, 9), (1, 4), (1, 9)): 8.079828707631398e-05
((0, 3), (0, 9), (1, 2), (1, 7)): 8.079828707631398e-05
((0, 4), (0, 6), (0, 12), (1, 5), (1, 11)): 8.079828707631398e-05
((0, 3), (0, 4), (0, 5), (0, 11), (1, 10)): 8.079828707631398e-05
((0, 6), (0, 7), (0, 12), (1, 11)): 8.079828707631398e-05
((0, 14), (1, 5), (1, 7), (1, 12)): 8.079828707631398e-05
((0, 0), (0, 5), (1, 0), (1, 6)): 8.079828707631398e-05
((0, 7), (0, 9), (0, 15), (1, 15)): 8.079828707631398e-05
((0, 3), (0, 10), (1, 0), (1, 9)): 8.079828707631398e-05
((0, 11), (1, 2), (1, 4), (1, 10)): 8.079828707631398e-05
((0, 2), (0, 10), (1, 1), (1, 7)): 8.079828707631398e-05
((0, 15), (1, 6), (1, 15)): 8.079828707631398e-05
((0, 2), (0, 8), (1, 1), (1, 2), (1, 9)): 8.079828707631398e-05
((0, 0), (0, 1), (0, 7), (1, 1), (1, 6)): 8.079828707631398e-05
((0, 4), (0, 4), (0, 10)): 8.079828707631398e-05
((0, 8), (0, 15), (1, 0), (1, 0), (1, 6), (1, 15)): 8.079828707631398e-05
((0, 1), (0, 3), (0, 8), (1, 2), (1, 8)): 8.079828707631398e-05
((0, 3), (0, 8), (1, 0), (1, 7)): 8.079828707631398e-05
((0, 0), (0, 1), (0, 7), (1, 1), (1, 7)): 8.079828707631398e-05
((0, 3), (0, 10), (1, 4), (1, 5), (1, 9)): 8.079828707631398e-05
((0, 5), (0, 12), (1, 3), (1, 10)): 8.079828707631398e-05
((0, 6), (0, 13), (1, 14), (1, 15)): 8.079828707631398e-05
((0, 1), (1, 10)): 8.079828707631398e-05
((0, 2), (0, 11), (1, 4), (1, 10)): 8.079828707631398e-05
((0, 15), (1, 4), (1, 15)): 8.079828707631398e-05
((0, 5), (0, 5), (0, 10), (1, 9)): 8.079828707631398e-05
((0, 0), (0, 2), (0, 7), (1, 2), (1, 7)): 8.079828707631398e-05
((0, 4), (0, 11), (1, 5), (1, 6), (1, 10)): 8.079828707631398e-05
((0, 1), (0, 8), (1, 2), (1, 6)): 8.079828707631398e-05
((0, 5), (1, 5), (1, 10)): 8.079828707631398e-05
((0, 5), (0, 5), (0, 11), (1, 9)): 8.079828707631398e-05
((0, 15), (1, 9), (1, 10), (1, 13)): 8.079828707631398e-05
((0, 4), (0, 5), (0, 11), (1, 5), (1, 11)): 8.079828707631398e-05
((0, 9), (1, 0), (1, 2), (1, 8)): 8.079828707631398e-05
((0, 2), (0, 3), (1, 8)): 8.079828707631398e-05
((0, 5), (0, 6), (0, 10), (1, 10)): 8.079828707631398e-05
((0, 6), (0, 13), (1, 5), (1, 7), (1, 12)): 8.079828707631398e-05
((0, 4), (0, 10), (1, 1), (1, 5), (1, 9)): 8.079828707631398e-05
((0, 11), (1, 5), (1, 6), (1, 10)): 8.079828707631398e-05
((0, 3), (0, 4), (0, 10), (1, 10), (1, 15)): 8.079828707631398e-05
((1, 1), (1, 2), (1, 9)): 8.079828707631398e-05
((1, 1), (1, 7)): 8.079828707631398e-05
((0, 4), (0, 4), (0, 12), (1, 12)): 8.079828707631398e-05
((0, 1), (0, 10)): 8.079828707631398e-05
((0, 14), (1, 3), (1, 10)): 8.079828707631398e-05
((0, 6), (0, 6), (0, 12), (1, 10)): 8.079828707631398e-05
((0, 3), (0, 4), (0, 4), (0, 9), (1, 9)): 8.079828707631398e-05
((0, 12), (1, 3), (1, 4), (1, 11)): 8.079828707631398e-05
((0, 2), (0, 5), (0, 11), (1, 10)): 8.079828707631398e-05
((0, 0), (0, 1), (0, 8), (1, 1), (1, 8)): 8.079828707631398e-05
((0, 0), (0, 1), (0, 2), (0, 9), (1, 8)): 8.079828707631398e-05
((0, 6), (0, 14), (1, 6), (1, 12)): 8.079828707631398e-05
((0, 7), (0, 12), (1, 6), (1, 13)): 8.079828707631398e-05
((0, 12), (1, 5), (1, 13)): 8.079828707631398e-05
((0, 4), (0, 8), (1, 1), (1, 8)): 8.079828707631398e-05
((0, 4), (0, 4), (0, 5), (0, 11), (1, 11)): 8.079828707631398e-05
((0, 13), (1, 6), (1, 7), (1, 11)): 8.079828707631398e-05
((0, 1), (0, 9), (1, 3), (1, 3), (1, 9)): 8.079828707631398e-05
((0, 8), (0, 14), (1, 8), (1, 14)): 8.079828707631398e-05
((0, 13), (1, 7), (1, 7), (1, 11)): 8.079828707631398e-05
((0, 11), (1, 0), (1, 4), (1, 5), (1, 10)): 8.079828707631398e-05
((0, 5), (0, 5), (0, 14), (1, 11)): 8.079828707631398e-05
((1, 5), (1, 6), (1, 12)): 8.079828707631398e-05
((0, 8), (1, 3), (1, 9)): 8.079828707631398e-05
((0, 2), (0, 6), (1, 0), (1, 5)): 8.079828707631398e-05
((0, 4), (0, 6), (0, 10), (1, 1), (1, 4), (1, 10)): 8.079828707631398e-05
((0, 2), (0, 2), (0, 10), (1, 10)): 8.079828707631398e-05
((0, 1), (0, 2), (0, 8), (1, 0), (1, 7)): 8.079828707631398e-05
((0, 7), (0, 13), (1, 6), (1, 14)): 8.079828707631398e-05
((0, 10), (1, 0), (1, 7)): 8.079828707631398e-05
((0, 12), (1, 11), (1, 12)): 8.079828707631398e-05
((0, 6), (0, 6), (1, 5)): 8.079828707631398e-05
((0, 3), (0, 3), (0, 9), (1, 4), (1, 9)): 8.079828707631398e-05
((0, 3), (0, 7), (1, 2), (1, 7)): 8.079828707631398e-05
((0, 2), (0, 4), (0, 11), (1, 11)): 8.079828707631398e-05
((1, 2), (1, 3), (1, 8)): 8.079828707631398e-05
((0, 4), (1, 5), (1, 11)): 8.079828707631398e-05
((0, 3), (0, 11), (1, 4), (1, 8)): 8.079828707631398e-05
((0, 2), (0, 7), (1, 0), (1, 1), (1, 7)): 8.079828707631398e-05
((0, 2), (0, 9), (1, 1), (1, 7), (1, 15)): 8.079828707631398e-05
((0, 1), (0, 6), (1, 1), (1, 5)): 8.079828707631398e-05
((0, 1), (0, 10), (1, 0), (1, 8)): 8.079828707631398e-05
((0, 6), (0, 13), (1, 6), (1, 7), (1, 14)): 8.079828707631398e-05
((0, 2), (0, 15), (1, 9), (1, 15)): 8.079828707631398e-05
((0, 10), (1, 4), (1, 8)): 8.079828707631398e-05
((0, 10), (1, 5), (1, 6), (1, 10)): 8.079828707631398e-05
((0, 0), (0, 1), (0, 6), (1, 1), (1, 6)): 8.079828707631398e-05
((1, 8), (1, 8), (1, 15)): 8.079828707631398e-05
((0, 5), (0, 8), (1, 8)): 8.079828707631398e-05
((0, 2), (0, 8), (1, 1), (1, 2), (1, 7)): 8.079828707631398e-05
((0, 7), (1, 10)): 8.079828707631398e-05
((0, 1), (0, 9), (1, 4), (1, 9)): 8.079828707631398e-05
((0, 0), (0, 0), (0, 0), (0, 9), (1, 7)): 8.079828707631398e-05
((1, 5), (1, 6), (1, 10)): 8.079828707631398e-05
((0, 3), (0, 4), (0, 9), (1, 4), (1, 8)): 8.079828707631398e-05
((0, 2), (0, 8), (1, 4), (1, 8)): 8.079828707631398e-05
((0, 5), (0, 11), (1, 2), (1, 10)): 8.079828707631398e-05
((0, 8), (1, 2), (1, 2), (1, 6)): 8.079828707631398e-05
((1, 3), (1, 3), (1, 9)): 8.079828707631398e-05
((0, 5), (0, 5), (1, 10)): 8.079828707631398e-05
((0, 10), (1, 14)): 8.079828707631398e-05
((0, 3), (0, 14), (1, 12)): 8.079828707631398e-05
((0, 6), (0, 11), (1, 4), (1, 12)): 8.079828707631398e-05
((0, 3), (0, 9), (1, 4), (1, 8), (1, 15)): 8.079828707631398e-05
((0, 14), (0, 15), (1, 12)): 8.079828707631398e-05
((0, 3), (0, 5), (0, 10), (1, 4), (1, 9)): 8.079828707631398e-05
((1, 10), (1, 11)): 8.079828707631398e-05
((0, 0), (0, 6), (1, 2), (1, 5)): 8.079828707631398e-05
((0, 3), (0, 10), (1, 5), (1, 5), (1, 9)): 8.079828707631398e-05
((0, 2), (0, 10), (1, 2), (1, 8)): 8.079828707631398e-05
((1, 7), (1, 14)): 8.079828707631398e-05
((0, 5), (0, 11), (1, 13)): 8.079828707631398e-05
((0, 13), (1, 13), (1, 15)): 8.079828707631398e-05
((0, 7), (1, 1), (1, 3), (1, 7)): 8.079828707631398e-05
((0, 2), (0, 3), (0, 4), (0, 10), (1, 9)): 8.079828707631398e-05
((0, 3), (0, 5), (0, 11), (1, 6), (1, 10)): 8.079828707631398e-05
((0, 1), (0, 6), (1, 7)): 8.079828707631398e-05
((0, 4), (0, 5), (0, 11), (1, 11), (1, 15)): 8.079828707631398e-05
((0, 1), (0, 10), (1, 4), (1, 9)): 8.079828707631398e-05
((0, 0), (0, 1), (0, 8), (1, 1), (1, 7)): 8.079828707631398e-05
((0, 5), (0, 11), (1, 4), (1, 4), (1, 10)): 8.079828707631398e-05
((0, 5), (0, 11), (0, 15), (1, 10), (1, 15)): 8.079828707631398e-05
((0, 7), (1, 7), (1, 13)): 8.079828707631398e-05
((0, 7), (1, 6), (1, 11)): 8.079828707631398e-05
((0, 8), (0, 14)): 8.079828707631398e-05
((0, 1), (1, 1), (1, 7)): 8.079828707631398e-05
((0, 14), (1, 8), (1, 15)): 8.079828707631398e-05
((0, 15), (1, 6), (1, 14)): 8.079828707631398e-05
((0, 14), (1, 4), (1, 9), (1, 14)): 8.079828707631398e-05
((0, 4), (0, 5), (0, 10), (1, 4), (1, 10)): 8.079828707631398e-05
((0, 5), (0, 5), (0, 11), (1, 5), (1, 10)): 8.079828707631398e-05
((1, 4), (1, 5), (1, 9)): 8.079828707631398e-05
((0, 5), (0, 10), (1, 4), (1, 11)): 8.079828707631398e-05
((0, 9), (1, 0), (1, 2), (1, 7)): 8.079828707631398e-05
((0, 3), (0, 4), (0, 10), (1, 2), (1, 10)): 8.079828707631398e-05
((0, 3), (0, 11), (1, 5), (1, 6), (1, 11)): 8.079828707631398e-05
((0, 2), (0, 3), (0, 9), (1, 4), (1, 9)): 8.079828707631398e-05
((0, 2), (0, 9), (1, 4), (1, 10)): 8.079828707631398e-05
((0, 4), (0, 11), (1, 4), (1, 10), (1, 13)): 8.079828707631398e-05
((0, 0), (0, 7), (1, 0), (1, 1), (1, 7)): 8.079828707631398e-05
((0, 5), (1, 4), (1, 12)): 8.079828707631398e-05
((0, 8), (0, 14), (1, 15)): 8.079828707631398e-05
((0, 4), (0, 11), (1, 10), (1, 15)): 8.079828707631398e-05
((0, 2), (0, 5), (0, 11), (1, 9)): 8.079828707631398e-05
((0, 14), (1, 4), (1, 5), (1, 12)): 8.079828707631398e-05
((0, 10), (1, 2)): 8.079828707631398e-05
((0, 12), (1, 4), (1, 4)): 8.079828707631398e-05
((0, 0), (0, 1), (0, 7), (1, 0), (1, 5)): 8.079828707631398e-05
((0, 13), (1, 4), (1, 13)): 8.079828707631398e-05
((0, 1), (0, 4), (0, 10), (1, 2), (1, 3), (1, 4), (1, 9)): 8.079828707631398e-05
((0, 0), (0, 7), (1, 0), (1, 0), (1, 6)): 8.079828707631398e-05
((0, 4), (0, 5), (1, 9)): 8.079828707631398e-05
((0, 9), (1, 4), (1, 4), (1, 9)): 8.079828707631398e-05
((0, 4), (0, 11), (1, 3), (1, 4), (1, 11)): 8.079828707631398e-05
((0, 5), (0, 5), (0, 10), (1, 10)): 8.079828707631398e-05
((0, 12), (1, 6), (1, 14)): 8.079828707631398e-05
((0, 0), (1, 0), (1, 5)): 8.079828707631398e-05
((0, 7), (0, 11), (1, 6), (1, 11)): 8.079828707631398e-05
((0, 9), (0, 10), (0, 15), (1, 15)): 8.079828707631398e-05
((0, 0), (0, 1), (0, 1), (0, 9), (1, 8)): 8.079828707631398e-05
((0, 2), (0, 8), (1, 2), (1, 9)): 8.079828707631398e-05
((0, 0), (0, 1), (0, 5), (1, 5)): 8.079828707631398e-05
((0, 3), (0, 4), (0, 11), (1, 4), (1, 11)): 8.079828707631398e-05
((0, 4), (0, 11), (1, 3), (1, 8)): 8.079828707631398e-05
((0, 2), (0, 9), (1, 0), (1, 2), (1, 8)): 8.079828707631398e-05
((0, 6), (0, 12), (1, 4), (1, 10)): 8.079828707631398e-05
((0, 7), (0, 7), (1, 12)): 8.079828707631398e-05
((0, 13), (1, 5), (1, 7), (1, 12)): 8.079828707631398e-05
((0, 0), (0, 1), (0, 9), (1, 6)): 8.079828707631398e-05
((0, 13), (1, 4), (1, 5), (1, 12)): 8.079828707631398e-05
((0, 9), (1, 1), (1, 4), (1, 8)): 8.079828707631398e-05
((0, 13), (1, 6), (1, 7), (1, 14)): 8.079828707631398e-05
((0, 4), (0, 6), (0, 14)): 8.079828707631398e-05
((0, 2), (0, 3), (1, 9)): 8.079828707631398e-05
((0, 2), (0, 11), (1, 3), (1, 10)): 8.079828707631398e-05
((0, 12), (1, 7), (1, 13)): 8.079828707631398e-05
((0, 5), (0, 6), (0, 11), (1, 12)): 8.079828707631398e-05
((0, 10), (1, 3), (1, 11)): 8.079828707631398e-05
((0, 8), (0, 8), (1, 14)): 8.079828707631398e-05
((0, 6), (0, 14)): 8.079828707631398e-05
((0, 2), (0, 4), (0, 10), (1, 4), (1, 9)): 8.079828707631398e-05
((0, 0), (0, 10), (1, 7)): 8.079828707631398e-05
((0, 0), (0, 1), (0, 8), (1, 0), (1, 8)): 8.079828707631398e-05
((0, 12), (1, 3), (1, 3), (1, 10)): 8.079828707631398e-05
((0, 14), (1, 5), (1, 6), (1, 6), (1, 12)): 8.079828707631398e-05
((0, 0), (1, 4)): 8.079828707631398e-05
((0, 6), (1, 1), (1, 1), (1, 6)): 8.079828707631398e-05
((0, 0), (0, 10), (1, 9)): 8.079828707631398e-05
((0, 3), (0, 4), (0, 10), (1, 8)): 8.079828707631398e-05
((0, 2), (0, 4), (0, 11), (1, 9)): 8.079828707631398e-05
((0, 2), (0, 12), (1, 11)): 8.079828707631398e-05
((0, 4), (0, 12), (1, 4), (1, 5), (1, 11)): 8.079828707631398e-05
((0, 4), (0, 11), (0, 15), (1, 10)): 8.079828707631398e-05
((0, 1), (0, 2), (0, 10), (1, 7)): 8.079828707631398e-05
((0, 10), (1, 6), (1, 10)): 8.079828707631398e-05
((0, 5), (0, 5), (0, 6), (0, 12), (1, 11)): 8.079828707631398e-05
((0, 1), (0, 3), (0, 10), (1, 9), (1, 15)): 8.079828707631398e-05
((0, 0), (0, 2), (0, 10), (1, 8)): 8.079828707631398e-05
((0, 3), (1, 9), (1, 15)): 8.079828707631398e-05
((0, 13), (1, 6), (1, 6), (1, 12)): 8.079828707631398e-05
((0, 1), (0, 2), (0, 9), (1, 10)): 8.079828707631398e-05
((0, 8), (0, 9), (0, 14)): 8.079828707631398e-05
((1, 7), (1, 11)): 8.079828707631398e-05
((0, 4), (0, 5), (0, 10), (1, 11)): 8.079828707631398e-05
((0, 9), (0, 15), (1, 10)): 8.079828707631398e-05
((0, 11), (1, 2), (1, 4), (1, 9)): 8.079828707631398e-05
((0, 1), (0, 3), (0, 8), (1, 3), (1, 9)): 8.079828707631398e-05
((0, 1), (0, 8), (1, 0), (1, 0), (1, 7)): 8.079828707631398e-05
((0, 5), (1, 6), (1, 11)): 8.079828707631398e-05
((0, 9), (1, 1), (1, 3), (1, 4), (1, 8)): 8.079828707631398e-05
((0, 8), (1, 1), (1, 2), (1, 6)): 8.079828707631398e-05
((0, 2), (1, 0), (1, 6)): 8.079828707631398e-05
((0, 2), (0, 4), (1, 10)): 8.079828707631398e-05
((0, 4), (0, 11), (1, 5), (1, 5), (1, 11)): 8.079828707631398e-05
((0, 2), (0, 3), (0, 10), (1, 3), (1, 10)): 8.079828707631398e-05
((0, 10), (0, 15), (1, 8), (1, 13)): 8.079828707631398e-05
((0, 8), (0, 12), (1, 13)): 8.079828707631398e-05
((0, 7), (1, 0), (1, 0), (1, 8)): 8.079828707631398e-05
((0, 1), (0, 2), (0, 9), (1, 2), (1, 8)): 8.079828707631398e-05
((0, 4), (0, 4), (0, 13), (1, 11)): 8.079828707631398e-05
((0, 3), (0, 12), (1, 4), (1, 5), (1, 11)): 8.079828707631398e-05
((0, 0), (0, 10), (1, 0), (1, 6)): 8.079828707631398e-05
((0, 4), (0, 6), (0, 11), (1, 6), (1, 10)): 8.079828707631398e-05
((0, 12), (1, 4), (1, 9), (1, 15)): 8.079828707631398e-05
((0, 7), (0, 13), (1, 6), (1, 13)): 8.079828707631398e-05
((0, 6), (0, 6), (0, 12), (1, 6), (1, 11)): 8.079828707631398e-05
((0, 4), (0, 6), (1, 12)): 8.079828707631398e-05
((0, 5), (1, 2), (1, 9)): 8.079828707631398e-05
((0, 3), (0, 9), (1, 1), (1, 3), (1, 9)): 8.079828707631398e-05
((0, 0), (0, 6), (1, 2), (1, 6)): 8.079828707631398e-05
((0, 4), (0, 9), (1, 5), (1, 10)): 8.079828707631398e-05
((0, 13), (0, 15)): 8.079828707631398e-05
((0, 3), (0, 3), (1, 2), (1, 9)): 8.079828707631398e-05
((0, 9), (1, 0), (1, 3), (1, 8)): 8.079828707631398e-05
((0, 6), (0, 11), (1, 11), (1, 15)): 8.079828707631398e-05
((0, 0), (0, 1), (0, 8), (1, 2), (1, 7)): 8.079828707631398e-05
((0, 5), (0, 10), (1, 6), (1, 10)): 8.079828707631398e-05
((0, 4), (0, 13), (1, 10)): 8.079828707631398e-05
((0, 11), (1, 3)): 8.079828707631398e-05
((0, 7), (0, 13), (1, 4), (1, 11)): 8.079828707631398e-05
((0, 15), (1, 6)): 8.079828707631398e-05
((0, 15), (1, 5), (1, 14)): 8.079828707631398e-05
((0, 10), (0, 15), (1, 9), (1, 13)): 8.079828707631398e-05
((0, 2), (0, 3), (0, 9), (1, 2), (1, 3), (1, 9)): 8.079828707631398e-05
((0, 4), (0, 12), (1, 11), (1, 15)): 8.079828707631398e-05
((0, 4), (0, 11), (1, 2), (1, 10)): 8.079828707631398e-05
((1, 1), (1, 9)): 8.079828707631398e-05
((0, 11), (1, 3), (1, 4), (1, 12)): 8.079828707631398e-05
((0, 1), (0, 11), (1, 10)): 8.079828707631398e-05
((0, 15), (1, 7), (1, 9), (1, 15)): 8.079828707631398e-05
((0, 12), (1, 1), (1, 8)): 8.079828707631398e-05
((0, 2), (0, 3), (0, 10), (1, 3), (1, 9)): 8.079828707631398e-05
((1, 13), (1, 15)): 8.079828707631398e-05
((1, 8), (1, 12)): 8.079828707631398e-05
((0, 6), (1, 0), (1, 1), (1, 2), (1, 6)): 8.079828707631398e-05
((0, 9), (1, 0), (1, 1), (1, 7)): 8.079828707631398e-05
((0, 4), (0, 5), (0, 11), (1, 2), (1, 10)): 8.079828707631398e-05
((0, 11), (1, 14)): 8.079828707631398e-05
((0, 2), (1, 4), (1, 9)): 8.079828707631398e-05
((0, 2), (0, 9), (1, 10), (1, 15)): 8.079828707631398e-05
((0, 10), (1, 3), (1, 4)): 8.079828707631398e-05
((1, 3), (1, 7)): 8.079828707631398e-05
((0, 11), (0, 15)): 8.079828707631398e-05
((0, 3), (0, 5), (0, 9), (1, 9)): 8.079828707631398e-05
((0, 2), (0, 8), (1, 2), (1, 3), (1, 8)): 8.079828707631398e-05
((0, 1), (0, 2), (0, 9), (1, 1), (1, 8)): 8.079828707631398e-05
((0, 4), (0, 6), (0, 12), (1, 6), (1, 11)): 8.079828707631398e-05
((0, 3), (0, 8), (1, 2), (1, 9)): 8.079828707631398e-05
((0, 4), (0, 5), (0, 11), (1, 6), (1, 10)): 8.079828707631398e-05
((0, 9), (1, 10), (1, 15)): 8.079828707631398e-05
((0, 6), (0, 13), (1, 7), (1, 11)): 8.079828707631398e-05
((0, 2), (0, 3), (0, 4), (0, 9), (1, 3), (1, 8)): 8.079828707631398e-05
((0, 3), (1, 2), (1, 7)): 8.079828707631398e-05
((0, 3), (0, 3), (1, 8)): 8.079828707631398e-05
((0, 11), (1, 8), (1, 15)): 8.079828707631398e-05
((0, 0), (0, 5), (1, 1), (1, 5)): 8.079828707631398e-05
((0, 8), (1, 0), (1, 0), (1, 8)): 8.079828707631398e-05
((0, 7), (1, 0), (1, 0), (1, 5)): 8.079828707631398e-05
((0, 7), (0, 12), (1, 5), (1, 12)): 8.079828707631398e-05
((0, 3), (0, 5), (0, 11)): 8.079828707631398e-05
((0, 10), (1, 5), (1, 6), (1, 9)): 8.079828707631398e-05
((0, 12), (0, 12), (1, 15)): 8.079828707631398e-05
((0, 12), (1, 0), (1, 6), (1, 7), (1, 12)): 8.079828707631398e-05
((0, 6), (0, 11), (1, 6), (1, 11)): 8.079828707631398e-05
((0, 1), (0, 8), (1, 0), (1, 5)): 8.079828707631398e-05
((0, 0), (0, 1), (0, 8), (1, 9)): 8.079828707631398e-05
((0, 5), (0, 5), (0, 12), (1, 6), (1, 11)): 8.079828707631398e-05
((0, 3), (0, 3), (0, 11), (1, 10)): 8.079828707631398e-05
((0, 5), (0, 7), (0, 12), (1, 12)): 8.079828707631398e-05
((0, 1), (0, 1), (0, 6), (1, 5)): 8.079828707631398e-05
((0, 9), (0, 15), (1, 1), (1, 9), (1, 13)): 8.079828707631398e-05
((0, 1), (0, 3), (0, 10), (1, 4), (1, 5), (1, 10)): 8.079828707631398e-05
((0, 0), (0, 7), (1, 0), (1, 5)): 8.079828707631398e-05
((0, 1), (0, 7), (1, 0), (1, 0), (1, 5)): 8.079828707631398e-05
((0, 7), (0, 14), (1, 8), (1, 14)): 8.079828707631398e-05
((0, 7), (0, 8), (1, 13)): 8.079828707631398e-05
((0, 4), (0, 6), (0, 13), (1, 11)): 8.079828707631398e-05
((0, 7), (0, 15), (1, 12)): 8.079828707631398e-05
((0, 12), (1, 1), (1, 2), (1, 9)): 8.079828707631398e-05
((0, 11), (1, 4), (1, 4), (1, 5), (1, 11)): 8.079828707631398e-05
((0, 7), (1, 1), (1, 1), (1, 8)): 8.079828707631398e-05
((0, 1), (0, 10), (1, 2), (1, 8)): 8.079828707631398e-05
((0, 8), (1, 3), (1, 4), (1, 9)): 8.079828707631398e-05
((0, 3), (0, 12), (1, 6), (1, 11)): 8.079828707631398e-05
((0, 1), (1, 3), (1, 9)): 8.079828707631398e-05
((0, 5), (0, 10), (1, 4), (1, 6), (1, 10)): 8.079828707631398e-05
((0, 0), (0, 0), (1, 7)): 8.079828707631398e-05
((0, 2), (0, 10), (1, 2), (1, 7)): 8.079828707631398e-05
((0, 3), (0, 3), (0, 10), (1, 4), (1, 10)): 8.079828707631398e-05
((0, 13), (1, 5), (1, 7), (1, 14)): 8.079828707631398e-05
((0, 12), (1, 4), (1, 9)): 8.079828707631398e-05
((0, 2), (0, 3), (0, 10), (1, 8)): 8.079828707631398e-05
((0, 4), (0, 5), (0, 6), (0, 12), (1, 11)): 8.079828707631398e-05
((0, 3), (0, 9), (1, 2), (1, 4), (1, 9)): 8.079828707631398e-05
((0, 0), (0, 1), (0, 9), (1, 1), (1, 7)): 8.079828707631398e-05
((0, 9), (1, 2), (1, 4), (1, 10)): 8.079828707631398e-05
((0, 1), (0, 3), (0, 9), (1, 3), (1, 9)): 8.079828707631398e-05
((0, 1), (0, 8), (1, 2), (1, 9)): 8.079828707631398e-05
((0, 4), (0, 5), (0, 5), (1, 10)): 8.079828707631398e-05
((0, 3), (0, 10), (1, 4), (1, 4), (1, 9)): 8.079828707631398e-05
((0, 5), (0, 10), (1, 4), (1, 5), (1, 5), (1, 10)): 8.079828707631398e-05
((0, 1), (0, 8), (1, 0), (1, 1), (1, 8)): 8.079828707631398e-05
((0, 3), (0, 9), (1, 1), (1, 9)): 8.079828707631398e-05
((0, 5), (0, 11), (0, 15), (1, 6), (1, 10), (1, 15)): 8.079828707631398e-05
((0, 3), (0, 4), (0, 14), (1, 11)): 8.079828707631398e-05
((0, 1), (0, 9), (1, 0), (1, 7)): 8.079828707631398e-05
((0, 8), (0, 14), (1, 12), (1, 15)): 8.079828707631398e-05
((0, 4), (0, 12), (1, 5), (1, 5), (1, 12)): 8.079828707631398e-05
((0, 6), (0, 14), (1, 6), (1, 14)): 8.079828707631398e-05
((0, 9), (1, 3), (1, 3), (1, 4), (1, 8)): 8.079828707631398e-05
((0, 2), (0, 4), (0, 9), (1, 2), (1, 8)): 8.079828707631398e-05
((0, 1), (0, 4), (1, 3), (1, 9)): 8.079828707631398e-05
((0, 3), (0, 9), (1, 2), (1, 10)): 8.079828707631398e-05
((0, 1), (1, 0), (1, 6)): 8.079828707631398e-05
((0, 2), (0, 9), (1, 1), (1, 1), (1, 9)): 8.079828707631398e-05
((0, 11), (1, 2), (1, 7)): 8.079828707631398e-05
((0, 6), (0, 9), (1, 13)): 8.079828707631398e-05
((0, 3), (0, 4), (0, 5), (0, 12), (1, 11)): 8.079828707631398e-05
((0, 4), (0, 8), (1, 3), (1, 8)): 8.079828707631398e-05
((0, 1), (0, 10), (1, 2), (1, 10)): 8.079828707631398e-05
((0, 2), (0, 9), (1, 3), (1, 3), (1, 10)): 8.079828707631398e-05
((0, 4), (0, 5), (0, 10), (0, 15), (1, 10), (1, 15)): 8.079828707631398e-05
((0, 8), (1, 9), (1, 13)): 8.079828707631398e-05
((0, 5), (1, 6), (1, 10)): 8.079828707631398e-05
((0, 3), (0, 3), (0, 10), (1, 11)): 8.079828707631398e-05
((0, 4), (0, 11), (1, 3), (1, 4), (1, 10)): 8.079828707631398e-05
((0, 2), (0, 11), (1, 2), (1, 9)): 8.079828707631398e-05
((0, 10), (1, 6), (1, 9)): 8.079828707631398e-05
((0, 14), (1, 9), (1, 15)): 8.079828707631398e-05
((0, 0), (0, 8), (1, 8), (1, 13)): 8.079828707631398e-05
((0, 14), (1, 7), (1, 12), (1, 15)): 8.079828707631398e-05
((0, 8), (0, 9), (0, 15), (1, 14)): 8.079828707631398e-05
((0, 5), (1, 11), (1, 15)): 8.079828707631398e-05
((0, 7), (0, 11), (1, 10)): 8.079828707631398e-05
((0, 4), (0, 6), (0, 12)): 8.079828707631398e-05
((0, 8), (0, 8), (0, 15), (1, 13)): 8.079828707631398e-05
((0, 2), (0, 3), (0, 4), (0, 11), (1, 10)): 8.079828707631398e-05
((0, 3), (0, 10), (1, 2), (1, 3), (1, 10)): 8.079828707631398e-05
((0, 8), (1, 2), (1, 2), (1, 7)): 8.079828707631398e-05
((0, 4), (0, 14), (1, 6), (1, 12)): 8.079828707631398e-05
((0, 0), (0, 0), (0, 6), (1, 1), (1, 5)): 8.079828707631398e-05
((0, 3), (0, 12), (1, 4), (1, 10)): 8.079828707631398e-05
((0, 5), (0, 12), (1, 4), (1, 9)): 8.079828707631398e-05
((0, 0), (0, 5), (1, 1), (1, 4)): 8.079828707631398e-05
((0, 2), (0, 9), (1, 5), (1, 9)): 8.079828707631398e-05
((0, 0), (0, 7), (1, 2), (1, 6)): 8.079828707631398e-05
((0, 2), (0, 10), (1, 1), (1, 2), (1, 9)): 8.079828707631398e-05
((0, 13), (1, 4), (1, 14)): 8.079828707631398e-05
((0, 8), (1, 1), (1, 1), (1, 2), (1, 8)): 8.079828707631398e-05
((0, 4), (0, 10), (1, 3), (1, 5), (1, 10)): 8.079828707631398e-05
((0, 3), (0, 10), (1, 2), (1, 4), (1, 9)): 8.079828707631398e-05
((0, 12), (1, 4), (1, 4), (1, 10)): 8.079828707631398e-05
((0, 6), (0, 6), (0, 11), (1, 11)): 8.079828707631398e-05
((0, 4), (0, 10), (1, 3), (1, 4), (1, 10)): 8.079828707631398e-05
((0, 2), (0, 10), (1, 3)): 8.079828707631398e-05
((0, 14), (1, 5), (1, 9)): 8.079828707631398e-05
((0, 1), (0, 6), (1, 0), (1, 7)): 8.079828707631398e-05
((0, 10), (1, 1), (1, 2), (1, 9)): 8.079828707631398e-05
((0, 1), (0, 9), (1, 2), (1, 7), (1, 15)): 8.079828707631398e-05
((0, 3), (1, 2), (1, 9)): 8.079828707631398e-05
((0, 4), (0, 7), (0, 12), (1, 11)): 8.079828707631398e-05
((0, 10), (0, 12)): 8.079828707631398e-05
((0, 5), (0, 5), (1, 11)): 8.079828707631398e-05
((0, 1), (0, 3), (1, 9)): 8.079828707631398e-05
((0, 1), (0, 1), (0, 8), (1, 2), (1, 7)): 8.079828707631398e-05
((0, 0), (1, 5)): 8.079828707631398e-05
((0, 6), (0, 12), (1, 14)): 8.079828707631398e-05
((0, 1), (0, 3), (0, 9), (1, 4), (1, 9)): 8.079828707631398e-05
((0, 5), (1, 1), (1, 4)): 8.079828707631398e-05
((0, 9), (1, 3), (1, 11)): 8.079828707631398e-05
((0, 5), (0, 12), (1, 9)): 8.079828707631398e-05
((0, 10), (1, 2), (1, 2), (1, 9)): 8.079828707631398e-05
((0, 5), (0, 10), (1, 4), (1, 5), (1, 10)): 8.079828707631398e-05
((0, 5), (0, 6), (0, 11), (1, 4), (1, 11)): 8.079828707631398e-05
((0, 4), (0, 9), (1, 5), (1, 8)): 8.079828707631398e-05
((0, 1), (0, 7), (1, 0), (1, 8)): 8.079828707631398e-05
((1, 1), (1, 6)): 8.079828707631398e-05
((0, 4), (0, 14), (1, 13)): 8.079828707631398e-05
((0, 10), (1, 1)): 8.079828707631398e-05
((0, 1), (0, 5), (1, 1), (1, 5)): 8.079828707631398e-05
((0, 2), (0, 10), (1, 4), (1, 9)): 8.079828707631398e-05
((0, 0), (0, 1), (0, 9), (1, 2), (1, 8)): 8.079828707631398e-05
((0, 3), (0, 13), (1, 9)): 8.079828707631398e-05
((0, 6), (0, 13), (1, 6), (1, 11)): 8.079828707631398e-05
((0, 2), (0, 2), (0, 9), (1, 1), (1, 8)): 8.079828707631398e-05
((0, 2), (0, 2), (0, 9), (1, 3), (1, 8)): 8.079828707631398e-05
((0, 4), (0, 4), (0, 10), (1, 2), (1, 9)): 8.079828707631398e-05
((0, 7), (0, 13), (1, 5), (1, 13)): 8.079828707631398e-05
((0, 5), (0, 9), (1, 10)): 8.079828707631398e-05
((0, 2), (1, 1), (1, 7)): 8.079828707631398e-05
((0, 0), (0, 1), (0, 10), (1, 6)): 8.079828707631398e-05
((0, 3), (0, 9)): 8.079828707631398e-05
((0, 0), (0, 5), (1, 7)): 8.079828707631398e-05
((0, 4), (0, 13), (1, 5), (1, 11)): 8.079828707631398e-05
((0, 14), (1, 5)): 8.079828707631398e-05
((0, 13), (1, 14), (1, 15)): 8.079828707631398e-05
((0, 3), (0, 4), (0, 4), (0, 10), (1, 10)): 8.079828707631398e-05
((0, 4), (0, 4), (0, 9), (1, 8)): 8.079828707631398e-05
((0, 9), (0, 13), (1, 6), (1, 13)): 8.079828707631398e-05
((0, 6), (0, 14), (1, 6), (1, 8), (1, 12)): 8.079828707631398e-05
((0, 10), (1, 13)): 8.079828707631398e-05
((0, 1), (0, 3), (0, 11), (1, 3), (1, 10)): 8.079828707631398e-05
((0, 4), (0, 6), (0, 12), (1, 12)): 8.079828707631398e-05
((0, 10), (1, 3), (1, 5), (1, 9)): 8.079828707631398e-05
((1, 3), (1, 5), (1, 11)): 8.079828707631398e-05
((0, 2), (0, 3), (0, 9), (1, 7)): 8.079828707631398e-05
((0, 11), (1, 4), (1, 5), (1, 6), (1, 10)): 8.079828707631398e-05
((0, 3), (0, 10), (1, 1), (1, 3), (1, 9)): 8.079828707631398e-05
((0, 1), (0, 5), (0, 10), (1, 9)): 8.079828707631398e-05
((0, 14), (1, 5), (1, 5), (1, 11)): 8.079828707631398e-05
((0, 11), (1, 4), (1, 10), (1, 15)): 8.079828707631398e-05
((1, 15), (1, 15)): 8.079828707631398e-05
((0, 2), (0, 10), (1, 3), (1, 4), (1, 9)): 8.079828707631398e-05
((0, 4), (1, 2), (1, 8)): 8.079828707631398e-05
((0, 0), (1, 1), (1, 8)): 8.079828707631398e-05
((0, 4), (0, 4), (0, 11), (1, 4), (1, 11)): 8.079828707631398e-05
((0, 9), (1, 1), (1, 3), (1, 3), (1, 8)): 8.079828707631398e-05
((0, 9), (1, 0), (1, 0), (1, 7)): 8.079828707631398e-05
((0, 6), (0, 7), (0, 14), (1, 11)): 8.079828707631398e-05
((0, 3), (0, 11), (1, 4), (1, 5), (1, 10)): 8.079828707631398e-05
((0, 6), (1, 7), (1, 11)): 8.079828707631398e-05
((0, 5), (0, 6), (0, 14), (1, 14)): 8.079828707631398e-05
((0, 3), (0, 4), (0, 4), (0, 11), (1, 10)): 8.079828707631398e-05
((1, 4), (1, 5), (1, 11)): 8.079828707631398e-05
((0, 6), (0, 7), (0, 11), (1, 11)): 8.079828707631398e-05
((0, 3), (0, 11), (1, 5), (1, 11)): 8.079828707631398e-05
((0, 13), (1, 5), (1, 6), (1, 12)): 8.079828707631398e-05
((0, 4), (0, 9), (1, 1), (1, 3), (1, 9)): 8.079828707631398e-05
((0, 9), (0, 14), (1, 15)): 8.079828707631398e-05
((0, 5), (0, 7), (0, 12), (1, 5), (1, 12)): 8.079828707631398e-05
((1, 4), (1, 4), (1, 9)): 8.079828707631398e-05
((0, 3), (0, 7), (1, 0), (1, 7)): 8.079828707631398e-05
((0, 0), (0, 0), (0, 7), (1, 5)): 8.079828707631398e-05
((0, 1), (0, 1), (0, 10), (1, 9)): 8.079828707631398e-05
((0, 11), (1, 7), (1, 11)): 8.079828707631398e-05
((0, 2), (0, 3), (0, 9), (1, 3), (1, 8)): 8.079828707631398e-05
((0, 3), (0, 5), (1, 10)): 8.079828707631398e-05
((0, 4), (0, 10), (1, 2), (1, 5), (1, 9)): 8.079828707631398e-05
((0, 6), (0, 6), (1, 13)): 8.079828707631398e-05
((0, 4), (1, 4), (1, 8)): 8.079828707631398e-05
((0, 4), (0, 8), (1, 8)): 8.079828707631398e-05
((0, 4), (0, 4), (0, 4), (0, 11), (1, 11)): 8.079828707631398e-05
((0, 5), (0, 6), (0, 14)): 8.079828707631398e-05
((0, 1), (0, 1), (0, 8), (1, 1), (1, 8)): 8.079828707631398e-05
((1, 3), (1, 11)): 8.079828707631398e-05
((0, 9), (1, 0), (1, 1), (1, 9)): 8.079828707631398e-05
((0, 6), (0, 14), (1, 4), (1, 12)): 8.079828707631398e-05
((0, 1), (0, 2), (0, 8), (1, 6)): 8.079828707631398e-05
((0, 5), (1, 5), (1, 12)): 8.079828707631398e-05
((0, 15), (1, 9), (1, 10), (1, 15)): 8.079828707631398e-05
((0, 14), (1, 6), (1, 6), (1, 12)): 8.079828707631398e-05
((0, 2), (0, 9), (1, 1), (1, 2), (1, 7)): 8.079828707631398e-05
((0, 5), (0, 11), (1, 5), (1, 12)): 8.079828707631398e-05
((0, 4), (0, 12)): 8.079828707631398e-05
((0, 5), (0, 8), (0, 12), (1, 12)): 8.079828707631398e-05
((0, 9), (1, 2), (1, 2), (1, 3), (1, 9)): 8.079828707631398e-05
((0, 6), (0, 6), (1, 7), (1, 11)): 8.079828707631398e-05
((0, 5), (0, 11), (1, 1), (1, 4), (1, 5), (1, 10)): 8.079828707631398e-05
((0, 1), (0, 3), (0, 11), (0, 15), (1, 5), (1, 7), (1, 15)): 8.079828707631398e-05
((0, 1), (0, 9), (1, 2), (1, 3), (1, 8)): 8.079828707631398e-05
((0, 9), (1, 1), (1, 10)): 8.079828707631398e-05
((0, 11), (1, 3), (1, 3), (1, 4), (1, 10)): 8.079828707631398e-05
((0, 2), (0, 4), (0, 4), (0, 9), (1, 9)): 8.079828707631398e-05
((0, 5), (0, 5), (0, 14)): 8.079828707631398e-05
((0, 3), (0, 9), (1, 3), (1, 3), (1, 8)): 4.039914353815699e-05
((0, 3), (1, 5), (1, 9)): 4.039914353815699e-05
((0, 4), (0, 12), (1, 0), (1, 3), (1, 8)): 4.039914353815699e-05
((0, 3), (0, 9), (1, 0), (1, 3), (1, 9)): 4.039914353815699e-05
((0, 0), (0, 2), (0, 10), (1, 6)): 4.039914353815699e-05
((0, 4), (0, 9), (1, 3), (1, 5), (1, 8)): 4.039914353815699e-05
((0, 4), (0, 12), (1, 6), (1, 12)): 4.039914353815699e-05
((0, 5), (0, 15), (1, 8), (1, 14)): 4.039914353815699e-05
((0, 0), (0, 3), (0, 9), (1, 9)): 4.039914353815699e-05
((0, 2), (0, 3), (0, 4), (0, 4), (0, 10), (1, 1), (1, 9)): 4.039914353815699e-05
((0, 12), (0, 15), (1, 4), (1, 11), (1, 15)): 4.039914353815699e-05
((0, 4), (0, 9), (1, 9), (1, 10), (1, 15)): 4.039914353815699e-05
((0, 3), (0, 11), (1, 1), (1, 10)): 4.039914353815699e-05
((0, 14), (1, 6), (1, 7), (1, 7), (1, 12)): 4.039914353815699e-05
((0, 1), (0, 8), (0, 14), (1, 7), (1, 12)): 4.039914353815699e-05
((0, 4), (0, 14), (1, 5), (1, 13)): 4.039914353815699e-05
((0, 1), (0, 2), (0, 4), (0, 9), (1, 9)): 4.039914353815699e-05
((0, 7), (0, 11), (1, 0), (1, 5), (1, 11)): 4.039914353815699e-05
((0, 10), (0, 11), (0, 15), (1, 4), (1, 10), (1, 15)): 4.039914353815699e-05
((0, 4), (0, 4), (0, 9), (0, 15), (1, 9), (1, 15)): 4.039914353815699e-05
((0, 2), (1, 0), (1, 9)): 4.039914353815699e-05
((1, 2), (1, 3), (1, 11)): 4.039914353815699e-05
((0, 11), (1, 6), (1, 7)): 4.039914353815699e-05
((0, 1), (0, 3), (0, 10), (1, 3), (1, 4), (1, 4), (1, 10)): 4.039914353815699e-05
((0, 2), (0, 5), (0, 7), (0, 12), (1, 1), (1, 6), (1, 10)): 4.039914353815699e-05
((0, 8), (1, 5), (1, 12)): 4.039914353815699e-05
((0, 4), (0, 5), (0, 10), (1, 9), (1, 15)): 4.039914353815699e-05
((0, 0), (0, 6), (0, 6), (1, 6), (1, 10)): 4.039914353815699e-05
((0, 11), (1, 2), (1, 11)): 4.039914353815699e-05
((0, 4), (0, 5), (0, 12), (1, 5), (1, 10)): 4.039914353815699e-05
((0, 3), (0, 10), (1, 9), (1, 15)): 4.039914353815699e-05
((0, 1), (1, 8), (1, 15)): 4.039914353815699e-05
((0, 3), (0, 3), (0, 10), (1, 5), (1, 9)): 4.039914353815699e-05
((0, 2), (0, 3), (0, 8), (1, 4), (1, 8)): 4.039914353815699e-05
((0, 13), (1, 7), (1, 7), (1, 12)): 4.039914353815699e-05
((0, 2), (0, 8), (1, 0), (1, 3), (1, 8)): 4.039914353815699e-05
((0, 9), (1, 2), (1, 3), (1, 4), (1, 4), (1, 8)): 4.039914353815699e-05
((0, 8), (0, 15), (1, 9), (1, 14)): 4.039914353815699e-05
((0, 2), (0, 4), (1, 3), (1, 3), (1, 9)): 4.039914353815699e-05
((0, 0), (0, 1), (0, 4), (0, 7), (1, 7), (1, 10)): 4.039914353815699e-05
((0, 4), (0, 6), (1, 11)): 4.039914353815699e-05
((0, 4), (0, 9), (1, 11)): 4.039914353815699e-05
((0, 3), (0, 4), (0, 12)): 4.039914353815699e-05
((0, 4), (0, 14), (1, 3), (1, 12)): 4.039914353815699e-05
((0, 3), (1, 2), (1, 10)): 4.039914353815699e-05
((0, 3),): 4.039914353815699e-05
((0, 0), (0, 5), (0, 5), (0, 10), (1, 3), (1, 4), (1, 9)): 4.039914353815699e-05
((0, 3), (0, 7), (1, 1), (1, 2), (1, 7)): 4.039914353815699e-05
((0, 6), (1, 2), (1, 2), (1, 6)): 4.039914353815699e-05
((0, 1), (0, 15), (1, 0), (1, 1), (1, 9), (1, 13)): 4.039914353815699e-05
((0, 15), (1, 7), (1, 7), (1, 14)): 4.039914353815699e-05
((0, 6), (1, 1), (1, 1), (1, 5)): 4.039914353815699e-05
((0, 1), (0, 4), (0, 9), (1, 4), (1, 8)): 4.039914353815699e-05
((0, 15), (1, 6), (1, 8), (1, 14)): 4.039914353815699e-05
((0, 15), (1, 8), (1, 10)): 4.039914353815699e-05
((0, 1), (0, 4), (0, 9), (1, 2), (1, 3), (1, 8)): 4.039914353815699e-05
((0, 2), (0, 5), (0, 12), (1, 4), (1, 10)): 4.039914353815699e-05
((0, 7), (1, 0), (1, 7), (1, 11)): 4.039914353815699e-05
((0, 9), (0, 15), (1, 0), (1, 7), (1, 14)): 4.039914353815699e-05
((0, 2), (0, 3), (0, 5), (0, 5), (0, 10), (1, 9)): 4.039914353815699e-05
((0, 4), (0, 5), (0, 10), (1, 3), (1, 11)): 4.039914353815699e-05
((0, 15), (1, 9), (1, 9)): 4.039914353815699e-05
((1, 5), (1, 6), (1, 7), (1, 11)): 4.039914353815699e-05
((0, 3), (0, 7), (1, 1), (1, 7)): 4.039914353815699e-05
((0, 14), (1, 3), (1, 9)): 4.039914353815699e-05
((0, 1), (0, 1), (0, 3), (0, 9), (1, 0), (1, 7)): 4.039914353815699e-05
((0, 9), (1, 1), (1, 2), (1, 2), (1, 9)): 4.039914353815699e-05
((0, 0), (0, 0), (0, 3), (1, 3), (1, 7)): 4.039914353815699e-05
((0, 1), (1, 1), (1, 6)): 4.039914353815699e-05
((0, 6), (0, 13), (1, 5), (1, 12)): 4.039914353815699e-05
((1, 0), (1, 5), (1, 10)): 4.039914353815699e-05
((0, 2), (0, 3), (0, 6), (1, 8)): 4.039914353815699e-05
((0, 1), (0, 1), (1, 7)): 4.039914353815699e-05
((0, 4), (0, 9), (1, 4), (1, 4), (1, 11)): 4.039914353815699e-05
((0, 10), (1, 7), (1, 14)): 4.039914353815699e-05
((0, 4), (0, 11), (1, 5)): 4.039914353815699e-05
((0, 4), (0, 9), (1, 1), (1, 3), (1, 7)): 4.039914353815699e-05
((0, 6), (1, 0), (1, 5), (1, 5), (1, 11)): 4.039914353815699e-05
((0, 1), (0, 8), (1, 7), (1, 14)): 4.039914353815699e-05
((0, 1), (0, 4), (0, 8), (1, 7)): 4.039914353815699e-05
((0, 1), (0, 6), (0, 7), (1, 7)): 4.039914353815699e-05
((0, 10), (1, 3), (1, 3), (1, 4), (1, 4), (1, 5), (1, 11)): 4.039914353815699e-05
((0, 2), (0, 8), (0, 8), (1, 2), (1, 9), (1, 12), (1, 15)): 4.039914353815699e-05
((0, 0), (0, 0), (0, 0), (0, 6), (0, 6), (1, 5), (1, 6)): 4.039914353815699e-05
((0, 10), (0, 10), (0, 15), (1, 15)): 4.039914353815699e-05
((0, 15), (1, 8), (1, 9), (1, 15)): 4.039914353815699e-05
((0, 0), (0, 0), (0, 11), (1, 7)): 4.039914353815699e-05
((0, 5), (1, 0), (1, 0), (1, 3), (1, 4)): 4.039914353815699e-05
((0, 0), (0, 3), (1, 9), (1, 13)): 4.039914353815699e-05
((0, 4), (0, 5), (0, 12), (1, 6), (1, 11), (1, 15)): 4.039914353815699e-05
((0, 8), (1, 0), (1, 1), (1, 9)): 4.039914353815699e-05
((0, 7), (1, 5), (1, 5), (1, 9)): 4.039914353815699e-05
((0, 2), (0, 2), (0, 7), (1, 7)): 4.039914353815699e-05
((0, 4), (0, 8), (0, 10)): 4.039914353815699e-05
((0, 0), (0, 2), (0, 7), (1, 1), (1, 6)): 4.039914353815699e-05
((0, 7), (0, 12), (1, 0), (1, 0), (1, 7), (1, 12)): 4.039914353815699e-05
((0, 5), (0, 11), (1, 3), (1, 9), (1, 15)): 4.039914353815699e-05
((0, 1), (0, 6), (0, 13), (1, 7), (1, 11)): 4.039914353815699e-05
((0, 0), (0, 3), (0, 4), (0, 8), (1, 8)): 4.039914353815699e-05
((0, 4), (0, 5), (0, 13), (1, 3), (1, 11)): 4.039914353815699e-05
((0, 14), (1, 5), (1, 6), (1, 13)): 4.039914353815699e-05
((0, 3), (0, 3), (0, 11), (1, 8)): 4.039914353815699e-05
((0, 0), (0, 4), (0, 6), (1, 4), (1, 10)): 4.039914353815699e-05
((0, 5), (0, 12), (1, 0), (1, 4), (1, 11)): 4.039914353815699e-05
((1, 4), (1, 15)): 4.039914353815699e-05
((0, 2), (0, 2), (0, 3), (0, 8), (1, 8)): 4.039914353815699e-05
((0, 3), (0, 10), (1, 5), (1, 5), (1, 10)): 4.039914353815699e-05
((0, 6), (0, 7), (0, 12)): 4.039914353815699e-05
((0, 2), (0, 4), (0, 6), (1, 7), (1, 12)): 4.039914353815699e-05
((0, 7), (0, 15), (1, 7), (1, 7), (1, 12)): 4.039914353815699e-05
((0, 2), (0, 3), (0, 3), (0, 11), (1, 11)): 4.039914353815699e-05
((0, 2), (0, 3), (0, 4), (0, 9), (1, 1), (1, 9)): 4.039914353815699e-05
((0, 7), (0, 9), (1, 12)): 4.039914353815699e-05
((0, 11), (1, 3), (1, 8)): 4.039914353815699e-05
((0, 5), (0, 7), (0, 14), (1, 14)): 4.039914353815699e-05
((0, 9), (1, 1), (1, 8), (1, 15)): 4.039914353815699e-05
((0, 8), (0, 14), (1, 8)): 4.039914353815699e-05
((0, 12), (1, 2), (1, 10)): 4.039914353815699e-05
((0, 10), (0, 15), (1, 1), (1, 9), (1, 14)): 4.039914353815699e-05
((1, 4), (1, 11), (1, 15)): 4.039914353815699e-05
((0, 8), (1, 0), (1, 3), (1, 8)): 4.039914353815699e-05
((0, 6), (0, 7), (0, 8), (0, 13), (1, 13)): 4.039914353815699e-05
((0, 1), (0, 5), (0, 11), (1, 10)): 4.039914353815699e-05
((0, 7), (0, 11), (0, 12), (1, 15)): 4.039914353815699e-05
((0, 2), (0, 5), (0, 12), (1, 11)): 4.039914353815699e-05
((0, 5), (0, 8), (1, 14)): 4.039914353815699e-05
((0, 15), (1, 10), (1, 11), (1, 15)): 4.039914353815699e-05
((0, 0), (0, 1), (0, 7), (1, 0), (1, 4)): 4.039914353815699e-05
((0, 5), (1, 3), (1, 5), (1, 11)): 4.039914353815699e-05
((0, 4), (0, 11), (1, 2), (1, 5), (1, 9)): 4.039914353815699e-05
((0, 0), (0, 1), (0, 7), (1, 0), (1, 8)): 4.039914353815699e-05
((0, 2), (0, 8), (1, 1), (1, 10)): 4.039914353815699e-05
((0, 1), (0, 3), (0, 11), (0, 15), (1, 8)): 4.039914353815699e-05
((1, 1), (1, 2), (1, 7), (1, 13)): 4.039914353815699e-05
((0, 2), (0, 11), (1, 3), (1, 3), (1, 4), (1, 8), (1, 11)): 4.039914353815699e-05
((1, 1), (1, 4)): 4.039914353815699e-05
((0, 0), (0, 4), (1, 5)): 4.039914353815699e-05
((0, 5), (0, 10), (1, 15)): 4.039914353815699e-05
((0, 2), (0, 6), (0, 7), (1, 0), (1, 7)): 4.039914353815699e-05
((0, 7), (0, 8), (0, 10), (1, 0), (1, 6), (1, 6), (1, 10)): 4.039914353815699e-05
((0, 15), (1, 2), (1, 4), (1, 8), (1, 9), (1, 14)): 4.039914353815699e-05
((0, 2), (0, 3), (1, 3), (1, 9)): 4.039914353815699e-05
((0, 1), (0, 3), (0, 8), (1, 3), (1, 4), (1, 8)): 4.039914353815699e-05
((0, 3), (0, 15), (1, 10)): 4.039914353815699e-05
((0, 12), (1, 2), (1, 6), (1, 7), (1, 11)): 4.039914353815699e-05
((0, 1), (0, 8), (0, 9), (1, 0), (1, 5)): 4.039914353815699e-05
((0, 2), (0, 3), (0, 10), (1, 4), (1, 7)): 4.039914353815699e-05
((0, 3), (0, 12), (1, 2), (1, 12)): 4.039914353815699e-05
((0, 5), (0, 10), (1, 12)): 4.039914353815699e-05
((0, 0), (0, 0), (0, 5), (1, 6)): 4.039914353815699e-05
((0, 6), (0, 8), (0, 13), (1, 14)): 4.039914353815699e-05
((0, 4), (0, 9), (1, 3), (1, 9), (1, 15)): 4.039914353815699e-05
((0, 1), (0, 6), (0, 14), (1, 0), (1, 7), (1, 14)): 4.039914353815699e-05
((0, 0), (0, 2), (0, 7), (1, 8)): 4.039914353815699e-05
((0, 1), (0, 2), (0, 9), (1, 1), (1, 8), (1, 13)): 4.039914353815699e-05
((0, 11), (0, 15), (1, 9), (1, 15)): 4.039914353815699e-05
((0, 6), (0, 6), (0, 13), (1, 14)): 4.039914353815699e-05
((0, 7), (1, 0), (1, 1), (1, 1), (1, 6)): 4.039914353815699e-05
((0, 6), (0, 12), (1, 5), (1, 5), (1, 11)): 4.039914353815699e-05
((0, 4), (0, 4), (0, 10), (1, 1), (1, 8)): 4.039914353815699e-05
((0, 1), (0, 1), (0, 6), (1, 0), (1, 5)): 4.039914353815699e-05
((0, 9), (0, 13), (1, 8), (1, 9), (1, 14)): 4.039914353815699e-05
((0, 0), (0, 2), (0, 5), (1, 5)): 4.039914353815699e-05
((0, 0), (0, 9), (1, 9)): 4.039914353815699e-05
((1, 0), (1, 6), (1, 11)): 4.039914353815699e-05
((0, 9), (1, 0), (1, 3), (1, 9)): 4.039914353815699e-05
((0, 0), (0, 8), (1, 1), (1, 3), (1, 7)): 4.039914353815699e-05
((0, 10), (1, 5), (1, 15)): 4.039914353815699e-05
((0, 5), (0, 5), (0, 7), (0, 13), (1, 14)): 4.039914353815699e-05
((1, 7), (1, 8), (1, 9), (1, 9), (1, 15)): 4.039914353815699e-05
((0, 2), (0, 2), (0, 11), (1, 8)): 4.039914353815699e-05
((0, 3), (0, 4), (0, 8), (1, 3), (1, 8)): 4.039914353815699e-05
((0, 3), (1, 3), (1, 10)): 4.039914353815699e-05
((0, 2), (0, 13), (1, 6), (1, 8), (1, 13)): 4.039914353815699e-05
((0, 8), (0, 13), (1, 1), (1, 8), (1, 12)): 4.039914353815699e-05
((0, 8), (0, 8), (0, 14), (1, 13)): 4.039914353815699e-05
((0, 10), (1, 2), (1, 3), (1, 5), (1, 9)): 4.039914353815699e-05
((0, 1), (0, 1), (0, 2), (0, 8), (1, 7)): 4.039914353815699e-05
((0, 3), (0, 10), (1, 3), (1, 7), (1, 9)): 4.039914353815699e-05
((0, 1), (0, 7), (0, 8), (1, 8), (1, 13)): 4.039914353815699e-05
((0, 9), (1, 3), (1, 4), (1, 11)): 4.039914353815699e-05
((0, 2), (0, 7), (0, 7), (1, 3), (1, 11), (1, 15)): 4.039914353815699e-05
((0, 12), (0, 15), (1, 4), (1, 12), (1, 15)): 4.039914353815699e-05
((0, 6), (0, 12), (1, 1), (1, 5), (1, 12)): 4.039914353815699e-05
((0, 4), (0, 5), (0, 5), (0, 12), (1, 10)): 4.039914353815699e-05
((0, 12), (0, 13), (1, 5)): 4.039914353815699e-05
((0, 2), (0, 8), (0, 13), (1, 3), (1, 4), (1, 8), (1, 12)): 4.039914353815699e-05
((0, 5), (0, 6), (0, 14), (1, 5), (1, 11)): 4.039914353815699e-05
((0, 3), (0, 3), (0, 4), (0, 10), (1, 9)): 4.039914353815699e-05
((0, 2), (0, 10), (0, 15), (1, 5), (1, 9), (1, 13)): 4.039914353815699e-05
((0, 4), (0, 12), (1, 3), (1, 4), (1, 10)): 4.039914353815699e-05
((0, 8), (1, 1), (1, 2), (1, 2), (1, 7)): 4.039914353815699e-05
((0, 4), (0, 11), (0, 12), (1, 5), (1, 12)): 4.039914353815699e-05
((0, 2), (0, 10), (1, 3), (1, 3), (1, 9)): 4.039914353815699e-05
((0, 3), (0, 3), (0, 10), (1, 4), (1, 9)): 4.039914353815699e-05
((0, 0), (0, 7), (1, 2), (1, 2), (1, 6)): 4.039914353815699e-05
((0, 4), (0, 11), (1, 7), (1, 10)): 4.039914353815699e-05
((0, 4), (0, 4), (0, 5), (0, 10), (1, 9)): 4.039914353815699e-05
((0, 1), (0, 5), (0, 10), (1, 5), (1, 10)): 4.039914353815699e-05
((0, 11), (1, 5), (1, 5), (1, 9)): 4.039914353815699e-05
((0, 0), (1, 3), (1, 4), (1, 8)): 4.039914353815699e-05
((0, 1), (0, 10), (1, 4), (1, 10)): 4.039914353815699e-05
((0, 2), (0, 4), (0, 4), (0, 9), (1, 8)): 4.039914353815699e-05
((0, 3), (0, 4), (0, 4), (0, 10), (1, 8)): 4.039914353815699e-05
((0, 1), (0, 3), (0, 3), (1, 9)): 4.039914353815699e-05
((0, 4), (0, 11), (1, 5), (1, 5), (1, 10)): 4.039914353815699e-05
((0, 2), (0, 12), (1, 2), (1, 9)): 4.039914353815699e-05
((0, 6), (1, 2), (1, 8)): 4.039914353815699e-05
((0, 9), (1, 6), (1, 15)): 4.039914353815699e-05
((0, 4), (0, 10), (1, 1), (1, 3), (1, 9)): 4.039914353815699e-05
((0, 0), (0, 0), (0, 7), (1, 0), (1, 8)): 4.039914353815699e-05
((0, 2), (0, 3), (0, 3), (0, 12), (1, 9)): 4.039914353815699e-05
((0, 6), (1, 1), (1, 1), (1, 7)): 4.039914353815699e-05
((0, 4), (0, 10), (1, 4), (1, 6)): 4.039914353815699e-05
((0, 3), (0, 3), (0, 9), (1, 3), (1, 9)): 4.039914353815699e-05
((0, 3), (0, 9), (0, 15), (1, 9), (1, 15)): 4.039914353815699e-05
((0, 6), (1, 4), (1, 4), (1, 11)): 4.039914353815699e-05
((0, 1), (0, 8), (1, 2), (1, 2), (1, 9)): 4.039914353815699e-05
((0, 0), (0, 10), (1, 4), (1, 10)): 4.039914353815699e-05
((0, 6), (0, 13), (1, 6), (1, 10), (1, 11)): 4.039914353815699e-05
((0, 1), (0, 13), (1, 9)): 4.039914353815699e-05
((0, 10), (1, 3), (1, 5), (1, 5), (1, 10)): 4.039914353815699e-05
((0, 0), (0, 3), (0, 5), (1, 9), (1, 14)): 4.039914353815699e-05
((0, 1), (0, 11), (1, 9), (1, 15)): 4.039914353815699e-05
((0, 6), (1, 5), (1, 10), (1, 15)): 4.039914353815699e-05
((0, 1), (0, 10), (1, 3), (1, 3), (1, 9)): 4.039914353815699e-05
((0, 2), (0, 3), (0, 10), (1, 1), (1, 7), (1, 14)): 4.039914353815699e-05
((0, 5), (0, 15), (1, 15)): 4.039914353815699e-05
((0, 2), (0, 12), (1, 2), (1, 6), (1, 12)): 4.039914353815699e-05
((0, 7), (0, 7), (1, 0), (1, 1), (1, 7), (1, 11)): 4.039914353815699e-05
((0, 0), (0, 4), (0, 4), (0, 9), (1, 4), (1, 5), (1, 9)): 4.039914353815699e-05
((0, 15), (1, 0), (1, 6), (1, 14)): 4.039914353815699e-05
((0, 8), (0, 14), (1, 0), (1, 7), (1, 12)): 4.039914353815699e-05
((0, 3), (0, 4), (0, 9), (1, 3), (1, 8)): 4.039914353815699e-05
((0, 0), (0, 3), (0, 8), (1, 1), (1, 6)): 4.039914353815699e-05
((0, 0), (0, 5), (1, 5), (1, 15)): 4.039914353815699e-05
((0, 4), (0, 6), (0, 12), (1, 10)): 4.039914353815699e-05
((0, 1), (0, 7), (0, 14), (1, 6), (1, 12)): 4.039914353815699e-05
((0, 1), (1, 0), (1, 7)): 4.039914353815699e-05
((0, 4), (0, 9), (1, 3), (1, 3), (1, 9)): 4.039914353815699e-05
((0, 3), (0, 12), (1, 2), (1, 7), (1, 12)): 4.039914353815699e-05
((0, 2), (0, 5), (1, 0), (1, 6)): 4.039914353815699e-05
((0, 0), (0, 1), (0, 3), (0, 8), (1, 8)): 4.039914353815699e-05
((0, 7), (0, 12), (1, 4), (1, 12)): 4.039914353815699e-05
((0, 4), (0, 10), (1, 2), (1, 4), (1, 10)): 4.039914353815699e-05
((0, 2), (0, 9), (0, 13), (1, 1), (1, 8)): 4.039914353815699e-05
((0, 8), (0, 9), (1, 3), (1, 3), (1, 9), (1, 10), (1, 13)): 4.039914353815699e-05
((0, 5), (0, 11), (1, 3), (1, 3), (1, 5), (1, 11)): 4.039914353815699e-05
((0, 0), (0, 7), (0, 7), (0, 14), (1, 0), (1, 7), (1, 13)): 4.039914353815699e-05
((0, 5), (1, 1), (1, 1), (1, 4), (1, 5)): 4.039914353815699e-05
((0, 5), (0, 5), (0, 10), (1, 3), (1, 10), (1, 15)): 4.039914353815699e-05
((0, 4), (0, 12), (1, 13)): 4.039914353815699e-05
((0, 1), (0, 1), (0, 9), (1, 0), (1, 6)): 4.039914353815699e-05
((0, 2), (0, 13), (1, 8), (1, 12)): 4.039914353815699e-05
((0, 0), (0, 1), (0, 5), (1, 5), (1, 5), (1, 9)): 4.039914353815699e-05
((0, 3), (0, 9), (0, 15), (1, 3), (1, 3), (1, 9), (1, 15)): 4.039914353815699e-05
((0, 3), (0, 9), (0, 15), (1, 4), (1, 4), (1, 9)): 4.039914353815699e-05
((1, 2), (1, 5), (1, 10)): 4.039914353815699e-05
((0, 2), (0, 9), (1, 2), (1, 4), (1, 8)): 4.039914353815699e-05
((0, 12), (0, 15), (1, 7), (1, 12), (1, 13), (1, 15)): 4.039914353815699e-05
((0, 4), (0, 7), (1, 7)): 4.039914353815699e-05
((0, 4), (0, 5), (0, 10), (1, 1), (1, 9)): 4.039914353815699e-05
((0, 3), (0, 10), (1, 3), (1, 10), (1, 15)): 4.039914353815699e-05
((0, 9), (0, 15), (1, 8), (1, 15)): 4.039914353815699e-05
((0, 0), (0, 1), (0, 5), (1, 1), (1, 5)): 4.039914353815699e-05
((0, 4), (0, 14), (1, 5), (1, 12)): 4.039914353815699e-05
((0, 0), (0, 2), (0, 9), (1, 1), (1, 6)): 4.039914353815699e-05
((0, 0), (0, 10), (1, 2), (1, 8)): 4.039914353815699e-05
((0, 2), (0, 9)): 4.039914353815699e-05
((0, 14), (1, 8), (1, 8), (1, 12)): 4.039914353815699e-05
((1, 10), (1, 12)): 4.039914353815699e-05
((0, 10), (0, 14), (1, 14)): 4.039914353815699e-05
((0, 2), (0, 2), (0, 4), (0, 10), (1, 9)): 4.039914353815699e-05
((0, 6), (1, 9), (1, 14)): 4.039914353815699e-05
((0, 5), (1, 0), (1, 0), (1, 1), (1, 5)): 4.039914353815699e-05
((0, 2), (0, 4), (0, 9), (1, 3), (1, 8)): 4.039914353815699e-05
((0, 11), (1, 3), (1, 4), (1, 5), (1, 10)): 4.039914353815699e-05
((0, 3), (0, 14), (1, 5), (1, 8)): 4.039914353815699e-05
((0, 0), (1, 7), (1, 12), (1, 13)): 4.039914353815699e-05
((0, 3), (0, 10), (1, 10), (1, 15)): 4.039914353815699e-05
((0, 4), (0, 15), (1, 11)): 4.039914353815699e-05
((0, 1), (0, 1), (0, 8), (1, 2), (1, 2), (1, 9)): 4.039914353815699e-05
((0, 7), (1, 2), (1, 10)): 4.039914353815699e-05
((0, 2), (0, 10), (1, 6), (1, 13)): 4.039914353815699e-05
((0, 1), (0, 5), (1, 6)): 4.039914353815699e-05
((0, 1), (0, 8), (0, 15), (1, 2), (1, 3), (1, 7), (1, 14)): 4.039914353815699e-05
((0, 4), (0, 14), (1, 10)): 4.039914353815699e-05
((0, 14), (1, 15), (1, 15)): 4.039914353815699e-05
((0, 4), (0, 4), (0, 5), (0, 11), (1, 10)): 4.039914353815699e-05
((0, 13), (1, 5), (1, 5), (1, 7), (1, 12)): 4.039914353815699e-05
((0, 3), (1, 0), (1, 6)): 4.039914353815699e-05
((0, 0), (0, 1), (0, 1), (0, 7), (1, 2), (1, 7)): 4.039914353815699e-05
((0, 3), (0, 12), (1, 0), (1, 6), (1, 11)): 4.039914353815699e-05
((0, 3), (0, 9), (1, 3), (1, 10), (1, 13)): 4.039914353815699e-05
((0, 0), (0, 9), (0, 13), (1, 7)): 4.039914353815699e-05
((0, 11), (1, 11), (1, 12)): 4.039914353815699e-05
((0, 1), (0, 2), (0, 8), (1, 4), (1, 9)): 4.039914353815699e-05
((0, 4), (0, 9), (1, 2), (1, 10)): 4.039914353815699e-05
((0, 1), (0, 7), (0, 8), (1, 1), (1, 7)): 4.039914353815699e-05
((0, 9), (0, 10), (1, 3), (1, 9), (1, 14)): 4.039914353815699e-05
((0, 4), (0, 9), (1, 1), (1, 3), (1, 8)): 4.039914353815699e-05
((0, 4), (0, 9), (1, 4)): 4.039914353815699e-05
((0, 6), (0, 13), (1, 5), (1, 11), (1, 15)): 4.039914353815699e-05
((0, 0), (0, 2), (0, 7), (0, 13), (1, 7), (1, 13)): 4.039914353815699e-05
((0, 6), (0, 6), (0, 7), (0, 13), (1, 12)): 4.039914353815699e-05
((0, 9), (0, 10), (0, 15), (1, 8), (1, 15)): 4.039914353815699e-05
((0, 6), (0, 7), (0, 12), (0, 13), (1, 11)): 4.039914353815699e-05
((0, 13), (1, 7), (1, 15)): 4.039914353815699e-05
((0, 1), (0, 2), (0, 2), (1, 7)): 4.039914353815699e-05
((0, 14), (1, 3), (1, 3), (1, 5), (1, 8)): 4.039914353815699e-05
((0, 3), (0, 4), (0, 9), (1, 12)): 4.039914353815699e-05
((0, 2), (1, 0), (1, 1), (1, 6)): 4.039914353815699e-05
((0, 3), (0, 7), (1, 2), (1, 8)): 4.039914353815699e-05
((0, 3), (0, 10), (0, 15), (1, 4), (1, 10), (1, 15)): 4.039914353815699e-05
((0, 9), (0, 10), (1, 6)): 4.039914353815699e-05
((0, 10), (1, 2), (1, 3), (1, 9), (1, 13)): 4.039914353815699e-05
((0, 2), (0, 2), (0, 6), (0, 13), (1, 8), (1, 8), (1, 14)): 4.039914353815699e-05
((0, 7), (0, 15), (1, 6), (1, 15)): 4.039914353815699e-05
((0, 3), (0, 4), (0, 4), (0, 12), (1, 11)): 4.039914353815699e-05
((0, 6), (0, 13), (1, 6), (1, 10)): 4.039914353815699e-05
((0, 3), (0, 8), (1, 1), (1, 9)): 4.039914353815699e-05
((0, 0), (0, 9), (0, 13), (1, 6), (1, 13)): 4.039914353815699e-05
((0, 6), (0, 8), (0, 15), (1, 14)): 4.039914353815699e-05
((0, 9), (0, 15), (1, 1), (1, 1), (1, 15)): 4.039914353815699e-05
((0, 4), (0, 4), (0, 10), (1, 3), (1, 10)): 4.039914353815699e-05
((0, 4), (0, 10), (1, 3), (1, 9), (1, 15)): 4.039914353815699e-05
((0, 2),): 4.039914353815699e-05
((0, 9), (0, 13), (1, 15)): 4.039914353815699e-05
((0, 0), (0, 8), (1, 7), (1, 15)): 4.039914353815699e-05
((0, 4), (0, 5), (0, 12), (1, 3), (1, 9)): 4.039914353815699e-05
((0, 7), (0, 9), (0, 15), (1, 8), (1, 8), (1, 14)): 4.039914353815699e-05
((1, 1), (1, 2), (1, 2), (1, 3), (1, 6), (1, 11), (1, 15)): 4.039914353815699e-05
((0, 0), (1, 6), (1, 11)): 4.039914353815699e-05
((0, 7), (0, 15), (1, 4), (1, 7), (1, 15)): 4.039914353815699e-05
((0, 6), (1, 1), (1, 2), (1, 6)): 4.039914353815699e-05
((0, 14), (1, 2), (1, 6), (1, 12)): 4.039914353815699e-05
((0, 3), (0, 8), (1, 4), (1, 9)): 4.039914353815699e-05
((0, 15), (1, 10), (1, 15), (1, 15)): 4.039914353815699e-05
((0, 2), (0, 8), (1, 4), (1, 9)): 4.039914353815699e-05
((0, 4), (0, 11), (1, 3), (1, 5), (1, 10)): 4.039914353815699e-05
((0, 2), (0, 6), (1, 1), (1, 5)): 4.039914353815699e-05
((0, 3), (1, 0), (1, 8)): 4.039914353815699e-05
((0, 3), (0, 6), (0, 9), (1, 1), (1, 5), (1, 5), (1, 10)): 4.039914353815699e-05
((0, 4), (1, 1), (1, 7)): 4.039914353815699e-05
((0, 1), (0, 8), (1, 5)): 4.039914353815699e-05
((0, 2), (0, 2), (0, 10), (1, 3), (1, 9)): 4.039914353815699e-05
((0, 2), (0, 2), (0, 3), (0, 10), (1, 8)): 4.039914353815699e-05
((0, 11), (1, 0), (1, 3), (1, 8)): 4.039914353815699e-05
((0, 15), (1, 13), (1, 14)): 4.039914353815699e-05
((0, 2), (0, 3), (0, 10), (1, 2), (1, 3), (1, 4), (1, 9)): 4.039914353815699e-05
((0, 11), (1, 4), (1, 4), (1, 9)): 4.039914353815699e-05
((0, 12), (1, 6), (1, 15)): 4.039914353815699e-05
((0, 1), (0, 2), (0, 2), (0, 8), (1, 0), (1, 7)): 4.039914353815699e-05
((0, 3), (0, 10), (1, 3), (1, 4), (1, 10), (1, 15)): 4.039914353815699e-05
((0, 0), (0, 2), (0, 8), (1, 10)): 4.039914353815699e-05
((0, 7), (1, 7), (1, 12)): 4.039914353815699e-05
((0, 4), (0, 10), (1, 3), (1, 4), (1, 11)): 4.039914353815699e-05
((0, 3), (0, 4), (0, 4), (0, 5), (0, 9), (1, 8)): 4.039914353815699e-05
((0, 4), (0, 10), (1, 1), (1, 5), (1, 10)): 4.039914353815699e-05
((0, 2), (0, 5), (0, 9), (1, 1), (1, 4), (1, 9)): 4.039914353815699e-05
((0, 10), (1, 1), (1, 6), (1, 9)): 4.039914353815699e-05
((0, 3), (0, 8), (1, 2), (1, 8), (1, 13)): 4.039914353815699e-05
((0, 1), (0, 6), (0, 12), (1, 5), (1, 10)): 4.039914353815699e-05
((0, 9), (1, 3), (1, 3), (1, 10)): 4.039914353815699e-05
((0, 15), (1, 11), (1, 11), (1, 12), (1, 15)): 4.039914353815699e-05
((0, 8), (1, 2), (1, 3), (1, 8), (1, 13)): 4.039914353815699e-05
((0, 12), (1, 5), (1, 7), (1, 10)): 4.039914353815699e-05
((0, 2), (0, 8), (0, 10), (0, 11), (1, 0), (1, 5)): 4.039914353815699e-05
((0, 14), (1, 6), (1, 7), (1, 13)): 4.039914353815699e-05
((0, 12), (1, 3), (1, 4), (1, 10)): 4.039914353815699e-05
((0, 8), (1, 2), (1, 2), (1, 9)): 4.039914353815699e-05
((0, 0), (0, 5), (0, 10), (1, 0), (1, 5), (1, 5), (1, 10)): 4.039914353815699e-05
((0, 2), (0, 2), (0, 8), (0, 15), (1, 8), (1, 14)): 4.039914353815699e-05
((0, 0), (0, 7), (0, 7), (0, 13), (1, 5), (1, 12)): 4.039914353815699e-05
((0, 1), (1, 2), (1, 6)): 4.039914353815699e-05
((0, 9), (1, 7), (1, 13)): 4.039914353815699e-05
((0, 1), (0, 3), (0, 5), (0, 10), (1, 4), (1, 4), (1, 10)): 4.039914353815699e-05
((0, 2), (0, 8), (1, 2), (1, 2), (1, 7)): 4.039914353815699e-05
((0, 7), (0, 13), (1, 6), (1, 6), (1, 12)): 4.039914353815699e-05
((0, 1), (0, 7), (0, 11), (1, 0), (1, 6), (1, 10)): 4.039914353815699e-05
((0, 6), (0, 13), (1, 8), (1, 11)): 4.039914353815699e-05
((0, 2), (0, 2), (0, 7), (0, 12), (1, 3), (1, 8)): 4.039914353815699e-05
((0, 8), (0, 10), (1, 9), (1, 15)): 4.039914353815699e-05
((0, 0), (0, 2), (1, 1), (1, 6)): 4.039914353815699e-05
((0, 3), (0, 5), (0, 10), (1, 1), (1, 5), (1, 9)): 4.039914353815699e-05
((0, 3), (1, 4), (1, 5), (1, 10)): 4.039914353815699e-05
((0, 3), (0, 9), (1, 0), (1, 2), (1, 8)): 4.039914353815699e-05
((0, 0), (0, 4), (1, 3)): 4.039914353815699e-05
((0, 5), (0, 7), (0, 12), (1, 7), (1, 11)): 4.039914353815699e-05
((0, 6), (0, 6), (0, 12), (1, 5), (1, 10)): 4.039914353815699e-05
((0, 9), (0, 11), (1, 2), (1, 4), (1, 9)): 4.039914353815699e-05
((0, 4), (0, 11), (0, 15), (1, 10), (1, 15)): 4.039914353815699e-05
((0, 4), (0, 10), (0, 11), (1, 3), (1, 10)): 4.039914353815699e-05
((0, 3), (1, 2), (1, 3), (1, 9)): 4.039914353815699e-05
((1, 6), (1, 7), (1, 8), (1, 13)): 4.039914353815699e-05
((0, 3), (0, 10), (1, 3), (1, 4), (1, 7)): 4.039914353815699e-05
((0, 1), (0, 8), (1, 1), (1, 2), (1, 7)): 4.039914353815699e-05
((0, 2), (0, 4), (0, 5), (0, 10), (1, 9)): 4.039914353815699e-05
((0, 3), (0, 11), (1, 2), (1, 8)): 4.039914353815699e-05
((0, 0), (0, 1), (0, 1), (0, 8), (1, 7), (1, 12)): 4.039914353815699e-05
((0, 4), (0, 15), (1, 14)): 4.039914353815699e-05
((0, 4), (0, 10), (1, 2), (1, 3), (1, 5), (1, 9)): 4.039914353815699e-05
((0, 3), (0, 9), (1, 0), (1, 4), (1, 8)): 4.039914353815699e-05
((0, 2), (0, 2), (1, 7), (1, 14)): 4.039914353815699e-05
((0, 6), (0, 13), (1, 10)): 4.039914353815699e-05
((0, 1), (0, 7), (1, 1), (1, 1), (1, 7)): 4.039914353815699e-05
((0, 0), (0, 3), (0, 7), (0, 12), (1, 6), (1, 12)): 4.039914353815699e-05
((0, 3), (0, 10), (0, 15), (1, 9), (1, 13)): 4.039914353815699e-05
((0, 1), (0, 8), (1, 0), (1, 6), (1, 10)): 4.039914353815699e-05
((0, 8), (0, 8), (0, 12), (0, 14), (1, 14)): 4.039914353815699e-05
((0, 4), (0, 6), (0, 10), (1, 10)): 4.039914353815699e-05
((0, 11), (1, 14), (1, 15)): 4.039914353815699e-05
((0, 2), (0, 13), (1, 9), (1, 14)): 4.039914353815699e-05
((0, 8), (0, 8), (1, 7), (1, 8), (1, 14)): 4.039914353815699e-05
((0, 12), (1, 7)): 4.039914353815699e-05
((0, 0), (0, 9), (1, 3), (1, 3), (1, 9)): 4.039914353815699e-05
((0, 9), (1, 0), (1, 1), (1, 1), (1, 7)): 4.039914353815699e-05
((0, 14), (0, 15), (1, 13)): 4.039914353815699e-05
((0, 0), (0, 0), (0, 1), (0, 7), (1, 0), (1, 6)): 4.039914353815699e-05
((0, 4), (0, 4), (0, 5), (0, 9), (1, 4), (1, 9)): 4.039914353815699e-05
((0, 11), (1, 2), (1, 4), (1, 11)): 4.039914353815699e-05
((0, 0), (0, 2), (0, 9), (1, 1), (1, 8)): 4.039914353815699e-05
((0, 2), (0, 2), (1, 10)): 4.039914353815699e-05
((0, 0), (0, 5), (1, 1), (1, 7)): 4.039914353815699e-05
((0, 3), (0, 4), (1, 2), (1, 9)): 4.039914353815699e-05
((0, 4), (0, 5), (0, 12), (1, 4), (1, 10)): 4.039914353815699e-05
((0, 1), (0, 8), (1, 1), (1, 1), (1, 9)): 4.039914353815699e-05
((0, 3), (0, 6), (1, 1), (1, 6)): 4.039914353815699e-05
((0, 4), (0, 5), (0, 5), (0, 10), (1, 3), (1, 10), (1, 15)): 4.039914353815699e-05
((0, 3), (0, 3), (0, 9), (1, 1), (1, 1), (1, 2), (1, 9)): 4.039914353815699e-05
((1, 3), (1, 9), (1, 15)): 4.039914353815699e-05
((0, 1), (0, 4), (0, 12), (1, 10)): 4.039914353815699e-05
((0, 3), (1, 6)): 4.039914353815699e-05
((0, 1), (0, 1), (0, 8), (1, 2), (1, 6)): 4.039914353815699e-05
((0, 14), (1, 0), (1, 3), (1, 4), (1, 10)): 4.039914353815699e-05
((0, 3), (0, 7), (0, 11), (1, 12)): 4.039914353815699e-05
((0, 15), (1, 4), (1, 13)): 4.039914353815699e-05
((0, 6), (1, 5), (1, 6)): 4.039914353815699e-05
((0, 1), (0, 2), (0, 8), (0, 15), (1, 7), (1, 14)): 4.039914353815699e-05
((0, 5), (0, 10), (1, 2), (1, 11)): 4.039914353815699e-05
((0, 7), (0, 11), (1, 4), (1, 6), (1, 10)): 4.039914353815699e-05
((0, 11), (1, 5), (1, 12), (1, 15)): 4.039914353815699e-05
((0, 4), (0, 11), (1, 2), (1, 2), (1, 9), (1, 14)): 4.039914353815699e-05
((0, 14), (1, 3), (1, 5), (1, 9), (1, 13)): 4.039914353815699e-05
((0, 0), (0, 6), (0, 7), (1, 5), (1, 6)): 4.039914353815699e-05
((0, 5), (0, 10), (0, 15), (1, 10)): 4.039914353815699e-05
((0, 3), (0, 10), (1, 9), (1, 14)): 4.039914353815699e-05
((0, 5), (0, 6), (0, 8), (0, 12), (1, 7), (1, 7), (1, 12)): 4.039914353815699e-05
((1, 7), (1, 12), (1, 15)): 4.039914353815699e-05
((0, 6), (0, 8), (0, 12), (1, 5), (1, 7), (1, 7), (1, 12)): 4.039914353815699e-05
((0, 13), (1, 1), (1, 1), (1, 7), (1, 12)): 4.039914353815699e-05
((0, 4), (0, 4), (0, 6), (0, 11), (1, 4), (1, 11)): 4.039914353815699e-05
((0, 6), (0, 14), (1, 0), (1, 6), (1, 11)): 4.039914353815699e-05
((0, 1), (1, 2), (1, 2), (1, 7), (1, 14)): 4.039914353815699e-05
((0, 4), (0, 10), (1, 3), (1, 3), (1, 10)): 4.039914353815699e-05
((0, 10), (1, 5), (1, 11), (1, 14)): 4.039914353815699e-05
((0, 3), (0, 12), (1, 4), (1, 12)): 4.039914353815699e-05
((0, 4), (0, 5), (0, 14), (1, 5), (1, 12)): 4.039914353815699e-05
((0, 3), (0, 4), (1, 3), (1, 10)): 4.039914353815699e-05
((0, 7), (0, 8), (1, 5), (1, 12)): 4.039914353815699e-05
((0, 3), (0, 3), (0, 8), (1, 2), (1, 7)): 4.039914353815699e-05
((1, 13), (1, 14), (1, 15)): 4.039914353815699e-05
((0, 1), (0, 5), (0, 6), (0, 11), (1, 0), (1, 6), (1, 11)): 4.039914353815699e-05
((0, 3), (0, 11), (1, 3), (1, 11)): 4.039914353815699e-05
((0, 7), (1, 3), (1, 7)): 4.039914353815699e-05
((1, 4), (1, 6), (1, 9)): 4.039914353815699e-05
((0, 13), (1, 6), (1, 10)): 4.039914353815699e-05
((0, 2), (0, 3), (0, 8), (1, 4), (1, 9)): 4.039914353815699e-05
((0, 5), (0, 7), (0, 7), (0, 13), (1, 13)): 4.039914353815699e-05
((0, 0), (0, 0), (0, 1), (0, 8), (1, 8)): 4.039914353815699e-05
((0, 2), (0, 4), (0, 10), (1, 4), (1, 8)): 4.039914353815699e-05
((0, 7), (0, 13), (1, 5), (1, 12)): 4.039914353815699e-05
((0, 12), (1, 4), (1, 6), (1, 12)): 4.039914353815699e-05
((0, 6), (0, 11), (1, 0), (1, 5), (1, 11)): 4.039914353815699e-05
((0, 4), (0, 10), (1, 3), (1, 3), (1, 9)): 4.039914353815699e-05
((0, 4), (0, 12), (1, 4), (1, 4), (1, 10)): 4.039914353815699e-05
((0, 6), (0, 11), (1, 2), (1, 5), (1, 10)): 4.039914353815699e-05
((0, 3), (0, 3), (0, 5), (0, 5), (0, 10), (1, 4), (1, 10)): 4.039914353815699e-05
((0, 0), (0, 8), (1, 4), (1, 7)): 4.039914353815699e-05
((0, 4), (0, 11), (1, 2), (1, 11)): 4.039914353815699e-05
((0, 4), (0, 11), (0, 15), (1, 2), (1, 10)): 4.039914353815699e-05
((0, 4), (0, 5), (0, 12), (1, 5), (1, 11)): 4.039914353815699e-05
((0, 4), (1, 13)): 4.039914353815699e-05
((0, 3), (0, 15), (1, 3), (1, 8)): 4.039914353815699e-05
((0, 6), (0, 7), (0, 12), (1, 13)): 4.039914353815699e-05
((0, 8), (1, 1), (1, 1), (1, 1), (1, 9)): 4.039914353815699e-05
((0, 15), (1, 5), (1, 7), (1, 13)): 4.039914353815699e-05
((0, 5), (0, 5), (0, 6), (1, 4), (1, 5), (1, 10)): 4.039914353815699e-05
((0, 7), (1, 2), (1, 12)): 4.039914353815699e-05
((0, 5), (0, 13), (1, 0), (1, 5), (1, 12)): 4.039914353815699e-05
((0, 4), (0, 5), (1, 5), (1, 11)): 4.039914353815699e-05
((0, 3), (1, 5), (1, 5), (1, 11)): 4.039914353815699e-05
((0, 13), (1, 6), (1, 6), (1, 14)): 4.039914353815699e-05
((0, 5), (0, 9), (1, 2), (1, 3), (1, 3), (1, 4)): 4.039914353815699e-05
((0, 4), (0, 5), (0, 11)): 4.039914353815699e-05
((0, 9), (0, 10), (1, 9)): 4.039914353815699e-05
((0, 3), (0, 4), (1, 8)): 4.039914353815699e-05
((0, 3), (0, 8), (1, 2), (1, 4), (1, 8), (1, 12)): 4.039914353815699e-05
((0, 5), (0, 6), (0, 11), (1, 0), (1, 1), (1, 4), (1, 10)): 4.039914353815699e-05
((0, 4), (0, 4), (1, 10), (1, 15)): 4.039914353815699e-05
((0, 1), (0, 5), (0, 6), (0, 12), (1, 10)): 4.039914353815699e-05
((0, 15), (1, 4), (1, 9), (1, 15)): 4.039914353815699e-05
((0, 3), (0, 4), (0, 10), (1, 2), (1, 8)): 4.039914353815699e-05
((0, 6), (0, 8), (0, 14), (1, 12)): 4.039914353815699e-05
((0, 15), (1, 2), (1, 10), (1, 15)): 4.039914353815699e-05
((0, 3), (0, 9), (0, 15), (1, 2), (1, 9), (1, 15)): 4.039914353815699e-05
((0, 10), (0, 15), (1, 3), (1, 10)): 4.039914353815699e-05
((0, 6), (1, 6), (1, 7), (1, 11)): 4.039914353815699e-05
((0, 2), (0, 9), (0, 13), (1, 9), (1, 14)): 4.039914353815699e-05
((0, 3), (0, 11), (1, 5), (1, 5), (1, 10)): 4.039914353815699e-05
((0, 4), (0, 9), (0, 15), (1, 3), (1, 9), (1, 15)): 4.039914353815699e-05
((0, 0), (0, 1), (0, 1), (0, 2), (0, 13), (1, 8), (1, 13)): 4.039914353815699e-05
((0, 5), (0, 5), (0, 12), (1, 3), (1, 9)): 4.039914353815699e-05
((0, 2), (1, 9), (1, 14)): 4.039914353815699e-05
((0, 3), (0, 6), (0, 10), (1, 3), (1, 10)): 4.039914353815699e-05
((0, 15), (1, 9), (1, 9), (1, 15)): 4.039914353815699e-05
((0, 1), (0, 3), (0, 8), (1, 3), (1, 8)): 4.039914353815699e-05
((0, 0), (0, 7), (1, 0), (1, 2), (1, 6)): 4.039914353815699e-05
((0, 3), (0, 8), (1, 3), (1, 7)): 4.039914353815699e-05
((0, 2), (0, 3), (0, 8), (1, 0), (1, 0), (1, 7)): 4.039914353815699e-05
((1, 0), (1, 2), (1, 8)): 4.039914353815699e-05
((0, 0), (0, 5), (0, 7), (0, 11), (1, 5), (1, 11)): 4.039914353815699e-05
((0, 8), (1, 1), (1, 7), (1, 11)): 4.039914353815699e-05
((0, 2), (0, 2), (0, 10), (1, 8)): 4.039914353815699e-05
((0, 8), (0, 12), (1, 11)): 4.039914353815699e-05
((0, 1), (0, 8), (1, 0), (1, 1), (1, 2), (1, 7)): 4.039914353815699e-05
((0, 3), (0, 4), (0, 4), (0, 11), (1, 11)): 4.039914353815699e-05
((0, 4), (0, 12), (1, 7), (1, 12)): 4.039914353815699e-05
((0, 13), (1, 8), (1, 9), (1, 13)): 4.039914353815699e-05
((0, 12), (1, 0), (1, 4), (1, 4), (1, 5), (1, 5), (1, 10)): 4.039914353815699e-05
((1, 3), (1, 8), (1, 13)): 4.039914353815699e-05
((0, 6), (0, 14), (1, 8), (1, 13)): 4.039914353815699e-05
((0, 6), (0, 7), (0, 7), (0, 13), (1, 11)): 4.039914353815699e-05
((0, 3), (0, 5), (0, 9), (1, 4), (1, 8)): 4.039914353815699e-05
((0, 5), (0, 11), (1, 1), (1, 4), (1, 9)): 4.039914353815699e-05
((0, 3), (0, 11), (1, 2), (1, 3), (1, 4), (1, 8)): 4.039914353815699e-05
((0, 3), (0, 4), (1, 4), (1, 9)): 4.039914353815699e-05
((0, 0), (0, 0), (0, 2), (0, 7), (1, 1), (1, 6)): 4.039914353815699e-05
((0, 1), (0, 1), (0, 2), (0, 9), (1, 2), (1, 8)): 4.039914353815699e-05
((0, 6), (0, 14), (1, 9), (1, 14)): 4.039914353815699e-05
((0, 7), (0, 15), (1, 0), (1, 7), (1, 12)): 4.039914353815699e-05
((0, 8), (1, 7), (1, 13)): 4.039914353815699e-05
((0, 1), (0, 9), (1, 1), (1, 10)): 4.039914353815699e-05
((0, 12), (1, 2), (1, 11), (1, 15)): 4.039914353815699e-05
((0, 1), (0, 3), (0, 7), (1, 0), (1, 6)): 4.039914353815699e-05
((0, 6), (0, 11), (1, 0), (1, 6), (1, 10)): 4.039914353815699e-05
((0, 0), (0, 7), (0, 11), (1, 5)): 4.039914353815699e-05
((0, 1), (0, 2), (0, 10), (1, 3), (1, 3), (1, 10)): 4.039914353815699e-05
((0, 4), (0, 9), (0, 15), (1, 2), (1, 3), (1, 9), (1, 15)): 4.039914353815699e-05
((0, 4), (0, 11), (1, 3), (1, 4), (1, 9)): 4.039914353815699e-05
((0, 0), (0, 8), (0, 14), (1, 8), (1, 13)): 4.039914353815699e-05
((0, 12), (0, 15), (1, 5), (1, 11), (1, 15)): 4.039914353815699e-05
((0, 13), (1, 11), (1, 15)): 4.039914353815699e-05
((0, 5), (0, 10), (1, 2), (1, 9)): 4.039914353815699e-05
((0, 7), (0, 14), (1, 6), (1, 8), (1, 14)): 4.039914353815699e-05
((0, 0), (0, 2), (0, 6), (1, 5)): 4.039914353815699e-05
((0, 6), (1, 0), (1, 7), (1, 14)): 4.039914353815699e-05
((0, 3), (0, 4), (0, 9), (1, 8), (1, 15)): 4.039914353815699e-05
((0, 3), (0, 4), (0, 6), (1, 10)): 4.039914353815699e-05
((0, 11), (1, 4), (1, 4), (1, 4), (1, 5), (1, 11)): 4.039914353815699e-05
((0, 2), (0, 7), (0, 15), (1, 1), (1, 9), (1, 15)): 4.039914353815699e-05
((0, 5), (0, 5), (0, 11), (1, 6), (1, 10)): 4.039914353815699e-05
((0, 2), (0, 4), (0, 8), (0, 14), (1, 3), (1, 8), (1, 12)): 4.039914353815699e-05
((0, 7), (0, 14), (1, 6), (1, 7), (1, 14)): 4.039914353815699e-05
((0, 8), (0, 9), (0, 15), (1, 10), (1, 15)): 4.039914353815699e-05
((0, 6), (0, 14), (1, 6), (1, 6), (1, 12)): 4.039914353815699e-05
((0, 3), (0, 7), (0, 14), (1, 11)): 4.039914353815699e-05
((0, 5), (0, 12), (1, 6), (1, 10)): 4.039914353815699e-05
((0, 8), (1, 6), (1, 13)): 4.039914353815699e-05
((0, 2), (0, 3), (0, 11), (1, 11)): 4.039914353815699e-05
((0, 0), (0, 4), (1, 1), (1, 10)): 4.039914353815699e-05
((0, 5), (0, 12), (1, 4)): 4.039914353815699e-05
((0, 0), (0, 4), (0, 9), (1, 5), (1, 9)): 4.039914353815699e-05
((0, 2), (1, 0), (1, 8)): 4.039914353815699e-05
((0, 10), (1, 5), (1, 12)): 4.039914353815699e-05
((0, 8), (1, 4)): 4.039914353815699e-05
((0, 3), (0, 5), (0, 11), (1, 4), (1, 10), (1, 14)): 4.039914353815699e-05
((0, 4), (0, 8), (1, 2), (1, 9)): 4.039914353815699e-05
((0, 6), (1, 0), (1, 1), (1, 2), (1, 5)): 4.039914353815699e-05
((0, 5), (1, 2), (1, 3), (1, 9)): 4.039914353815699e-05
((0, 2), (0, 3), (0, 7), (1, 2), (1, 7)): 4.039914353815699e-05
((0, 5), (0, 10), (0, 13), (1, 14)): 4.039914353815699e-05
((0, 2), (0, 2), (0, 3), (0, 10), (1, 2), (1, 9)): 4.039914353815699e-05
((0, 12), (1, 0), (1, 0), (1, 7)): 4.039914353815699e-05
((0, 2), (0, 6), (0, 7), (1, 1), (1, 3), (1, 6), (1, 7)): 4.039914353815699e-05
((0, 5), (1, 3)): 4.039914353815699e-05
((0, 10), (1, 0), (1, 6)): 4.039914353815699e-05
((0, 0), (0, 2), (1, 1), (1, 7)): 4.039914353815699e-05
((0, 5), (0, 12), (1, 7), (1, 10)): 4.039914353815699e-05
((0, 6), (0, 13), (1, 4)): 4.039914353815699e-05
((0, 4), (0, 5), (0, 14), (1, 12)): 4.039914353815699e-05
((0, 14), (1, 4), (1, 6), (1, 7), (1, 12)): 4.039914353815699e-05
((0, 3), (0, 3), (0, 4), (0, 10), (1, 3), (1, 9), (1, 10)): 4.039914353815699e-05
((0, 4), (0, 6), (0, 10), (1, 3), (1, 9)): 4.039914353815699e-05
((0, 0), (0, 9), (0, 15), (1, 1), (1, 8)): 4.039914353815699e-05
((0, 3), (0, 10), (1, 0), (1, 8)): 4.039914353815699e-05
((0, 0), (0, 5), (0, 10), (1, 4), (1, 5), (1, 6), (1, 10)): 4.039914353815699e-05
((0, 1), (0, 10), (1, 3), (1, 7)): 4.039914353815699e-05
((0, 5), (0, 10), (1, 3)): 4.039914353815699e-05
((0, 2), (0, 8), (1, 2), (1, 2), (1, 8)): 4.039914353815699e-05
((0, 9), (0, 9), (0, 13), (1, 2), (1, 4), (1, 8), (1, 13)): 4.039914353815699e-05
((0, 11), (1, 0), (1, 6), (1, 10)): 4.039914353815699e-05
((0, 1), (0, 6), (0, 10), (1, 6), (1, 10)): 4.039914353815699e-05
((0, 0), (0, 10), (1, 1), (1, 8)): 4.039914353815699e-05
((0, 8), (1, 3), (1, 3), (1, 5), (1, 9)): 4.039914353815699e-05
((0, 6), (0, 13), (0, 15), (1, 6), (1, 14)): 4.039914353815699e-05
((0, 3), (0, 5), (0, 6), (0, 12), (1, 2)): 4.039914353815699e-05
((0, 15), (1, 2), (1, 3), (1, 8)): 4.039914353815699e-05
((0, 3), (0, 8), (1, 3), (1, 9)): 4.039914353815699e-05
((0, 0), (0, 11), (1, 5), (1, 6), (1, 10)): 4.039914353815699e-05
((0, 2), (0, 11), (1, 11)): 4.039914353815699e-05
((0, 12), (1, 3), (1, 4), (1, 5), (1, 10)): 4.039914353815699e-05
((0, 6), (0, 12), (1, 2), (1, 5), (1, 10)): 4.039914353815699e-05
((0, 1), (0, 1), (0, 9), (1, 3), (1, 8)): 4.039914353815699e-05
((0, 0), (0, 6), (1, 4), (1, 10)): 4.039914353815699e-05
((0, 0), (0, 1), (0, 2), (0, 6), (1, 1), (1, 1), (1, 5)): 4.039914353815699e-05
((0, 9), (0, 14), (1, 12)): 4.039914353815699e-05
((0, 0), (0, 2), (0, 3), (0, 10), (1, 3), (1, 7), (1, 15)): 4.039914353815699e-05
((0, 12), (1, 1), (1, 5), (1, 14)): 4.039914353815699e-05
((1, 3), (1, 4), (1, 11)): 4.039914353815699e-05
((0, 3), (0, 8), (0, 14), (1, 8), (1, 8)): 4.039914353815699e-05
((0, 1), (0, 6), (1, 0), (1, 2), (1, 7)): 4.039914353815699e-05
((0, 4), (0, 10), (1, 8), (1, 11)): 4.039914353815699e-05
((0, 2), (0, 3), (0, 9), (1, 2), (1, 7)): 4.039914353815699e-05
((0, 3), (0, 10), (1, 2), (1, 4), (1, 10)): 4.039914353815699e-05
((0, 1), (0, 4), (0, 11), (1, 1), (1, 3), (1, 8)): 4.039914353815699e-05
((0, 10), (1, 9), (1, 9), (1, 14)): 4.039914353815699e-05
((0, 4), (0, 5), (0, 7), (0, 12), (1, 12)): 4.039914353815699e-05
((0, 4), (0, 4), (0, 9), (1, 2), (1, 8)): 4.039914353815699e-05
((0, 12), (0, 13), (1, 11), (1, 15)): 4.039914353815699e-05
((0, 8), (0, 9), (1, 14)): 4.039914353815699e-05
((0, 5), (0, 7), (0, 11), (1, 5), (1, 12)): 4.039914353815699e-05
((0, 1), (0, 7), (0, 13), (1, 0), (1, 5), (1, 12)): 4.039914353815699e-05
((0, 9), (0, 11), (1, 10)): 4.039914353815699e-05
((0, 0), (0, 0), (0, 6), (1, 4)): 4.039914353815699e-05
((0, 11), (1, 1), (1, 5), (1, 11)): 4.039914353815699e-05
((0, 3), (0, 4), (0, 5), (0, 12), (1, 10)): 4.039914353815699e-05
((1, 4), (1, 14)): 4.039914353815699e-05
((0, 7), (0, 13), (1, 0), (1, 5)): 4.039914353815699e-05
((0, 0), (0, 1), (0, 1), (0, 3), (0, 8), (1, 2), (1, 6)): 4.039914353815699e-05
((0, 12), (1, 14), (1, 15)): 4.039914353815699e-05
((0, 2), (0, 10), (0, 15), (1, 9), (1, 15)): 4.039914353815699e-05
((0, 9), (0, 15), (1, 9), (1, 14)): 4.039914353815699e-05
((0, 11), (0, 15), (1, 3), (1, 9), (1, 15)): 4.039914353815699e-05
((0, 9), (1, 2), (1, 6)): 4.039914353815699e-05
((0, 8), (1, 0), (1, 8), (1, 15), (1, 15)): 4.039914353815699e-05
((0, 3), (0, 10), (0, 13), (1, 9), (1, 14)): 4.039914353815699e-05
((0, 1), (0, 7), (0, 7), (1, 1), (1, 2), (1, 6), (1, 6)): 4.039914353815699e-05
((0, 9), (1, 11), (1, 12), (1, 15)): 4.039914353815699e-05
((0, 5), (0, 12), (1, 2), (1, 4), (1, 11)): 4.039914353815699e-05
((0, 11), (1, 3), (1, 10), (1, 15)): 4.039914353815699e-05
((0, 3), (0, 8), (1, 1), (1, 7), (1, 14)): 4.039914353815699e-05
((0, 4), (0, 9), (1, 0), (1, 0), (1, 8)): 4.039914353815699e-05
((0, 4), (0, 9), (1, 7)): 4.039914353815699e-05
((0, 0), (0, 0), (0, 6), (1, 0), (1, 5)): 4.039914353815699e-05
((0, 1), (0, 8), (1, 2), (1, 2), (1, 10)): 4.039914353815699e-05
((0, 12), (0, 12)): 4.039914353815699e-05
((0, 4), (0, 4), (0, 4), (0, 10), (1, 3), (1, 10)): 4.039914353815699e-05
((0, 3), (0, 9), (1, 2), (1, 9), (1, 15)): 4.039914353815699e-05
((0, 6), (0, 13), (1, 9), (1, 14)): 4.039914353815699e-05
((0, 3), (0, 6), (0, 8), (1, 2)): 4.039914353815699e-05
((0, 0), (0, 5), (0, 15), (1, 5), (1, 12)): 4.039914353815699e-05
((0, 3), (0, 7), (1, 1), (1, 3), (1, 8)): 4.039914353815699e-05
((0, 0), (0, 0), (0, 8), (1, 0), (1, 7)): 4.039914353815699e-05
((0, 5), (0, 11), (1, 5), (1, 6), (1, 11)): 4.039914353815699e-05
((0, 2), (0, 3), (0, 8), (1, 1), (1, 3), (1, 8)): 4.039914353815699e-05
((0, 3), (0, 12), (1, 4), (1, 4), (1, 10)): 4.039914353815699e-05
((0, 0), (0, 2), (0, 3), (0, 8), (1, 8)): 4.039914353815699e-05
((0, 6), (0, 11), (1, 2), (1, 10)): 4.039914353815699e-05
((0, 11), (1, 4), (1, 4), (1, 5), (1, 9)): 4.039914353815699e-05
((0, 0), (0, 4), (0, 10), (1, 3), (1, 9)): 4.039914353815699e-05
((0, 4), (1, 4), (1, 5), (1, 10)): 4.039914353815699e-05
((0, 0), (0, 0), (0, 1), (0, 6), (1, 0), (1, 0), (1, 5)): 4.039914353815699e-05
((0, 2), (0, 10), (1, 1), (1, 2), (1, 8)): 4.039914353815699e-05
((0, 8), (1, 2), (1, 2), (1, 3), (1, 9)): 4.039914353815699e-05
((0, 5), (0, 10), (1, 2), (1, 5), (1, 9)): 4.039914353815699e-05
((0, 4), (1, 6), (1, 11)): 4.039914353815699e-05
((0, 2), (0, 10), (1, 3), (1, 7)): 4.039914353815699e-05
((0, 2), (0, 3), (0, 12), (1, 11)): 4.039914353815699e-05
((0, 6), (1, 4), (1, 12)): 4.039914353815699e-05
((0, 1), (0, 2), (0, 7), (1, 1), (1, 7)): 4.039914353815699e-05
((0, 10), (0, 15), (1, 8), (1, 15)): 4.039914353815699e-05
((0, 8), (0, 13), (1, 8), (1, 13)): 4.039914353815699e-05
((0, 8), (1, 7), (1, 15)): 4.039914353815699e-05
((0, 6), (0, 13), (1, 7), (1, 14)): 4.039914353815699e-05
((0, 3), (0, 11), (0, 15), (1, 10), (1, 15)): 4.039914353815699e-05
((0, 7), (0, 15), (1, 8), (1, 15)): 4.039914353815699e-05
((0, 4), (0, 11), (1, 13), (1, 14), (1, 15)): 4.039914353815699e-05
((0, 11), (0, 15), (1, 10), (1, 15)): 4.039914353815699e-05
((0, 1), (0, 4), (0, 4), (0, 10), (1, 9)): 4.039914353815699e-05
((0, 2), (0, 9), (1, 3), (1, 3), (1, 8)): 4.039914353815699e-05
((0, 14), (1, 9), (1, 13)): 4.039914353815699e-05
((0, 5), (1, 10), (1, 13)): 4.039914353815699e-05
((0, 3), (0, 8), (1, 8), (1, 14)): 4.039914353815699e-05
((0, 1), (0, 2), (0, 12), (1, 7), (1, 11)): 4.039914353815699e-05
((0, 0), (0, 6), (0, 12), (1, 0), (1, 6), (1, 11)): 4.039914353815699e-05
((0, 3), (0, 10), (0, 15), (1, 15)): 4.039914353815699e-05
((0, 5), (0, 9), (1, 8)): 4.039914353815699e-05
((0, 3), (0, 14), (1, 2), (1, 9), (1, 13)): 4.039914353815699e-05
((0, 0), (0, 1), (0, 8), (1, 2), (1, 8)): 4.039914353815699e-05
((0, 1), (0, 9), (1, 4), (1, 7)): 4.039914353815699e-05
((0, 6), (0, 14), (0, 14), (1, 7), (1, 11)): 4.039914353815699e-05
((0, 4), (0, 11), (1, 5), (1, 9), (1, 15)): 4.039914353815699e-05
((0, 0), (0, 2), (0, 9), (1, 10)): 4.039914353815699e-05
((0, 5), (0, 11), (1, 4), (1, 13)): 4.039914353815699e-05
((0, 1), (0, 4), (0, 7), (1, 0), (1, 3), (1, 8)): 4.039914353815699e-05
((0, 9), (1, 2), (1, 4), (1, 4), (1, 8)): 4.039914353815699e-05
((0, 10), (1, 0), (1, 4), (1, 9)): 4.039914353815699e-05
((0, 3), (0, 5), (1, 5), (1, 10)): 4.039914353815699e-05
((0, 4), (0, 4), (0, 8), (1, 3), (1, 8)): 4.039914353815699e-05
((0, 12), (1, 4), (1, 6), (1, 6), (1, 11)): 4.039914353815699e-05
((0, 4), (0, 5), (0, 9), (1, 7), (1, 9)): 4.039914353815699e-05
((0, 9), (1, 3), (1, 3), (1, 4), (1, 9), (1, 10)): 4.039914353815699e-05
((0, 4), (0, 10), (0, 15), (1, 4), (1, 10)): 4.039914353815699e-05
((0, 11), (1, 0), (1, 8)): 4.039914353815699e-05
((0, 6), (0, 6), (0, 11), (1, 4), (1, 12)): 4.039914353815699e-05
((0, 1), (0, 8), (1, 2), (1, 3), (1, 4), (1, 7)): 4.039914353815699e-05
((0, 11), (1, 4), (1, 4), (1, 12)): 4.039914353815699e-05
((0, 2), (0, 3), (0, 6), (1, 7)): 4.039914353815699e-05
((1, 5), (1, 7), (1, 9), (1, 13)): 4.039914353815699e-05
((0, 4), (0, 10), (1, 3), (1, 4), (1, 9)): 4.039914353815699e-05
((0, 1), (0, 6), (1, 1), (1, 4)): 4.039914353815699e-05
((0, 1), (0, 7), (0, 15), (1, 0), (1, 7), (1, 13)): 4.039914353815699e-05
((0, 5), (0, 9), (1, 2), (1, 9)): 4.039914353815699e-05
((0, 13), (1, 3), (1, 10)): 4.039914353815699e-05
((0, 0), (0, 6), (0, 9), (1, 5), (1, 9)): 4.039914353815699e-05
((0, 4), (0, 9), (1, 1), (1, 2), (1, 9)): 4.039914353815699e-05
((0, 6), (0, 11), (1, 2), (1, 3), (1, 4), (1, 5), (1, 9)): 4.039914353815699e-05
((0, 1), (0, 1), (0, 8), (1, 8), (1, 14)): 4.039914353815699e-05
((0, 5), (0, 11), (1, 9), (1, 13)): 4.039914353815699e-05
((0, 0), (0, 3), (0, 4), (0, 6), (1, 1), (1, 8)): 4.039914353815699e-05
((0, 5), (0, 9), (0, 15), (1, 3), (1, 10)): 4.039914353815699e-05
((1, 6), (1, 6), (1, 6), (1, 12)): 4.039914353815699e-05
((0, 0), (0, 0), (0, 1), (0, 7), (1, 7)): 4.039914353815699e-05
((0, 3), (1, 0), (1, 7)): 4.039914353815699e-05
((0, 4), (1, 5)): 4.039914353815699e-05
((0, 2), (0, 3), (0, 8), (1, 3), (1, 8)): 4.039914353815699e-05
((0, 0), (1, 5), (1, 6), (1, 11)): 4.039914353815699e-05
((1, 0), (1, 0), (1, 6)): 4.039914353815699e-05
((0, 0), (0, 9), (1, 1), (1, 1), (1, 6)): 4.039914353815699e-05
((0, 3), (0, 5), (0, 11), (1, 9)): 4.039914353815699e-05
((0, 4), (0, 9), (0, 14), (1, 4), (1, 8), (1, 14)): 4.039914353815699e-05
((0, 2), (0, 3), (0, 11), (1, 5), (1, 10)): 4.039914353815699e-05
((0, 11), (1, 2), (1, 4), (1, 12)): 4.039914353815699e-05
((0, 5), (0, 5), (0, 6), (0, 14), (1, 11)): 4.039914353815699e-05
((0, 3), (0, 7), (1, 8)): 4.039914353815699e-05
((0, 1), (0, 3), (0, 9), (1, 1), (1, 2), (1, 3), (1, 8)): 4.039914353815699e-05
((0, 4), (0, 7), (0, 14), (1, 12)): 4.039914353815699e-05
((0, 10), (0, 15), (1, 1), (1, 3), (1, 9)): 4.039914353815699e-05
((0, 10), (1, 4), (1, 6), (1, 10)): 4.039914353815699e-05
((0, 2), (0, 6), (0, 8), (1, 6), (1, 8)): 4.039914353815699e-05
((0, 0), (0, 8), (1, 2), (1, 2), (1, 7)): 4.039914353815699e-05
((0, 11), (1, 3), (1, 4), (1, 5), (1, 11)): 4.039914353815699e-05
((0, 9), (0, 9), (0, 11)): 4.039914353815699e-05
((0, 11), (1, 3), (1, 3), (1, 9)): 4.039914353815699e-05
((0, 0), (0, 11), (1, 4), (1, 5), (1, 11)): 4.039914353815699e-05
((0, 4), (0, 4), (1, 1), (1, 2), (1, 9)): 4.039914353815699e-05
((0, 5), (0, 5), (0, 11)): 4.039914353815699e-05
((0, 0), (0, 6), (0, 7), (0, 12), (1, 0), (1, 7), (1, 12)): 4.039914353815699e-05
((0, 2), (0, 11), (1, 4), (1, 5), (1, 9)): 4.039914353815699e-05
((0, 3), (0, 7), (0, 13), (1, 0), (1, 6), (1, 12)): 4.039914353815699e-05
((0, 1), (0, 7), (0, 9), (0, 13), (1, 7), (1, 7), (1, 14)): 4.039914353815699e-05
((0, 6), (0, 12), (1, 0), (1, 4), (1, 5), (1, 6), (1, 10)): 4.039914353815699e-05
((0, 6), (1, 7), (1, 15)): 4.039914353815699e-05
((0, 7), (0, 14), (1, 5), (1, 13)): 4.039914353815699e-05
((0, 3), (0, 3), (0, 8), (1, 2), (1, 3), (1, 8)): 4.039914353815699e-05
((0, 4), (0, 5), (0, 13), (1, 11)): 4.039914353815699e-05
((0, 2), (0, 2), (0, 4), (0, 11), (1, 6), (1, 10)): 4.039914353815699e-05
((0, 4), (0, 10), (1, 1), (1, 3), (1, 8)): 4.039914353815699e-05
((0, 5), (0, 7), (0, 14), (1, 12)): 4.039914353815699e-05
((0, 5), (0, 7), (0, 14), (1, 10)): 4.039914353815699e-05
((0, 4), (0, 12), (1, 0), (1, 5), (1, 11)): 4.039914353815699e-05
((0, 6), (0, 7), (0, 11), (1, 6), (1, 11)): 4.039914353815699e-05
((0, 12), (1, 9), (1, 14)): 4.039914353815699e-05
((0, 6), (1, 3), (1, 10)): 4.039914353815699e-05
((0, 11), (1, 9), (1, 11)): 4.039914353815699e-05
((0, 0), (0, 1), (0, 10), (1, 2), (1, 3), (1, 8)): 4.039914353815699e-05
((0, 2), (0, 3), (0, 12), (1, 1), (1, 9)): 4.039914353815699e-05
((0, 10), (1, 1), (1, 4), (1, 9)): 4.039914353815699e-05
((0, 7), (1, 3)): 4.039914353815699e-05
((0, 0), (0, 0), (0, 6), (0, 11), (1, 5), (1, 11)): 4.039914353815699e-05
((0, 4), (0, 5), (0, 12), (1, 4), (1, 5), (1, 5), (1, 11)): 4.039914353815699e-05
((0, 8), (0, 8), (1, 9), (1, 15)): 4.039914353815699e-05
((0, 1), (0, 8), (1, 1), (1, 9), (1, 14)): 4.039914353815699e-05
((0, 2), (0, 4), (0, 8), (1, 3), (1, 4), (1, 8)): 4.039914353815699e-05
((1, 1), (1, 8), (1, 15)): 4.039914353815699e-05
((0, 0), (0, 12), (1, 5), (1, 14)): 4.039914353815699e-05
((0, 2), (0, 8), (1, 6)): 4.039914353815699e-05
((0, 5), (0, 10), (1, 0), (1, 4)): 4.039914353815699e-05
((0, 2), (0, 10)): 4.039914353815699e-05
((0, 9), (1, 2), (1, 2), (1, 11)): 4.039914353815699e-05
((0, 3), (0, 3), (0, 11), (1, 2), (1, 2), (1, 9)): 4.039914353815699e-05
((0, 13), (1, 2), (1, 9), (1, 13)): 4.039914353815699e-05
((0, 1), (0, 3), (0, 9), (1, 10)): 4.039914353815699e-05
((0, 8), (1, 1), (1, 3), (1, 9)): 4.039914353815699e-05
((0, 0), (0, 3), (0, 3), (0, 9), (1, 3), (1, 8)): 4.039914353815699e-05
((0, 4), (0, 8), (1, 0), (1, 4), (1, 9)): 4.039914353815699e-05
((0, 11), (0, 15), (1, 5), (1, 11), (1, 15)): 4.039914353815699e-05
((1, 3), (1, 5), (1, 8)): 4.039914353815699e-05
((0, 2), (0, 3), (1, 4), (1, 10)): 4.039914353815699e-05
((0, 9), (1, 1), (1, 2)): 4.039914353815699e-05
((0, 11), (1, 0), (1, 4), (1, 10)): 4.039914353815699e-05
((0, 3), (0, 9), (1, 4), (1, 10)): 4.039914353815699e-05
((0, 12), (1, 5), (1, 5), (1, 14)): 4.039914353815699e-05
((0, 4), (0, 8), (1, 2), (1, 2), (1, 9)): 4.039914353815699e-05
((1, 2), (1, 2), (1, 3), (1, 8)): 4.039914353815699e-05
((0, 1), (0, 6), (1, 0), (1, 6), (1, 11)): 4.039914353815699e-05
((0, 8), (1, 2), (1, 3), (1, 10)): 4.039914353815699e-05
((0, 0), (0, 2), (0, 3), (0, 3), (0, 9), (1, 7)): 4.039914353815699e-05
((0, 2), (1, 4), (1, 10)): 4.039914353815699e-05
((0, 7), (0, 12), (1, 1), (1, 6), (1, 11)): 4.039914353815699e-05
((0, 3), (0, 3), (0, 9), (1, 7)): 4.039914353815699e-05
((0, 1), (0, 2), (0, 11), (1, 2), (1, 3), (1, 7)): 4.039914353815699e-05
((0, 12), (1, 5), (1, 10), (1, 15)): 4.039914353815699e-05
((0, 9), (0, 13), (1, 4), (1, 8), (1, 14)): 4.039914353815699e-05
((0, 0), (0, 4), (0, 5), (1, 0), (1, 6)): 4.039914353815699e-05
((0, 0), (0, 14), (1, 0), (1, 8), (1, 13)): 4.039914353815699e-05
((0, 1), (0, 12), (1, 5), (1, 8), (1, 12)): 4.039914353815699e-05
((0, 0), (0, 1), (0, 11), (1, 2), (1, 2), (1, 6)): 4.039914353815699e-05
((0, 6), (0, 11), (0, 15), (1, 9)): 4.039914353815699e-05
((0, 1), (0, 2), (0, 10)): 4.039914353815699e-05
((0, 3), (0, 7), (1, 3), (1, 8)): 4.039914353815699e-05
((0, 7), (0, 13), (0, 14), (1, 12)): 4.039914353815699e-05
((0, 14), (1, 0), (1, 6), (1, 12)): 4.039914353815699e-05
((0, 8), (1, 1), (1, 9), (1, 15)): 4.039914353815699e-05
((1, 5), (1, 5), (1, 10)): 4.039914353815699e-05
((0, 2), (0, 3), (0, 3), (0, 8), (1, 7)): 4.039914353815699e-05
((0, 5), (0, 10), (0, 15), (1, 10), (1, 13)): 4.039914353815699e-05
((0, 6), (0, 9), (1, 6)): 4.039914353815699e-05
((0, 9), (1, 1), (1, 4), (1, 9)): 4.039914353815699e-05
((0, 4), (0, 9), (1, 1), (1, 8), (1, 14)): 4.039914353815699e-05
((0, 0), (0, 9), (1, 1), (1, 2), (1, 9)): 4.039914353815699e-05
((0, 8), (0, 15), (1, 10)): 4.039914353815699e-05
((0, 3), (0, 6), (0, 11), (1, 11)): 4.039914353815699e-05
((0, 1), (1, 9)): 4.039914353815699e-05
((0, 3), (0, 10), (1, 15)): 4.039914353815699e-05
((0, 5), (0, 6), (0, 13), (1, 6), (1, 10)): 4.039914353815699e-05
((0, 6), (0, 6), (0, 11), (1, 10)): 4.039914353815699e-05
((0, 9), (1, 3), (1, 4)): 4.039914353815699e-05
((1, 5), (1, 10), (1, 13)): 4.039914353815699e-05
((0, 2), (0, 3), (0, 3), (0, 10), (1, 10)): 4.039914353815699e-05
((0, 1), (0, 3), (1, 2), (1, 9)): 4.039914353815699e-05
((0, 4), (0, 9), (1, 1), (1, 9)): 4.039914353815699e-05
((0, 4), (0, 9), (1, 2), (1, 3), (1, 8)): 4.039914353815699e-05
((0, 10), (0, 15), (1, 3), (1, 11)): 4.039914353815699e-05
((0, 3), (0, 6), (0, 14), (1, 11)): 4.039914353815699e-05
((0, 5), (0, 6), (0, 6), (0, 14), (1, 12)): 4.039914353815699e-05
((0, 0), (0, 3), (0, 9), (1, 7)): 4.039914353815699e-05
((0, 6), (0, 10), (1, 12)): 4.039914353815699e-05
((0, 2), (1, 4), (1, 5), (1, 9)): 4.039914353815699e-05
((1, 1), (1, 4), (1, 5), (1, 10)): 4.039914353815699e-05
((0, 4), (0, 8), (1, 1), (1, 10)): 4.039914353815699e-05
((0, 12), (1, 1), (1, 1), (1, 8)): 4.039914353815699e-05
((0, 11), (1, 1), (1, 3), (1, 5), (1, 10)): 4.039914353815699e-05
((0, 2), (0, 4), (0, 5), (0, 10), (1, 4), (1, 11)): 4.039914353815699e-05
((0, 4), (0, 10), (1, 2), (1, 9), (1, 9)): 4.039914353815699e-05
((0, 9), (0, 15), (1, 4), (1, 4), (1, 9), (1, 15)): 4.039914353815699e-05
((0, 6), (0, 12), (1, 0), (1, 6), (1, 10), (1, 15)): 4.039914353815699e-05
((0, 12), (1, 1), (1, 6), (1, 7), (1, 12)): 4.039914353815699e-05
((0, 4), (0, 7), (0, 12), (1, 12)): 4.039914353815699e-05
((0, 4), (0, 9), (1, 1), (1, 8)): 4.039914353815699e-05
((0, 4), (0, 10), (1, 1), (1, 8)): 4.039914353815699e-05
((0, 0), (0, 5), (0, 12), (1, 6), (1, 11)): 4.039914353815699e-05
((0, 2), (0, 5), (0, 5), (0, 9), (1, 9)): 4.039914353815699e-05
((1, 8), (1, 14), (1, 15)): 4.039914353815699e-05
((0, 7), (0, 9), (1, 9), (1, 13)): 4.039914353815699e-05
((0, 15), (1, 9), (1, 9), (1, 13)): 4.039914353815699e-05
((0, 1), (0, 3), (0, 9), (1, 2), (1, 3), (1, 8)): 4.039914353815699e-05
((1, 11), (1, 11), (1, 15)): 4.039914353815699e-05
((0, 0), (0, 14), (1, 8), (1, 14)): 4.039914353815699e-05
((0, 5), (0, 5), (0, 12), (1, 10), (1, 15)): 4.039914353815699e-05
((0, 5), (0, 14), (1, 4), (1, 5), (1, 11)): 4.039914353815699e-05
((0, 11), (1, 2), (1, 9), (1, 14)): 4.039914353815699e-05
((0, 3), (0, 12), (1, 3), (1, 9)): 4.039914353815699e-05
((0, 7), (1, 2), (1, 3), (1, 7)): 4.039914353815699e-05
((0, 2), (0, 3), (0, 11), (1, 4), (1, 5), (1, 9)): 4.039914353815699e-05
((0, 1), (0, 1), (0, 3), (0, 8), (1, 3), (1, 9)): 4.039914353815699e-05
((0, 2), (0, 7), (1, 1), (1, 5)): 4.039914353815699e-05
((0, 3), (0, 5), (0, 6), (0, 11), (1, 3), (1, 6), (1, 11)): 4.039914353815699e-05
((0, 3), (0, 14), (1, 4), (1, 11)): 4.039914353815699e-05
((0, 1), (0, 4), (1, 4)): 4.039914353815699e-05
((0, 0), (0, 13), (1, 6), (1, 13)): 4.039914353815699e-05
((0, 13), (1, 0), (1, 7)): 4.039914353815699e-05
((0, 9), (0, 14)): 4.039914353815699e-05
((0, 2), (0, 9), (1, 3), (1, 4), (1, 9)): 4.039914353815699e-05
((0, 0), (0, 2), (0, 6), (1, 2), (1, 5)): 4.039914353815699e-05
((0, 4), (0, 4), (0, 11), (1, 5), (1, 10)): 4.039914353815699e-05
((0, 4), (0, 6), (0, 13), (1, 5), (1, 10)): 4.039914353815699e-05
((0, 1), (0, 2), (0, 11), (1, 9)): 4.039914353815699e-05
((0, 12), (0, 13), (1, 13)): 4.039914353815699e-05
((0, 1), (0, 2), (0, 9), (1, 2), (1, 3), (1, 7)): 4.039914353815699e-05
((0, 3), (0, 5), (0, 10), (1, 4), (1, 11)): 4.039914353815699e-05
((0, 4), (0, 5), (0, 8), (1, 9)): 4.039914353815699e-05
((0, 5), (0, 8), (0, 8), (0, 14), (1, 13)): 4.039914353815699e-05
((0, 5), (0, 12), (1, 6)): 4.039914353815699e-05
((0, 0), (0, 6), (0, 12), (1, 5), (1, 11)): 4.039914353815699e-05
((0, 3), (0, 10), (0, 15), (1, 4), (1, 9), (1, 15)): 4.039914353815699e-05
((0, 7), (0, 11), (1, 5), (1, 11)): 4.039914353815699e-05
((0, 14), (1, 4), (1, 10)): 4.039914353815699e-05
((0, 5), (0, 5), (0, 11), (1, 10), (1, 11)): 4.039914353815699e-05
((0, 5), (0, 13), (1, 2), (1, 11)): 4.039914353815699e-05
((0, 4), (0, 11), (1, 3), (1, 11), (1, 15)): 4.039914353815699e-05
((0, 5), (0, 6), (0, 7), (1, 12)): 4.039914353815699e-05
((0, 4), (0, 8), (0, 12), (1, 7), (1, 8), (1, 13)): 4.039914353815699e-05
((0, 10), (0, 15), (1, 11), (1, 15)): 4.039914353815699e-05
((0, 3), (1, 2), (1, 5), (1, 8)): 4.039914353815699e-05
((0, 1), (0, 2), (0, 9), (1, 3), (1, 7)): 4.039914353815699e-05
((0, 3), (0, 9), (1, 4), (1, 4), (1, 9)): 4.039914353815699e-05
((0, 2), (0, 14), (1, 4), (1, 9)): 4.039914353815699e-05
((0, 6), (0, 7), (1, 6), (1, 13)): 4.039914353815699e-05
((0, 13), (0, 15), (1, 15)): 4.039914353815699e-05
((0, 1), (0, 2), (0, 7), (1, 0), (1, 7)): 4.039914353815699e-05
((0, 4), (0, 12), (0, 15), (1, 4), (1, 11), (1, 15)): 4.039914353815699e-05
((0, 5), (0, 11), (1, 1), (1, 5), (1, 9)): 4.039914353815699e-05
((0, 8), (0, 13), (1, 9), (1, 14)): 4.039914353815699e-05
((0, 9), (1, 0), (1, 0), (1, 2), (1, 2), (1, 7)): 4.039914353815699e-05
((0, 2), (0, 10), (1, 4), (1, 5), (1, 10)): 4.039914353815699e-05
((0, 2), (0, 10), (1, 3), (1, 3), (1, 8)): 4.039914353815699e-05
((0, 3), (0, 5), (0, 9), (1, 4), (1, 4), (1, 9)): 4.039914353815699e-05
((0, 4), (0, 4), (0, 9), (1, 4), (1, 10), (1, 13)): 4.039914353815699e-05
((0, 2), (0, 8), (0, 12), (1, 1), (1, 7), (1, 12)): 4.039914353815699e-05
((0, 14), (1, 5), (1, 7), (1, 11)): 4.039914353815699e-05
((0, 0), (0, 1), (0, 2), (0, 7), (1, 7)): 4.039914353815699e-05
((0, 1), (0, 1), (0, 2), (0, 8), (1, 8)): 4.039914353815699e-05
((0, 7), (0, 13), (1, 7), (1, 13)): 4.039914353815699e-05
((0, 15), (1, 3), (1, 13)): 4.039914353815699e-05
((0, 0), (0, 6), (1, 0), (1, 7), (1, 12)): 4.039914353815699e-05
((1, 3), (1, 4), (1, 7)): 4.039914353815699e-05
((0, 4), (0, 4), (0, 11), (1, 3), (1, 10)): 4.039914353815699e-05
((1, 5), (1, 12), (1, 15)): 4.039914353815699e-05
((0, 4), (0, 5), (0, 10), (0, 15), (1, 10)): 4.039914353815699e-05
((0, 14), (1, 8), (1, 11)): 4.039914353815699e-05
((0, 8), (0, 15), (1, 8)): 4.039914353815699e-05
((0, 2), (0, 5), (0, 9), (1, 3), (1, 9)): 4.039914353815699e-05
((0, 4), (1, 0), (1, 0), (1, 5)): 4.039914353815699e-05
((0, 3), (0, 4), (1, 7)): 4.039914353815699e-05
((0, 4), (0, 4), (0, 5), (0, 10), (1, 10)): 4.039914353815699e-05
((0, 1), (0, 3), (0, 3), (0, 4), (0, 9), (1, 4), (1, 8)): 4.039914353815699e-05
((0, 7), (0, 14), (1, 8), (1, 9), (1, 14)): 4.039914353815699e-05
((1, 2), (1, 11)): 4.039914353815699e-05
((0, 0), (0, 8), (1, 1), (1, 2), (1, 3), (1, 6), (1, 7)): 4.039914353815699e-05
((0, 1), (0, 6), (0, 12), (1, 6), (1, 11)): 4.039914353815699e-05
((0, 13), (1, 4), (1, 10)): 4.039914353815699e-05
((0, 4), (0, 4), (0, 7), (0, 12), (1, 11), (1, 15)): 4.039914353815699e-05
((0, 6), (0, 15), (1, 12), (1, 15)): 4.039914353815699e-05
((0, 5), (0, 5), (0, 14), (1, 7), (1, 12)): 4.039914353815699e-05
((0, 6), (1, 4), (1, 9)): 4.039914353815699e-05
((0, 2), (0, 3), (0, 8), (1, 2), (1, 7)): 4.039914353815699e-05
((0, 8), (0, 15), (1, 2), (1, 9), (1, 15)): 4.039914353815699e-05
((0, 5), (0, 12), (1, 2), (1, 9)): 4.039914353815699e-05
((0, 9), (1, 1), (1, 2), (1, 3), (1, 7)): 4.039914353815699e-05
((0, 0), (0, 5), (0, 13), (1, 5)): 4.039914353815699e-05
((0, 2), (0, 9), (1, 0), (1, 2), (1, 6)): 4.039914353815699e-05
((0, 4), (0, 12), (1, 5), (1, 5), (1, 6), (1, 11)): 4.039914353815699e-05
((0, 4), (0, 10), (1, 3), (1, 4), (1, 4), (1, 10)): 4.039914353815699e-05
((0, 8), (1, 7), (1, 8)): 4.039914353815699e-05
((0, 5), (0, 11), (1, 3), (1, 12)): 4.039914353815699e-05
((0, 0), (0, 6), (0, 7), (0, 11), (1, 5), (1, 11)): 4.039914353815699e-05
((0, 6), (0, 6), (0, 7), (0, 12), (1, 5), (1, 12)): 4.039914353815699e-05
((0, 2), (0, 9), (1, 0), (1, 8)): 4.039914353815699e-05
((0, 7), (0, 14), (1, 12), (1, 12)): 4.039914353815699e-05
((0, 10), (1, 4), (1, 4), (1, 5), (1, 9)): 4.039914353815699e-05
((0, 8), (0, 9), (0, 13), (1, 13)): 4.039914353815699e-05
((0, 9), (0, 13), (1, 7), (1, 14)): 4.039914353815699e-05
((0, 3), (0, 3), (0, 10), (1, 2), (1, 10)): 4.039914353815699e-05
((0, 0), (0, 1), (0, 10), (1, 1), (1, 7)): 4.039914353815699e-05
((0, 8), (0, 14), (1, 6), (1, 14)): 4.039914353815699e-05
((0, 12), (1, 3), (1, 8)): 4.039914353815699e-05
((0, 6), (0, 7), (1, 13)): 4.039914353815699e-05
((0, 1), (0, 8), (0, 14), (1, 0), (1, 7), (1, 12)): 4.039914353815699e-05
((0, 8), (1, 2), (1, 8), (1, 15)): 4.039914353815699e-05
((0, 5), (1, 10), (1, 14)): 4.039914353815699e-05
((0, 3), (0, 9), (1, 0)): 4.039914353815699e-05
((0, 0), (0, 0), (0, 5), (0, 5), (1, 4), (1, 5)): 4.039914353815699e-05
((0, 0), (0, 7), (0, 8), (1, 7), (1, 7), (1, 13)): 4.039914353815699e-05
((0, 2), (0, 12), (1, 4), (1, 11)): 4.039914353815699e-05
((0, 2), (1, 2), (1, 8), (1, 14)): 4.039914353815699e-05
((0, 9), (0, 10), (1, 10)): 4.039914353815699e-05
((0, 3), (0, 9), (0, 12), (1, 10)): 4.039914353815699e-05
((0, 14), (1, 2), (1, 7), (1, 13)): 4.039914353815699e-05
((0, 11), (1, 4), (1, 8)): 4.039914353815699e-05
((0, 0), (0, 1), (0, 7), (0, 14), (1, 0), (1, 6), (1, 13)): 4.039914353815699e-05
((0, 3), (0, 10), (1, 3), (1, 4), (1, 9)): 4.039914353815699e-05
((0, 2), (0, 6), (0, 13), (1, 6), (1, 11)): 4.039914353815699e-05
((0, 5), (0, 15), (1, 5), (1, 15)): 4.039914353815699e-05
((0, 10), (1, 6), (1, 7), (1, 10)): 4.039914353815699e-05
((0, 13), (1, 5), (1, 6), (1, 14)): 4.039914353815699e-05
((0, 1), (0, 7), (1, 7), (1, 15)): 4.039914353815699e-05
((0, 5), (1, 9), (1, 13)): 4.039914353815699e-05
((0, 0), (0, 9), (1, 4), (1, 4), (1, 9)): 4.039914353815699e-05
((0, 5), (0, 7), (0, 13), (1, 14)): 4.039914353815699e-05
((0, 10), (0, 11), (1, 8), (1, 10), (1, 15)): 4.039914353815699e-05
((0, 6), (0, 13), (0, 15), (1, 12)): 4.039914353815699e-05
((0, 0), (0, 7), (0, 14), (1, 7), (1, 13)): 4.039914353815699e-05
((0, 4), (0, 6), (0, 13), (1, 5), (1, 11)): 4.039914353815699e-05
((0, 2), (0, 9), (1, 1), (1, 1), (1, 8)): 4.039914353815699e-05
((0, 2), (0, 15), (1, 0), (1, 7), (1, 8), (1, 14)): 4.039914353815699e-05
((0, 7), (0, 14), (1, 6), (1, 14)): 4.039914353815699e-05
((0, 3), (0, 10), (1, 2), (1, 7)): 4.039914353815699e-05
((0, 7), (0, 12), (1, 4), (1, 5), (1, 6), (1, 11)): 4.039914353815699e-05
((0, 5), (0, 5), (1, 4), (1, 10)): 4.039914353815699e-05
((0, 4), (0, 5), (0, 10), (1, 12)): 4.039914353815699e-05
((0, 1), (0, 9), (1, 10)): 4.039914353815699e-05
((0, 14), (1, 6), (1, 10)): 4.039914353815699e-05
((0, 0), (0, 1), (0, 6), (1, 0), (1, 6)): 4.039914353815699e-05
((0, 3), (0, 5), (0, 6), (0, 13), (1, 11)): 4.039914353815699e-05
((1, 8), (1, 8), (1, 9), (1, 13)): 4.039914353815699e-05
((0, 9), (0, 10), (0, 15), (1, 13)): 4.039914353815699e-05
((0, 5), (0, 13), (1, 5), (1, 11)): 4.039914353815699e-05
((0, 5), (0, 14), (1, 4), (1, 14)): 4.039914353815699e-05
((0, 8), (1, 5), (1, 14)): 4.039914353815699e-05
((0, 7), (0, 13), (1, 12), (1, 15)): 4.039914353815699e-05
((0, 7), (0, 7), (1, 13)): 4.039914353815699e-05
((0, 4), (0, 5), (0, 10)): 4.039914353815699e-05
((0, 1), (0, 3), (0, 3), (1, 8)): 4.039914353815699e-05
((0, 1), (0, 8), (1, 3), (1, 3), (1, 8)): 4.039914353815699e-05
((0, 6), (1, 0), (1, 0), (1, 2), (1, 7)): 4.039914353815699e-05
((0, 0), (0, 2), (0, 3), (1, 7)): 4.039914353815699e-05
((0, 1), (0, 2), (0, 2), (0, 10), (1, 4), (1, 10)): 4.039914353815699e-05
((0, 8), (1, 5), (1, 8), (1, 13)): 4.039914353815699e-05
((0, 7), (0, 9), (0, 14), (1, 13)): 4.039914353815699e-05
((0, 5), (0, 14), (1, 4), (1, 10)): 4.039914353815699e-05
((0, 4), (0, 4), (0, 4), (1, 11)): 4.039914353815699e-05
((0, 0), (0, 1), (1, 1), (1, 7)): 4.039914353815699e-05
((0, 1), (0, 2), (0, 8), (1, 2), (1, 9)): 4.039914353815699e-05
((0, 2), (0, 2), (0, 3), (1, 8)): 4.039914353815699e-05
((0, 5), (1, 5), (1, 9)): 4.039914353815699e-05
((0, 1), (0, 1), (0, 8), (1, 1), (1, 7)): 4.039914353815699e-05
((0, 9), (0, 10), (0, 15), (1, 5), (1, 8), (1, 15)): 4.039914353815699e-05
((0, 6), (0, 7), (0, 12), (1, 7), (1, 11)): 4.039914353815699e-05
((0, 2), (0, 3), (0, 10), (1, 9), (1, 14)): 4.039914353815699e-05
((0, 5), (0, 5), (0, 5), (0, 12)): 4.039914353815699e-05
((0, 9), (1, 5), (1, 7)): 4.039914353815699e-05
((0, 12), (1, 5), (1, 6), (1, 10)): 4.039914353815699e-05
((0, 0), (0, 0), (0, 5), (0, 12), (1, 5), (1, 7), (1, 12)): 4.039914353815699e-05
((0, 5), (0, 6), (0, 6), (0, 11), (1, 10)): 4.039914353815699e-05
((0, 5), (0, 15), (1, 12)): 4.039914353815699e-05
((0, 10), (1, 2), (1, 2), (1, 3), (1, 9)): 4.039914353815699e-05
((0, 3), (0, 12), (1, 3), (1, 11)): 4.039914353815699e-05
((0, 8), (1, 5), (1, 5), (1, 13)): 4.039914353815699e-05
((0, 9), (0, 15), (1, 5), (1, 13)): 4.039914353815699e-05
((0, 4), (0, 5), (0, 9), (0, 15), (1, 9), (1, 14)): 4.039914353815699e-05
((0, 4), (0, 4), (0, 8), (1, 7)): 4.039914353815699e-05
((0, 4), (0, 5), (0, 9), (1, 1), (1, 8)): 4.039914353815699e-05
((0, 1), (0, 2), (0, 6), (1, 0), (1, 6)): 4.039914353815699e-05
((0, 3), (0, 5), (0, 11), (1, 4), (1, 5), (1, 10)): 4.039914353815699e-05
((0, 3), (0, 11), (1, 8)): 4.039914353815699e-05
((0, 3), (0, 12), (1, 2), (1, 4), (1, 10)): 4.039914353815699e-05
((0, 5), (0, 13), (1, 4)): 4.039914353815699e-05
((0, 1), (0, 9), (1, 2), (1, 3), (1, 7)): 4.039914353815699e-05
((0, 11), (1, 3), (1, 4), (1, 4), (1, 10)): 4.039914353815699e-05
((0, 1), (0, 2), (0, 7), (1, 1), (1, 1), (1, 6)): 4.039914353815699e-05
((0, 4), (0, 5), (0, 5), (0, 11), (1, 11)): 4.039914353815699e-05
((0, 1), (1, 0), (1, 5)): 4.039914353815699e-05
((0, 8), (1, 1), (1, 2), (1, 10)): 4.039914353815699e-05
((0, 11), (1, 3), (1, 3), (1, 4), (1, 9)): 4.039914353815699e-05
((0, 4), (0, 9), (1, 2), (1, 5), (1, 9)): 4.039914353815699e-05
((0, 1), (0, 7), (1, 5)): 4.039914353815699e-05
((0, 1), (0, 4), (0, 4), (0, 9), (1, 9)): 4.039914353815699e-05
((0, 7), (0, 10), (1, 0), (1, 0), (1, 5), (1, 10)): 4.039914353815699e-05
((0, 6), (0, 12), (1, 9)): 4.039914353815699e-05
((0, 4), (0, 11), (1, 1), (1, 9)): 4.039914353815699e-05
((0, 3), (0, 15), (1, 9)): 4.039914353815699e-05
((0, 0), (0, 3), (0, 9), (0, 9), (1, 2), (1, 4), (1, 8)): 4.039914353815699e-05
((0, 6), (0, 6), (1, 12)): 4.039914353815699e-05
((0, 11), (1, 5), (1, 5), (1, 10), (1, 15)): 4.039914353815699e-05
((0, 0), (0, 2), (0, 8), (1, 1), (1, 8)): 4.039914353815699e-05
((0, 14), (1, 0), (1, 0), (1, 5), (1, 12)): 4.039914353815699e-05
((0, 2), (0, 11), (1, 4), (1, 11)): 4.039914353815699e-05
((0, 5), (0, 5), (1, 5), (1, 11)): 4.039914353815699e-05
((0, 2), (0, 9), (0, 15), (1, 1), (1, 10), (1, 15)): 4.039914353815699e-05
((0, 7), (0, 8), (0, 13), (1, 14)): 4.039914353815699e-05
((0, 14), (1, 3), (1, 5), (1, 12)): 4.039914353815699e-05
((0, 2), (0, 5), (1, 4), (1, 9)): 4.039914353815699e-05
((0, 4), (0, 10), (1, 2), (1, 8)): 4.039914353815699e-05
((0, 1), (0, 2), (0, 2), (0, 8), (1, 1), (1, 3), (1, 8)): 4.039914353815699e-05
((0, 0), (0, 1), (0, 6), (1, 5), (1, 12)): 4.039914353815699e-05
((0, 3), (0, 10), (1, 1), (1, 2), (1, 9)): 4.039914353815699e-05
((0, 0), (0, 2), (0, 4), (0, 8), (1, 4), (1, 8)): 4.039914353815699e-05
((0, 6), (0, 7), (1, 7)): 4.039914353815699e-05
((0, 6), (0, 7), (0, 7), (1, 13)): 4.039914353815699e-05
((0, 7), (0, 7), (0, 13), (1, 13)): 4.039914353815699e-05
((0, 0), (1, 4), (1, 7)): 4.039914353815699e-05
((0, 2), (0, 3), (0, 4), (0, 9), (1, 1), (1, 8)): 4.039914353815699e-05
((0, 6), (0, 7), (0, 12), (1, 6), (1, 11)): 4.039914353815699e-05
((0, 2), (0, 6), (0, 7), (0, 13), (1, 0), (1, 6), (1, 12)): 4.039914353815699e-05
((0, 12), (0, 13), (1, 5), (1, 11)): 4.039914353815699e-05
((0, 15), (1, 10), (1, 10), (1, 15)): 4.039914353815699e-05
((0, 12), (1, 6), (1, 7), (1, 11)): 4.039914353815699e-05
((0, 14), (1, 6), (1, 7), (1, 11)): 4.039914353815699e-05
((0, 0), (0, 0), (0, 9), (1, 7)): 4.039914353815699e-05
((0, 9), (1, 0), (1, 1), (1, 2), (1, 8)): 4.039914353815699e-05
((1, 12), (1, 12)): 4.039914353815699e-05
((0, 8), (1, 0), (1, 0), (1, 7), (1, 13)): 4.039914353815699e-05
((0, 8), (1, 2), (1, 3), (1, 3), (1, 8)): 4.039914353815699e-05
((0, 4), (0, 5), (0, 15), (1, 11)): 4.039914353815699e-05
((0, 2), (0, 4), (1, 8)): 4.039914353815699e-05
((0, 14), (1, 0), (1, 5)): 4.039914353815699e-05
((0, 10), (1, 4), (1, 5), (1, 10), (1, 15)): 4.039914353815699e-05
((0, 11), (1, 4), (1, 4), (1, 5), (1, 10)): 4.039914353815699e-05
((0, 3), (0, 5), (0, 12), (1, 5), (1, 12)): 4.039914353815699e-05
((0, 2), (0, 15), (1, 7), (1, 15)): 4.039914353815699e-05
((0, 3), (0, 3), (0, 8), (0, 13), (1, 6)): 4.039914353815699e-05
((0, 0), (0, 14), (1, 8), (1, 13)): 4.039914353815699e-05
((0, 11), (0, 15), (1, 6), (1, 11), (1, 15)): 4.039914353815699e-05
((0, 10), (1, 3), (1, 3), (1, 11)): 4.039914353815699e-05
((0, 0), (0, 2), (1, 3), (1, 3), (1, 8)): 4.039914353815699e-05
((0, 5), (0, 10), (1, 3), (1, 3), (1, 4), (1, 10)): 4.039914353815699e-05
((0, 11), (1, 4), (1, 4), (1, 8)): 4.039914353815699e-05
((0, 10), (1, 3), (1, 3), (1, 4), (1, 5), (1, 10)): 4.039914353815699e-05
((0, 1), (0, 3), (1, 7)): 4.039914353815699e-05
((0, 2), (0, 8), (0, 13), (1, 8), (1, 14)): 4.039914353815699e-05
((0, 0), (0, 8), (1, 1), (1, 2), (1, 9)): 4.039914353815699e-05
((0, 6), (0, 7), (0, 12), (1, 7), (1, 12)): 4.039914353815699e-05
((0, 6), (0, 13), (1, 1), (1, 6), (1, 13)): 4.039914353815699e-05
((0, 1), (0, 2), (0, 9), (1, 8), (1, 14)): 4.039914353815699e-05
((0, 0), (0, 7), (1, 8), (1, 12)): 4.039914353815699e-05
((0, 12), (1, 2), (1, 4), (1, 5), (1, 10)): 4.039914353815699e-05
((0, 7), (0, 12), (1, 11), (1, 15)): 4.039914353815699e-05
((0, 5), (0, 7), (0, 7)): 4.039914353815699e-05
((0, 2), (0, 4), (1, 4), (1, 7), (1, 11)): 4.039914353815699e-05
((0, 9), (0, 15), (1, 2), (1, 7), (1, 14)): 4.039914353815699e-05
((0, 4), (0, 9), (1, 4), (1, 8), (1, 15)): 4.039914353815699e-05
((0, 5), (0, 6), (0, 13), (1, 1), (1, 7), (1, 11)): 4.039914353815699e-05
((0, 3), (0, 4), (0, 10), (1, 9), (1, 15)): 4.039914353815699e-05
((0, 0), (0, 7), (0, 13), (1, 2), (1, 7), (1, 13)): 4.039914353815699e-05
((0, 5), (0, 10), (0, 15), (1, 8), (1, 15)): 4.039914353815699e-05
((0, 13), (1, 12), (1, 13), (1, 15)): 4.039914353815699e-05
((0, 9), (0, 15), (1, 2), (1, 8), (1, 12)): 4.039914353815699e-05
((0, 12), (1, 3), (1, 7), (1, 11), (1, 15)): 4.039914353815699e-05
((0, 0), (0, 12), (1, 5), (1, 6), (1, 11)): 4.039914353815699e-05
((0, 5), (0, 10), (1, 4), (1, 5), (1, 9)): 4.039914353815699e-05
((0, 3), (0, 3), (0, 9), (1, 1), (1, 8)): 4.039914353815699e-05
((0, 5), (0, 7), (0, 13), (1, 13)): 4.039914353815699e-05
((0, 7), (0, 7), (0, 8), (0, 15), (1, 13)): 4.039914353815699e-05
((0, 1), (0, 6), (0, 9), (1, 3), (1, 8)): 4.039914353815699e-05
((0, 7), (0, 13), (1, 5), (1, 14)): 4.039914353815699e-05
((0, 7), (0, 8), (0, 13), (1, 4), (1, 12)): 4.039914353815699e-05
((0, 6), (1, 5), (1, 12)): 4.039914353815699e-05
((0, 6), (0, 11), (1, 4), (1, 5), (1, 11)): 4.039914353815699e-05
((0, 5), (0, 6), (0, 13), (1, 10)): 4.039914353815699e-05
((0, 1), (0, 6), (1, 9)): 4.039914353815699e-05
((0, 11), (1, 1), (1, 3), (1, 4), (1, 10)): 4.039914353815699e-05
((0, 6), (0, 12), (1, 6), (1, 12)): 4.039914353815699e-05
((0, 0), (0, 0), (0, 1), (0, 8), (1, 0), (1, 6)): 4.039914353815699e-05
((0, 3), (0, 4), (0, 8), (0, 9), (0, 9)): 4.039914353815699e-05
((0, 3), (0, 13), (1, 4), (1, 5), (1, 11)): 4.039914353815699e-05
((0, 0), (0, 2), (0, 11), (1, 8)): 4.039914353815699e-05
((0, 0), (0, 7), (1, 8), (1, 13)): 4.039914353815699e-05
((0, 6), (0, 11), (1, 6), (1, 11), (1, 15)): 4.039914353815699e-05
((0, 11), (1, 2), (1, 5), (1, 5), (1, 9)): 4.039914353815699e-05
((0, 1), (0, 10), (1, 1), (1, 10)): 4.039914353815699e-05
((0, 10), (1, 0), (1, 3), (1, 9)): 4.039914353815699e-05
((0, 7), (0, 9), (0, 15), (1, 13)): 4.039914353815699e-05
((0, 1), (0, 1), (0, 9), (1, 1), (1, 7)): 4.039914353815699e-05
((0, 7), (1, 0), (1, 6), (1, 13)): 4.039914353815699e-05
((0, 2), (0, 3), (0, 9), (1, 1), (1, 8)): 4.039914353815699e-05
((0, 14), (1, 2), (1, 8)): 4.039914353815699e-05
((0, 11), (0, 15), (1, 7), (1, 9)): 4.039914353815699e-05
((0, 4), (0, 5), (0, 13), (1, 10)): 4.039914353815699e-05
((0, 1), (0, 3), (0, 10), (1, 7)): 4.039914353815699e-05
((0, 3), (0, 4), (0, 8), (1, 1), (1, 8)): 4.039914353815699e-05
((0, 4), (0, 5), (0, 13), (1, 4), (1, 5), (1, 11)): 4.039914353815699e-05
((0, 2), (0, 3), (0, 10), (1, 3), (1, 4), (1, 10)): 4.039914353815699e-05
((0, 1), (0, 2), (0, 8), (1, 0), (1, 6)): 4.039914353815699e-05
((0, 4), (0, 8), (0, 9), (0, 13), (1, 3)): 4.039914353815699e-05
((0, 5), (0, 6), (0, 11)): 4.039914353815699e-05
((0, 14), (1, 6), (1, 7), (1, 12)): 4.039914353815699e-05
((0, 13), (1, 6)): 4.039914353815699e-05
((0, 5), (0, 11), (1, 3), (1, 5), (1, 11)): 4.039914353815699e-05
((0, 2), (0, 7), (1, 2), (1, 7)): 4.039914353815699e-05
((0, 2), (0, 2), (0, 10), (1, 7)): 4.039914353815699e-05
((0, 6), (0, 14), (1, 14), (1, 15)): 4.039914353815699e-05
((0, 1), (0, 1), (0, 3), (0, 8), (1, 8)): 4.039914353815699e-05
((0, 3), (0, 4), (0, 9), (0, 15), (1, 9), (1, 13)): 4.039914353815699e-05
((0, 5), (0, 11), (1, 5), (1, 5), (1, 10)): 4.039914353815699e-05
((0, 9), (1, 5)): 4.039914353815699e-05
((0, 8), (1, 0), (1, 1), (1, 1), (1, 2), (1, 6)): 4.039914353815699e-05
((1, 3), (1, 4), (1, 8), (1, 12)): 4.039914353815699e-05
((0, 4), (1, 2), (1, 9)): 4.039914353815699e-05
((0, 5), (0, 6), (0, 12)): 4.039914353815699e-05
((0, 8), (0, 14), (1, 1), (1, 8), (1, 13)): 4.039914353815699e-05
((0, 6), (0, 10)): 4.039914353815699e-05
((0, 0), (0, 5), (0, 14), (1, 7), (1, 7), (1, 12)): 4.039914353815699e-05
((0, 12), (1, 5), (1, 5), (1, 10)): 4.039914353815699e-05
((0, 0), (0, 0), (0, 6), (0, 12), (1, 5), (1, 7), (1, 11)): 4.039914353815699e-05
((0, 12), (1, 4), (1, 5), (1, 6), (1, 11)): 4.039914353815699e-05
((0, 13), (1, 10), (1, 13)): 4.039914353815699e-05
((0, 3), (0, 7), (0, 9), (0, 15), (1, 2), (1, 8), (1, 15)): 4.039914353815699e-05
((0, 3), (0, 11), (1, 1), (1, 9)): 4.039914353815699e-05
((0, 6), (0, 12), (0, 15), (1, 6), (1, 11)): 4.039914353815699e-05
((0, 0), (0, 1), (0, 14), (1, 7), (1, 13)): 4.039914353815699e-05
((0, 1), (0, 8), (0, 9), (1, 7)): 4.039914353815699e-05
((0, 3), (0, 3), (0, 4), (0, 10), (1, 10)): 4.039914353815699e-05
((0, 12), (1, 4), (1, 4), (1, 9)): 4.039914353815699e-05
((0, 6), (0, 7), (0, 14), (1, 7), (1, 13)): 4.039914353815699e-05
((0, 8), (0, 8), (0, 13), (1, 13)): 4.039914353815699e-05
((0, 1), (0, 4), (0, 11), (1, 10)): 4.039914353815699e-05
((0, 1), (0, 13), (1, 1), (1, 3), (1, 3), (1, 5), (1, 7)): 4.039914353815699e-05
((0, 1), (0, 5), (0, 9), (1, 5), (1, 9)): 4.039914353815699e-05
((0, 6), (0, 13), (1, 0), (1, 5), (1, 7), (1, 12)): 4.039914353815699e-05
((0, 1), (0, 4), (0, 9), (1, 2), (1, 8)): 4.039914353815699e-05
((0, 1), (0, 10), (1, 2), (1, 4), (1, 9)): 4.039914353815699e-05
((0, 7), (0, 14), (1, 9), (1, 13)): 4.039914353815699e-05
((0, 4), (0, 7), (0, 11), (1, 9)): 4.039914353815699e-05
((0, 10), (1, 0), (1, 0), (1, 2), (1, 7)): 4.039914353815699e-05
((0, 5), (0, 5), (1, 12)): 4.039914353815699e-05
((0, 0), (0, 4), (0, 9), (1, 1), (1, 5), (1, 9)): 4.039914353815699e-05
((0, 15), (1, 8), (1, 10), (1, 15)): 4.039914353815699e-05
((0, 9), (1, 5), (1, 9)): 4.039914353815699e-05
((0, 5), (0, 10), (1, 8)): 4.039914353815699e-05
((0, 5), (0, 6), (1, 14)): 4.039914353815699e-05
((0, 1), (0, 1), (0, 4), (0, 9), (1, 9)): 4.039914353815699e-05
((0, 10), (1, 0), (1, 3), (1, 8)): 4.039914353815699e-05
((0, 1), (0, 4), (0, 11), (1, 5), (1, 9)): 4.039914353815699e-05
((0, 15), (1, 1), (1, 5), (1, 13)): 4.039914353815699e-05
((0, 0), (0, 1), (0, 2), (0, 3), (0, 9), (1, 8)): 4.039914353815699e-05
((0, 13), (1, 3), (1, 4), (1, 11)): 4.039914353815699e-05
((0, 1), (0, 3), (0, 3), (0, 10), (1, 2), (1, 8)): 4.039914353815699e-05
((0, 2), (0, 7), (1, 0), (1, 0), (1, 6)): 4.039914353815699e-05
((0, 2), (0, 5), (0, 6), (1, 1), (1, 5), (1, 6)): 4.039914353815699e-05
((0, 11), (1, 0), (1, 8), (1, 15)): 4.039914353815699e-05
((0, 1), (0, 9), (1, 3), (1, 10)): 4.039914353815699e-05
((0, 0), (0, 1), (0, 1), (0, 2), (0, 3), (1, 4), (1, 9)): 4.039914353815699e-05
((0, 13), (0, 14), (1, 13)): 4.039914353815699e-05
((0, 7), (0, 8), (0, 14), (1, 11)): 4.039914353815699e-05
((0, 14), (1, 4), (1, 5), (1, 10)): 4.039914353815699e-05
((0, 6), (0, 8), (1, 15)): 4.039914353815699e-05
((0, 5), (0, 11), (0, 15), (1, 11)): 4.039914353815699e-05
((0, 0), (0, 9)): 4.039914353815699e-05
((0, 4), (0, 10), (1, 4), (1, 4), (1, 10)): 4.039914353815699e-05
((0, 3), (0, 7), (1, 11)): 4.039914353815699e-05
((0, 1), (0, 9), (0, 11), (1, 1), (1, 8), (1, 13)): 4.039914353815699e-05
((0, 5), (0, 5), (0, 13), (1, 11)): 4.039914353815699e-05
((0, 0), (0, 1), (0, 2), (0, 8), (1, 9), (1, 9), (1, 10)): 4.039914353815699e-05
((0, 2), (1, 11)): 4.039914353815699e-05
((0, 14), (1, 5), (1, 6), (1, 12)): 4.039914353815699e-05
((0, 8), (0, 15), (1, 8), (1, 13)): 4.039914353815699e-05
((0, 11), (1, 2), (1, 3), (1, 11)): 4.039914353815699e-05
((0, 6), (0, 12), (1, 5)): 4.039914353815699e-05
((0, 12), (1, 4), (1, 6), (1, 11), (1, 15)): 4.039914353815699e-05
((0, 6), (0, 7), (1, 1), (1, 1), (1, 7), (1, 7)): 4.039914353815699e-05
((0, 1), (0, 7), (1, 9)): 4.039914353815699e-05
((0, 4), (0, 6), (1, 7), (1, 11)): 4.039914353815699e-05
((0, 4), (0, 15), (1, 5), (1, 13)): 4.039914353815699e-05
((0, 2), (0, 2), (0, 4), (0, 11), (1, 8)): 4.039914353815699e-05
((0, 2), (0, 10), (1, 1), (1, 10)): 4.039914353815699e-05
((0, 2), (1, 1), (1, 2), (1, 8)): 4.039914353815699e-05
((0, 1), (0, 3), (0, 5), (0, 10), (1, 4), (1, 9)): 4.039914353815699e-05
((0, 4), (0, 5), (1, 2), (1, 10)): 4.039914353815699e-05
((0, 5), (0, 13), (1, 10)): 4.039914353815699e-05
((0, 2), (0, 9), (1, 9), (1, 13)): 4.039914353815699e-05
((0, 1), (0, 9), (1, 2), (1, 4), (1, 8)): 4.039914353815699e-05
((0, 10), (1, 1), (1, 1), (1, 8)): 4.039914353815699e-05
((0, 8), (0, 10), (1, 15)): 4.039914353815699e-05
((0, 6), (0, 8), (0, 12), (1, 7), (1, 12)): 4.039914353815699e-05
((0, 4), (0, 7), (0, 11), (1, 7), (1, 11)): 4.039914353815699e-05
((0, 1), (0, 1), (0, 6), (1, 0), (1, 6)): 4.039914353815699e-05
((0, 6), (0, 11), (1, 5), (1, 5), (1, 11)): 4.039914353815699e-05
((0, 1), (0, 2), (0, 10), (1, 0), (1, 8)): 4.039914353815699e-05
((0, 5), (0, 6), (0, 10), (0, 15), (1, 11), (1, 11), (1, 15)): 4.039914353815699e-05
((0, 3), (0, 13), (1, 4), (1, 12)): 4.039914353815699e-05
((0, 4), (0, 12), (1, 6), (1, 11), (1, 15)): 4.039914353815699e-05
((0, 2), (0, 8), (1, 0), (1, 2), (1, 9)): 4.039914353815699e-05
((0, 1), (0, 6), (0, 6), (0, 13), (1, 7), (1, 12)): 4.039914353815699e-05
((0, 10), (1, 2), (1, 11)): 4.039914353815699e-05
((0, 7), (0, 10), (1, 5), (1, 9)): 4.039914353815699e-05
((0, 4), (0, 5), (0, 9), (1, 10)): 4.039914353815699e-05
((0, 7), (0, 10), (0, 15), (1, 14)): 4.039914353815699e-05
((0, 5), (0, 7), (0, 13), (1, 8), (1, 13)): 4.039914353815699e-05
((0, 8), (0, 13), (1, 5), (1, 12)): 4.039914353815699e-05
((0, 0), (0, 0), (0, 8), (1, 6), (1, 15)): 4.039914353815699e-05
((0, 0), (0, 12), (1, 7), (1, 11)): 4.039914353815699e-05
((0, 3), (0, 11), (0, 15), (1, 10)): 4.039914353815699e-05
((0, 0), (0, 8), (1, 0), (1, 1), (1, 7)): 4.039914353815699e-05
((0, 4), (0, 10), (0, 15), (1, 5), (1, 9), (1, 15)): 4.039914353815699e-05
((0, 3), (0, 10), (0, 15), (1, 3), (1, 9), (1, 15)): 4.039914353815699e-05
((0, 4), (1, 0), (1, 3), (1, 15)): 4.039914353815699e-05
((0, 6), (0, 15), (1, 6), (1, 15)): 4.039914353815699e-05
((0, 4), (0, 10), (0, 15), (1, 10)): 4.039914353815699e-05
((0, 5), (0, 12), (1, 7), (1, 12), (1, 15)): 4.039914353815699e-05
((0, 0), (0, 6), (1, 0), (1, 6), (1, 11)): 4.039914353815699e-05
((0, 4), (0, 6), (0, 12), (1, 4), (1, 10)): 4.039914353815699e-05
((0, 13), (1, 8), (1, 12), (1, 15)): 4.039914353815699e-05
((0, 3), (0, 15), (1, 9), (1, 15)): 4.039914353815699e-05
((0, 5), (0, 8), (0, 13), (1, 7), (1, 13)): 4.039914353815699e-05
((0, 4), (0, 4), (0, 12), (1, 12), (1, 15)): 4.039914353815699e-05
((0, 0), (1, 4), (1, 11)): 4.039914353815699e-05
((0, 2), (0, 12), (1, 7)): 4.039914353815699e-05
((0, 0), (0, 0), (0, 8), (1, 1), (1, 1), (1, 8)): 4.039914353815699e-05
((0, 2), (0, 11), (1, 1), (1, 9), (1, 15)): 4.039914353815699e-05
((0, 14), (1, 4), (1, 14)): 4.039914353815699e-05
((0, 6), (0, 6), (1, 1), (1, 4)): 4.039914353815699e-05
((0, 1), (1, 2), (1, 9)): 4.039914353815699e-05
((0, 2), (0, 3), (0, 4), (0, 9), (1, 10)): 4.039914353815699e-05
((0, 3), (0, 5), (0, 10), (1, 5), (1, 6), (1, 10)): 4.039914353815699e-05
((0, 8), (1, 1), (1, 2), (1, 3), (1, 8)): 4.039914353815699e-05
((0, 1), (0, 4), (0, 5), (0, 11), (1, 5), (1, 10)): 4.039914353815699e-05
((0, 8), (0, 14), (1, 6), (1, 6), (1, 13)): 4.039914353815699e-05
((0, 2), (0, 8), (1, 9), (1, 15)): 4.039914353815699e-05
((0, 0), (0, 2), (0, 6), (0, 14), (1, 12)): 4.039914353815699e-05
((0, 0), (0, 6), (0, 7), (1, 7)): 4.039914353815699e-05
((0, 9), (0, 9), (1, 9), (1, 13)): 4.039914353815699e-05
((0, 2), (0, 9), (1, 1), (1, 6)): 4.039914353815699e-05
((0, 1), (0, 8), (0, 15), (1, 8), (1, 13)): 4.039914353815699e-05
((0, 15), (1, 2), (1, 10), (1, 11), (1, 15), (1, 15), (1, 15)): 4.039914353815699e-05
((0, 2), (0, 3), (0, 9), (1, 4), (1, 8), (1, 14)): 4.039914353815699e-05
((1, 4), (1, 10), (1, 15)): 4.039914353815699e-05
((0, 2), (0, 2), (0, 8), (1, 1), (1, 1), (1, 7)): 4.039914353815699e-05
((0, 10), (1, 4), (1, 4), (1, 4), (1, 9), (1, 10)): 4.039914353815699e-05
((0, 0), (0, 7), (0, 11), (1, 11)): 4.039914353815699e-05
((0, 5), (0, 6), (0, 12), (0, 15), (1, 10)): 4.039914353815699e-05
((0, 3), (0, 4), (0, 5), (1, 3), (1, 9)): 4.039914353815699e-05
((0, 5), (0, 13), (1, 7), (1, 11)): 4.039914353815699e-05
((1, 4), (1, 5), (1, 10), (1, 15)): 4.039914353815699e-05
((0, 6), (0, 12), (1, 5), (1, 13)): 4.039914353815699e-05
((0, 15), (1, 9), (1, 11)): 4.039914353815699e-05
((0, 3), (0, 9), (1, 2), (1, 2), (1, 8)): 4.039914353815699e-05
((0, 4), (0, 12), (1, 3)): 4.039914353815699e-05
((1, 2), (1, 6), (1, 7), (1, 12)): 4.039914353815699e-05
((0, 8), (0, 9), (0, 15), (1, 0), (1, 8), (1, 15)): 4.039914353815699e-05
((0, 10), (1, 8), (1, 9)): 4.039914353815699e-05
((0, 2), (0, 9), (0, 9), (1, 9)): 4.039914353815699e-05
((0, 1), (0, 11), (1, 5), (1, 10)): 4.039914353815699e-05
((0, 3), (0, 13), (1, 13)): 4.039914353815699e-05
((0, 7), (0, 8), (1, 3), (1, 8)): 4.039914353815699e-05
((0, 6), (0, 6), (0, 13), (1, 5), (1, 14)): 4.039914353815699e-05
((0, 2), (0, 3), (0, 4), (0, 5), (0, 11), (1, 5), (1, 10)): 4.039914353815699e-05
((0, 12), (0, 15), (1, 11), (1, 15)): 4.039914353815699e-05
((0, 6), (0, 12), (1, 8), (1, 11)): 4.039914353815699e-05
((0, 1), (0, 3), (0, 3), (0, 7), (0, 15), (1, 7), (1, 14)): 4.039914353815699e-05
((0, 7), (0, 15), (1, 6), (1, 14)): 4.039914353815699e-05
((0, 5), (1, 6), (1, 7), (1, 11)): 4.039914353815699e-05
((1, 6), (1, 9), (1, 9), (1, 14)): 4.039914353815699e-05
((0, 6), (1, 6), (1, 10), (1, 15)): 4.039914353815699e-05
((0, 2), (0, 9), (1, 6)): 4.039914353815699e-05
((0, 4), (0, 4), (0, 10), (0, 10), (1, 10)): 4.039914353815699e-05
((0, 3), (0, 5), (0, 10), (0, 14), (1, 9)): 4.039914353815699e-05
((0, 9), (0, 15), (1, 4), (1, 9), (1, 14)): 4.039914353815699e-05
((0, 4), (0, 6), (1, 7)): 4.039914353815699e-05
((0, 0), (0, 9), (1, 1), (1, 8), (1, 15)): 4.039914353815699e-05
((1, 11), (1, 11)): 4.039914353815699e-05
((0, 1), (0, 3), (0, 10), (1, 4), (1, 4), (1, 10)): 4.039914353815699e-05
((0, 5), (0, 12), (0, 15), (1, 6), (1, 12)): 4.039914353815699e-05
((0, 8), (1, 1), (1, 2), (1, 2), (1, 8), (1, 13)): 4.039914353815699e-05
((0, 7), (1, 0), (1, 0), (1, 0), (1, 1), (1, 6)): 4.039914353815699e-05
((0, 4), (0, 10), (0, 15), (1, 10), (1, 15)): 4.039914353815699e-05
((0, 3), (0, 5), (0, 12), (1, 3), (1, 11)): 4.039914353815699e-05
((0, 0), (0, 6), (1, 5), (1, 13)): 4.039914353815699e-05
((0, 2), (0, 8), (1, 2), (1, 3), (1, 7)): 4.039914353815699e-05
((0, 8), (1, 0), (1, 1), (1, 7), (1, 12)): 4.039914353815699e-05
((0, 4), (1, 7), (1, 10)): 4.039914353815699e-05
((0, 0), (0, 9), (1, 3), (1, 3), (1, 8)): 4.039914353815699e-05
((0, 2), (1, 8), (1, 15)): 4.039914353815699e-05
((0, 3), (0, 15), (1, 15)): 4.039914353815699e-05
((0, 1), (0, 6), (1, 4)): 4.039914353815699e-05
((0, 0), (0, 15), (1, 6), (1, 11)): 4.039914353815699e-05
((0, 1), (0, 8), (1, 1), (1, 1), (1, 7)): 4.039914353815699e-05
((0, 5), (1, 4), (1, 4), (1, 10)): 4.039914353815699e-05
((0, 1), (0, 2), (0, 8), (1, 2), (1, 8)): 4.039914353815699e-05
((0, 2), (0, 5), (0, 9), (1, 0), (1, 0), (1, 9)): 4.039914353815699e-05
((0, 4), (0, 4), (0, 9), (1, 4), (1, 10)): 4.039914353815699e-05
((0, 10), (1, 4), (1, 5), (1, 12)): 4.039914353815699e-05
((0, 5), (0, 7), (0, 13), (1, 11)): 4.039914353815699e-05
((0, 3), (0, 3), (0, 8), (1, 3), (1, 8)): 4.039914353815699e-05
((0, 2), (0, 9), (1, 2), (1, 8), (1, 15)): 4.039914353815699e-05
((0, 0), (0, 0), (0, 1), (0, 7), (0, 7), (1, 6)): 4.039914353815699e-05
((0, 1), (0, 4), (0, 10), (1, 8)): 4.039914353815699e-05
((0, 1), (0, 4), (0, 10), (1, 4), (1, 9)): 4.039914353815699e-05
((0, 9), (0, 15), (1, 10), (1, 13)): 4.039914353815699e-05
((0, 1), (0, 1), (0, 10), (1, 1), (1, 9)): 4.039914353815699e-05
((0, 7), (0, 12), (1, 12), (1, 15)): 4.039914353815699e-05
((0, 0), (0, 2), (0, 8), (1, 2), (1, 8)): 4.039914353815699e-05
((1, 12), (1, 14), (1, 15)): 4.039914353815699e-05
((0, 7), (0, 8), (0, 14), (1, 8), (1, 14)): 4.039914353815699e-05
((0, 6), (0, 14), (1, 11), (1, 15)): 4.039914353815699e-05
((0, 4), (0, 10), (0, 15), (1, 9), (1, 14)): 4.039914353815699e-05
((0, 4), (0, 11), (1, 11), (1, 15)): 4.039914353815699e-05
((0, 4), (0, 4), (0, 5), (0, 6), (0, 7), (0, 7), (1, 12)): 4.039914353815699e-05
((0, 1), (0, 1), (0, 12), (1, 7)): 4.039914353815699e-05
((0, 4), (0, 5), (0, 15), (1, 4), (1, 5), (1, 12)): 4.039914353815699e-05
((0, 4), (0, 9), (1, 2), (1, 9)): 4.039914353815699e-05
((0, 6), (1, 0), (1, 0), (1, 1), (1, 7)): 4.039914353815699e-05
((0, 3), (0, 6), (0, 6), (1, 3), (1, 10)): 4.039914353815699e-05
((0, 1), (0, 2), (0, 7), (1, 3), (1, 6)): 4.039914353815699e-05
((0, 15), (1, 13), (1, 15), (1, 15)): 4.039914353815699e-05
((0, 0), (0, 11), (1, 4), (1, 11)): 4.039914353815699e-05
((0, 4), (0, 5), (0, 11), (1, 1), (1, 5), (1, 5), (1, 10)): 4.039914353815699e-05
((0, 3), (0, 9), (1, 11)): 4.039914353815699e-05
((0, 1), (0, 3), (0, 5), (0, 10), (1, 5), (1, 10)): 4.039914353815699e-05
((0, 7), (0, 8), (0, 14), (1, 14)): 4.039914353815699e-05
((0, 8), (0, 8), (0, 9), (0, 14), (1, 12)): 4.039914353815699e-05
((0, 9), (1, 6), (1, 10)): 4.039914353815699e-05
((0, 7), (1, 4), (1, 15)): 4.039914353815699e-05
((0, 2), (0, 9), (1, 7), (1, 8), (1, 13)): 4.039914353815699e-05
((0, 7), (0, 14), (1, 6), (1, 13)): 4.039914353815699e-05
((1, 0), (1, 4)): 4.039914353815699e-05
((0, 6), (0, 6), (0, 12), (1, 4), (1, 5), (1, 10)): 4.039914353815699e-05
((0, 12), (1, 0), (1, 4), (1, 5), (1, 11)): 4.039914353815699e-05
((0, 11), (1, 4), (1, 4)): 4.039914353815699e-05
((0, 5), (0, 6), (1, 10)): 4.039914353815699e-05
((0, 0), (0, 0), (0, 5), (1, 4)): 4.039914353815699e-05
((0, 7), (0, 11)): 4.039914353815699e-05
((0, 4), (0, 10), (1, 2), (1, 3), (1, 4), (1, 8)): 4.039914353815699e-05
((0, 6), (0, 7), (0, 8), (0, 14), (1, 4), (1, 12)): 4.039914353815699e-05
((0, 4), (0, 6), (0, 10), (1, 2), (1, 9)): 4.039914353815699e-05
((0, 4), (0, 9), (1, 0), (1, 9)): 4.039914353815699e-05
((0, 6), (1, 1), (1, 9)): 4.039914353815699e-05
((0, 2), (0, 5), (1, 1), (1, 5)): 4.039914353815699e-05
((0, 6), (1, 1), (1, 2), (1, 5)): 4.039914353815699e-05
((0, 0), (0, 2), (0, 8), (1, 0), (1, 7)): 4.039914353815699e-05
((0, 0), (0, 1), (0, 2), (0, 7), (1, 8)): 4.039914353815699e-05
((0, 4), (0, 10), (1, 5)): 4.039914353815699e-05
((0, 0), (0, 0), (0, 9), (1, 3), (1, 8)): 4.039914353815699e-05
((0, 2), (0, 8), (0, 13), (1, 8)): 4.039914353815699e-05
((0, 2), (0, 8), (0, 15), (1, 3), (1, 3), (1, 8), (1, 14)): 4.039914353815699e-05
((0, 4), (0, 6), (1, 3), (1, 11)): 4.039914353815699e-05
((0, 13), (1, 7), (1, 12), (1, 15)): 4.039914353815699e-05
((0, 6), (1, 0), (1, 5), (1, 15)): 4.039914353815699e-05
((0, 3), (1, 3), (1, 4), (1, 8)): 4.039914353815699e-05
((0, 3), (0, 9), (1, 9), (1, 14)): 4.039914353815699e-05
((0, 5), (0, 5), (0, 11), (1, 0), (1, 6), (1, 11)): 4.039914353815699e-05
((0, 1), (0, 10), (1, 4), (1, 15)): 4.039914353815699e-05
((0, 3), (0, 10), (1, 4), (1, 9), (1, 15)): 4.039914353815699e-05
((0, 1), (0, 1), (0, 2), (0, 8), (1, 0), (1, 7)): 4.039914353815699e-05
((0, 12), (1, 2), (1, 8)): 4.039914353815699e-05
((0, 3), (0, 8), (1, 2), (1, 3), (1, 9)): 4.039914353815699e-05
((0, 6), (0, 12), (1, 4), (1, 5), (1, 11)): 4.039914353815699e-05
((0, 2), (0, 10), (1, 3), (1, 4), (1, 10), (1, 15)): 4.039914353815699e-05
((0, 2), (0, 9), (1, 4), (1, 7)): 4.039914353815699e-05
((0, 3), (0, 3), (0, 10), (1, 10), (1, 15)): 4.039914353815699e-05
((0, 9), (1, 2), (1, 3), (1, 7)): 4.039914353815699e-05
((1, 3), (1, 10), (1, 15)): 4.039914353815699e-05
((0, 2), (0, 10), (1, 7)): 4.039914353815699e-05
((0, 5), (0, 11), (1, 4), (1, 12)): 4.039914353815699e-05
((0, 0), (0, 1), (0, 9), (1, 0), (1, 1), (1, 3), (1, 8)): 4.039914353815699e-05
((0, 11), (1, 3), (1, 5), (1, 6), (1, 9)): 4.039914353815699e-05
((0, 2), (0, 4), (0, 9), (1, 0), (1, 9)): 4.039914353815699e-05
((0, 6), (1, 1), (1, 1), (1, 2), (1, 6)): 4.039914353815699e-05
((0, 4), (0, 11), (1, 0), (1, 4), (1, 10)): 4.039914353815699e-05
((0, 7), (0, 12), (1, 14)): 4.039914353815699e-05
((0, 5), (0, 6), (0, 12), (1, 9), (1, 9)): 4.039914353815699e-05
((0, 9), (0, 13), (1, 9), (1, 14)): 4.039914353815699e-05
((0, 10), (0, 15), (1, 2), (1, 3), (1, 9)): 4.039914353815699e-05
((0, 14), (1, 5), (1, 12), (1, 15)): 4.039914353815699e-05
((0, 0), (0, 3), (0, 7), (1, 1), (1, 7)): 4.039914353815699e-05
((0, 0), (0, 1), (0, 9), (1, 2), (1, 3), (1, 9)): 4.039914353815699e-05
((0, 5), (0, 8), (1, 4), (1, 4), (1, 9)): 4.039914353815699e-05
((0, 7), (0, 14), (1, 4), (1, 5), (1, 6), (1, 6), (1, 12)): 4.039914353815699e-05
((0, 5), (0, 14), (1, 10), (1, 15)): 4.039914353815699e-05
((1, 3), (1, 8), (1, 14)): 4.039914353815699e-05
((0, 5), (0, 9), (1, 3), (1, 3), (1, 9)): 4.039914353815699e-05
((0, 0), (0, 0), (0, 9), (1, 9)): 4.039914353815699e-05
((0, 0), (0, 2), (0, 8), (1, 2), (1, 6)): 4.039914353815699e-05
((0, 5), (1, 0), (1, 1), (1, 6)): 4.039914353815699e-05
((0, 2), (0, 8), (0, 15), (1, 1), (1, 8), (1, 12)): 4.039914353815699e-05
((0, 1), (0, 10), (1, 2), (1, 3), (1, 9)): 4.039914353815699e-05
((0, 1), (0, 2), (0, 4), (0, 10), (1, 2), (1, 3), (1, 10)): 4.039914353815699e-05
((0, 0), (0, 5), (0, 6), (0, 7), (1, 7), (1, 13)): 4.039914353815699e-05
((0, 3), (0, 4), (0, 9), (1, 3), (1, 8), (1, 9)): 4.039914353815699e-05
((1, 3), (1, 5), (1, 6), (1, 11)): 4.039914353815699e-05
((0, 8), (0, 15), (1, 1), (1, 6), (1, 8), (1, 14)): 4.039914353815699e-05
((0, 8), (1, 3), (1, 4), (1, 11)): 4.039914353815699e-05
((0, 1), (0, 3), (0, 5), (1, 4), (1, 10)): 4.039914353815699e-05
((0, 6), (0, 6), (0, 11), (1, 1), (1, 3), (1, 6), (1, 10)): 4.039914353815699e-05
((0, 5), (0, 12), (1, 5)): 4.039914353815699e-05
((0, 2), (0, 2), (0, 8), (1, 1), (1, 8)): 4.039914353815699e-05
((0, 2), (0, 9), (0, 10), (1, 2), (1, 9)): 4.039914353815699e-05
((0, 5), (0, 5), (0, 12), (1, 4), (1, 10)): 4.039914353815699e-05
((0, 5), (0, 9), (1, 4), (1, 8)): 4.039914353815699e-05
((0, 11), (1, 4), (1, 15)): 4.039914353815699e-05
((0, 3), (0, 3), (0, 4), (0, 10), (1, 2), (1, 4), (1, 9)): 4.039914353815699e-05
((0, 4), (1, 10), (1, 15)): 4.039914353815699e-05
((0, 5), (0, 8), (0, 13), (1, 14), (1, 15)): 4.039914353815699e-05
((0, 7), (1, 6), (1, 15)): 4.039914353815699e-05
((0, 4), (0, 4), (0, 11), (1, 0), (1, 5), (1, 10)): 4.039914353815699e-05
((0, 0), (0, 1), (0, 3), (0, 9), (1, 2), (1, 3), (1, 8)): 4.039914353815699e-05
((0, 5), (1, 14)): 4.039914353815699e-05
((0, 12), (1, 2), (1, 11)): 4.039914353815699e-05
((0, 6), (0, 14), (1, 4), (1, 6), (1, 12)): 4.039914353815699e-05
((0, 1), (0, 10), (1, 0), (1, 1), (1, 3), (1, 8)): 4.039914353815699e-05
((1, 1), (1, 3), (1, 8)): 4.039914353815699e-05
((0, 7), (0, 13), (1, 4), (1, 13)): 4.039914353815699e-05
((0, 2), (0, 3), (0, 6), (0, 9), (0, 14), (1, 14)): 4.039914353815699e-05
((0, 2), (0, 8), (0, 15), (1, 15)): 4.039914353815699e-05
((0, 4), (0, 11), (0, 15), (1, 5), (1, 10)): 4.039914353815699e-05
((0, 1), (0, 1), (0, 10), (1, 8), (1, 14)): 4.039914353815699e-05
((0, 10), (0, 10), (1, 9), (1, 15)): 4.039914353815699e-05
((0, 6), (0, 10), (1, 5), (1, 6), (1, 7), (1, 11)): 4.039914353815699e-05
((0, 4), (0, 4), (0, 10), (1, 3), (1, 9)): 4.039914353815699e-05
((0, 7), (0, 14), (1, 5), (1, 11)): 4.039914353815699e-05
((0, 0), (0, 1), (0, 2), (0, 6), (1, 0), (1, 8)): 4.039914353815699e-05
((0, 6), (0, 8), (1, 1), (1, 7), (1, 13)): 4.039914353815699e-05
((0, 5), (0, 11), (1, 3), (1, 3), (1, 4), (1, 5), (1, 10)): 4.039914353815699e-05
((0, 8), (0, 9), (1, 1), (1, 5)): 4.039914353815699e-05
((0, 6), (1, 0), (1, 2), (1, 6)): 4.039914353815699e-05
((0, 1), (0, 9), (1, 2), (1, 2), (1, 9)): 4.039914353815699e-05
((0, 3), (0, 4), (0, 10)): 4.039914353815699e-05
((0, 6), (1, 1), (1, 6), (1, 10)): 4.039914353815699e-05
((0, 4), (0, 5), (0, 11), (1, 2), (1, 11)): 4.039914353815699e-05
((0, 3), (0, 10), (1, 1), (1, 10)): 4.039914353815699e-05
((0, 4), (0, 11), (1, 4), (1, 5), (1, 9)): 4.039914353815699e-05
((0, 13), (1, 7), (1, 8), (1, 14)): 4.039914353815699e-05
((0, 11), (1, 5), (1, 10), (1, 11)): 4.039914353815699e-05
((0, 10), (1, 0), (1, 3), (1, 4), (1, 9)): 4.039914353815699e-05
((0, 3), (0, 3), (0, 11), (1, 4), (1, 5), (1, 9)): 4.039914353815699e-05
((0, 2), (0, 3), (0, 8), (1, 1), (1, 8)): 4.039914353815699e-05
((0, 6), (0, 7), (0, 12), (1, 4), (1, 4), (1, 12)): 4.039914353815699e-05
((0, 9), (1, 0), (1, 1), (1, 3), (1, 3), (1, 5), (1, 9)): 4.039914353815699e-05
((0, 10), (1, 1), (1, 3), (1, 8), (1, 10)): 4.039914353815699e-05
((0, 1), (0, 3), (0, 9), (1, 1), (1, 9)): 4.039914353815699e-05
((0, 9), (0, 9), (0, 15), (1, 15)): 4.039914353815699e-05
((0, 2), (0, 3), (0, 4), (0, 11), (1, 3), (1, 9)): 4.039914353815699e-05
((0, 10), (1, 4), (1, 4), (1, 4), (1, 9)): 4.039914353815699e-05
((0, 1), (0, 7), (1, 1), (1, 2), (1, 2), (1, 7)): 4.039914353815699e-05
((0, 0), (0, 6), (1, 1), (1, 7)): 4.039914353815699e-05
((0, 10), (1, 4), (1, 5), (1, 5), (1, 10)): 4.039914353815699e-05
((0, 2), (0, 3), (0, 3), (0, 10), (1, 3), (1, 10)): 4.039914353815699e-05
((0, 3), (0, 4), (0, 8), (1, 2), (1, 8)): 4.039914353815699e-05
((0, 5), (1, 0), (1, 0), (1, 4)): 4.039914353815699e-05
((0, 0), (0, 0), (0, 8), (1, 6)): 4.039914353815699e-05
((0, 7), (0, 8), (0, 9), (1, 10), (1, 15)): 4.039914353815699e-05
((0, 3), (0, 3), (0, 9), (1, 1), (1, 9)): 4.039914353815699e-05
((0, 0), (0, 0), (0, 7), (0, 15), (1, 6), (1, 14)): 4.039914353815699e-05
((0, 4), (0, 15), (0, 15), (1, 15)): 4.039914353815699e-05
((0, 3), (0, 6), (1, 3), (1, 3), (1, 7)): 4.039914353815699e-05
((0, 2), (0, 7), (1, 1), (1, 5), (1, 9)): 4.039914353815699e-05
((0, 2), (0, 2), (0, 8), (1, 3), (1, 7), (1, 7), (1, 13)): 4.039914353815699e-05
((1, 2), (1, 6), (1, 10)): 4.039914353815699e-05
((0, 3), (0, 11), (1, 3), (1, 3), (1, 10)): 4.039914353815699e-05
((0, 6), (1, 6), (1, 14)): 4.039914353815699e-05
((0, 0), (0, 0), (0, 2), (0, 8), (1, 7)): 4.039914353815699e-05
((0, 1), (0, 4), (0, 9), (1, 3), (1, 8)): 4.039914353815699e-05
((0, 8), (1, 1), (1, 1), (1, 9)): 4.039914353815699e-05
((0, 4), (0, 14), (1, 4), (1, 5), (1, 9)): 4.039914353815699e-05
((0, 11), (1, 2), (1, 3), (1, 10)): 4.039914353815699e-05
((0, 3), (0, 4), (0, 12), (1, 3), (1, 11)): 4.039914353815699e-05
((0, 5), (0, 13), (1, 5), (1, 13)): 4.039914353815699e-05
((0, 11), (1, 9), (1, 15)): 4.039914353815699e-05
((0, 3), (0, 3), (0, 4), (0, 14), (1, 10)): 4.039914353815699e-05
((0, 5), (0, 5), (0, 13), (1, 10)): 4.039914353815699e-05
((0, 9), (0, 14), (1, 2), (1, 3), (1, 7)): 4.039914353815699e-05
((0, 0), (0, 2), (0, 2), (0, 3), (0, 9), (1, 7)): 4.039914353815699e-05
((0, 12), (0, 13), (1, 6), (1, 12)): 4.039914353815699e-05
((0, 8), (0, 14), (1, 7)): 4.039914353815699e-05
((0, 10), (1, 1), (1, 4), (1, 5), (1, 10)): 4.039914353815699e-05
((0, 11), (1, 8), (1, 13)): 4.039914353815699e-05
((0, 6), (0, 12), (1, 5), (1, 6), (1, 7), (1, 12)): 4.039914353815699e-05
((0, 0), (0, 8), (1, 0), (1, 9)): 4.039914353815699e-05
((0, 8), (0, 12), (1, 3), (1, 12)): 4.039914353815699e-05
((0, 4), (0, 11), (0, 15), (1, 2), (1, 9)): 4.039914353815699e-05
((0, 5), (0, 10), (1, 3), (1, 4), (1, 10)): 4.039914353815699e-05
((0, 7), (1, 6), (1, 6), (1, 11)): 4.039914353815699e-05
((0, 0), (0, 10), (1, 2), (1, 6)): 4.039914353815699e-05
((0, 1), (0, 8), (0, 14), (1, 1), (1, 6), (1, 14)): 4.039914353815699e-05
((0, 9), (0, 15), (1, 3), (1, 9), (1, 15)): 4.039914353815699e-05
((0, 14), (1, 0), (1, 8)): 4.039914353815699e-05
((0, 5), (0, 10), (0, 10)): 4.039914353815699e-05
((0, 5), (1, 0), (1, 5), (1, 10)): 4.039914353815699e-05
((0, 1), (0, 6), (1, 7), (1, 14)): 4.039914353815699e-05
((0, 1), (0, 3), (0, 4), (0, 9), (1, 9)): 4.039914353815699e-05
((0, 1), (0, 2), (1, 8), (1, 14)): 4.039914353815699e-05
((0, 4), (0, 10), (0, 15), (1, 2), (1, 10), (1, 15)): 4.039914353815699e-05
((0, 9), (0, 14), (1, 9), (1, 13)): 4.039914353815699e-05
((0, 9), (0, 14), (1, 5), (1, 12)): 4.039914353815699e-05
((0, 4), (0, 5), (0, 11), (1, 3), (1, 12)): 4.039914353815699e-05
((0, 14), (1, 5), (1, 10)): 4.039914353815699e-05
((0, 3), (0, 4), (0, 10), (1, 1), (1, 3), (1, 9)): 4.039914353815699e-05
((0, 6), (0, 12), (1, 10), (1, 11)): 4.039914353815699e-05
((0, 0), (0, 1), (0, 5), (1, 4)): 4.039914353815699e-05
((0, 8), (1, 0), (1, 2), (1, 9)): 4.039914353815699e-05
((0, 4), (0, 5), (0, 6), (0, 11), (1, 12)): 4.039914353815699e-05
((0, 2), (0, 3), (0, 4), (1, 9)): 4.039914353815699e-05
((0, 3), (0, 4), (0, 10), (1, 5), (1, 9)): 4.039914353815699e-05
((0, 5), (0, 5), (0, 11), (1, 3), (1, 9)): 4.039914353815699e-05
((0, 7), (0, 7), (1, 0), (1, 7), (1, 12)): 4.039914353815699e-05
((0, 5), (0, 10), (1, 0), (1, 0), (1, 5), (1, 9)): 4.039914353815699e-05
((0, 5), (0, 13), (1, 5), (1, 7), (1, 12)): 4.039914353815699e-05
((0, 1), (0, 2), (0, 3), (0, 11), (1, 4), (1, 9)): 4.039914353815699e-05
((0, 15), (0, 15), (1, 14)): 4.039914353815699e-05
((0, 4), (0, 8), (0, 8), (0, 15), (1, 2), (1, 9), (1, 15)): 4.039914353815699e-05
((0, 3), (0, 11), (1, 6), (1, 10)): 4.039914353815699e-05
((0, 12), (1, 2), (1, 3), (1, 10)): 4.039914353815699e-05
((0, 2), (0, 6), (0, 13), (1, 1), (1, 6), (1, 12)): 4.039914353815699e-05
((1, 9), (1, 10), (1, 13)): 4.039914353815699e-05
((0, 0), (0, 10), (0, 13), (1, 8)): 4.039914353815699e-05
((0, 5), (0, 5), (0, 11), (1, 4), (1, 11)): 4.039914353815699e-05
((0, 1), (0, 7), (1, 2), (1, 7), (1, 13)): 4.039914353815699e-05
((0, 6), (0, 15), (1, 4), (1, 8), (1, 15)): 4.039914353815699e-05
((0, 12), (1, 7), (1, 7), (1, 12)): 4.039914353815699e-05
((0, 3), (0, 9), (1, 2), (1, 3), (1, 9)): 4.039914353815699e-05
((0, 3), (0, 9), (1, 0), (1, 7)): 4.039914353815699e-05
((0, 3), (0, 4), (0, 4), (0, 10), (1, 3), (1, 4), (1, 9)): 4.039914353815699e-05
((0, 4), (0, 6), (0, 12), (1, 5), (1, 12)): 4.039914353815699e-05
((0, 0), (0, 11), (1, 4), (1, 4), (1, 7)): 4.039914353815699e-05
((0, 1), (0, 3), (0, 10), (1, 0), (1, 7)): 4.039914353815699e-05
((0, 4), (0, 5), (0, 6), (0, 12), (1, 3), (1, 11)): 4.039914353815699e-05
((0, 2), (0, 14), (1, 11)): 4.039914353815699e-05
((0, 5), (0, 12), (1, 4), (1, 11), (1, 15)): 4.039914353815699e-05
((0, 4), (0, 8), (1, 12)): 4.039914353815699e-05
((1, 8), (1, 11), (1, 12), (1, 15)): 4.039914353815699e-05
((0, 1), (0, 9), (1, 3), (1, 3), (1, 4), (1, 8)): 4.039914353815699e-05
((0, 3), (0, 4), (0, 11)): 4.039914353815699e-05
((0, 5), (0, 6), (0, 12), (0, 15), (1, 12), (1, 15)): 4.039914353815699e-05
((0, 5), (0, 8), (0, 13), (1, 13)): 4.039914353815699e-05
((0, 10), (1, 2), (1, 4), (1, 8)): 4.039914353815699e-05
((1, 0), (1, 0), (1, 8)): 4.039914353815699e-05
((0, 7), (0, 14), (1, 8), (1, 12)): 4.039914353815699e-05
((0, 3), (0, 9), (1, 1), (1, 2), (1, 8)): 4.039914353815699e-05
((0, 6), (0, 12), (1, 4), (1, 5), (1, 10)): 4.039914353815699e-05
((0, 9), (0, 15), (1, 7), (1, 13)): 4.039914353815699e-05
((1, 11), (1, 14)): 4.039914353815699e-05
((0, 13), (1, 3), (1, 5), (1, 11)): 4.039914353815699e-05
((0, 12), (1, 6), (1, 6), (1, 14)): 4.039914353815699e-05
((0, 5), (0, 6), (0, 7), (0, 7), (0, 8)): 4.039914353815699e-05
((0, 1), (0, 7), (1, 2), (1, 2), (1, 6)): 4.039914353815699e-05
((0, 4), (0, 5), (0, 5), (0, 11)): 4.039914353815699e-05
((0, 0), (0, 3), (0, 10), (1, 8)): 4.039914353815699e-05
((0, 6), (0, 7), (0, 7), (1, 5), (1, 13)): 4.039914353815699e-05
((0, 4), (0, 4), (0, 5), (1, 10)): 4.039914353815699e-05
((0, 9), (1, 2), (1, 3), (1, 5), (1, 9)): 4.039914353815699e-05
((0, 7), (0, 8), (0, 15), (1, 9), (1, 13)): 4.039914353815699e-05
((0, 1), (0, 13), (1, 12)): 4.039914353815699e-05
((0, 6), (1, 4), (1, 4), (1, 10)): 4.039914353815699e-05
((0, 14), (1, 6), (1, 6), (1, 14)): 4.039914353815699e-05
((0, 0), (0, 3), (0, 8), (1, 1), (1, 7)): 4.039914353815699e-05
((0, 7), (0, 8), (0, 14), (1, 13)): 4.039914353815699e-05
((0, 3), (0, 12), (1, 4), (1, 5), (1, 10)): 4.039914353815699e-05
((0, 7), (0, 7), (0, 11), (1, 11)): 4.039914353815699e-05
((0, 0), (0, 6), (1, 0), (1, 2), (1, 5)): 4.039914353815699e-05
((0, 4), (0, 7), (0, 8), (0, 13)): 4.039914353815699e-05
((0, 14), (1, 7), (1, 8), (1, 12)): 4.039914353815699e-05
((0, 9), (0, 15), (1, 10), (1, 15)): 4.039914353815699e-05
((0, 7), (1, 0), (1, 3), (1, 6)): 4.039914353815699e-05
((0, 5), (0, 5), (0, 10), (1, 5), (1, 5), (1, 10)): 4.039914353815699e-05
((0, 4), (0, 9), (1, 0), (1, 4), (1, 8)): 4.039914353815699e-05
((0, 4), (0, 5), (1, 3), (1, 4), (1, 7), (1, 9)): 4.039914353815699e-05
((0, 13), (1, 2), (1, 14)): 4.039914353815699e-05
((0, 6), (1, 4), (1, 10)): 4.039914353815699e-05
((0, 3), (0, 3), (0, 9), (1, 3), (1, 4), (1, 9)): 4.039914353815699e-05
((0, 5), (0, 6), (0, 7), (0, 11), (1, 11)): 4.039914353815699e-05
((0, 5), (0, 6), (0, 13), (0, 15), (1, 11), (1, 15)): 4.039914353815699e-05
((0, 2), (0, 4), (0, 8), (1, 2), (1, 3), (1, 9)): 4.039914353815699e-05
((0, 6), (0, 11), (1, 1), (1, 5), (1, 11)): 4.039914353815699e-05
((0, 1), (0, 9), (1, 0), (1, 9)): 4.039914353815699e-05
((0, 6), (0, 7), (1, 5), (1, 6)): 4.039914353815699e-05
((0, 9), (1, 3), (1, 5), (1, 8)): 4.039914353815699e-05
((0, 15), (1, 3), (1, 10), (1, 15)): 4.039914353815699e-05
((0, 10), (1, 0), (1, 3), (1, 5), (1, 10)): 4.039914353815699e-05
((0, 8), (1, 1), (1, 7), (1, 13)): 4.039914353815699e-05
((0, 4), (0, 11), (1, 1), (1, 4), (1, 9)): 4.039914353815699e-05
((0, 4), (0, 6), (0, 14), (1, 6), (1, 11)): 4.039914353815699e-05
((0, 4), (0, 9), (1, 3), (1, 7)): 4.039914353815699e-05
((0, 9), (0, 15), (1, 2), (1, 15)): 4.039914353815699e-05
((0, 0), (0, 12), (1, 5), (1, 10)): 4.039914353815699e-05
((0, 0), (0, 8), (1, 0), (1, 1), (1, 8)): 4.039914353815699e-05
((0, 5), (0, 11), (1, 6), (1, 11), (1, 15)): 4.039914353815699e-05
((0, 0), (0, 2), (0, 6), (1, 1), (1, 2), (1, 6)): 4.039914353815699e-05
((0, 14), (1, 4), (1, 13), (1, 15)): 4.039914353815699e-05
((0, 0), (0, 8), (0, 13), (1, 1), (1, 7), (1, 14)): 4.039914353815699e-05
((0, 10), (1, 3), (1, 4), (1, 10), (1, 13)): 4.039914353815699e-05
((0, 1), (0, 7), (0, 15), (1, 0), (1, 9)): 4.039914353815699e-05
((0, 4), (0, 8), (1, 10)): 4.039914353815699e-05
((0, 11), (1, 12), (1, 15)): 4.039914353815699e-05
((0, 10), (1, 4), (1, 5), (1, 10), (1, 13)): 4.039914353815699e-05
((0, 1), (1, 2), (1, 4), (1, 8), (1, 14)): 4.039914353815699e-05
((0, 1), (0, 8), (0, 13), (1, 6)): 4.039914353815699e-05
((0, 7), (1, 2), (1, 2), (1, 7)): 4.039914353815699e-05
((0, 3), (0, 4), (0, 9), (1, 7)): 4.039914353815699e-05
((0, 4), (0, 11), (1, 14)): 4.039914353815699e-05
((0, 9), (1, 1), (1, 1), (1, 3), (1, 9)): 4.039914353815699e-05
((0, 2), (0, 4), (0, 8), (1, 9)): 4.039914353815699e-05
((0, 6), (0, 7), (0, 15), (1, 14)): 4.039914353815699e-05
((0, 0), (0, 1), (0, 3), (1, 5), (1, 10)): 4.039914353815699e-05
((0, 3), (0, 12), (1, 5), (1, 6), (1, 7), (1, 11)): 4.039914353815699e-05
((0, 1), (0, 4), (0, 4), (0, 9), (1, 3), (1, 9)): 4.039914353815699e-05
((0, 1), (0, 6), (1, 0), (1, 1), (1, 5)): 4.039914353815699e-05
((0, 6), (0, 15), (1, 7), (1, 11)): 4.039914353815699e-05
((0, 2), (0, 4), (0, 12), (1, 3), (1, 4), (1, 5), (1, 10)): 4.039914353815699e-05
((0, 11), (1, 3), (1, 3), (1, 11)): 4.039914353815699e-05
((0, 0), (0, 7), (0, 14), (1, 1), (1, 11)): 4.039914353815699e-05
((0, 2), (0, 4), (1, 10), (1, 14)): 4.039914353815699e-05
((0, 1), (0, 9), (1, 1), (1, 2), (1, 8)): 4.039914353815699e-05
((1, 13), (1, 15), (1, 15)): 4.039914353815699e-05
((0, 10), (1, 8), (1, 13)): 4.039914353815699e-05
((0, 5), (0, 9), (1, 1), (1, 8)): 4.039914353815699e-05
((0, 0), (0, 11), (1, 9)): 4.039914353815699e-05
((0, 9), (0, 13), (0, 15), (1, 8), (1, 14)): 4.039914353815699e-05
((0, 5), (0, 10), (0, 15), (1, 10), (1, 15)): 4.039914353815699e-05
((0, 1), (0, 3), (0, 9), (1, 3), (1, 8)): 4.039914353815699e-05
((0, 1), (0, 3), (0, 3), (0, 12), (1, 2), (1, 11)): 4.039914353815699e-05
((0, 2), (0, 3), (0, 8), (0, 13), (1, 8), (1, 14)): 4.039914353815699e-05
((0, 1), (0, 13), (1, 7), (1, 11)): 4.039914353815699e-05
((0, 3), (0, 4), (0, 12), (1, 9)): 4.039914353815699e-05
((0, 1), (0, 2), (0, 6), (0, 14), (1, 6), (1, 12)): 4.039914353815699e-05
((0, 5), (1, 3), (1, 11)): 4.039914353815699e-05
((0, 0), (0, 8), (1, 2), (1, 9)): 4.039914353815699e-05
((0, 8), (1, 1), (1, 5)): 4.039914353815699e-05
((0, 3), (0, 13), (1, 8), (1, 13)): 4.039914353815699e-05
((0, 2), (0, 3), (1, 2), (1, 9)): 4.039914353815699e-05
((0, 0), (0, 2), (0, 2), (0, 3), (0, 9), (1, 9)): 4.039914353815699e-05
((0, 11), (1, 3), (1, 3), (1, 4), (1, 11)): 4.039914353815699e-05
((0, 2), (0, 3), (0, 7), (1, 0), (1, 6)): 4.039914353815699e-05
((0, 0), (0, 0), (0, 8), (0, 13), (1, 7), (1, 13)): 4.039914353815699e-05
((0, 3), (0, 5), (0, 5), (0, 11), (1, 10)): 4.039914353815699e-05
((0, 7), (0, 11), (0, 12), (1, 4), (1, 4), (1, 12)): 4.039914353815699e-05
((0, 13), (1, 6), (1, 6), (1, 11)): 4.039914353815699e-05
((0, 5), (1, 3), (1, 4), (1, 8)): 4.039914353815699e-05
((0, 2), (0, 11), (1, 5), (1, 10)): 4.039914353815699e-05
((0, 12), (1, 2), (1, 6), (1, 10)): 4.039914353815699e-05
((0, 3), (0, 6), (0, 11), (1, 0), (1, 4), (1, 4), (1, 10)): 4.039914353815699e-05
((0, 2), (0, 4), (0, 9), (1, 1), (1, 9)): 4.039914353815699e-05
((0, 4), (0, 5), (0, 10), (1, 3), (1, 10)): 4.039914353815699e-05
((0, 8), (1, 0), (1, 0), (1, 1), (1, 7)): 4.039914353815699e-05
((0, 15), (1, 1), (1, 9), (1, 14)): 4.039914353815699e-05
((0, 0), (0, 3), (0, 3), (0, 10), (1, 8)): 4.039914353815699e-05
((0, 1), (0, 4), (0, 8), (1, 9)): 4.039914353815699e-05
((0, 5), (0, 6), (0, 12), (1, 4), (1, 6), (1, 11)): 4.039914353815699e-05
((0, 0), (0, 0), (0, 8), (1, 1), (1, 7)): 4.039914353815699e-05
((0, 0), (0, 4), (0, 6), (0, 10), (1, 8)): 4.039914353815699e-05
((0, 0), (0, 4), (0, 6), (0, 12), (1, 0), (1, 6), (1, 11)): 4.039914353815699e-05
((0, 10), (0, 14)): 4.039914353815699e-05
((0, 3), (0, 3), (0, 9), (1, 0), (1, 9)): 4.039914353815699e-05
((0, 7), (1, 0), (1, 1), (1, 1), (1, 5)): 4.039914353815699e-05
((0, 4), (0, 4), (1, 5), (1, 12)): 4.039914353815699e-05
((0, 5), (0, 10), (1, 4), (1, 8)): 4.039914353815699e-05
((0, 0), (0, 7), (0, 15), (1, 13)): 4.039914353815699e-05
((0, 7), (1, 0), (1, 1), (1, 3), (1, 8)): 4.039914353815699e-05
((0, 3), (0, 9), (1, 4), (1, 7)): 4.039914353815699e-05
((0, 4), (0, 6), (0, 14), (1, 12)): 4.039914353815699e-05
((0, 2), (0, 2), (0, 10), (1, 0), (1, 8)): 4.039914353815699e-05
((0, 7), (0, 7), (0, 12), (1, 12)): 4.039914353815699e-05
((0, 6), (0, 7), (0, 13), (1, 8), (1, 11)): 4.039914353815699e-05
((0, 5), (1, 6), (1, 15)): 4.039914353815699e-05
((0, 6), (0, 6), (1, 10)): 4.039914353815699e-05
((0, 4), (0, 5), (0, 11), (1, 4), (1, 11)): 4.039914353815699e-05
((0, 5), (0, 11), (1, 6)): 4.039914353815699e-05
((0, 4), (0, 8)): 4.039914353815699e-05
((0, 3), (0, 10), (1, 1), (1, 4), (1, 9)): 4.039914353815699e-05
((0, 8), (0, 12), (1, 0), (1, 1), (1, 7), (1, 11)): 4.039914353815699e-05
((0, 4), (0, 9), (1, 2), (1, 3), (1, 10)): 4.039914353815699e-05
((1, 4), (1, 5), (1, 12)): 4.039914353815699e-05
((0, 3), (1, 1), (1, 4), (1, 9)): 4.039914353815699e-05
((0, 8), (1, 0), (1, 0), (1, 4), (1, 7)): 4.039914353815699e-05
((0, 3), (0, 15), (1, 2), (1, 9), (1, 15)): 4.039914353815699e-05
((0, 14), (1, 4), (1, 6), (1, 11)): 4.039914353815699e-05
((0, 4), (0, 5), (0, 12), (1, 6)): 4.039914353815699e-05
((0, 3), (0, 3), (0, 8), (1, 4), (1, 8)): 4.039914353815699e-05
((0, 5), (0, 10), (1, 3), (1, 11)): 4.039914353815699e-05
((0, 5), (0, 6), (1, 6), (1, 11)): 4.039914353815699e-05
((0, 3), (0, 3), (0, 4), (0, 9), (1, 9)): 4.039914353815699e-05
((0, 6), (0, 7), (0, 13), (1, 4), (1, 11)): 4.039914353815699e-05
((1, 5), (1, 11), (1, 15)): 4.039914353815699e-05
((0, 9), (1, 4), (1, 4), (1, 5), (1, 8)): 4.039914353815699e-05
((0, 11), (1, 1), (1, 3), (1, 9)): 4.039914353815699e-05
((0, 3), (0, 12), (1, 6), (1, 10)): 4.039914353815699e-05
((0, 5), (0, 9), (1, 2), (1, 8)): 4.039914353815699e-05
((0, 1), (0, 5), (0, 6), (0, 11), (1, 5), (1, 10)): 4.039914353815699e-05
((0, 5), (0, 6), (0, 6), (0, 7), (0, 14), (1, 12)): 4.039914353815699e-05
((0, 10), (0, 15), (1, 8), (1, 14)): 4.039914353815699e-05
((0, 0), (0, 5), (0, 11), (1, 6), (1, 10)): 4.039914353815699e-05
((0, 0), (0, 8), (1, 3), (1, 8)): 4.039914353815699e-05
((0, 11), (1, 1), (1, 4), (1, 4), (1, 11)): 4.039914353815699e-05
((0, 4), (0, 12), (1, 12), (1, 15)): 4.039914353815699e-05
((0, 6), (1, 0), (1, 0), (1, 4)): 4.039914353815699e-05
((0, 10), (0, 15), (1, 2), (1, 9), (1, 15)): 4.039914353815699e-05
((0, 13), (1, 6), (1, 7), (1, 13)): 4.039914353815699e-05
((0, 7), (0, 11), (1, 4), (1, 11)): 4.039914353815699e-05
((0, 10), (0, 15), (1, 2), (1, 3), (1, 15)): 4.039914353815699e-05
((1, 4), (1, 4)): 4.039914353815699e-05
((0, 1), (0, 10), (1, 6)): 4.039914353815699e-05
((0, 5), (0, 6), (0, 14), (1, 11)): 4.039914353815699e-05
((0, 8), (0, 13), (1, 2), (1, 7), (1, 12)): 4.039914353815699e-05
((0, 1), (0, 3), (0, 9), (1, 7), (1, 15)): 4.039914353815699e-05
((0, 3), (0, 5), (0, 11), (1, 5), (1, 11)): 4.039914353815699e-05
((0, 4), (0, 5), (0, 6), (0, 11), (1, 6), (1, 10)): 4.039914353815699e-05
((0, 3), (0, 9), (1, 2), (1, 2), (1, 8), (1, 15)): 4.039914353815699e-05
((0, 5), (0, 13), (1, 9)): 4.039914353815699e-05
((0, 11), (0, 14), (1, 10)): 4.039914353815699e-05
((0, 0), (0, 1), (0, 7), (0, 13), (1, 1), (1, 7), (1, 13)): 4.039914353815699e-05
((0, 1), (0, 9), (1, 1), (1, 3), (1, 4), (1, 8)): 4.039914353815699e-05
((0, 2), (1, 3), (1, 4), (1, 8)): 4.039914353815699e-05
((0, 1), (0, 6), (0, 7), (1, 1), (1, 5), (1, 5)): 4.039914353815699e-05
((1, 6), (1, 15)): 4.039914353815699e-05
((0, 3), (0, 10), (1, 11), (1, 15)): 4.039914353815699e-05
((0, 2), (0, 9), (1, 4), (1, 10), (1, 15)): 4.039914353815699e-05
((0, 7), (0, 14), (1, 5), (1, 12)): 4.039914353815699e-05
((0, 10), (1, 0), (1, 2), (1, 9)): 4.039914353815699e-05
((0, 15), (1, 9), (1, 14), (1, 15)): 4.039914353815699e-05
((0, 9), (1, 1), (1, 3), (1, 4), (1, 9)): 4.039914353815699e-05
((0, 6), (0, 6), (0, 12), (1, 4), (1, 11), (1, 15)): 4.039914353815699e-05
((0, 0), (0, 1), (0, 1), (0, 5), (1, 4)): 4.039914353815699e-05
((0, 3), (0, 6), (1, 1), (1, 2), (1, 3), (1, 7)): 4.039914353815699e-05
((0, 8), (0, 10), (0, 15), (1, 15)): 4.039914353815699e-05
((0, 9), (1, 4), (1, 4)): 4.039914353815699e-05
((0, 3), (0, 4), (0, 5), (0, 6), (0, 11), (1, 10)): 4.039914353815699e-05
((0, 3), (0, 12), (1, 2), (1, 10)): 4.039914353815699e-05
((0, 1), (0, 3), (0, 9), (1, 1), (1, 4), (1, 9)): 4.039914353815699e-05
((0, 1), (1, 6), (1, 14)): 4.039914353815699e-05
((0, 4), (0, 10), (1, 12)): 4.039914353815699e-05
((0, 8), (0, 13), (1, 6), (1, 13)): 4.039914353815699e-05
((0, 1), (0, 9), (1, 0), (1, 7), (1, 14)): 4.039914353815699e-05
((0, 4), (0, 10), (1, 5), (1, 5), (1, 10)): 4.039914353815699e-05
((0, 4), (0, 8), (1, 3), (1, 3), (1, 8)): 4.039914353815699e-05
((0, 1), (0, 1), (0, 9), (1, 7), (1, 13)): 4.039914353815699e-05
((0, 0), (0, 0), (0, 3), (0, 13), (1, 5), (1, 5), (1, 11)): 4.039914353815699e-05
((0, 7), (1, 5), (1, 11)): 4.039914353815699e-05
((0, 4), (0, 8), (1, 1), (1, 9)): 4.039914353815699e-05
((0, 12), (1, 5), (1, 12), (1, 15)): 4.039914353815699e-05
((0, 7), (0, 13), (1, 0), (1, 6), (1, 6), (1, 14)): 4.039914353815699e-05
((0, 4), (0, 5), (0, 12), (1, 4), (1, 11)): 4.039914353815699e-05
((0, 11), (1, 0), (1, 6), (1, 11)): 4.039914353815699e-05
((0, 15), (1, 2), (1, 4), (1, 13)): 4.039914353815699e-05
((0, 2), (0, 4), (0, 10), (1, 1), (1, 9)): 4.039914353815699e-05
((0, 7), (0, 7), (0, 13), (1, 14)): 4.039914353815699e-05
((0, 4), (0, 6), (1, 0), (1, 6)): 4.039914353815699e-05
((0, 4), (0, 5), (0, 10), (1, 2), (1, 9)): 4.039914353815699e-05
((0, 0), (0, 2), (0, 7), (1, 0), (1, 1), (1, 7)): 4.039914353815699e-05
((0, 1), (0, 1), (0, 5), (0, 6), (0, 6), (1, 5), (1, 9)): 4.039914353815699e-05
((0, 15), (0, 15), (1, 12)): 4.039914353815699e-05
((0, 7), (0, 7), (0, 14), (1, 7), (1, 14)): 4.039914353815699e-05
((0, 1), (0, 7), (1, 7), (1, 14)): 4.039914353815699e-05
((0, 1), (0, 7), (0, 9), (0, 14), (1, 1), (1, 8), (1, 13)): 4.039914353815699e-05
((0, 12), (0, 15), (1, 12), (1, 15)): 4.039914353815699e-05
((0, 13), (1, 1), (1, 7), (1, 9)): 4.039914353815699e-05
((0, 8), (1, 0), (1, 1), (1, 1), (1, 8)): 4.039914353815699e-05
((0, 1), (0, 8), (1, 1), (1, 1), (1, 8)): 4.039914353815699e-05
((1, 1), (1, 9), (1, 15)): 4.039914353815699e-05
((0, 9), (1, 3), (1, 3), (1, 4), (1, 9)): 4.039914353815699e-05
((0, 1), (0, 8), (1, 1), (1, 2), (1, 8)): 4.039914353815699e-05
((0, 8), (0, 10), (1, 13)): 4.039914353815699e-05
((0, 8), (1, 1), (1, 3), (1, 7)): 4.039914353815699e-05
((0, 5), (0, 5)): 4.039914353815699e-05
((0, 4), (0, 5), (0, 6), (0, 12), (1, 10)): 4.039914353815699e-05
((0, 8), (0, 14), (1, 7), (1, 12)): 4.039914353815699e-05
((0, 8), (1, 2), (1, 4), (1, 7)): 4.039914353815699e-05
((0, 0), (0, 9), (1, 2), (1, 4), (1, 9)): 4.039914353815699e-05
((0, 4), (0, 10), (1, 2), (1, 3), (1, 10)): 4.039914353815699e-05
((0, 15), (1, 9), (1, 10), (1, 14)): 4.039914353815699e-05
((0, 5), (0, 10), (1, 6), (1, 11)): 4.039914353815699e-05
((1, 7), (1, 7), (1, 15)): 4.039914353815699e-05
((0, 5), (0, 5), (0, 10), (1, 0), (1, 0), (1, 5), (1, 10)): 4.039914353815699e-05
((0, 4), (0, 12), (1, 4), (1, 5), (1, 9)): 4.039914353815699e-05
((0, 1), (0, 1), (0, 6), (1, 2), (1, 5)): 4.039914353815699e-05
((0, 1), (0, 9), (1, 0), (1, 0), (1, 7)): 4.039914353815699e-05
((0, 14), (1, 6), (1, 7), (1, 14)): 4.039914353815699e-05
((0, 2), (0, 3), (0, 3), (0, 11), (1, 9)): 4.039914353815699e-05
((0, 5), (0, 12), (1, 5), (1, 5), (1, 10)): 4.039914353815699e-05
((0, 3), (0, 10), (1, 2), (1, 11)): 4.039914353815699e-05
((0, 10), (1, 4), (1, 5), (1, 8)): 4.039914353815699e-05
((0, 2), (0, 2), (0, 2), (0, 9), (1, 2), (1, 8)): 4.039914353815699e-05
((0, 9), (1, 0), (1, 0), (1, 0), (1, 1), (1, 1), (1, 5)): 4.039914353815699e-05
((0, 6), (0, 13), (1, 5), (1, 14)): 4.039914353815699e-05
((0, 1), (0, 10), (1, 1), (1, 6)): 4.039914353815699e-05
((0, 4), (0, 12), (1, 2), (1, 9)): 4.039914353815699e-05
((0, 6), (0, 13), (1, 6), (1, 7), (1, 8), (1, 12)): 4.039914353815699e-05
((0, 9), (1, 3), (1, 8), (1, 11)): 4.039914353815699e-05
((0, 7), (1, 1)): 4.039914353815699e-05
((0, 4), (0, 12), (0, 14), (1, 12)): 4.039914353815699e-05
((0, 7), (1, 2), (1, 9)): 4.039914353815699e-05
((0, 1), (0, 9), (1, 1), (1, 8), (1, 8)): 4.039914353815699e-05
((0, 1), (0, 2), (0, 10), (1, 3), (1, 10)): 4.039914353815699e-05
((0, 7), (0, 11), (1, 6), (1, 10)): 4.039914353815699e-05
((0, 13), (1, 7), (1, 14), (1, 15)): 4.039914353815699e-05
((0, 3), (0, 3), (0, 10), (1, 1), (1, 10)): 4.039914353815699e-05
((0, 12), (1, 4), (1, 13)): 4.039914353815699e-05
((0, 0), (0, 9), (1, 0), (1, 0), (1, 6)): 4.039914353815699e-05
((0, 0), (0, 7), (0, 13), (1, 2), (1, 6), (1, 13)): 4.039914353815699e-05
((0, 6), (0, 13), (1, 3), (1, 12)): 4.039914353815699e-05
((0, 5), (0, 10), (1, 3), (1, 5), (1, 9)): 4.039914353815699e-05
((0, 12), (1, 8)): 4.039914353815699e-05
((0, 10), (1, 2), (1, 3), (1, 5), (1, 5), (1, 10)): 4.039914353815699e-05
((0, 8), (0, 8), (0, 9), (0, 15), (1, 10), (1, 15)): 4.039914353815699e-05
((0, 4), (0, 4), (0, 5), (0, 7), (0, 11), (1, 11)): 4.039914353815699e-05
((0, 11), (1, 3), (1, 12)): 4.039914353815699e-05
((0, 11), (1, 3), (1, 9), (1, 11)): 4.039914353815699e-05
((0, 3), (0, 9), (1, 4), (1, 11)): 4.039914353815699e-05
((0, 4), (0, 12), (1, 2), (1, 10)): 4.039914353815699e-05
((0, 1), (0, 8), (1, 2)): 4.039914353815699e-05
((0, 4), (0, 14), (0, 15), (1, 3), (1, 3), (1, 12)): 4.039914353815699e-05
((0, 13), (0, 15), (0, 15), (1, 15)): 4.039914353815699e-05
((0, 3), (0, 3), (0, 9), (1, 2), (1, 8)): 4.039914353815699e-05
((0, 14), (1, 1), (1, 6), (1, 7), (1, 13)): 4.039914353815699e-05
((0, 1), (0, 4), (0, 5), (0, 6), (0, 10), (1, 6), (1, 11)): 4.039914353815699e-05
((0, 3), (0, 4), (0, 11), (0, 15), (1, 4), (1, 10)): 4.039914353815699e-05
((0, 10), (1, 1), (1, 4), (1, 10)): 4.039914353815699e-05
((0, 4), (0, 6), (1, 4), (1, 9)): 4.039914353815699e-05
((0, 0), (0, 15), (1, 5), (1, 13)): 4.039914353815699e-05
((0, 5), (0, 9), (1, 9), (1, 10)): 4.039914353815699e-05
((0, 4), (0, 5), (1, 5), (1, 10)): 4.039914353815699e-05
((1, 8), (1, 9), (1, 15)): 4.039914353815699e-05
((0, 9), (1, 1), (1, 2), (1, 2), (1, 8)): 4.039914353815699e-05
((0, 4), (0, 10), (1, 5), (1, 9), (1, 15)): 4.039914353815699e-05
((0, 8), (0, 14), (1, 1), (1, 1), (1, 9)): 4.039914353815699e-05
((0, 3), (0, 10), (1, 1), (1, 1), (1, 10)): 4.039914353815699e-05
((0, 0), (0, 2), (0, 9), (1, 9)): 4.039914353815699e-05
((0, 8), (1, 3), (1, 3), (1, 7)): 4.039914353815699e-05
((0, 6), (0, 7), (0, 15), (1, 11)): 4.039914353815699e-05
((0, 10), (1, 4), (1, 10), (1, 14)): 4.039914353815699e-05
((0, 3), (1, 3), (1, 8)): 4.039914353815699e-05
((0, 1), (0, 7), (0, 13), (1, 1), (1, 6)): 4.039914353815699e-05
((0, 0), (0, 5), (1, 6), (1, 12)): 4.039914353815699e-05
((1, 9), (1, 10)): 4.039914353815699e-05
((0, 8), (0, 14), (1, 9), (1, 13)): 4.039914353815699e-05
((0, 10), (1, 3), (1, 3), (1, 4), (1, 9)): 4.039914353815699e-05
((0, 8), (0, 13), (1, 11)): 4.039914353815699e-05
((0, 0), (0, 4), (0, 9), (1, 8)): 4.039914353815699e-05
((0, 1), (0, 1), (1, 9)): 4.039914353815699e-05
((1, 8), (1, 11)): 4.039914353815699e-05
((0, 7), (0, 9), (0, 13), (1, 13)): 4.039914353815699e-05
((0, 4), (0, 5), (0, 5), (0, 10), (1, 1), (1, 4), (1, 9)): 4.039914353815699e-05
((0, 12), (1, 6), (1, 6), (1, 11)): 4.039914353815699e-05
((0, 0), (0, 6), (0, 13), (1, 6), (1, 13)): 4.039914353815699e-05
((0, 8), (1, 3), (1, 4), (1, 4), (1, 9)): 4.039914353815699e-05
((0, 6), (0, 13), (1, 5), (1, 7)): 4.039914353815699e-05
((0, 2), (0, 3), (0, 3), (0, 11), (1, 3), (1, 8)): 4.039914353815699e-05
((0, 6), (1, 2), (1, 4)): 4.039914353815699e-05
((0, 3), (0, 4), (0, 4), (1, 8)): 4.039914353815699e-05
((0, 0), (0, 7), (0, 7), (0, 13), (1, 5), (1, 14)): 4.039914353815699e-05
((0, 9), (1, 6), (1, 10), (1, 15)): 4.039914353815699e-05
((0, 2), (1, 2), (1, 9)): 4.039914353815699e-05
((0, 6), (1, 3), (1, 8)): 4.039914353815699e-05
((0, 14), (1, 8)): 4.039914353815699e-05
((0, 0), (0, 4), (0, 4), (1, 3)): 4.039914353815699e-05
((0, 1), (0, 2), (0, 9), (1, 3), (1, 9)): 4.039914353815699e-05
((0, 4), (0, 10), (1, 0), (1, 1), (1, 3), (1, 3), (1, 8)): 4.039914353815699e-05
((1, 7), (1, 7), (1, 8), (1, 14)): 4.039914353815699e-05
((0, 1), (0, 7), (1, 3)): 4.039914353815699e-05
((0, 5), (1, 0), (1, 1), (1, 5)): 4.039914353815699e-05
((0, 11), (1, 5), (1, 5), (1, 13)): 4.039914353815699e-05
((0, 7), (0, 9), (0, 9), (0, 15), (1, 7), (1, 13)): 4.039914353815699e-05
((0, 4), (0, 12), (0, 15), (1, 10), (1, 15)): 4.039914353815699e-05
((0, 4), (0, 4), (0, 9), (1, 0), (1, 4), (1, 9)): 4.039914353815699e-05
((0, 1), (0, 8), (0, 13), (1, 2), (1, 7), (1, 12)): 4.039914353815699e-05
((0, 3), (0, 4), (1, 4)): 4.039914353815699e-05
((0, 2), (0, 2), (1, 7)): 4.039914353815699e-05
((0, 11), (1, 4), (1, 5), (1, 9), (1, 15)): 4.039914353815699e-05
((0, 6), (0, 14), (1, 12), (1, 15)): 4.039914353815699e-05
((0, 4), (0, 5), (0, 5), (0, 11), (1, 10)): 4.039914353815699e-05
((0, 4), (0, 10), (1, 2), (1, 2), (1, 3), (1, 4), (1, 9)): 4.039914353815699e-05
((0, 7), (0, 8), (0, 8), (0, 14), (1, 12)): 4.039914353815699e-05
((0, 15), (1, 5), (1, 6), (1, 12)): 4.039914353815699e-05
((0, 3), (0, 9), (0, 12), (1, 2), (1, 8), (1, 12)): 4.039914353815699e-05
((0, 1), (1, 7), (1, 8), (1, 13)): 4.039914353815699e-05
((0, 1), (0, 2), (0, 10), (1, 3), (1, 8)): 4.039914353815699e-05
((0, 11), (1, 6), (1, 6), (1, 10), (1, 15)): 4.039914353815699e-05
((0, 0), (0, 15), (1, 8), (1, 9), (1, 15)): 4.039914353815699e-05
((0, 6), (0, 14), (1, 5), (1, 14)): 4.039914353815699e-05
((0, 0), (0, 0), (0, 9), (1, 0), (1, 0), (1, 7)): 4.039914353815699e-05
((0, 0), (0, 7), (0, 11), (1, 4), (1, 10)): 4.039914353815699e-05
((0, 3), (0, 9), (1, 4), (1, 5), (1, 9)): 4.039914353815699e-05
((0, 9), (1, 2), (1, 3), (1, 4), (1, 8)): 4.039914353815699e-05
((0, 1), (0, 4), (0, 10), (1, 3), (1, 10)): 4.039914353815699e-05
((0, 0), (0, 13), (0, 14), (0, 15), (1, 7), (1, 15)): 4.039914353815699e-05
((0, 5), (0, 6), (0, 12), (0, 15), (1, 0), (1, 6), (1, 10)): 4.039914353815699e-05
((0, 12), (1, 5), (1, 5), (1, 6), (1, 11)): 4.039914353815699e-05
((0, 1), (0, 3), (0, 9), (1, 2), (1, 9)): 4.039914353815699e-05
((0, 8), (1, 6), (1, 8)): 4.039914353815699e-05
((1, 11), (1, 13), (1, 15)): 4.039914353815699e-05
((0, 3), (0, 12), (1, 6), (1, 11), (1, 15)): 4.039914353815699e-05
((0, 4), (0, 8), (1, 2), (1, 8)): 4.039914353815699e-05
((0, 4), (0, 4), (0, 8), (1, 1), (1, 8), (1, 13)): 4.039914353815699e-05
((0, 8), (0, 9), (0, 11), (0, 15), (1, 15)): 4.039914353815699e-05
((1, 4), (1, 4), (1, 10)): 4.039914353815699e-05
((0, 7), (0, 9), (1, 8)): 4.039914353815699e-05
((0, 4), (0, 6), (0, 6), (0, 12), (1, 7), (1, 12)): 4.039914353815699e-05
((0, 6), (0, 12), (1, 4), (1, 5), (1, 6), (1, 12)): 4.039914353815699e-05
((0, 4), (0, 13), (1, 4), (1, 10)): 4.039914353815699e-05
((0, 1), (0, 2), (0, 7), (1, 7), (1, 13)): 4.039914353815699e-05
((0, 10), (0, 14), (1, 5), (1, 8), (1, 13)): 4.039914353815699e-05
((0, 0), (0, 7), (0, 14), (1, 6)): 4.039914353815699e-05
((0, 0), (0, 7), (0, 11), (1, 6), (1, 12)): 4.039914353815699e-05
((0, 6), (0, 14), (1, 8), (1, 14)): 4.039914353815699e-05
((0, 5), (0, 6), (0, 6), (0, 12), (1, 11)): 4.039914353815699e-05
((0, 2), (0, 9), (1, 2), (1, 2), (1, 9)): 4.039914353815699e-05
((0, 1), (0, 9), (1, 2), (1, 10)): 4.039914353815699e-05
((0, 10), (1, 3), (1, 10), (1, 15)): 4.039914353815699e-05
((0, 8), (0, 9), (0, 15), (1, 13)): 4.039914353815699e-05
((0, 7), (1, 0), (1, 0), (1, 2), (1, 6)): 4.039914353815699e-05
((0, 4), (0, 5), (0, 10), (1, 0), (1, 3), (1, 8)): 4.039914353815699e-05
((0, 1), (0, 1), (0, 12), (1, 7), (1, 12)): 4.039914353815699e-05
((0, 0), (0, 7), (1, 3), (1, 8)): 4.039914353815699e-05
((0, 2), (0, 4), (0, 9), (1, 3), (1, 9), (1, 15)): 4.039914353815699e-05
((0, 10), (0, 15), (1, 3), (1, 4), (1, 4), (1, 10)): 4.039914353815699e-05
((0, 11), (0, 15), (1, 11), (1, 15)): 4.039914353815699e-05
((0, 0), (0, 4), (0, 5), (0, 10), (1, 4), (1, 5), (1, 9)): 4.039914353815699e-05
((0, 11), (1, 0), (1, 5)): 4.039914353815699e-05
((0, 3), (0, 3), (0, 8), (1, 0), (1, 2), (1, 2), (1, 8)): 4.039914353815699e-05
((0, 9), (0, 9), (0, 10), (0, 14), (1, 5), (1, 9), (1, 12)): 4.039914353815699e-05
((0, 7), (0, 10), (0, 15), (1, 10), (1, 15)): 4.039914353815699e-05
((0, 8), (0, 13), (1, 7), (1, 12)): 4.039914353815699e-05
((0, 2), (0, 9), (1, 3), (1, 3), (1, 9)): 4.039914353815699e-05
((0, 8), (1, 0), (1, 2), (1, 2), (1, 8)): 4.039914353815699e-05
((0, 6), (0, 11), (1, 4), (1, 5), (1, 10)): 4.039914353815699e-05
((0, 1), (0, 3), (0, 8), (1, 0), (1, 2), (1, 8)): 4.039914353815699e-05
((0, 1), (0, 1), (0, 9), (1, 9), (1, 9)): 4.039914353815699e-05
((0, 8), (0, 15), (1, 1), (1, 2), (1, 7), (1, 13)): 4.039914353815699e-05
((0, 1), (0, 10), (1, 1), (1, 2), (1, 9)): 4.039914353815699e-05
((0, 3), (0, 4), (0, 15), (1, 4), (1, 8)): 4.039914353815699e-05
((0, 4), (0, 5), (1, 0), (1, 5)): 4.039914353815699e-05
((0, 0), (0, 8), (0, 8), (1, 0), (1, 6)): 4.039914353815699e-05
((0, 13), (1, 7)): 4.039914353815699e-05
((0, 4), (0, 11), (1, 2), (1, 3), (1, 10)): 4.039914353815699e-05
((0, 6), (0, 13), (1, 0), (1, 6), (1, 13)): 4.039914353815699e-05
((0, 3), (0, 11), (1, 5)): 4.039914353815699e-05
((0, 0), (0, 1), (0, 8), (1, 8), (1, 12)): 4.039914353815699e-05
((0, 5), (0, 6), (0, 12), (1, 3), (1, 11)): 4.039914353815699e-05
((0, 0), (0, 7), (1, 0), (1, 1), (1, 7), (1, 15)): 4.039914353815699e-05
((0, 4), (0, 10), (0, 12), (1, 11)): 4.039914353815699e-05
((0, 3), (1, 11), (1, 15)): 4.039914353815699e-05
((0, 5), (0, 5), (0, 6), (0, 14), (1, 12)): 4.039914353815699e-05
((0, 1), (0, 5), (0, 11), (1, 0), (1, 5), (1, 11)): 4.039914353815699e-05
((0, 2), (0, 6), (1, 1), (1, 7)): 4.039914353815699e-05
((0, 5), (0, 5), (0, 11), (1, 4)): 4.039914353815699e-05
((0, 1), (0, 9), (0, 14), (1, 2), (1, 9), (1, 10), (1, 14)): 4.039914353815699e-05
((0, 4), (0, 4), (0, 5), (0, 12), (1, 4), (1, 11)): 4.039914353815699e-05
((0, 5), (0, 6), (0, 12), (1, 12), (1, 15)): 4.039914353815699e-05
((0, 2), (0, 5), (0, 9), (0, 9), (1, 9)): 4.039914353815699e-05
((0, 4), (0, 4), (0, 11), (1, 3), (1, 5), (1, 5), (1, 10)): 4.039914353815699e-05
((0, 8), (0, 9), (0, 15), (1, 8), (1, 15)): 4.039914353815699e-05
((0, 5), (0, 10), (0, 15), (1, 9)): 4.039914353815699e-05
((0, 3), (0, 6), (0, 12), (1, 12)): 4.039914353815699e-05
((0, 4), (0, 11), (1, 5), (1, 12)): 4.039914353815699e-05
((0, 14), (1, 4), (1, 5), (1, 5), (1, 11)): 4.039914353815699e-05
((0, 5), (0, 7), (0, 8), (0, 14), (1, 12)): 4.039914353815699e-05
((0, 4), (0, 10), (1, 3)): 4.039914353815699e-05
((0, 5), (0, 14), (1, 5), (1, 13)): 4.039914353815699e-05
((0, 1), (0, 3), (0, 8), (1, 7), (1, 14)): 4.039914353815699e-05
((0, 1), (0, 7), (1, 2), (1, 3), (1, 7)): 4.039914353815699e-05
((0, 6), (0, 14), (1, 5), (1, 13)): 4.039914353815699e-05
((0, 3), (0, 4), (0, 9), (1, 3), (1, 10)): 4.039914353815699e-05
((0, 6), (0, 12), (1, 4), (1, 11), (1, 15)): 4.039914353815699e-05
((1, 3), (1, 7), (1, 11)): 4.039914353815699e-05
((0, 1), (0, 10), (1, 4), (1, 4), (1, 5), (1, 9)): 4.039914353815699e-05
((0, 0), (0, 5), (0, 5), (1, 0), (1, 5), (1, 11)): 4.039914353815699e-05
((0, 15), (1, 8), (1, 9), (1, 14)): 4.039914353815699e-05
((0, 0), (0, 6), (0, 10), (1, 1), (1, 1), (1, 4), (1, 10)): 4.039914353815699e-05
((0, 2), (0, 12), (1, 5), (1, 9)): 4.039914353815699e-05
((0, 11), (1, 4), (1, 4), (1, 11), (1, 15)): 4.039914353815699e-05
((0, 1), (0, 9), (1, 3), (1, 9), (1, 15)): 4.039914353815699e-05
((0, 1), (1, 7), (1, 14)): 4.039914353815699e-05
((0, 5), (0, 12), (1, 3), (1, 5), (1, 10)): 4.039914353815699e-05
((0, 1), (0, 4), (0, 9), (1, 3), (1, 4), (1, 4), (1, 8)): 4.039914353815699e-05
((0, 12), (1, 7), (1, 12), (1, 15)): 4.039914353815699e-05
((0, 1), (0, 6), (0, 7), (1, 2), (1, 5), (1, 10)): 4.039914353815699e-05
((0, 14), (1, 0), (1, 7), (1, 13)): 4.039914353815699e-05
((0, 13), (1, 0), (1, 7), (1, 15)): 4.039914353815699e-05
((0, 2), (1, 3), (1, 4), (1, 10)): 4.039914353815699e-05
((0, 6), (0, 10), (1, 4), (1, 10)): 4.039914353815699e-05
((0, 15), (1, 4), (1, 10)): 4.039914353815699e-05
((0, 5), (0, 12), (1, 5), (1, 10), (1, 13)): 4.039914353815699e-05
((1, 0), (1, 5), (1, 12)): 4.039914353815699e-05
((0, 0), (0, 12), (1, 4), (1, 6), (1, 11)): 4.039914353815699e-05
((0, 2), (0, 5), (1, 5)): 4.039914353815699e-05
((0, 0), (0, 1), (0, 6), (0, 8), (1, 4), (1, 10), (1, 15)): 4.039914353815699e-05
((0, 4), (0, 14), (1, 6), (1, 14)): 4.039914353815699e-05
((0, 0), (0, 0), (0, 5), (0, 10), (1, 5)): 4.039914353815699e-05
((0, 7), (0, 13), (1, 0), (1, 0), (1, 6)): 4.039914353815699e-05
((0, 1), (0, 4), (0, 9), (1, 9)): 4.039914353815699e-05
((0, 1), (0, 3), (0, 11), (1, 7), (1, 11)): 4.039914353815699e-05
((0, 4), (0, 5), (1, 0), (1, 4)): 4.039914353815699e-05
((0, 6), (1, 8), (1, 8), (1, 14)): 4.039914353815699e-05
((0, 4), (0, 4), (0, 9), (1, 3), (1, 3), (1, 4), (1, 8)): 4.039914353815699e-05
((0, 3), (1, 10), (1, 15)): 4.039914353815699e-05
((0, 13), (1, 7), (1, 8), (1, 13)): 4.039914353815699e-05
((0, 11), (1, 0), (1, 9)): 4.039914353815699e-05
((0, 10), (1, 1), (1, 3), (1, 10), (1, 15)): 4.039914353815699e-05
((0, 2), (0, 10), (1, 3), (1, 11), (1, 15)): 4.039914353815699e-05
((0, 3), (0, 13), (1, 6), (1, 13)): 4.039914353815699e-05
((0, 1), (0, 1), (0, 8), (1, 0), (1, 5)): 4.039914353815699e-05
((0, 3), (0, 4), (0, 5), (0, 11), (1, 0), (1, 5), (1, 8)): 4.039914353815699e-05
((0, 3), (0, 9), (0, 14), (1, 8), (1, 12)): 4.039914353815699e-05
((0, 6), (0, 13), (1, 7)): 4.039914353815699e-05
((0, 4), (0, 11), (1, 2), (1, 5)): 4.039914353815699e-05
((0, 0), (0, 0), (0, 7), (1, 0), (1, 5)): 4.039914353815699e-05
((0, 1), (0, 9), (0, 15), (1, 3), (1, 9), (1, 13)): 4.039914353815699e-05
((0, 6), (0, 8), (0, 14), (1, 12), (1, 15)): 4.039914353815699e-05
((0, 9), (1, 4), (1, 12)): 4.039914353815699e-05
((0, 2), (0, 8), (0, 15), (1, 8), (1, 14)): 4.039914353815699e-05
((0, 1), (0, 2), (0, 2), (0, 8), (1, 8)): 4.039914353815699e-05
((0, 0), (0, 15), (1, 1), (1, 3), (1, 7), (1, 14)): 4.039914353815699e-05
((0, 10), (1, 1), (1, 3), (1, 5), (1, 9)): 4.039914353815699e-05
((0, 12), (1, 5), (1, 6), (1, 10), (1, 15)): 4.039914353815699e-05
((0, 2), (0, 5), (0, 10), (1, 4), (1, 10)): 4.039914353815699e-05
((0, 1), (0, 2), (0, 8), (1, 2), (1, 3), (1, 8)): 4.039914353815699e-05
((0, 13), (1, 4), (1, 5), (1, 11)): 4.039914353815699e-05
((0, 3), (0, 4), (0, 5), (0, 5), (0, 11), (1, 10)): 4.039914353815699e-05
((0, 2), (0, 6), (1, 0), (1, 0), (1, 5)): 4.039914353815699e-05
((0, 9), (0, 14), (1, 8)): 4.039914353815699e-05
((0, 9), (1, 4), (1, 5), (1, 10)): 4.039914353815699e-05
((0, 1), (0, 6), (1, 0), (1, 4)): 4.039914353815699e-05
((0, 1), (0, 8), (1, 1)): 4.039914353815699e-05
((0, 2), (0, 9), (1, 2), (1, 2), (1, 2), (1, 9)): 4.039914353815699e-05
((0, 2), (0, 4), (0, 12), (1, 2), (1, 4), (1, 10)): 4.039914353815699e-05
((0, 2), (0, 7), (1, 0), (1, 1), (1, 6)): 4.039914353815699e-05
((0, 2), (0, 3), (1, 7)): 4.039914353815699e-05
((0, 10), (1, 2), (1, 3), (1, 3), (1, 10)): 4.039914353815699e-05
((0, 5), (0, 15), (1, 4), (1, 10), (1, 14)): 4.039914353815699e-05
((0, 11), (1, 5), (1, 10), (1, 15)): 4.039914353815699e-05
((0, 13), (1, 5), (1, 8), (1, 12)): 4.039914353815699e-05
((0, 8), (0, 14), (1, 4), (1, 13)): 4.039914353815699e-05
((0, 5), (0, 11), (1, 5), (1, 6), (1, 12)): 4.039914353815699e-05
((0, 3), (0, 10), (1, 2), (1, 5), (1, 10)): 4.039914353815699e-05
((0, 1), (0, 7), (1, 1), (1, 9)): 4.039914353815699e-05
((0, 11), (1, 2), (1, 6), (1, 6), (1, 10)): 4.039914353815699e-05
((0, 2), (0, 6), (1, 2), (1, 2), (1, 7)): 4.039914353815699e-05
((0, 13), (1, 15), (1, 15)): 4.039914353815699e-05
((0, 11), (1, 2), (1, 2), (1, 9)): 4.039914353815699e-05
((0, 5), (0, 14), (1, 6), (1, 13), (1, 15)): 4.039914353815699e-05
((0, 9), (1, 1), (1, 3), (1, 7)): 4.039914353815699e-05
((0, 2), (0, 4), (0, 10), (1, 4), (1, 10)): 4.039914353815699e-05
((0, 7), (0, 8), (0, 12), (1, 12)): 4.039914353815699e-05
((0, 0), (0, 3), (0, 5), (0, 10), (1, 5), (1, 5), (1, 10)): 4.039914353815699e-05
((0, 11), (1, 2), (1, 2), (1, 10)): 4.039914353815699e-05
((0, 2), (0, 10), (1, 4), (1, 5), (1, 9)): 4.039914353815699e-05
((0, 0), (0, 3), (0, 11), (1, 4), (1, 11)): 4.039914353815699e-05
((0, 5), (0, 14), (1, 4), (1, 6), (1, 12)): 4.039914353815699e-05
((0, 1), (0, 5), (1, 6), (1, 11)): 4.039914353815699e-05
((0, 0), (0, 5), (0, 12), (1, 4), (1, 11)): 4.039914353815699e-05
((0, 4), (0, 10), (1, 2), (1, 4), (1, 8)): 4.039914353815699e-05
((0, 4), (0, 4), (0, 10), (1, 3), (1, 4), (1, 10)): 4.039914353815699e-05
((0, 3), (0, 7)): 4.039914353815699e-05
((0, 3), (0, 5), (1, 9)): 4.039914353815699e-05
((0, 9), (0, 15), (0, 15), (1, 14)): 4.039914353815699e-05
((0, 3), (0, 14), (1, 4), (1, 5), (1, 11)): 4.039914353815699e-05
((0, 13), (1, 5), (1, 8)): 4.039914353815699e-05
((0, 0), (0, 7), (0, 12), (1, 0), (1, 11)): 4.039914353815699e-05
((0, 4), (0, 5), (0, 12), (1, 3), (1, 11)): 4.039914353815699e-05
((0, 3), (0, 9), (1, 6)): 4.039914353815699e-05
((0, 3), (0, 10), (1, 2), (1, 2), (1, 3), (1, 10)): 4.039914353815699e-05
((0, 3), (0, 6), (1, 11)): 4.039914353815699e-05
((0, 8), (1, 2), (1, 6)): 4.039914353815699e-05
((0, 8), (0, 13), (1, 4), (1, 4), (1, 8)): 4.039914353815699e-05
((0, 9), (0, 13), (1, 7), (1, 13), (1, 15)): 4.039914353815699e-05
((0, 3), (0, 4), (0, 4), (0, 4), (0, 10), (1, 3), (1, 9)): 4.039914353815699e-05
((0, 6), (1, 11), (1, 15)): 4.039914353815699e-05
((0, 15), (1, 3), (1, 3), (1, 10)): 4.039914353815699e-05
((0, 6), (0, 15), (1, 6), (1, 12)): 4.039914353815699e-05
((0, 8), (1, 1), (1, 1), (1, 6)): 4.039914353815699e-05
((0, 14), (1, 6), (1, 6), (1, 11)): 4.039914353815699e-05
((0, 3), (0, 4), (0, 8), (1, 4)): 4.039914353815699e-05
((0, 6), (0, 13), (1, 12), (1, 15)): 4.039914353815699e-05
((0, 13), (1, 8), (1, 8), (1, 14)): 4.039914353815699e-05
((0, 0), (0, 3), (0, 8), (0, 15), (1, 9), (1, 15)): 4.039914353815699e-05
((0, 6), (0, 11), (1, 5), (1, 5), (1, 10)): 4.039914353815699e-05
((0, 15), (1, 8), (1, 9)): 4.039914353815699e-05
((0, 0), (0, 2), (0, 9), (1, 6)): 4.039914353815699e-05
((0, 12), (1, 3), (1, 10), (1, 15)): 4.039914353815699e-05
((0, 0), (0, 12), (1, 1), (1, 6), (1, 11)): 4.039914353815699e-05
((0, 2), (0, 11), (1, 0), (1, 8)): 4.039914353815699e-05
((0, 4), (0, 9), (1, 1), (1, 8), (1, 13)): 4.039914353815699e-05
((0, 1), (0, 6), (1, 3), (1, 8), (1, 12)): 4.039914353815699e-05
((0, 0), (0, 1), (0, 9), (1, 1), (1, 8)): 4.039914353815699e-05
((0, 2), (1, 6), (1, 8)): 4.039914353815699e-05
((0, 15), (1, 3), (1, 11), (1, 15)): 4.039914353815699e-05
((0, 1), (0, 2), (1, 8)): 4.039914353815699e-05
((0, 11), (1, 2), (1, 3), (1, 10), (1, 15)): 4.039914353815699e-05
((0, 5), (1, 0), (1, 4), (1, 9)): 4.039914353815699e-05
((0, 0), (0, 2), (0, 6), (1, 0), (1, 1), (1, 6)): 4.039914353815699e-05
((0, 9), (1, 0), (1, 1), (1, 2), (1, 7)): 4.039914353815699e-05
((0, 6), (0, 15), (1, 7), (1, 13)): 4.039914353815699e-05
((0, 8), (1, 2), (1, 2), (1, 7), (1, 12)): 4.039914353815699e-05
((0, 1), (0, 3), (0, 10), (1, 5), (1, 10)): 4.039914353815699e-05
((0, 1), (0, 2), (0, 10), (1, 10)): 4.039914353815699e-05
((0, 2), (0, 9), (1, 0), (1, 9)): 4.039914353815699e-05
((0, 4), (0, 9), (1, 0), (1, 3), (1, 3)): 4.039914353815699e-05
((0, 3), (0, 5), (0, 12), (1, 2), (1, 8), (1, 11)): 4.039914353815699e-05
((0, 6), (1, 0), (1, 1), (1, 5), (1, 15)): 4.039914353815699e-05
((0, 4), (0, 9), (1, 3), (1, 3), (1, 15)): 4.039914353815699e-05
((0, 3), (0, 3), (0, 3), (0, 10), (1, 9)): 4.039914353815699e-05
((0, 5), (0, 10), (1, 5), (1, 11), (1, 15)): 4.039914353815699e-05
((0, 2), (1, 5), (1, 6), (1, 7), (1, 11)): 4.039914353815699e-05
((0, 12), (1, 4), (1, 6), (1, 10)): 4.039914353815699e-05
((0, 1), (0, 1), (0, 11), (1, 6), (1, 10)): 4.039914353815699e-05
((0, 11), (0, 12), (1, 10)): 4.039914353815699e-05
((0, 8), (0, 15), (1, 11), (1, 15)): 4.039914353815699e-05
((0, 12), (1, 0), (1, 4), (1, 12)): 4.039914353815699e-05
((0, 5), (0, 6), (0, 11), (1, 7), (1, 11)): 4.039914353815699e-05
((0, 7), (0, 13), (1, 7), (1, 15)): 4.039914353815699e-05
((0, 0), (0, 9), (1, 0), (1, 1), (1, 8)): 4.039914353815699e-05
((0, 2), (0, 12), (1, 3), (1, 9)): 4.039914353815699e-05
((0, 1), (0, 10), (1, 0), (1, 10)): 4.039914353815699e-05
((0, 5), (0, 6), (1, 0), (1, 0), (1, 4), (1, 5)): 4.039914353815699e-05
((0, 14), (1, 6), (1, 8), (1, 14)): 4.039914353815699e-05
((0, 8), (0, 8), (0, 9), (0, 13), (1, 0), (1, 3), (1, 14)): 4.039914353815699e-05
((0, 2), (0, 9), (1, 2), (1, 4), (1, 9)): 4.039914353815699e-05
((0, 9), (0, 15), (1, 2), (1, 8), (1, 13)): 4.039914353815699e-05
((0, 14), (1, 4), (1, 12), (1, 15)): 4.039914353815699e-05
((0, 8), (0, 15), (1, 10), (1, 15)): 4.039914353815699e-05
((0, 0), (0, 2), (0, 6), (0, 8), (1, 0), (1, 4), (1, 7)): 4.039914353815699e-05
((0, 6), (0, 8), (0, 14), (1, 2), (1, 2), (1, 7), (1, 12)): 4.039914353815699e-05
((0, 0), (0, 0), (0, 0), (0, 5), (1, 0), (1, 5)): 4.039914353815699e-05
((0, 4), (0, 4), (0, 5), (0, 11), (1, 3), (1, 9), (1, 9)): 4.039914353815699e-05
((0, 0), (0, 9), (0, 15), (1, 2), (1, 6), (1, 13)): 4.039914353815699e-05
((0, 0), (0, 4), (0, 8), (1, 3), (1, 3), (1, 8)): 4.039914353815699e-05
((0, 0), (0, 0), (0, 5), (1, 0), (1, 5), (1, 5), (1, 9)): 4.039914353815699e-05
((0, 2), (0, 5), (1, 1), (1, 8)): 4.039914353815699e-05
((0, 0), (0, 3), (0, 7), (1, 0), (1, 3), (1, 9)): 4.039914353815699e-05
((0, 0), (0, 7), (1, 1), (1, 1), (1, 6)): 4.039914353815699e-05
((0, 0), (0, 2), (0, 2), (0, 7), (1, 7)): 4.039914353815699e-05
((0, 1), (0, 7), (1, 0), (1, 1), (1, 6)): 4.039914353815699e-05
((0, 4), (0, 12), (1, 2), (1, 3), (1, 8)): 4.039914353815699e-05
((0, 2), (0, 11), (1, 1), (1, 1), (1, 8)): 4.039914353815699e-05
((0, 5), (0, 5), (0, 12), (1, 3), (1, 10)): 4.039914353815699e-05
((0, 0), (0, 0), (0, 0), (0, 8), (1, 7)): 4.039914353815699e-05
((0, 0), (0, 8), (1, 2), (1, 4), (1, 9)): 4.039914353815699e-05
((0, 0), (0, 6), (1, 1), (1, 2), (1, 5)): 4.039914353815699e-05
((0, 4), (0, 13), (1, 4), (1, 11)): 4.039914353815699e-05
((0, 2), (1, 6)): 4.039914353815699e-05
((0, 6), (0, 12), (1, 4), (1, 5), (1, 5), (1, 11)): 4.039914353815699e-05
((0, 2), (0, 7), (1, 9)): 4.039914353815699e-05
((0, 2), (0, 2), (0, 10), (1, 4), (1, 9)): 4.039914353815699e-05
((1, 0), (1, 9)): 4.039914353815699e-05
((0, 4), (0, 14), (1, 14)): 4.039914353815699e-05
((0, 11), (0, 13), (1, 13)): 4.039914353815699e-05
((0, 11), (1, 2), (1, 2), (1, 4), (1, 10)): 4.039914353815699e-05
((0, 1), (0, 2), (0, 5), (0, 9), (1, 9)): 4.039914353815699e-05
((0, 3), (0, 12), (1, 8)): 4.039914353815699e-05
((0, 1), (0, 1), (0, 2), (0, 8), (0, 10), (1, 6)): 4.039914353815699e-05
((0, 15), (0, 15), (1, 15)): 4.039914353815699e-05
((0, 6), (0, 13), (1, 3), (1, 7), (1, 7), (1, 11)): 4.039914353815699e-05
((0, 12), (1, 0), (1, 3), (1, 7)): 4.039914353815699e-05
((0, 3), (0, 14), (1, 6), (1, 12)): 4.039914353815699e-05
((0, 15), (1, 7), (1, 11)): 4.039914353815699e-05
((0, 2), (0, 11), (1, 1), (1, 8)): 4.039914353815699e-05
((0, 15), (1, 0), (1, 8), (1, 14)): 4.039914353815699e-05
((0, 13), (1, 9), (1, 9), (1, 15)): 4.039914353815699e-05
((0, 0), (0, 6), (0, 6), (1, 6), (1, 7)): 4.039914353815699e-05
((0, 6), (0, 14), (1, 4), (1, 11)): 4.039914353815699e-05
((0, 8), (0, 13), (0, 13), (1, 12)): 4.039914353815699e-05
((0, 1), (0, 13), (1, 7)): 4.039914353815699e-05
((0, 6), (0, 8), (0, 13), (1, 13)): 4.039914353815699e-05
((0, 6), (0, 12), (1, 6)): 4.039914353815699e-05
((0, 7), (1, 8), (1, 8), (1, 12)): 4.039914353815699e-05
((0, 1), (0, 2), (0, 9), (1, 8), (1, 15)): 4.039914353815699e-05
((0, 6), (0, 6), (0, 14), (1, 13)): 4.039914353815699e-05
((0, 1), (0, 2), (0, 3), (0, 4), (0, 10), (1, 8)): 4.039914353815699e-05
((0, 0), (0, 7), (1, 1), (1, 8)): 4.039914353815699e-05
((0, 2), (0, 8), (1, 1), (1, 2), (1, 3), (1, 8)): 4.039914353815699e-05
((0, 12), (1, 4), (1, 5), (1, 6), (1, 6)): 4.039914353815699e-05
((0, 4), (0, 5), (0, 6), (0, 11), (1, 5), (1, 11)): 4.039914353815699e-05
((0, 7), (0, 15), (1, 8)): 4.039914353815699e-05
((0, 8), (0, 15), (1, 8), (1, 14)): 4.039914353815699e-05
((0, 9), (0, 13), (1, 6), (1, 14)): 4.039914353815699e-05
((0, 5), (0, 10), (1, 2), (1, 2), (1, 3), (1, 10)): 4.039914353815699e-05
((0, 3), (1, 7)): 4.039914353815699e-05
((0, 1), (0, 1), (0, 6), (0, 7), (1, 5), (1, 10)): 4.039914353815699e-05
((0, 1), (0, 13), (1, 0), (1, 4), (1, 7), (1, 12)): 4.039914353815699e-05
((0, 4), (0, 5), (0, 12), (1, 9)): 4.039914353815699e-05
((0, 3), (0, 6), (0, 14), (1, 2), (1, 11)): 4.039914353815699e-05
((0, 5), (0, 6), (0, 10), (1, 11)): 4.039914353815699e-05
((0, 6), (1, 6), (1, 6), (1, 7), (1, 11)): 4.039914353815699e-05
((0, 5), (0, 11), (0, 15), (1, 6), (1, 10)): 4.039914353815699e-05
((0, 7), (1, 11), (1, 15)): 4.039914353815699e-05
((0, 11), (0, 15), (1, 4), (1, 5), (1, 9), (1, 15)): 4.039914353815699e-05
((0, 5), (0, 12), (1, 7), (1, 7), (1, 11)): 4.039914353815699e-05
((0, 0), (0, 10), (1, 10)): 4.039914353815699e-05
((0, 6), (0, 11), (1, 0), (1, 1), (1, 7)): 4.039914353815699e-05
((0, 8), (1, 2)): 4.039914353815699e-05
((0, 4), (0, 14), (1, 7), (1, 12)): 4.039914353815699e-05
((0, 7), (1, 6), (1, 7), (1, 11)): 4.039914353815699e-05
((0, 5), (0, 7), (1, 11)): 4.039914353815699e-05
((0, 12), (1, 1), (1, 5), (1, 6), (1, 11)): 4.039914353815699e-05
((0, 3), (0, 10), (1, 3), (1, 11)): 4.039914353815699e-05
((0, 5), (0, 11), (1, 3), (1, 5), (1, 9)): 4.039914353815699e-05
((0, 5), (0, 8), (0, 8), (0, 13), (1, 12)): 4.039914353815699e-05
((0, 6), (0, 14), (1, 0), (1, 2), (1, 7), (1, 7), (1, 12)): 4.039914353815699e-05
((0, 6), (0, 14), (1, 8), (1, 12)): 4.039914353815699e-05
((0, 3), (0, 3), (0, 14), (1, 10)): 4.039914353815699e-05
((0, 4), (1, 5), (1, 6)): 4.039914353815699e-05
((0, 0), (0, 2), (0, 2), (0, 9), (1, 7)): 4.039914353815699e-05
((0, 12), (1, 4), (1, 4), (1, 5), (1, 12)): 4.039914353815699e-05
((0, 5), (0, 13), (1, 6), (1, 11)): 4.039914353815699e-05
((0, 12), (1, 2), (1, 3), (1, 7)): 4.039914353815699e-05
((0, 2), (0, 9), (1, 2), (1, 10), (1, 15)): 4.039914353815699e-05
((0, 3), (0, 9), (1, 3)): 4.039914353815699e-05
((0, 1), (0, 1), (0, 7), (1, 3), (1, 7)): 4.039914353815699e-05
((0, 11), (1, 4), (1, 6)): 4.039914353815699e-05
((0, 4), (0, 8), (0, 13), (1, 1), (1, 3), (1, 7), (1, 14)): 4.039914353815699e-05
((0, 6), (0, 8), (0, 8), (0, 15), (1, 1), (1, 8), (1, 13)): 4.039914353815699e-05
((0, 1), (0, 1), (0, 2), (0, 7), (1, 8)): 4.039914353815699e-05
((1, 7), (1, 10), (1, 15)): 4.039914353815699e-05
((0, 1), (0, 11), (1, 7), (1, 11)): 4.039914353815699e-05
((0, 5), (0, 15), (1, 5), (1, 8), (1, 13)): 4.039914353815699e-05
((0, 8), (1, 0), (1, 3), (1, 3), (1, 8)): 4.039914353815699e-05
((0, 2), (0, 3), (0, 8), (1, 3), (1, 7)): 4.039914353815699e-05
((0, 2), (0, 6), (1, 0), (1, 6)): 4.039914353815699e-05
((0, 6), (0, 6), (0, 14), (1, 11)): 4.039914353815699e-05
((0, 10), (1, 3), (1, 4), (1, 5)): 4.039914353815699e-05
((0, 5), (0, 8), (0, 13), (1, 5)): 4.039914353815699e-05
((0, 15), (1, 14), (1, 15)): 4.039914353815699e-05
((0, 0), (0, 8), (1, 2), (1, 3), (1, 8)): 4.039914353815699e-05
((0, 11), (1, 2), (1, 8)): 4.039914353815699e-05
((0, 4), (0, 11), (1, 6), (1, 6), (1, 11)): 4.039914353815699e-05
((0, 0), (0, 7), (1, 1), (1, 8), (1, 11)): 4.039914353815699e-05
((0, 1), (0, 1), (0, 7), (1, 1), (1, 7)): 4.039914353815699e-05
((0, 3), (0, 4), (0, 10), (1, 4), (1, 8)): 4.039914353815699e-05
((0, 3), (0, 4), (0, 4), (0, 9), (1, 8)): 4.039914353815699e-05
((0, 2), (0, 3), (1, 7), (1, 11)): 4.039914353815699e-05
((0, 1), (1, 5)): 4.039914353815699e-05
((0, 7), (1, 0), (1, 2), (1, 6)): 4.039914353815699e-05
((0, 13), (1, 5), (1, 12), (1, 13)): 4.039914353815699e-05
((0, 0), (0, 7), (0, 11), (1, 1), (1, 6), (1, 11)): 4.039914353815699e-05
((0, 1), (0, 3), (0, 7), (1, 7)): 4.039914353815699e-05
((0, 0), (0, 8), (1, 1), (1, 2), (1, 6)): 4.039914353815699e-05
((0, 4), (0, 6), (1, 10)): 4.039914353815699e-05
((0, 10), (0, 15), (1, 9), (1, 15)): 4.039914353815699e-05
((0, 10), (1, 2), (1, 9), (1, 15)): 4.039914353815699e-05
((0, 1), (0, 3), (0, 9), (1, 2), (1, 8)): 4.039914353815699e-05
((0, 11), (1, 2), (1, 4), (1, 5), (1, 10)): 4.039914353815699e-05
((0, 2), (0, 9), (0, 15), (1, 8)): 4.039914353815699e-05
((0, 3), (0, 10), (1, 6), (1, 10)): 4.039914353815699e-05
((0, 6), (0, 11), (1, 4)): 4.039914353815699e-05
((0, 5), (0, 6), (0, 14), (1, 6), (1, 13)): 4.039914353815699e-05
((1, 13), (1, 13)): 4.039914353815699e-05
((0, 12), (1, 5), (1, 6)): 4.039914353815699e-05
((0, 6), (0, 7), (0, 12), (1, 4), (1, 12)): 4.039914353815699e-05
((0, 0), (0, 4), (0, 13), (1, 4), (1, 12)): 4.039914353815699e-05
((0, 3), (0, 14), (1, 3), (1, 10)): 4.039914353815699e-05
((0, 4), (0, 12), (1, 6), (1, 6), (1, 11)): 4.039914353815699e-05
((0, 1), (0, 12), (1, 3), (1, 10)): 4.039914353815699e-05
((0, 8), (0, 8), (0, 13), (1, 12)): 4.039914353815699e-05
((0, 6), (0, 6), (0, 14), (1, 14)): 4.039914353815699e-05
((0, 6), (1, 5), (1, 14)): 4.039914353815699e-05
((0, 0), (0, 8), (1, 1), (1, 3), (1, 3), (1, 7)): 4.039914353815699e-05
((0, 2), (1, 5)): 4.039914353815699e-05
((0, 0), (0, 9), (1, 2), (1, 2), (1, 9)): 4.039914353815699e-05
((0, 0), (0, 10), (1, 1), (1, 3), (1, 4), (1, 9)): 4.039914353815699e-05
((0, 13), (1, 3), (1, 6), (1, 12), (1, 15)): 4.039914353815699e-05
((0, 12), (1, 8), (1, 11)): 4.039914353815699e-05
((0, 3), (0, 9), (1, 3), (1, 3), (1, 9)): 4.039914353815699e-05
((0, 2), (0, 4), (1, 3), (1, 10)): 4.039914353815699e-05
((0, 5), (0, 10), (1, 4), (1, 4), (1, 9)): 4.039914353815699e-05
((1, 0), (1, 8), (1, 14)): 4.039914353815699e-05
((0, 13), (1, 0), (1, 2), (1, 8), (1, 8), (1, 14)): 4.039914353815699e-05
((0, 10), (1, 0), (1, 4)): 4.039914353815699e-05
((0, 3), (0, 4), (0, 11), (1, 5), (1, 10)): 4.039914353815699e-05
((0, 6), (0, 9), (0, 15), (1, 13)): 4.039914353815699e-05
((0, 0), (0, 6), (1, 0), (1, 1), (1, 5)): 4.039914353815699e-05
((0, 11), (0, 14)): 4.039914353815699e-05
((0, 7), (0, 7), (0, 12), (1, 12), (1, 15)): 4.039914353815699e-05
((0, 9), (0, 15), (1, 6)): 4.039914353815699e-05
((0, 7), (0, 9), (1, 13)): 4.039914353815699e-05
((0, 4), (0, 13), (1, 14)): 4.039914353815699e-05
((0, 5), (1, 5), (1, 11)): 4.039914353815699e-05
((0, 5), (0, 7), (0, 13), (1, 6), (1, 12)): 4.039914353815699e-05
((0, 10), (1, 0)): 4.039914353815699e-05
((0, 14), (0, 15), (1, 14)): 4.039914353815699e-05
((0, 4), (0, 4), (0, 9), (1, 2), (1, 9)): 4.039914353815699e-05
((0, 1), (0, 8), (1, 2), (1, 3), (1, 7)): 4.039914353815699e-05
((0, 2), (0, 4), (0, 4), (0, 10), (1, 9)): 4.039914353815699e-05
((0, 8), (0, 8), (1, 15)): 4.039914353815699e-05
((0, 10), (1, 11), (1, 12), (1, 15)): 4.039914353815699e-05
((0, 2), (0, 12), (1, 3), (1, 4), (1, 4), (1, 10)): 4.039914353815699e-05
((0, 4), (1, 3), (1, 4), (1, 10)): 4.039914353815699e-05
((0, 2), (0, 2), (0, 9), (1, 4), (1, 9)): 4.039914353815699e-05
((0, 6), (0, 8), (0, 15), (1, 9), (1, 15)): 4.039914353815699e-05
((0, 3), (0, 3), (1, 10)): 4.039914353815699e-05
((0, 4), (0, 10), (1, 4)): 4.039914353815699e-05
((0, 10), (1, 2), (1, 3), (1, 4), (1, 10)): 4.039914353815699e-05
((0, 9), (1, 3), (1, 5), (1, 9)): 4.039914353815699e-05
((0, 2), (0, 4), (0, 11), (1, 5), (1, 10), (1, 13)): 4.039914353815699e-05
((0, 2), (0, 3), (0, 10), (1, 4), (1, 8)): 4.039914353815699e-05
((0, 4), (0, 4), (0, 5), (0, 12), (1, 11)): 4.039914353815699e-05
((0, 0), (0, 7), (1, 1), (1, 7), (1, 13)): 4.039914353815699e-05
((0, 4), (0, 14), (0, 15), (1, 5), (1, 10)): 4.039914353815699e-05
((0, 8), (1, 9), (1, 10)): 4.039914353815699e-05
((0, 3), (0, 7), (0, 14), (1, 6), (1, 11)): 4.039914353815699e-05
((0, 9), (1, 1)): 4.039914353815699e-05
((0, 7), (0, 12), (1, 4), (1, 5), (1, 11)): 4.039914353815699e-05
((0, 0), (0, 0), (0, 10), (1, 1), (1, 1), (1, 5)): 4.039914353815699e-05
((0, 5), (0, 11), (1, 2), (1, 9)): 4.039914353815699e-05
((0, 4), (0, 5), (0, 12), (1, 1), (1, 11)): 4.039914353815699e-05
((0, 3), (0, 10), (1, 2), (1, 3), (1, 9)): 4.039914353815699e-05
((0, 5), (0, 5), (0, 12), (1, 11), (1, 15)): 4.039914353815699e-05
((0, 3), (0, 5), (0, 14), (1, 6), (1, 11)): 4.039914353815699e-05
((0, 4), (0, 11), (1, 2), (1, 5), (1, 10)): 4.039914353815699e-05
((0, 1), (1, 5), (1, 9)): 4.039914353815699e-05
((0, 6), (1, 2), (1, 5)): 4.039914353815699e-05
((0, 4), (0, 12), (1, 6), (1, 7), (1, 12)): 4.039914353815699e-05
((0, 5), (0, 7), (0, 13)): 4.039914353815699e-05
((0, 8), (0, 13), (1, 12), (1, 15)): 4.039914353815699e-05
((0, 2), (0, 3), (0, 4), (0, 4), (0, 10), (1, 9)): 4.039914353815699e-05
((0, 5), (0, 10), (1, 4), (1, 12)): 4.039914353815699e-05
((0, 2), (0, 12), (1, 3), (1, 10)): 4.039914353815699e-05
((0, 6), (1, 0), (1, 1), (1, 3), (1, 6)): 4.039914353815699e-05
((0, 13), (1, 2), (1, 8), (1, 12)): 4.039914353815699e-05
((0, 2), (0, 5), (0, 9), (1, 10)): 4.039914353815699e-05
((0, 5), (0, 7), (0, 15), (1, 13)): 4.039914353815699e-05
((0, 2), (0, 4), (0, 12), (1, 11)): 4.039914353815699e-05
((0, 3), (0, 9), (0, 13), (1, 7), (1, 12), (1, 13)): 4.039914353815699e-05
((0, 1), (0, 11), (1, 4), (1, 10)): 4.039914353815699e-05
((0, 2), (0, 3), (0, 4), (1, 9), (1, 15)): 4.039914353815699e-05
((0, 3), (0, 10), (1, 2), (1, 2), (1, 8)): 4.039914353815699e-05
((0, 4), (0, 6), (0, 14), (1, 4), (1, 12)): 4.039914353815699e-05
((0, 8), (0, 13), (1, 7), (1, 8), (1, 12)): 4.039914353815699e-05
((0, 5), (0, 6), (0, 12), (1, 6), (1, 10)): 4.039914353815699e-05
((0, 5), (0, 10), (1, 5), (1, 11)): 4.039914353815699e-05
((0, 5), (0, 7), (1, 6), (1, 11)): 4.039914353815699e-05
((0, 4), (0, 12), (1, 4), (1, 9)): 4.039914353815699e-05
((0, 8), (1, 2), (1, 2), (1, 2), (1, 8)): 4.039914353815699e-05
((0, 3), (0, 3)): 4.039914353815699e-05
((0, 4), (0, 5), (0, 11), (0, 15), (1, 11)): 4.039914353815699e-05
((0, 4), (0, 4), (0, 8), (1, 8)): 4.039914353815699e-05
((0, 9), (0, 12), (0, 12), (1, 15)): 4.039914353815699e-05
((0, 1), (0, 14), (1, 6), (1, 14)): 4.039914353815699e-05
((1, 6), (1, 9), (1, 15)): 4.039914353815699e-05
((0, 3), (0, 9), (0, 15), (1, 10)): 4.039914353815699e-05
((0, 7), (0, 12), (1, 0), (1, 0), (1, 5), (1, 11), (1, 15)): 4.039914353815699e-05
((0, 5), (0, 11), (1, 3), (1, 4), (1, 9)): 4.039914353815699e-05
((0, 6), (0, 11), (0, 15), (1, 5), (1, 5), (1, 11)): 4.039914353815699e-05
((0, 7), (0, 14), (1, 7), (1, 13)): 4.039914353815699e-05
((0, 8), (0, 13), (1, 2), (1, 6), (1, 7), (1, 12)): 4.039914353815699e-05
((0, 4), (0, 15), (1, 15)): 4.039914353815699e-05
((1, 3), (1, 11), (1, 15)): 4.039914353815699e-05
((0, 8), (0, 13), (1, 3), (1, 6), (1, 7), (1, 12)): 4.039914353815699e-05
((0, 0), (0, 6), (1, 1), (1, 4)): 4.039914353815699e-05
((0, 5), (1, 2), (1, 4), (1, 4), (1, 10)): 4.039914353815699e-05
((0, 1), (0, 2), (0, 8), (1, 0), (1, 2), (1, 6)): 4.039914353815699e-05
((1, 2), (1, 4), (1, 4), (1, 8)): 4.039914353815699e-05
((0, 5), (1, 13)): 4.039914353815699e-05
((0, 0), (0, 9), (0, 15), (1, 3), (1, 4), (1, 9), (1, 15)): 4.039914353815699e-05
((0, 2), (0, 15), (1, 9), (1, 9), (1, 13)): 4.039914353815699e-05
((0, 2), (0, 8), (1, 3), (1, 7), (1, 13)): 4.039914353815699e-05
((0, 3), (0, 9), (1, 0), (1, 3), (1, 3), (1, 4), (1, 8)): 4.039914353815699e-05
((0, 6), (0, 11), (1, 5), (1, 6), (1, 11)): 4.039914353815699e-05
((0, 0), (0, 1), (0, 1), (0, 8), (1, 1), (1, 6)): 4.039914353815699e-05
((0, 9), (1, 1), (1, 4), (1, 10)): 4.039914353815699e-05
((1, 7), (1, 7), (1, 12)): 4.039914353815699e-05
((0, 1), (0, 7), (0, 12), (1, 6), (1, 11)): 4.039914353815699e-05
((0, 0), (0, 0), (0, 5), (0, 10), (1, 2), (1, 5), (1, 9)): 4.039914353815699e-05
((0, 0), (0, 7), (1, 2), (1, 8)): 4.039914353815699e-05
((0, 7), (1, 0), (1, 1), (1, 8)): 4.039914353815699e-05
((0, 2), (0, 4), (0, 4), (0, 11), (1, 10), (1, 15)): 4.039914353815699e-05
((0, 8), (0, 14), (1, 8), (1, 12)): 4.039914353815699e-05
((0, 5), (1, 2), (1, 4), (1, 10)): 4.039914353815699e-05
((0, 0), (0, 9), (1, 2), (1, 2), (1, 2), (1, 9)): 4.039914353815699e-05
((0, 11), (1, 2), (1, 3), (1, 4), (1, 9)): 4.039914353815699e-05
((0, 3), (0, 5), (0, 11), (1, 0), (1, 5), (1, 6), (1, 11)): 4.039914353815699e-05
((0, 4), (0, 10), (1, 3), (1, 3), (1, 4), (1, 9)): 4.039914353815699e-05
((0, 5), (0, 5), (0, 5), (0, 11), (1, 10), (1, 15)): 4.039914353815699e-05
((0, 0), (0, 6), (0, 12), (1, 6), (1, 11)): 4.039914353815699e-05
((0, 1), (0, 3), (0, 10), (1, 2), (1, 9)): 4.039914353815699e-05
((0, 11), (1, 4), (1, 5), (1, 5), (1, 10)): 4.039914353815699e-05
((0, 3), (0, 5), (0, 6), (0, 11), (1, 10)): 4.039914353815699e-05
((0, 3), (0, 9), (1, 2), (1, 3), (1, 10)): 4.039914353815699e-05
((0, 0), (0, 0), (0, 7), (1, 0), (1, 6)): 4.039914353815699e-05
((0, 3), (0, 4), (0, 4), (0, 9), (1, 5), (1, 9)): 4.039914353815699e-05
((0, 0), (0, 9), (1, 1), (1, 2), (1, 3), (1, 9)): 4.039914353815699e-05
((0, 9), (0, 13), (0, 13), (1, 7), (1, 14)): 4.039914353815699e-05
((0, 8), (0, 13), (1, 7), (1, 13)): 4.039914353815699e-05
((0, 1), (0, 9), (1, 1), (1, 4), (1, 10)): 4.039914353815699e-05
((0, 4), (0, 4), (0, 5), (0, 11), (1, 4), (1, 11)): 4.039914353815699e-05
((0, 11), (0, 13), (1, 1), (1, 7), (1, 12)): 4.039914353815699e-05
((0, 9), (0, 15), (1, 8), (1, 8), (1, 10), (1, 14)): 4.039914353815699e-05
((0, 13), (1, 7), (1, 8)): 4.039914353815699e-05
((0, 2), (0, 4), (0, 10), (1, 3), (1, 10)): 4.039914353815699e-05
((0, 4), (1, 8), (1, 13)): 4.039914353815699e-05
((0, 2), (0, 3), (0, 4), (0, 4), (0, 11), (1, 10)): 4.039914353815699e-05
((0, 4), (0, 13), (1, 8), (1, 12)): 4.039914353815699e-05
((1, 5), (1, 5), (1, 12)): 4.039914353815699e-05
((0, 3), (0, 5), (0, 7), (0, 12), (1, 11)): 4.039914353815699e-05
((0, 1), (0, 1), (0, 4), (0, 7), (1, 8)): 4.039914353815699e-05
((0, 1), (0, 11), (1, 4), (1, 9)): 4.039914353815699e-05
((1, 2), (1, 2), (1, 8)): 4.039914353815699e-05
((0, 1), (0, 3), (0, 7), (0, 11), (1, 3), (1, 6), (1, 8)): 4.039914353815699e-05
((0, 7), (1, 9), (1, 15)): 4.039914353815699e-05
((0, 0), (0, 8), (1, 0), (1, 1), (1, 5)): 4.039914353815699e-05
((0, 1), (0, 2), (0, 7), (1, 2), (1, 8)): 4.039914353815699e-05
((0, 7), (0, 8), (0, 13), (1, 1), (1, 8), (1, 8), (1, 13)): 4.039914353815699e-05
((0, 2), (0, 9), (1, 3), (1, 3), (1, 4), (1, 5), (1, 9)): 4.039914353815699e-05
((0, 8), (0, 15), (1, 6), (1, 13)): 4.039914353815699e-05
((0, 4), (0, 8), (0, 14), (1, 10)): 4.039914353815699e-05
((0, 4), (0, 9), (1, 0), (1, 5), (1, 10)): 4.039914353815699e-05
((0, 0), (0, 4), (0, 9), (1, 3), (1, 4), (1, 9)): 4.039914353815699e-05
((0, 3), (0, 3), (1, 2), (1, 8)): 4.039914353815699e-05
((0, 0), (0, 1), (0, 9)): 4.039914353815699e-05
((0, 2), (0, 8), (1, 3), (1, 9)): 4.039914353815699e-05
((0, 1), (0, 5), (0, 10), (1, 4), (1, 4), (1, 10)): 4.039914353815699e-05
((0, 0), (0, 1), (0, 6), (0, 11), (1, 4), (1, 6), (1, 10)): 4.039914353815699e-05
((0, 3), (0, 4), (0, 9), (1, 2), (1, 8)): 4.039914353815699e-05
((0, 3), (0, 11)): 4.039914353815699e-05
((0, 2), (0, 9), (1, 0), (1, 1), (1, 7)): 4.039914353815699e-05
((0, 2), (0, 9), (1, 2), (1, 3), (1, 9)): 4.039914353815699e-05
((0, 1), (0, 1), (0, 8), (1, 10)): 4.039914353815699e-05
((0, 2), (0, 4), (0, 12), (1, 10)): 4.039914353815699e-05
((0, 0), (0, 4), (0, 10), (1, 0), (1, 4), (1, 5), (1, 10)): 4.039914353815699e-05
((0, 3), (0, 9), (1, 4)): 4.039914353815699e-05
((0, 2), (0, 5), (0, 5), (0, 11), (1, 10)): 4.039914353815699e-05
((0, 6), (0, 6), (0, 11), (1, 5), (1, 10)): 4.039914353815699e-05
((0, 0), (0, 8), (0, 13), (1, 2), (1, 8), (1, 13)): 4.039914353815699e-05
((0, 2), (0, 6), (0, 11), (1, 10)): 4.039914353815699e-05
((0, 3), (1, 5), (1, 9), (1, 14)): 4.039914353815699e-05
((0, 5), (0, 7), (0, 12), (1, 3), (1, 5), (1, 11)): 4.039914353815699e-05
((0, 5), (0, 6), (0, 11), (1, 11), (1, 15)): 4.039914353815699e-05
((0, 3), (0, 12), (1, 3), (1, 4), (1, 10)): 4.039914353815699e-05
((0, 5), (0, 7), (0, 12), (1, 5), (1, 11)): 4.039914353815699e-05
((0, 0), (0, 9), (1, 3), (1, 4), (1, 8)): 4.039914353815699e-05
((0, 9), (1, 7), (1, 12)): 4.039914353815699e-05
((0, 2), (1, 1), (1, 2), (1, 7)): 4.039914353815699e-05
((0, 1), (0, 1), (0, 9), (0, 15), (1, 8), (1, 15)): 4.039914353815699e-05
((0, 4), (0, 11), (1, 3), (1, 3), (1, 11)): 4.039914353815699e-05
((0, 4), (0, 4), (0, 5), (1, 11)): 4.039914353815699e-05
((0, 2), (0, 5), (1, 4), (1, 12)): 4.039914353815699e-05
((0, 0), (0, 7), (1, 7), (1, 13)): 4.039914353815699e-05
((0, 0), (0, 1), (0, 5), (1, 0), (1, 1), (1, 6)): 4.039914353815699e-05
((0, 2), (0, 3), (0, 3), (0, 9), (1, 10)): 4.039914353815699e-05
((0, 0), (0, 1), (0, 1), (0, 7), (1, 0), (1, 2), (1, 8)): 4.039914353815699e-05
((0, 3), (0, 6), (0, 12), (1, 10)): 4.039914353815699e-05
((0, 0), (0, 14), (1, 7), (1, 12)): 4.039914353815699e-05
((0, 6), (0, 12), (1, 4)): 4.039914353815699e-05
((0, 14), (1, 6), (1, 6)): 4.039914353815699e-05
((0, 1), (0, 4), (0, 10), (1, 4), (1, 5), (1, 9)): 4.039914353815699e-05
((0, 5), (0, 7), (0, 12), (1, 6), (1, 12)): 4.039914353815699e-05
((0, 2), (0, 3), (0, 4), (0, 5), (1, 1), (1, 6), (1, 7)): 4.039914353815699e-05
((0, 1), (0, 2), (1, 7)): 4.039914353815699e-05
((0, 4), (0, 4), (0, 10), (1, 5), (1, 9)): 4.039914353815699e-05
((0, 2), (0, 2), (0, 2), (0, 3), (0, 10), (1, 9)): 4.039914353815699e-05
((0, 5), (0, 8), (0, 9), (1, 7), (1, 9)): 4.039914353815699e-05
((0, 0), (0, 1), (0, 7), (1, 8)): 4.039914353815699e-05
((0, 7), (0, 7), (0, 13), (1, 11)): 4.039914353815699e-05
((0, 2), (0, 4), (0, 10), (1, 0), (1, 1), (1, 7)): 4.039914353815699e-05
((0, 1), (0, 5), (0, 10), (1, 0), (1, 2), (1, 8)): 4.039914353815699e-05
((0, 0), (0, 6), (0, 12), (1, 0), (1, 0), (1, 6), (1, 11)): 4.039914353815699e-05
((0, 5), (1, 1), (1, 7)): 4.039914353815699e-05
((0, 2), (0, 8), (1, 0), (1, 2), (1, 7)): 4.039914353815699e-05
((0, 8), (0, 14), (1, 1), (1, 9), (1, 14)): 4.039914353815699e-05
((0, 0), (0, 3), (0, 10), (1, 10), (1, 15)): 4.039914353815699e-05
((0, 6), (0, 7), (1, 7), (1, 12)): 4.039914353815699e-05
((0, 2), (0, 3), (0, 9), (1, 2), (1, 2), (1, 7)): 4.039914353815699e-05
((0, 1), (0, 11), (1, 11)): 4.039914353815699e-05
((0, 6), (0, 8), (0, 14), (1, 13)): 4.039914353815699e-05
((0, 14), (1, 5), (1, 6), (1, 11)): 4.039914353815699e-05
((0, 1), (0, 1), (0, 3), (0, 9), (1, 9)): 4.039914353815699e-05
((0, 8), (0, 10), (0, 15), (1, 8), (1, 15)): 4.039914353815699e-05
((0, 9), (1, 2), (1, 5), (1, 9)): 4.039914353815699e-05
((0, 3), (0, 4), (0, 10), (1, 1), (1, 2), (1, 7)): 4.039914353815699e-05
((0, 0), (0, 4), (0, 6), (1, 1), (1, 6)): 4.039914353815699e-05
((0, 3), (0, 5), (1, 4), (1, 9)): 4.039914353815699e-05
((1, 3), (1, 5), (1, 10)): 4.039914353815699e-05
((0, 3), (0, 10), (1, 5), (1, 11)): 4.039914353815699e-05
((0, 2), (0, 4), (1, 3), (1, 9)): 4.039914353815699e-05
((0, 14), (0, 14), (1, 5), (1, 12)): 4.039914353815699e-05
((0, 1), (0, 7), (1, 0), (1, 0), (1, 7)): 4.039914353815699e-05
((0, 1), (0, 5), (0, 7), (0, 11), (1, 2), (1, 6), (1, 11)): 4.039914353815699e-05
((0, 12), (1, 3), (1, 12)): 4.039914353815699e-05
((0, 4), (0, 8), (1, 0), (1, 8)): 4.039914353815699e-05
((0, 6), (0, 12), (1, 4), (1, 14)): 4.039914353815699e-05
((0, 0), (0, 1), (0, 7), (1, 1), (1, 5)): 4.039914353815699e-05
((0, 2), (0, 9), (1, 2), (1, 2), (1, 8)): 4.039914353815699e-05
((0, 11), (1, 1), (1, 2), (1, 8)): 4.039914353815699e-05
((0, 5), (0, 14), (1, 0), (1, 1), (1, 5), (1, 14)): 4.039914353815699e-05
((0, 2), (1, 13)): 4.039914353815699e-05
((0, 2), (1, 4), (1, 8), (1, 15)): 4.039914353815699e-05
((0, 5), (0, 12), (1, 5), (1, 6), (1, 11)): 4.039914353815699e-05
((0, 3), (0, 10), (1, 2), (1, 8), (1, 9)): 4.039914353815699e-05
((0, 7), (0, 11), (1, 4), (1, 12)): 4.039914353815699e-05
((0, 5), (0, 5), (1, 0), (1, 5)): 4.039914353815699e-05
((0, 6), (0, 13), (1, 4), (1, 10)): 4.039914353815699e-05
((0, 3), (0, 5), (0, 10), (1, 2), (1, 10)): 4.039914353815699e-05
((0, 13), (1, 5)): 4.039914353815699e-05
((0, 5), (0, 5), (0, 14), (1, 4), (1, 13)): 4.039914353815699e-05
((0, 0), (0, 5), (0, 8), (0, 12), (1, 2), (1, 7), (1, 11)): 4.039914353815699e-05
((0, 5), (0, 7), (1, 9)): 4.039914353815699e-05
((0, 4), (0, 5), (0, 11), (1, 2), (1, 3), (1, 10)): 4.039914353815699e-05
((0, 7), (0, 12), (1, 5), (1, 14)): 4.039914353815699e-05
((0, 1), (0, 2), (0, 3), (0, 9), (1, 4), (1, 8)): 4.039914353815699e-05
((0, 0), (0, 10), (1, 4), (1, 9), (1, 12)): 4.039914353815699e-05
((0, 7), (0, 15), (1, 0), (1, 6), (1, 13)): 4.039914353815699e-05
((0, 4), (0, 6), (0, 11), (1, 14)): 4.039914353815699e-05
((0, 5), (0, 6), (0, 13), (1, 6), (1, 6), (1, 11)): 4.039914353815699e-05
((0, 4), (0, 4), (0, 11), (1, 4), (1, 10)): 4.039914353815699e-05
((0, 0), (0, 0), (0, 0), (0, 6), (1, 6)): 4.039914353815699e-05
((0, 9), (1, 2), (1, 3), (1, 3), (1, 4), (1, 8)): 4.039914353815699e-05
((0, 3), (0, 10), (1, 0), (1, 4), (1, 5), (1, 10)): 4.039914353815699e-05
((0, 0), (0, 7), (1, 0), (1, 0), (1, 7)): 4.039914353815699e-05
((0, 3), (0, 3), (0, 8), (1, 0), (1, 3), (1, 9)): 4.039914353815699e-05
((0, 5), (0, 10), (1, 6), (1, 9)): 4.039914353815699e-05
((0, 9), (0, 15), (1, 2), (1, 9), (1, 10)): 4.039914353815699e-05
((0, 8), (1, 3), (1, 7)): 4.039914353815699e-05
((0, 13), (1, 4), (1, 6), (1, 12)): 4.039914353815699e-05
((0, 2), (0, 9), (1, 4), (1, 9), (1, 15)): 4.039914353815699e-05
((0, 4), (0, 10), (1, 4), (1, 5), (1, 10)): 4.039914353815699e-05
((0, 4), (0, 4), (0, 11), (1, 2), (1, 9)): 4.039914353815699e-05
((0, 5), (1, 7), (1, 14)): 4.039914353815699e-05
((0, 1), (0, 2), (0, 4), (0, 7), (1, 5), (1, 8)): 4.039914353815699e-05
((0, 1), (0, 11), (1, 0), (1, 7)): 4.039914353815699e-05
((0, 4), (0, 5)): 4.039914353815699e-05
((1, 1), (1, 8), (1, 12)): 4.039914353815699e-05
((0, 2), (0, 2), (0, 11), (1, 6)): 4.039914353815699e-05
((0, 9), (0, 9), (1, 8), (1, 15)): 4.039914353815699e-05
((0, 1), (0, 2), (0, 9), (1, 1), (1, 9)): 4.039914353815699e-05
((0, 4), (0, 5), (0, 10), (1, 5), (1, 11)): 4.039914353815699e-05
((0, 9), (0, 15), (1, 10), (1, 14)): 4.039914353815699e-05
((0, 7), (0, 13), (1, 7), (1, 14)): 4.039914353815699e-05
((0, 0), (0, 1), (0, 7), (0, 11), (1, 2), (1, 6)): 4.039914353815699e-05
((0, 0), (0, 0), (0, 7), (1, 8)): 4.039914353815699e-05
((0, 4), (0, 4), (0, 9), (1, 8), (1, 15)): 4.039914353815699e-05
((0, 1), (0, 7), (1, 3), (1, 8)): 4.039914353815699e-05
((0, 2), (0, 3), (0, 8), (1, 2), (1, 8)): 4.039914353815699e-05
((0, 5), (0, 11), (1, 6), (1, 6), (1, 9)): 4.039914353815699e-05
((0, 0), (0, 2), (0, 9), (1, 2), (1, 3), (1, 8)): 4.039914353815699e-05
((0, 4), (0, 5), (1, 4), (1, 9)): 4.039914353815699e-05
((0, 10), (1, 0), (1, 0), (1, 6)): 4.039914353815699e-05
((0, 2), (0, 7), (1, 1), (1, 7), (1, 12)): 4.039914353815699e-05
((0, 4), (0, 6), (0, 7), (0, 13), (1, 12)): 4.039914353815699e-05
((0, 3), (0, 4), (0, 7), (1, 2), (1, 5), (1, 7)): 4.039914353815699e-05
((0, 14), (0, 14), (1, 12), (1, 15)): 4.039914353815699e-05
((0, 1), (0, 7), (0, 9), (1, 0), (1, 8)): 4.039914353815699e-05
((0, 2), (0, 9), (1, 0), (1, 7)): 4.039914353815699e-05
((0, 5), (0, 5), (0, 6), (0, 11), (1, 3), (1, 11)): 4.039914353815699e-05
((0, 3), (0, 8), (0, 9), (0, 13), (1, 8), (1, 8), (1, 13)): 4.039914353815699e-05
((0, 7), (0, 11), (1, 4), (1, 10)): 4.039914353815699e-05
((0, 10), (1, 3), (1, 3), (1, 7)): 4.039914353815699e-05
((0, 1), (0, 1), (0, 8), (1, 1), (1, 2), (1, 6)): 4.039914353815699e-05
((0, 15), (1, 5), (1, 12)): 4.039914353815699e-05
((0, 0), (0, 5), (0, 5), (0, 11), (1, 0), (1, 5), (1, 10)): 4.039914353815699e-05
((0, 0), (0, 0), (0, 8), (1, 5)): 4.039914353815699e-05
((0, 14), (1, 2), (1, 9)): 4.039914353815699e-05
((0, 0), (0, 6), (0, 11), (1, 0), (1, 5), (1, 5), (1, 10)): 4.039914353815699e-05
((0, 1), (0, 2), (0, 6), (0, 7), (0, 12), (1, 7), (1, 11)): 4.039914353815699e-05
((0, 0), (0, 6), (0, 15), (1, 7), (1, 8), (1, 14)): 4.039914353815699e-05
((0, 11), (1, 5), (1, 5), (1, 6), (1, 11)): 4.039914353815699e-05
((0, 14), (1, 7), (1, 8), (1, 13)): 4.039914353815699e-05
((0, 1), (0, 8), (0, 9), (1, 2), (1, 7), (1, 12)): 4.039914353815699e-05
((0, 7), (0, 11), (1, 0), (1, 1), (1, 6), (1, 11)): 4.039914353815699e-05
((0, 12), (0, 13)): 4.039914353815699e-05
((0, 1), (0, 2), (0, 2), (0, 3), (0, 9), (1, 8)): 4.039914353815699e-05
((0, 13), (1, 4), (1, 6), (1, 13)): 4.039914353815699e-05
((0, 9), (1, 3), (1, 4), (1, 4), (1, 8)): 4.039914353815699e-05
((0, 10), (0, 15), (1, 2), (1, 3), (1, 7), (1, 14)): 4.039914353815699e-05
((0, 12), (1, 1), (1, 6), (1, 11)): 4.039914353815699e-05
((0, 6), (0, 14), (1, 8), (1, 15)): 4.039914353815699e-05
((1, 2), (1, 4), (1, 8)): 4.039914353815699e-05
((0, 4), (0, 12), (1, 7), (1, 13)): 4.039914353815699e-05
((1, 5), (1, 9), (1, 10), (1, 15)): 4.039914353815699e-05
((0, 6), (0, 6), (0, 15), (1, 14)): 4.039914353815699e-05
((0, 4), (0, 6), (0, 13), (1, 10)): 4.039914353815699e-05
((0, 8), (1, 10), (1, 14)): 4.039914353815699e-05
((0, 5), (0, 5), (0, 10), (1, 4), (1, 9)): 4.039914353815699e-05
((0, 4), (0, 6), (0, 12), (1, 5), (1, 10)): 4.039914353815699e-05
((0, 4), (0, 6), (0, 11), (1, 0), (1, 5), (1, 10)): 4.039914353815699e-05
((0, 3), (0, 4), (0, 9), (1, 11)): 4.039914353815699e-05
((0, 4), (0, 5), (0, 6), (0, 12)): 4.039914353815699e-05
((0, 0), (0, 5), (0, 8), (0, 11), (1, 5), (1, 11)): 4.039914353815699e-05
((0, 3), (0, 9), (0, 14), (1, 2), (1, 8)): 4.039914353815699e-05
((0, 3), (0, 3), (0, 3), (0, 8), (1, 9)): 4.039914353815699e-05
((0, 7), (1, 0), (1, 6), (1, 12)): 4.039914353815699e-05
((0, 14), (1, 4), (1, 6), (1, 12)): 4.039914353815699e-05
((0, 4), (0, 11), (1, 3), (1, 12)): 4.039914353815699e-05
((0, 8), (0, 15), (1, 14), (1, 14), (1, 14)): 4.039914353815699e-05
((0, 6), (0, 7), (0, 15), (1, 13)): 4.039914353815699e-05
((0, 10), (1, 0), (1, 1), (1, 7)): 4.039914353815699e-05
((0, 4), (0, 4), (1, 3), (1, 11)): 4.039914353815699e-05
((0, 14), (1, 7), (1, 7), (1, 12)): 4.039914353815699e-05
((0, 2), (0, 2), (0, 8), (1, 2), (1, 9)): 4.039914353815699e-05
((0, 6), (1, 8), (1, 9), (1, 9)): 4.039914353815699e-05
((0, 3), (0, 4), (0, 11), (1, 3), (1, 4), (1, 10)): 4.039914353815699e-05
((0, 1), (0, 1), (0, 9), (1, 6)): 4.039914353815699e-05
((0, 5), (1, 2), (1, 5)): 4.039914353815699e-05
((0, 4), (1, 3), (1, 4), (1, 9)): 4.039914353815699e-05
((0, 0), (0, 2), (0, 8), (1, 2), (1, 2), (1, 8)): 4.039914353815699e-05
((0, 1), (0, 11), (1, 2), (1, 3), (1, 10)): 4.039914353815699e-05
((0, 1), (0, 1), (0, 8), (0, 14), (1, 8), (1, 13)): 4.039914353815699e-05
((0, 12), (0, 15), (1, 5), (1, 11)): 4.039914353815699e-05
((0, 3), (0, 11), (1, 2), (1, 4), (1, 9)): 4.039914353815699e-05
((0, 0), (0, 8), (1, 5), (1, 8), (1, 11)): 4.039914353815699e-05
((0, 4), (0, 12), (1, 7), (1, 11)): 4.039914353815699e-05
((0, 1), (0, 2), (0, 3), (0, 9), (1, 7)): 4.039914353815699e-05
((0, 11), (0, 11), (1, 15)): 4.039914353815699e-05
((0, 0), (0, 9), (1, 2), (1, 4), (1, 10)): 4.039914353815699e-05
((0, 6), (0, 6), (1, 11)): 4.039914353815699e-05
((1, 3), (1, 4), (1, 5)): 4.039914353815699e-05
((0, 4), (0, 14), (1, 9)): 4.039914353815699e-05
((0, 1), (0, 8), (1, 0), (1, 3), (1, 3), (1, 6)): 4.039914353815699e-05
((0, 5), (1, 8)): 4.039914353815699e-05
((0, 1), (0, 4), (1, 2), (1, 3), (1, 4), (1, 4), (1, 9)): 4.039914353815699e-05
((0, 2), (0, 3), (0, 10), (1, 11)): 4.039914353815699e-05
((0, 3), (0, 4), (0, 5), (0, 5), (0, 11), (1, 4), (1, 11)): 4.039914353815699e-05
((0, 2), (0, 5), (0, 10), (1, 5), (1, 10)): 4.039914353815699e-05
((0, 0), (0, 5), (0, 6), (1, 5), (1, 9), (1, 15)): 4.039914353815699e-05
((0, 3), (0, 4), (0, 10), (1, 3), (1, 4), (1, 9)): 4.039914353815699e-05
((0, 3), (0, 4), (0, 5), (0, 10), (1, 4), (1, 9)): 4.039914353815699e-05
((0, 2), (0, 2), (0, 9), (1, 7)): 4.039914353815699e-05
((0, 4), (0, 6), (0, 7), (0, 12), (1, 5), (1, 11)): 4.039914353815699e-05
((0, 12), (1, 4), (1, 4), (1, 5), (1, 5), (1, 10)): 4.039914353815699e-05
((0, 12), (1, 3), (1, 7), (1, 11)): 4.039914353815699e-05
((0, 0), (0, 4), (0, 9), (1, 1), (1, 9)): 4.039914353815699e-05
((0, 1), (0, 1), (0, 6), (1, 7)): 4.039914353815699e-05
((0, 11), (1, 3), (1, 4), (1, 10), (1, 15)): 4.039914353815699e-05
((0, 0), (0, 6), (0, 11), (1, 5), (1, 5), (1, 11)): 4.039914353815699e-05
((0, 10), (1, 1), (1, 10)): 4.039914353815699e-05
((0, 0), (0, 1), (0, 9), (1, 0), (1, 9)): 4.039914353815699e-05
((0, 11), (1, 1), (1, 5), (1, 10)): 4.039914353815699e-05
((0, 5), (0, 5), (0, 10), (1, 11)): 4.039914353815699e-05
((0, 0), (0, 12), (1, 6)): 4.039914353815699e-05
((0, 3), (0, 11), (1, 3), (1, 4), (1, 5), (1, 11)): 4.039914353815699e-05
((0, 4), (0, 4), (0, 4), (0, 12), (1, 4), (1, 11)): 4.039914353815699e-05
((1, 4), (1, 6), (1, 10)): 4.039914353815699e-05
((0, 13), (1, 8), (1, 11)): 4.039914353815699e-05
((0, 1), (0, 9), (1, 0), (1, 6)): 4.039914353815699e-05
((0, 5), (0, 6), (0, 12), (1, 7)): 4.039914353815699e-05
((0, 0), (0, 1), (0, 8), (1, 8), (1, 13)): 4.039914353815699e-05
((0, 0), (0, 11), (1, 0), (1, 5)): 4.039914353815699e-05
((0, 2), (0, 3), (0, 8), (1, 1), (1, 7)): 4.039914353815699e-05
((0, 11), (1, 0), (1, 4), (1, 5), (1, 11)): 4.039914353815699e-05
((0, 10), (1, 4), (1, 5), (1, 5), (1, 9)): 4.039914353815699e-05
((0, 6), (0, 13), (1, 6), (1, 8), (1, 12)): 4.039914353815699e-05
((0, 12), (0, 15), (1, 11)): 4.039914353815699e-05
((0, 12), (1, 4), (1, 5), (1, 5), (1, 10)): 4.039914353815699e-05
((0, 4), (0, 6), (0, 11), (1, 5), (1, 11)): 4.039914353815699e-05
((0, 5), (1, 5), (1, 7), (1, 12)): 4.039914353815699e-05
((0, 2), (0, 8), (1, 3), (1, 4), (1, 8)): 4.039914353815699e-05
((0, 1), (0, 2), (0, 9)): 4.039914353815699e-05
((0, 1), (0, 8), (0, 9), (1, 5), (1, 5)): 4.039914353815699e-05
((0, 11), (1, 4), (1, 5), (1, 12), (1, 15)): 4.039914353815699e-05
((0, 6), (0, 15), (1, 8), (1, 14)): 4.039914353815699e-05
((0, 6), (0, 11), (1, 6), (1, 12)): 4.039914353815699e-05
((0, 0), (0, 9), (1, 1), (1, 2), (1, 2), (1, 8)): 4.039914353815699e-05
((0, 3), (0, 4), (0, 13), (1, 11)): 4.039914353815699e-05
((0, 0), (0, 8), (1, 1), (1, 1), (1, 8)): 4.039914353815699e-05
((0, 0), (0, 6), (0, 11), (1, 4), (1, 10)): 4.039914353815699e-05
((0, 2), (0, 3), (0, 4), (0, 9), (1, 8)): 4.039914353815699e-05
((0, 6), (0, 9), (1, 5), (1, 10), (1, 15)): 4.039914353815699e-05
((0, 0), (0, 1), (0, 8), (1, 0), (1, 5)): 4.039914353815699e-05
((0, 1), (0, 1), (0, 1), (0, 9), (1, 5)): 4.039914353815699e-05
((0, 6), (0, 6), (0, 6)): 4.039914353815699e-05
((0, 3), (0, 3), (0, 8), (1, 8)): 4.039914353815699e-05
((0, 2), (0, 11), (1, 15)): 4.039914353815699e-05
((0, 1), (0, 3), (1, 3), (1, 4), (1, 9)): 4.039914353815699e-05
((0, 4), (0, 5), (0, 10), (1, 1), (1, 4), (1, 9)): 4.039914353815699e-05
((0, 0), (0, 10), (1, 1), (1, 7)): 4.039914353815699e-05
((0, 4), (0, 11), (1, 4), (1, 5), (1, 11)): 4.039914353815699e-05
((0, 0), (0, 2), (0, 6), (0, 11), (1, 5), (1, 10)): 4.039914353815699e-05
((0, 9), (0, 15), (1, 8), (1, 14)): 4.039914353815699e-05
((0, 7), (0, 14), (1, 7), (1, 11)): 4.039914353815699e-05
((0, 1), (0, 2), (0, 14), (1, 8), (1, 9), (1, 13)): 4.039914353815699e-05
((0, 6), (0, 12), (1, 6), (1, 6), (1, 12)): 4.039914353815699e-05
((0, 0), (0, 2), (0, 2), (0, 9), (1, 1), (1, 2), (1, 8)): 4.039914353815699e-05
((0, 5), (0, 7), (0, 14), (1, 11)): 4.039914353815699e-05
((0, 3), (0, 6), (0, 9), (1, 10)): 4.039914353815699e-05
((0, 7), (0, 8), (0, 13)): 4.039914353815699e-05
((0, 5), (0, 11), (1, 2), (1, 11)): 4.039914353815699e-05
((0, 3), (0, 10), (1, 3), (1, 3), (1, 11)): 4.039914353815699e-05
((0, 6), (0, 6), (0, 12), (1, 5), (1, 11)): 4.039914353815699e-05
((0, 12), (0, 15), (1, 12)): 4.039914353815699e-05
((0, 4), (1, 10), (1, 10), (1, 15)): 4.039914353815699e-05
((0, 13), (1, 2), (1, 7)): 4.039914353815699e-05
((0, 4), (0, 11), (1, 4), (1, 12)): 4.039914353815699e-05
((1, 1), (1, 5), (1, 11)): 4.039914353815699e-05
((0, 14), (1, 10), (1, 14)): 4.039914353815699e-05
((0, 1), (0, 2), (0, 2), (0, 7), (1, 7)): 4.039914353815699e-05
((0, 3), (0, 3), (1, 11)): 4.039914353815699e-05
((0, 9), (1, 3), (1, 4), (1, 7)): 4.039914353815699e-05
((0, 0), (0, 9), (1, 1), (1, 4), (1, 8)): 4.039914353815699e-05
((0, 1), (1, 4), (1, 11)): 4.039914353815699e-05
((0, 9), (0, 15), (1, 2), (1, 10), (1, 15)): 4.039914353815699e-05
((0, 4), (0, 12), (0, 15), (1, 4), (1, 11)): 4.039914353815699e-05
((0, 3), (0, 4), (0, 4), (0, 11), (1, 2), (1, 2), (1, 10)): 4.039914353815699e-05
((0, 4), (1, 4), (1, 4), (1, 11), (1, 15)): 4.039914353815699e-05
((0, 6), (0, 8), (0, 15), (1, 8), (1, 13)): 4.039914353815699e-05
((0, 0), (0, 2), (1, 8)): 4.039914353815699e-05
((0, 11), (1, 4), (1, 4), (1, 5), (1, 12)): 4.039914353815699e-05
((0, 1), (0, 2), (0, 3), (0, 9), (1, 1), (1, 8)): 4.039914353815699e-05
((0, 5), (1, 4), (1, 11), (1, 15)): 4.039914353815699e-05
((1, 0), (1, 2), (1, 2), (1, 6)): 4.039914353815699e-05
((0, 9), (1, 13), (1, 15)): 4.039914353815699e-05
((0, 3), (0, 10), (1, 4), (1, 4), (1, 5), (1, 10)): 4.039914353815699e-05
((0, 8), (1, 4), (1, 7), (1, 14)): 4.039914353815699e-05
((0, 9), (1, 1), (1, 6), (1, 7), (1, 13)): 4.039914353815699e-05
((0, 0), (0, 2), (0, 3), (0, 3), (0, 10), (1, 3), (1, 8)): 4.039914353815699e-05
((0, 0), (0, 7), (0, 12), (1, 0), (1, 6), (1, 12)): 4.039914353815699e-05
((1, 3), (1, 6), (1, 11)): 4.039914353815699e-05
((0, 5), (0, 11), (1, 2), (1, 4), (1, 10)): 4.039914353815699e-05
((0, 4), (0, 10), (0, 12), (1, 12)): 4.039914353815699e-05
((0, 8), (0, 10), (0, 13), (1, 11)): 4.039914353815699e-05
((0, 6), (0, 6), (0, 13), (1, 5), (1, 11)): 4.039914353815699e-05
((0, 12), (0, 14), (1, 4)): 4.039914353815699e-05
((0, 6), (0, 7), (0, 13), (1, 6), (1, 14)): 4.039914353815699e-05
((0, 0), (0, 1), (0, 1), (0, 5), (1, 5)): 4.039914353815699e-05
((0, 7), (0, 9), (0, 15), (1, 2), (1, 6), (1, 9)): 4.039914353815699e-05
((0, 5), (0, 12), (1, 3), (1, 12)): 4.039914353815699e-05
((0, 4), (0, 6), (0, 12), (1, 0), (1, 5), (1, 5)): 4.039914353815699e-05
((0, 4), (0, 9), (1, 3), (1, 4), (1, 9)): 4.039914353815699e-05
((0, 1), (0, 7), (0, 13), (1, 1), (1, 6), (1, 13)): 4.039914353815699e-05
((0, 2), (0, 9), (1, 1), (1, 2), (1, 9)): 4.039914353815699e-05
((0, 6), (0, 9), (0, 15), (1, 4), (1, 9), (1, 10), (1, 15)): 4.039914353815699e-05
((1, 4), (1, 6), (1, 11), (1, 15)): 4.039914353815699e-05
((1, 1), (1, 1), (1, 2), (1, 7)): 4.039914353815699e-05
((0, 1), (0, 4), (0, 9), (1, 8)): 4.039914353815699e-05
((0, 5), (0, 6), (0, 10), (1, 5), (1, 11)): 4.039914353815699e-05
((0, 8), (0, 13), (1, 7), (1, 14)): 4.039914353815699e-05
((0, 13), (1, 5), (1, 6), (1, 6), (1, 12)): 4.039914353815699e-05
((0, 2), (0, 6), (1, 0), (1, 1), (1, 2), (1, 3), (1, 6)): 4.039914353815699e-05
((0, 4), (0, 4), (0, 5), (0, 10), (1, 11)): 4.039914353815699e-05
((0, 8), (1, 2), (1, 4), (1, 8)): 4.039914353815699e-05
((0, 4), (0, 5), (0, 12), (0, 15), (1, 11), (1, 15)): 4.039914353815699e-05
((0, 4), (0, 7), (0, 12), (1, 7), (1, 11)): 4.039914353815699e-05
((0, 2), (0, 12), (1, 4), (1, 10)): 4.039914353815699e-05
((0, 2), (0, 3), (0, 3), (0, 3), (0, 10), (1, 9)): 4.039914353815699e-05
((0, 11), (1, 1), (1, 5), (1, 5), (1, 10)): 4.039914353815699e-05
((0, 12), (0, 15), (1, 14)): 4.039914353815699e-05
((0, 0), (0, 3), (0, 9), (1, 1), (1, 3), (1, 6)): 4.039914353815699e-05
((0, 9), (0, 11), (0, 15), (1, 15)): 4.039914353815699e-05
((0, 4), (0, 5), (0, 10), (1, 3), (1, 4), (1, 10)): 4.039914353815699e-05
((0, 5), (1, 1), (1, 1), (1, 5)): 4.039914353815699e-05
((0, 2), (0, 15), (1, 1), (1, 8), (1, 15)): 4.039914353815699e-05
((0, 0), (0, 2), (0, 2), (0, 9), (1, 2), (1, 9)): 4.039914353815699e-05
((0, 12), (1, 2), (1, 6)): 4.039914353815699e-05
((0, 5), (0, 6), (0, 6), (0, 12), (1, 10)): 4.039914353815699e-05
((0, 4), (0, 7), (1, 10)): 4.039914353815699e-05
((0, 6), (0, 11), (1, 2), (1, 6), (1, 11)): 4.039914353815699e-05
((0, 0), (0, 11), (1, 1), (1, 3), (1, 9)): 4.039914353815699e-05
((0, 0), (0, 9), (1, 2), (1, 7)): 4.039914353815699e-05
((0, 10), (1, 1), (1, 2), (1, 2), (1, 3), (1, 8)): 4.039914353815699e-05
((0, 8), (0, 8), (0, 13), (1, 14)): 4.039914353815699e-05
((0, 2), (0, 3), (0, 9), (1, 3)): 4.039914353815699e-05
((0, 3), (0, 9), (1, 7)): 4.039914353815699e-05
((0, 1), (0, 9)): 4.039914353815699e-05
((0, 1), (0, 1), (0, 10), (1, 8)): 4.039914353815699e-05
((0, 0), (0, 4), (0, 7), (1, 9)): 4.039914353815699e-05
((0, 15), (1, 6), (1, 13)): 4.039914353815699e-05
((0, 7), (1, 5), (1, 13)): 4.039914353815699e-05
((0, 1), (0, 3), (0, 10), (1, 3), (1, 9)): 4.039914353815699e-05
((0, 1), (0, 8), (0, 15), (1, 8), (1, 14)): 4.039914353815699e-05
((0, 13), (1, 2), (1, 8), (1, 13)): 4.039914353815699e-05
((0, 4), (0, 14), (1, 6), (1, 11)): 4.039914353815699e-05
((0, 5), (1, 10), (1, 15)): 4.039914353815699e-05
((0, 0), (0, 8), (0, 9), (0, 13), (1, 7), (1, 14), (1, 15)): 4.039914353815699e-05
((0, 9), (0, 9), (1, 13)): 4.039914353815699e-05
((0, 4), (0, 4), (0, 14), (1, 4), (1, 7), (1, 12)): 4.039914353815699e-05
((0, 6), (0, 6), (0, 13), (1, 13)): 4.039914353815699e-05
((0, 5), (0, 7), (1, 4), (1, 9)): 4.039914353815699e-05
((0, 7), (0, 14), (1, 6)): 4.039914353815699e-05
((1, 0), (1, 5), (1, 8)): 4.039914353815699e-05
((0, 7), (0, 11), (1, 0), (1, 1), (1, 5), (1, 6), (1, 11)): 4.039914353815699e-05
((0, 12), (1, 4), (1, 4), (1, 5), (1, 11)): 4.039914353815699e-05
((0, 1), (0, 4), (0, 11), (1, 9)): 4.039914353815699e-05
((0, 9), (1, 0), (1, 2), (1, 9)): 4.039914353815699e-05
((0, 6), (0, 9), (0, 14), (1, 13)): 4.039914353815699e-05
((0, 7), (1, 1), (1, 10)): 4.039914353815699e-05
((0, 3), (1, 1), (1, 4), (1, 8)): 4.039914353815699e-05
((0, 3), (0, 8), (1, 2), (1, 2), (1, 8)): 4.039914353815699e-05
((0, 5), (0, 6), (0, 11), (1, 15)): 4.039914353815699e-05
((0, 7), (0, 12), (1, 5), (1, 6), (1, 11)): 4.039914353815699e-05
((0, 3), (0, 3), (0, 8), (1, 1), (1, 8)): 4.039914353815699e-05
((0, 4), (0, 5), (0, 5), (0, 10), (1, 10)): 4.039914353815699e-05
((0, 12), (1, 4), (1, 4), (1, 5), (1, 5), (1, 11)): 4.039914353815699e-05
((0, 5), (0, 11), (1, 5), (1, 11), (1, 15)): 4.039914353815699e-05
((0, 3), (0, 5), (0, 11), (1, 3), (1, 4), (1, 5), (1, 11)): 4.039914353815699e-05
((0, 6), (0, 14), (1, 4), (1, 7), (1, 12)): 4.039914353815699e-05
((0, 4), (0, 6), (1, 0), (1, 4), (1, 8)): 4.039914353815699e-05
((0, 0), (0, 8), (1, 1), (1, 2), (1, 7)): 4.039914353815699e-05
((0, 6), (1, 0), (1, 0), (1, 0), (1, 5)): 4.039914353815699e-05
((0, 2), (0, 14), (1, 10)): 4.039914353815699e-05
((0, 3), (0, 12)): 4.039914353815699e-05
((0, 11), (1, 2), (1, 5), (1, 6), (1, 10)): 4.039914353815699e-05
((0, 0), (0, 9), (1, 8), (1, 13)): 4.039914353815699e-05
((0, 10), (1, 4), (1, 15)): 4.039914353815699e-05
((1, 2), (1, 7), (1, 7)): 4.039914353815699e-05
((0, 2), (0, 2), (0, 7), (0, 9), (1, 8), (1, 13)): 4.039914353815699e-05
((0, 5), (0, 11), (1, 0), (1, 7), (1, 11)): 4.039914353815699e-05
((0, 4), (0, 8), (1, 2), (1, 7)): 4.039914353815699e-05
((0, 11), (1, 4), (1, 6), (1, 6), (1, 11)): 4.039914353815699e-05
((0, 11), (1, 1), (1, 9)): 4.039914353815699e-05
((0, 0), (0, 9), (1, 6)): 4.039914353815699e-05
((0, 2), (0, 11), (1, 3), (1, 3), (1, 9)): 4.039914353815699e-05
((0, 4), (0, 13), (1, 6), (1, 12)): 4.039914353815699e-05
((0, 5), (0, 15), (1, 10)): 4.039914353815699e-05
((0, 6), (0, 10), (1, 9)): 4.039914353815699e-05
((1, 2), (1, 4), (1, 9)): 4.039914353815699e-05
((0, 4), (0, 5), (0, 11), (1, 3), (1, 11)): 4.039914353815699e-05
((0, 4), (0, 4), (0, 15), (1, 10), (1, 15)): 4.039914353815699e-05
((0, 1), (0, 9), (1, 3), (1, 3), (1, 8)): 4.039914353815699e-05
((0, 2), (0, 11), (1, 3), (1, 4), (1, 9)): 4.039914353815699e-05
((0, 12), (1, 3), (1, 6), (1, 10)): 4.039914353815699e-05
((0, 6), (0, 14), (1, 4)): 4.039914353815699e-05
((0, 4), (0, 13), (1, 3), (1, 10)): 4.039914353815699e-05
((0, 0), (0, 5), (0, 11), (1, 10)): 4.039914353815699e-05
((0, 4), (0, 12), (1, 8)): 4.039914353815699e-05
((0, 0), (0, 6), (0, 8), (0, 14), (1, 7), (1, 14)): 4.039914353815699e-05
((0, 0), (0, 13), (1, 6), (1, 7), (1, 14)): 4.039914353815699e-05
((0, 5), (0, 12), (1, 4), (1, 7), (1, 11)): 4.039914353815699e-05
((0, 13), (1, 11), (1, 14)): 4.039914353815699e-05
((1, 3), (1, 3), (1, 5), (1, 10)): 4.039914353815699e-05
((0, 9), (0, 9), (0, 15), (1, 14)): 4.039914353815699e-05
((0, 7), (1, 0), (1, 7), (1, 14)): 4.039914353815699e-05
((0, 6), (0, 6), (0, 7), (0, 12), (1, 0), (1, 6), (1, 12)): 4.039914353815699e-05
((0, 4), (0, 13), (1, 2), (1, 3), (1, 3), (1, 10)): 4.039914353815699e-05
((0, 2), (0, 3), (1, 2), (1, 7)): 4.039914353815699e-05
((0, 4), (0, 12), (1, 3), (1, 9)): 4.039914353815699e-05
((1, 0), (1, 1), (1, 9)): 4.039914353815699e-05
((0, 0), (0, 1), (1, 7)): 4.039914353815699e-05
((0, 1), (0, 3), (0, 3), (0, 9), (1, 0), (1, 7)): 4.039914353815699e-05
((0, 9), (1, 0), (1, 2), (1, 3), (1, 8)): 4.039914353815699e-05
((0, 10), (1, 8), (1, 15)): 4.039914353815699e-05
((0, 11), (1, 3), (1, 6), (1, 11)): 4.039914353815699e-05
((0, 10), (0, 15), (1, 5), (1, 10), (1, 15)): 4.039914353815699e-05
((0, 15), (1, 6), (1, 12)): 4.039914353815699e-05
((0, 5), (0, 12), (1, 3), (1, 4), (1, 4), (1, 10)): 4.039914353815699e-05
((0, 3), (0, 10), (1, 4), (1, 5), (1, 10)): 4.039914353815699e-05
((0, 6), (0, 11), (1, 5), (1, 6), (1, 10)): 4.039914353815699e-05
((0, 1), (0, 8), (0, 15), (1, 7), (1, 13)): 4.039914353815699e-05
((0, 8), (0, 9), (0, 14), (1, 7), (1, 13)): 4.039914353815699e-05
((0, 3), (0, 14), (1, 4), (1, 4), (1, 12)): 4.039914353815699e-05
((0, 5), (0, 14), (1, 5), (1, 5)): 4.039914353815699e-05
((0, 1), (0, 1), (0, 2), (0, 8), (1, 1), (1, 8)): 4.039914353815699e-05
((0, 5), (0, 14), (1, 4), (1, 12)): 4.039914353815699e-05
((0, 7), (0, 15), (1, 8), (1, 14)): 4.039914353815699e-05
((0, 5), (0, 10), (1, 4), (1, 4), (1, 10)): 4.039914353815699e-05
((0, 7), (1, 0), (1, 1), (1, 5)): 4.039914353815699e-05
((0, 13), (1, 3), (1, 12)): 4.039914353815699e-05
((0, 10), (1, 0), (1, 5), (1, 11)): 4.039914353815699e-05
((0, 3), (0, 4), (1, 11)): 4.039914353815699e-05
((0, 4), (1, 5), (1, 12)): 4.039914353815699e-05
((0, 1), (0, 3), (1, 4), (1, 7)): 4.039914353815699e-05
((0, 12), (1, 5), (1, 7), (1, 12)): 4.039914353815699e-05
((0, 1), (0, 5), (1, 2), (1, 3), (1, 3), (1, 7)): 4.039914353815699e-05
((0, 2), (0, 9), (0, 13), (1, 13)): 4.039914353815699e-05
((0, 6), (1, 12), (1, 15)): 4.039914353815699e-05
((0, 5), (0, 11), (1, 5), (1, 13)): 4.039914353815699e-05
((0, 4), (0, 10), (1, 1), (1, 9)): 4.039914353815699e-05
((1, 3), (1, 4), (1, 4), (1, 8)): 4.039914353815699e-05
((0, 2), (0, 10), (1, 11)): 4.039914353815699e-05
((0, 2), (0, 2), (0, 10), (1, 1), (1, 10)): 4.039914353815699e-05
((0, 10), (1, 3), (1, 5)): 4.039914353815699e-05
((0, 4), (0, 5), (0, 9), (1, 5), (1, 11)): 4.039914353815699e-05
((0, 2), (0, 2), (0, 11), (1, 10)): 4.039914353815699e-05
((0, 2), (0, 7), (1, 2), (1, 9)): 4.039914353815699e-05
((0, 0), (0, 12), (1, 4), (1, 5), (1, 12)): 4.039914353815699e-05
((0, 1), (0, 6), (0, 14), (1, 0), (1, 6)): 4.039914353815699e-05
((0, 4), (0, 6), (0, 14), (1, 11)): 4.039914353815699e-05
((0, 3), (0, 9), (1, 2), (1, 3), (1, 8)): 4.039914353815699e-05
((0, 5), (0, 5), (0, 12), (1, 5), (1, 11)): 4.039914353815699e-05
((0, 1), (0, 10), (1, 1), (1, 7)): 4.039914353815699e-05
((0, 1), (0, 1), (0, 6), (0, 12), (1, 0), (1, 6), (1, 11)): 4.039914353815699e-05
((0, 10), (1, 4), (1, 5)): 4.039914353815699e-05
((0, 2), (0, 4), (0, 5), (0, 5), (0, 10), (1, 10)): 4.039914353815699e-05
((0, 3), (0, 3), (0, 8), (1, 9)): 4.039914353815699e-05
((0, 3), (0, 3), (0, 5), (0, 13), (1, 4), (1, 10)): 4.039914353815699e-05
((0, 3), (0, 4), (0, 10), (1, 2), (1, 4), (1, 5), (1, 8)): 4.039914353815699e-05
((0, 7), (1, 10), (1, 15)): 4.039914353815699e-05
((0, 0), (0, 2), (0, 3), (0, 4), (0, 10), (1, 9)): 4.039914353815699e-05
((0, 4), (0, 10), (1, 2), (1, 3), (1, 4), (1, 10)): 4.039914353815699e-05
((0, 7), (1, 3), (1, 11)): 4.039914353815699e-05
((0, 10), (1, 4), (1, 11), (1, 15)): 4.039914353815699e-05
((0, 6), (1, 2), (1, 7)): 4.039914353815699e-05
((0, 13), (0, 15), (1, 14)): 4.039914353815699e-05
((0, 2), (0, 12), (1, 1), (1, 3), (1, 4), (1, 10)): 4.039914353815699e-05
((1, 4), (1, 4), (1, 11)): 4.039914353815699e-05
((0, 8), (0, 13), (1, 9), (1, 13)): 4.039914353815699e-05
((0, 0), (0, 9), (1, 0), (1, 3), (1, 8)): 4.039914353815699e-05
((0, 2), (0, 9), (1, 2), (1, 6)): 4.039914353815699e-05
((0, 8), (0, 13), (0, 15), (1, 12), (1, 15)): 4.039914353815699e-05
((0, 2), (0, 3)): 4.039914353815699e-05
((0, 10), (0, 13), (1, 13)): 4.039914353815699e-05
((0, 9), (1, 2), (1, 2), (1, 6)): 4.039914353815699e-05
((0, 1), (0, 9), (1, 1), (1, 3), (1, 8)): 4.039914353815699e-05
((0, 12), (1, 3), (1, 4), (1, 9)): 4.039914353815699e-05
((0, 2), (0, 4), (0, 14), (1, 10)): 4.039914353815699e-05
((0, 3), (0, 11), (1, 7)): 4.039914353815699e-05
((0, 1), (0, 2), (0, 6), (1, 6)): 4.039914353815699e-05
((0, 3), (0, 4), (0, 10), (1, 3), (1, 7)): 4.039914353815699e-05
((0, 7), (1, 0), (1, 0), (1, 4)): 4.039914353815699e-05
((0, 10), (1, 3), (1, 5), (1, 6), (1, 9)): 4.039914353815699e-05
((0, 7), (0, 7), (0, 12)): 4.039914353815699e-05
((0, 2), (0, 4), (0, 10), (1, 3), (1, 8)): 4.039914353815699e-05
((0, 2), (0, 3), (0, 4), (0, 10), (1, 10)): 4.039914353815699e-05
((0, 9), (0, 15), (1, 9)): 4.039914353815699e-05
((0, 0), (0, 0), (0, 6), (1, 0), (1, 6)): 4.039914353815699e-05
((0, 13), (1, 1), (1, 3)): 4.039914353815699e-05
((0, 7), (1, 0), (1, 0), (1, 1), (1, 6)): 4.039914353815699e-05
((0, 7), (0, 9), (0, 15), (1, 14)): 4.039914353815699e-05
((0, 5), (0, 12), (1, 12), (1, 15)): 4.039914353815699e-05
((1, 9), (1, 9), (1, 15)): 4.039914353815699e-05
((0, 5), (0, 9), (0, 15), (1, 3), (1, 9), (1, 13)): 4.039914353815699e-05
((0, 4), (0, 14), (1, 3), (1, 9)): 4.039914353815699e-05
((0, 9), (1, 1), (1, 9), (1, 15)): 4.039914353815699e-05
((0, 3), (0, 3), (0, 9), (1, 2), (1, 4), (1, 8)): 4.039914353815699e-05
((0, 7), (1, 12), (1, 15)): 4.039914353815699e-05
((0, 1), (0, 4), (0, 5), (0, 12), (1, 11)): 4.039914353815699e-05
((0, 7), (1, 0), (1, 2), (1, 5)): 4.039914353815699e-05
((0, 11), (1, 4), (1, 5), (1, 12)): 4.039914353815699e-05
((0, 3), (0, 11), (0, 13), (1, 0), (1, 4), (1, 9)): 4.039914353815699e-05
((1, 4), (1, 8), (1, 15)): 4.039914353815699e-05
((0, 10), (1, 5), (1, 9), (1, 15)): 4.039914353815699e-05
((0, 2), (0, 4), (1, 2), (1, 3), (1, 8)): 4.039914353815699e-05
((0, 0), (0, 3), (0, 6), (0, 11), (1, 1), (1, 5), (1, 9)): 4.039914353815699e-05
((0, 9), (0, 10), (1, 14)): 4.039914353815699e-05
((0, 7), (1, 1), (1, 2)): 4.039914353815699e-05
((0, 9), (0, 13), (1, 12)): 4.039914353815699e-05
((0, 0), (0, 6), (1, 1), (1, 1), (1, 8)): 4.039914353815699e-05
((0, 9), (1, 0), (1, 5), (1, 8)): 4.039914353815699e-05
((0, 3), (0, 5), (0, 9), (1, 0), (1, 4), (1, 8)): 4.039914353815699e-05
((0, 13), (1, 2), (1, 9)): 4.039914353815699e-05
((0, 9), (1, 4), (1, 5), (1, 8)): 4.039914353815699e-05
((0, 2), (0, 3), (0, 4), (0, 9), (1, 2), (1, 10)): 4.039914353815699e-05
((0, 4), (0, 11), (1, 5), (1, 6), (1, 11)): 4.039914353815699e-05
((0, 5), (0, 8), (0, 15), (1, 12)): 4.039914353815699e-05
((0, 1), (0, 8), (1, 0), (1, 2), (1, 2), (1, 8), (1, 13)): 4.039914353815699e-05
((0, 4), (0, 9), (1, 0), (1, 2), (1, 8)): 4.039914353815699e-05
((0, 3), (0, 10), (1, 4), (1, 5), (1, 5), (1, 9)): 4.039914353815699e-05
((0, 9), (0, 9), (1, 1), (1, 2), (1, 9)): 4.039914353815699e-05
((0, 7), (0, 14), (1, 8)): 4.039914353815699e-05
((0, 3), (0, 12), (1, 5), (1, 6), (1, 9), (1, 15)): 4.039914353815699e-05
((0, 4), (0, 5), (1, 0), (1, 6), (1, 10)): 4.039914353815699e-05
((0, 1), (0, 2), (0, 4), (0, 5), (0, 11), (1, 9)): 4.039914353815699e-05
((0, 15), (1, 9), (1, 9), (1, 14)): 4.039914353815699e-05
((0, 8), (1, 9), (1, 12)): 4.039914353815699e-05
((0, 4), (0, 12), (1, 2), (1, 4)): 4.039914353815699e-05
((1, 2), (1, 2), (1, 6)): 4.039914353815699e-05
((0, 6), (0, 6), (0, 8), (0, 13), (1, 13)): 4.039914353815699e-05
((0, 0), (0, 1), (0, 9), (0, 11), (1, 9)): 4.039914353815699e-05
((0, 4), (0, 10), (1, 3), (1, 5)): 4.039914353815699e-05
((0, 5), (0, 8), (0, 13), (1, 14)): 4.039914353815699e-05
((0, 0), (0, 2), (0, 7), (1, 3), (1, 9)): 4.039914353815699e-05
((0, 0), (0, 1), (0, 5), (0, 11), (1, 5), (1, 6), (1, 11)): 4.039914353815699e-05
((0, 5), (0, 10), (1, 3), (1, 5), (1, 10)): 4.039914353815699e-05
((0, 5), (0, 14), (1, 4), (1, 12), (1, 13)): 4.039914353815699e-05
((0, 3), (0, 3), (0, 11), (1, 4), (1, 9)): 4.039914353815699e-05
((1, 9), (1, 10), (1, 10), (1, 15)): 4.039914353815699e-05
((0, 0), (0, 2), (0, 15), (1, 3), (1, 7), (1, 14)): 4.039914353815699e-05
((1, 5), (1, 5), (1, 9)): 4.039914353815699e-05
((0, 0), (0, 0), (0, 7), (1, 7), (1, 13), (1, 15)): 4.039914353815699e-05
((0, 3), (0, 3), (0, 4), (0, 11), (1, 11)): 4.039914353815699e-05
((0, 0), (0, 2), (0, 8), (1, 7), (1, 15)): 4.039914353815699e-05
((0, 0), (0, 4), (0, 5), (0, 9), (1, 3), (1, 4), (1, 8)): 4.039914353815699e-05
((0, 2), (0, 10), (1, 3), (1, 3), (1, 10)): 4.039914353815699e-05
((0, 9), (1, 5), (1, 12)): 4.039914353815699e-05
((0, 8), (1, 0), (1, 4), (1, 8)): 4.039914353815699e-05
((0, 0), (0, 8), (1, 0), (1, 1), (1, 1), (1, 7)): 4.039914353815699e-05
((0, 0), (0, 1), (0, 7), (1, 0), (1, 7)): 4.039914353815699e-05
((0, 1), (0, 1), (0, 10), (1, 0), (1, 6)): 4.039914353815699e-05
((0, 7), (1, 1), (1, 1), (1, 2), (1, 7)): 4.039914353815699e-05
((0, 6), (0, 15)): 4.039914353815699e-05
((0, 3), (0, 6), (0, 9), (0, 14), (1, 12)): 4.039914353815699e-05
((0, 3), (0, 11), (1, 4), (1, 5)): 4.039914353815699e-05
((0, 4), (0, 10), (1, 14)): 4.039914353815699e-05
((0, 0), (0, 9), (0, 10), (1, 7), (1, 8)): 4.039914353815699e-05
((0, 4), (0, 4), (0, 10), (1, 6), (1, 10)): 4.039914353815699e-05
((0, 2), (0, 9), (1, 3), (1, 3), (1, 7)): 4.039914353815699e-05
((0, 2), (0, 5), (0, 11), (1, 2), (1, 4), (1, 11)): 4.039914353815699e-05
((0, 7), (1, 0), (1, 0), (1, 2), (1, 7)): 4.039914353815699e-05
((0, 4), (0, 7), (0, 12), (1, 7), (1, 12)): 4.039914353815699e-05
((0, 6), (0, 11), (1, 4), (1, 8), (1, 10)): 4.039914353815699e-05
((0, 1), (0, 3), (0, 10), (1, 4), (1, 9)): 4.039914353815699e-05
((0, 3), (0, 4), (0, 12), (1, 5), (1, 11)): 4.039914353815699e-05
((0, 4), (0, 6), (1, 4), (1, 11)): 4.039914353815699e-05
((0, 4), (0, 9), (1, 0), (1, 0), (1, 3), (1, 4), (1, 9)): 4.039914353815699e-05
((0, 12), (1, 4), (1, 14)): 4.039914353815699e-05
((0, 3), (0, 4), (0, 11), (1, 12)): 4.039914353815699e-05
((0, 1), (0, 2), (0, 2), (0, 9), (1, 9)): 4.039914353815699e-05
((0, 10), (0, 13), (1, 8), (1, 14)): 4.039914353815699e-05
((0, 13), (1, 10), (1, 15)): 4.039914353815699e-05
((0, 2), (0, 3), (0, 9), (1, 1), (1, 9)): 4.039914353815699e-05
((0, 3), (0, 8), (0, 13), (1, 14)): 4.039914353815699e-05
((0, 1), (0, 2), (0, 3), (0, 9), (1, 2), (1, 8)): 4.039914353815699e-05
((0, 4), (0, 4), (0, 10), (1, 11), (1, 15)): 4.039914353815699e-05
((0, 11), (1, 2), (1, 3), (1, 8)): 4.039914353815699e-05
((0, 8), (0, 13), (1, 6), (1, 12)): 4.039914353815699e-05
((0, 3), (0, 11), (1, 0), (1, 2), (1, 3), (1, 7)): 4.039914353815699e-05
((0, 4), (1, 7)): 4.039914353815699e-05
((0, 2), (0, 6), (1, 1), (1, 6)): 4.039914353815699e-05
((0, 6), (1, 5), (1, 10)): 4.039914353815699e-05
((0, 8), (1, 0), (1, 1), (1, 2), (1, 3), (1, 8)): 4.039914353815699e-05
((0, 7), (0, 8), (0, 9), (1, 7), (1, 15)): 4.039914353815699e-05
((0, 3), (0, 14), (1, 11)): 4.039914353815699e-05
((1, 4), (1, 10), (1, 12)): 4.039914353815699e-05
((0, 5), (0, 10), (1, 4), (1, 4), (1, 11)): 4.039914353815699e-05
((0, 5), (0, 5), (0, 12), (1, 5), (1, 12)): 4.039914353815699e-05
((0, 0), (0, 7), (1, 3), (1, 7)): 4.039914353815699e-05
((0, 10), (1, 0), (1, 6), (1, 12)): 4.039914353815699e-05
((0, 0), (0, 2), (0, 5), (1, 2), (1, 6)): 4.039914353815699e-05
((0, 10), (1, 3), (1, 3), (1, 4), (1, 10), (1, 15)): 4.039914353815699e-05
((0, 5), (0, 11), (1, 1), (1, 9)): 4.039914353815699e-05
((0, 11), (1, 4), (1, 4), (1, 4), (1, 10)): 4.039914353815699e-05
((0, 12), (1, 8), (1, 14)): 4.039914353815699e-05
((0, 3), (0, 4), (1, 3), (1, 11)): 4.039914353815699e-05
((0, 1), (0, 10), (0, 13), (1, 2), (1, 8), (1, 12)): 4.039914353815699e-05
((0, 1), (0, 2), (0, 3), (1, 8)): 4.039914353815699e-05
((0, 11), (1, 4), (1, 5), (1, 5), (1, 11)): 4.039914353815699e-05
((0, 10), (1, 0), (1, 1), (1, 2), (1, 2), (1, 8)): 4.039914353815699e-05
((0, 2), (0, 8), (1, 3), (1, 6)): 4.039914353815699e-05
((0, 3), (0, 13), (1, 4), (1, 13)): 4.039914353815699e-05
((0, 2), (0, 7), (1, 8), (1, 11)): 4.039914353815699e-05
((0, 1), (0, 7), (0, 11), (1, 0), (1, 5), (1, 11)): 4.039914353815699e-05
((0, 1), (0, 8), (1, 1), (1, 5)): 4.039914353815699e-05
((0, 2), (0, 10), (1, 4), (1, 4), (1, 7)): 4.039914353815699e-05
((0, 0), (0, 7), (0, 13), (1, 5), (1, 12)): 4.039914353815699e-05
((0, 10), (1, 2), (1, 2)): 4.039914353815699e-05
((0, 8), (1, 0), (1, 3), (1, 7)): 4.039914353815699e-05
((0, 3), (0, 4), (0, 13), (1, 10)): 4.039914353815699e-05
((0, 4), (0, 4), (0, 12), (1, 5), (1, 11)): 4.039914353815699e-05
((0, 5), (0, 11), (1, 0), (1, 4), (1, 10)): 4.039914353815699e-05
((0, 2), (0, 3), (0, 9), (0, 14), (1, 7), (1, 14)): 4.039914353815699e-05
((0, 4), (0, 4), (0, 11), (0, 15), (1, 9)): 4.039914353815699e-05
((0, 7), (1, 8), (1, 14)): 4.039914353815699e-05
((1, 9), (1, 10), (1, 15)): 4.039914353815699e-05
((0, 4), (0, 10), (1, 2), (1, 3), (1, 9)): 4.039914353815699e-05
((0, 5), (0, 5), (0, 10), (1, 4), (1, 10)): 4.039914353815699e-05
((0, 1), (0, 4), (0, 10)): 4.039914353815699e-05
((0, 1), (0, 10), (0, 12), (1, 10)): 4.039914353815699e-05
((0, 2), (0, 10), (1, 4)): 4.039914353815699e-05
((0, 3), (0, 15), (1, 12)): 4.039914353815699e-05
((0, 8), (0, 15), (1, 9), (1, 13)): 4.039914353815699e-05
((0, 9), (1, 2), (1, 2)): 4.039914353815699e-05
((0, 2), (0, 11), (1, 3), (1, 4), (1, 10)): 4.039914353815699e-05
((0, 1), (0, 1), (0, 8), (1, 0), (1, 7)): 4.039914353815699e-05
((0, 4), (0, 11), (1, 4), (1, 5), (1, 11), (1, 15)): 4.039914353815699e-05
((0, 1), (0, 1), (0, 2), (0, 4), (0, 8), (1, 8)): 4.039914353815699e-05
((0, 11), (1, 1), (1, 1), (1, 2), (1, 10)): 4.039914353815699e-05
((0, 0), (0, 1), (0, 1), (0, 2), (0, 7), (1, 2), (1, 7)): 4.039914353815699e-05
((0, 1), (0, 1), (0, 3), (0, 9), (1, 7)): 4.039914353815699e-05
((0, 1), (0, 8), (1, 1), (1, 2), (1, 9)): 4.039914353815699e-05
((0, 8), (0, 12), (1, 7), (1, 11)): 4.039914353815699e-05
((0, 1), (0, 2), (0, 3), (0, 6), (1, 7), (1, 13)): 4.039914353815699e-05
((0, 7), (0, 12), (1, 0), (1, 6)): 4.039914353815699e-05
((0, 1), (0, 7), (1, 3), (1, 6)): 4.039914353815699e-05
((0, 9), (0, 9), (1, 14)): 4.039914353815699e-05
((0, 1), (0, 1), (0, 7), (1, 1), (1, 6)): 4.039914353815699e-05
((0, 0), (0, 13), (1, 7), (1, 13)): 4.039914353815699e-05
((0, 3), (0, 5), (0, 12), (1, 10)): 4.039914353815699e-05
((0, 13), (1, 6), (1, 8), (1, 14)): 4.039914353815699e-05
((0, 3), (0, 7), (0, 14), (1, 12)): 4.039914353815699e-05
((0, 4), (0, 8), (1, 2), (1, 3), (1, 7)): 4.039914353815699e-05
((0, 9), (1, 3), (1, 9), (1, 10), (1, 15)): 4.039914353815699e-05
((0, 5), (0, 13), (1, 5), (1, 12)): 4.039914353815699e-05
((0, 1), (0, 2), (0, 2), (0, 2), (0, 7), (1, 0), (1, 7)): 4.039914353815699e-05
((0, 1), (0, 3), (0, 6), (1, 3), (1, 7)): 4.039914353815699e-05
((0, 11), (1, 3), (1, 3), (1, 12)): 4.039914353815699e-05
((0, 1), (0, 9), (1, 2), (1, 3), (1, 3), (1, 3), (1, 9)): 4.039914353815699e-05
((0, 4), (0, 12), (1, 3), (1, 12)): 4.039914353815699e-05
((0, 4), (0, 14), (1, 8), (1, 12)): 4.039914353815699e-05
((0, 4), (1, 3), (1, 7)): 4.039914353815699e-05
((0, 1), (0, 1), (0, 6), (0, 12), (1, 6), (1, 12)): 4.039914353815699e-05
((0, 7), (1, 6), (1, 14)): 4.039914353815699e-05
((0, 3), (0, 4), (1, 4), (1, 4), (1, 10)): 4.039914353815699e-05
((0, 3), (0, 10), (1, 1), (1, 2), (1, 10)): 4.039914353815699e-05
((0, 6), (1, 0), (1, 1), (1, 2), (1, 2), (1, 6)): 4.039914353815699e-05
((0, 4), (0, 4), (0, 13), (1, 5), (1, 10)): 4.039914353815699e-05
((0, 5), (0, 14), (1, 5), (1, 11)): 4.039914353815699e-05
((0, 4), (0, 10), (1, 2), (1, 3), (1, 3), (1, 10)): 4.039914353815699e-05
((0, 2), (0, 3), (0, 10), (1, 3), (1, 3), (1, 8)): 4.039914353815699e-05
((0, 7), (0, 11), (1, 5), (1, 6), (1, 11)): 4.039914353815699e-05
((0, 5), (0, 5), (0, 10), (1, 3), (1, 9)): 4.039914353815699e-05
((0, 3), (0, 10), (1, 2), (1, 2), (1, 9)): 4.039914353815699e-05
((0, 3), (0, 9), (1, 2), (1, 2), (1, 9)): 4.039914353815699e-05
((0, 1), (0, 2), (0, 9), (1, 3), (1, 3), (1, 8)): 4.039914353815699e-05
((0, 15), (1, 12), (1, 15)): 4.039914353815699e-05
((0, 2), (0, 9), (1, 2), (1, 3), (1, 8)): 4.039914353815699e-05
((0, 2), (0, 2), (0, 3), (0, 4), (0, 10), (1, 9)): 4.039914353815699e-05
((0, 2), (0, 6), (0, 15), (1, 3), (1, 9), (1, 14)): 4.039914353815699e-05
((0, 3), (0, 3), (0, 4), (0, 12), (1, 10)): 4.039914353815699e-05
((0, 5), (0, 5), (0, 12), (1, 7), (1, 11)): 4.039914353815699e-05
((0, 4), (0, 11), (0, 15), (1, 12)): 4.039914353815699e-05
((1, 10), (1, 11), (1, 15)): 4.039914353815699e-05
((0, 2), (0, 6), (1, 5)): 4.039914353815699e-05
((0, 9), (0, 15), (1, 4), (1, 9)): 4.039914353815699e-05
((0, 2), (0, 2), (0, 7), (1, 0), (1, 7)): 4.039914353815699e-05
((0, 0), (0, 9), (1, 0), (1, 8)): 4.039914353815699e-05
((0, 3), (0, 4), (0, 5), (0, 10), (1, 11)): 4.039914353815699e-05
((0, 11), (1, 1), (1, 1), (1, 8)): 4.039914353815699e-05
((0, 1), (0, 4), (0, 11), (1, 2), (1, 9)): 4.039914353815699e-05
((0, 9), (1, 0), (1, 0), (1, 1), (1, 9)): 4.039914353815699e-05
((0, 1), (0, 6), (0, 7), (0, 11), (1, 1), (1, 4), (1, 6)): 4.039914353815699e-05
((0, 3), (0, 4), (0, 7), (1, 10)): 4.039914353815699e-05
((0, 14), (1, 7), (1, 7), (1, 13)): 4.039914353815699e-05
((0, 0), (0, 9), (0, 15), (1, 8), (1, 15)): 4.039914353815699e-05
((0, 6), (0, 13), (1, 6), (1, 8)): 4.039914353815699e-05
((0, 1), (0, 9), (1, 0), (1, 2), (1, 8)): 4.039914353815699e-05
((0, 6), (1, 0), (1, 2), (1, 5)): 4.039914353815699e-05
((0, 0), (0, 7), (1, 1), (1, 5)): 4.039914353815699e-05
((0, 0), (0, 1), (0, 3), (0, 4), (0, 8), (1, 2), (1, 8)): 4.039914353815699e-05
((1, 1), (1, 2), (1, 8)): 4.039914353815699e-05
((1, 2), (1, 2), (1, 9)): 4.039914353815699e-05
((0, 2), (0, 11), (1, 2), (1, 8)): 4.039914353815699e-05
((0, 5), (1, 0), (1, 7)): 4.039914353815699e-05
((1, 2), (1, 9), (1, 9), (1, 14)): 4.039914353815699e-05
((0, 9), (0, 10), (0, 14), (1, 15)): 4.039914353815699e-05
((0, 3), (0, 3), (0, 4), (0, 11), (1, 3), (1, 8)): 4.039914353815699e-05
((0, 1), (1, 2), (1, 7)): 4.039914353815699e-05
((0, 4), (0, 9), (1, 2), (1, 7)): 4.039914353815699e-05
((0, 9), (1, 2), (1, 11)): 4.039914353815699e-05
((0, 3), (0, 8), (1, 2), (1, 10)): 4.039914353815699e-05
((0, 3), (0, 4), (0, 9), (1, 2), (1, 8), (1, 13)): 4.039914353815699e-05
((0, 3), (0, 5), (1, 8), (1, 13)): 4.039914353815699e-05
((0, 3), (0, 11), (1, 2), (1, 2), (1, 9)): 4.039914353815699e-05
((0, 1), (0, 6), (1, 2), (1, 5)): 4.039914353815699e-05
((0, 13), (1, 1), (1, 12)): 4.039914353815699e-05
((0, 6), (0, 11), (1, 2), (1, 7), (1, 11)): 4.039914353815699e-05
((0, 1), (0, 1), (0, 7), (1, 0), (1, 2), (1, 7)): 4.039914353815699e-05
((1, 2), (1, 4), (1, 6), (1, 10)): 4.039914353815699e-05
((0, 11), (1, 1), (1, 2), (1, 9)): 4.039914353815699e-05
