id,onoma,long,lat
1,ΓΥΜΝΑΣΙΟ ΒΑΡΘΟΛΟΜΙΟΥ ΜΟΥΣΙΚΟ,21.207899,37.860054
2,ΓΥΜΝΑΣΙΟ ΚΕΡΑΜΙΔΙΑΣ,21.46153,37.851509
3,ΔΗΜΟΤΙΚΟ ΣΧΟΛΕΙΟ ΔΑΦΝΗΣ ΚΑΛΑΒΡΥΤΩΝ,,
4,ΓΥΜΝΑΣΙΟ ΚΑΡΑΤΟΥΛΑ,21.537596,37.734251
5,ΔΗΜΟΤΙΚΟ ΣΧΟΛΕΙΟ ΜΥΤΙΚΑ,20.945659,38.66767
6,1ο ΓΥΜΝΑΣΙΟ ΠΥΡΓΟΥ,21.437116,37.675261
7,2ο ΓΥΜΝΑΣΙΟ ΠΥΡΓΟΥ,21.431099,37.673528
8,ΓΥΜΝΑΣΙΟ ΣΙΜΟΠΟΥΛΟΥ,21.572047,37.849805
9,ΓΥΜΝΑΣΙΟ ΑΝΔΡΑΒΙΔΑΣ,21.270202,37.90619
10,ΓΥΜΝΑΣΙΟ ΒΑΡΔΑΣ,21.365354,38.031541
11,ΓΥΜΝΑΣΙΟ ΛΕΧΑΙΝΩΝ,21.26249,37.937023
12,ΔΗΜΟΤΙΚΟ ΣΧΟΛΕΙΟ ΑΘΑΝΑΣΙΟΥ ΔΙΑΚΟΥ,22.176548,38.696141
13,1ο ΓΥΜΝΑΣΙΟ ΑΜΑΛΙΑΔΑΣ,21.352591,37.794212
14,ΓΥΜΝΑΣΙΟ ΤΡΑΓΑΝΟΥ ΗΛΕΙΑΣ,21.316525,37.896847
15,ΓΥΜΝΑΣΙΟ ΑΙΤΩΛΙΚΟΥ,21.319359,38.427731
16,2ο ΓΥΜΝΑΣΙΟ ΠΑΤΡΑΣ ΕΣΠΕΡΙΝΟ,,
17,ΑΡΣΑΚΕΙΟ ΓΥΜΑΣΙΟ ΠΑΤΡΑΣ,,
18,ΓΥΜΝΑΣΙΟ ΕΦΥΡΑΣ ΗΛΕΙΑΣ,21.518517,37.855628
19,ΓΥΜΝΑΣΙΟ ΔΙΑΚΟΠΤΟΥ,22.200553,38.188714
20,17ο ΓΥΜΝΑΣΙΟ ΠΑΤΡΑΣ,21.750349,38.231813
21,ΓΥΜΝΑΣΙΟ ΑΚΡΑΤΑΣ,22.315972,38.152904
22,ΓΥΜΝΑΣΙΟ ΚΑΤΩ ΑΧΑΙΑΣ,21.54315,38.142529
23,ΔΗΜΟΤΙΚΟ ΣΧΟΛΕΙΟ ΓΑΡΕΦΕΙΟΥ,22.045278,41.029712
24,21ο ΓΥΜΝΑΣΙΟ ΠΑΤΡΑΣ,21.746032,38.260709
25,ΓΥΜΝΑΣΙΟ ΧΑΛΑΝΔΡΙΤΣΑΣ,21.783951,38.107307
26,ΓΥΜΝΑΣΙΟ ΛΕΠΕΝΟΥΣ,21.291668,38.709161
27,ΓΥΜΝΑΣΙΟ ΜΥΡΤΙΑΣ ΣΚΟΥΡΟΧΩΡΙΟΥ,21.352724,37.711202
28,3ο ΓΥΜΝΑΣΙΟ ΠΥΡΓΟΥ,21.431547,37.666815
29,ΓΥΜΝΑΣΙΟ ΒΟΥΝΑΡΓΟΥ,21.411405,37.735016
30,1ο ΔΗΜΟΤΙΚΟ ΣΧΟΛΕΙΟ ΑΝΑΤΟΛΙΚΟΥ ΣΕΛΙΝΟΥ-ΡΟΔΟΒΑΝΙΟΥ,23.826771,35.322605
31,ΓΥΜΝΑΣΙΟ ΕΠΙΤΑΛΙΟΥ ΗΛΕΙΑΣ,21.496194,37.625588
32,ΓΥΜΝΑΣΙΟ ΛΑΚΚΟΠΕΤΡΑΣ,21.453844,38.167951
33,ΔΗΜΟΤΙΚΟ ΣΧΟΛΕΙΟ ΝΕΔΑΣ ΜΕΙΟΝΟΤΙΚΟ,,
34,ΓΥΜΝΑΣΙΟ ΒΡΑΧΝΕΙΚΩΝ ΠΑΤΡΑΣ,21.670538,38.16074
35,ΓΥΜΝΑΣΙΟ ΑΙΓΕΙΡΑΣ,22.351261,38.147115
36,ΓΥΜΝΑΣΙΟ ΟΒΡΥΑΣ ΠΑΤΡΑΣ,21.723058,38.18541
37,ΔΗΜΟΤΙΚΟ ΣΧΟΛΕΙΟ ΒΕΛΚΙΟΥ ΜΕΙΟΝΟΤΙΚΟ,,
38,ΓΥΜΝΑΣΙΟ ΣΑΓΕΙΚΩΝ ΑΧΑΙΑΣ,21.47192,38.105883
39,ΓΥΜΝΑΣΙΟ ΛΟΥΣΙΚΩΝ ΑΧΑΙΑΣ,21.594508,38.108892
40,ΓΥΜΝΑΣΙΟ ΡΙΟΥ,21.782765,38.300414
41,20ο ΓΥΜΝΑΣΙΟ ΠΑΤΡΑΣ,21.761915,38.221588
42,16ο ΓΥΜΝΑΣΙΟ ΠΑΤΡΑΣ,21.762157,38.273161
43,18ο ΓΥΜΝΑΣΙΟ ΠΑΤΡΑΣ,21.752168,38.224298
44,1ο ΓΥΜΝΑΣΙΟ ΠΑΡΑΛΙΑΣ ΠΑΤΡΑΣ,21.702631,38.197157
45,22ο ΓΥΜΝΑΣΙΟ ΠΑΤΡΑΣ,21.734605,38.225916
46,ΓΥΜΝΑΣΙΟ ΛΑΠΠΑ ΑΧΑΙΑΣ,21.402308,38.126268
47,ΓΥΜΝΑΣΙΟ ΑΓ ΒΑΣΙΛΕΙΟΥ,21.818473,38.311927
48,4ο ΓΥΜΝΑΣΙΟ ΑΙΓΙΟΥ,22.08813,38.244013
49,ΓΥΜΝΑΣΙΟ ΑΙΓΙΟΥ ΕΣΠΕΡΙΝΟ,22.072968,38.247035
50,3ο ΓΥΜΝΑΣΙΟ ΑΙΓΙΟΥ,22.074517,38.247176
51,ΓΥΜΝΑΣΙΟ ΠΑΤΡΑΣ ΠΕΙΡΑΜΑΤΙΚΟ ΠΑΝΕΠΙΣΤΗΜΙΟΥ ΠΑΤΡΑΣ,21.752236,38.259725
52,8ο ΓΥΜΝΑΣΙΟ ΠΑΤΡΑΣ,21.736666,38.230464
53,14ο ΓΥΜΝΑΣΙΟ ΠΑΤΡΑΣ,21.733635,38.250877
54,6ο ΓΥΜΝΑΣΙΟ ΠΑΤΡΑΣ,21.737586,38.254426
55,7ο ΓΥΜΝΑΣΙΟ ΠΑΤΡΑΣ,21.731654,38.237003
56,ΓΥΜΝΑΣΙΟ ΠΑΤΡΑΣ ΕΣΠΕΡΙΝΟ,21.735016,38.246016
57,ΓΥΜΝΑΣΙΟ ΚΑΜΑΡΩΝ ΑΧΑΙΑΣ,22.004081,38.299662
58,1ο ΓΥΜΝΑΣΙΟ ΠΑΤΡΑΣ,21.737544,38.254548
59,4ο ΓΥΜΝΑΣΙΟ ΠΥΡΓΟΥ,21.440605,37.664304
60,19ο ΓΥΜΝΑΣΙΟ ΠΑΤΡΑΣ,21.719914,38.212496
61,ΓΥΜΝΑΣΙΟ ΑΝΔΡΙΤΣΑΙΝΗΣ,21.907002,37.484598
62,ΓΥΜΝΑΣΙΟ ΖΑΧΑΡΩΣ,21.651403,37.485198
63,ΓΥΜΝΑΣΙΟ ΚΑΒΑΣΙΛΩΝ,21.267223,37.87576
64,ΓΥΜΝΑΣΙΟ ΑΜΑΛΙΑΔΑΣ ΕΣΠΕΡΙΝΟ,21.352591,37.794212
65,ΓΥΜΝΑΣΙΟ ΑΡΧΑΙΑΣ ΟΛΥΜΠΙΑΣ,21.627347,37.643048
66,ΓΥΜΝΑΣΙΟ ΧΑΒΑΡΙΟΥ ΗΛΕΙΑΣ,21.384307,37.841926
67,ΓΥΜΝΑΣΙΟ ΒΑΣΙΛΑΚΙΟΥ,21.763542,37.64918
68,ΔΗΜΟΤΙΚΟ ΣΧΟΛΕΙΟ ΠΛΑΤΗΣ ΟΡΕΣΤΙΑΔΑΣ,26.335512,41.627304
69,5ο ΓΥΜΝΑΣΙΟ ΠΑΤΡΑΣ,21.743396,38.235282
70,ΔΗΜΟΤΙΚΟ ΣΧΟΛΕΙΟ ΣΚΑΛΩΜΑΤΟΣ ΜΕΙΟΝΟΤΙΚΟ,,
71,ΓΥΜΝΑΣΙΟ ΕΡΥΜΑΝΘΕΙΑΣ,21.726656,37.980855
72,ΓΥΜΝΑΣΙΟ ΠΥΡΓΟΥ ΕΣΠΕΡΙΝΟ,21.431987,37.673709
73,ΓΥΜΝΑΣΙΟ ΣΑΡΑΒΑΛΙΟΥ,21.760574,38.189602
74,ΓΥΜΝΑΣΙΟ ΚΑΛΑΒΡΥΤΩΝ,22.112588,38.029761
75,13ο ΓΥΜΝΑΣΙΟ ΠΑΤΡΑΣ,21.753988,38.272891
76,15ο ΓΥΜΝΑΣΙΟ ΠΑΤΡΑΣ,21.752426,38.259639
77,ΓΥΜΝΑΣΙΟ ΝΕΟΧΩΡΙΟΥ ΗΛΕΙΑΣ,21.660071,37.434183
78,ΔΗΜΟΤΙΚΟ ΣΧΟΛΕΙΟ ΔΕΙΛΙΝΩΝ ΜΕΙΟΝΟΤΙΚΟ,,
79,ΔΗΜΟΤΙΚΟ ΣΧΟΛΕΙΟ ΣΙΔΗΡΟΥΣ ΜΕΙΟΝΟΤΙΚΟ,,
80,ΓΥΜΝΑΣΙΟ ΜΑΚΡΙΣΙΩΝ ΗΛΕΙΑΣ,21.606101,37.608133
81,ΓΥΜΝΑΣΙΟ ΚΡΕΣΤΕΝΩΝ,21.622652,37.593503
82,ΓΥΜΝΑΣΙΟ ΒΑΡΘΟΛΟΜΙΟΥ,21.207899,37.860054
83,ΔΗΜΟΤΙΚΟ ΣΧΟΛΕΙΟ ΑΓΡΙΑΝΗΣ ΜΕΙΟΝΟΤΙΚΟ,,
84,ΓΥΜΝΑΣΙΟ ΠΕΛΟΠΙΟΥ,21.594364,37.676214
85,3ο ΓΥΜΝΑΣΙΟ ΑΜΑΛΙΑΔΑΣ,21.350985,37.803061
86,ΓΥΜΝΑΣΙΟ ΣΑΒΑΛΙΩΝ ΗΛΕΙΑΣ,21.286332,37.821434
87,ΓΥΜΝΑΣΙΟ ΓΑΣΤΟΥΝΗΣ,21.247124,37.847231
88,2ο ΓΥΜΝΑΣΙΟ ΑΜΑΛΙΑΔΑΣ,21.346878,37.787958
89,ΓΥΜΝΑΣΙΟ ΚΑΤΟΥΝΑΣ,21.118707,38.784711
90,ΓΥΜΝΑΣΙΟ ΠΑΛΑΙΟΜΑΝΙΝΑΣ,21.242186,38.549056
91,ΓΥΜΝΑΣΙΟ ΝΕΟΧΩΡΙΟΥ ΑΙΤ/ΝΙΑΣ,21.277365,38.406867
92,ΔΗΜΟΤΙΚΟ ΣΧΟΛΕΙΟ ΑΓΡΑΣ ΜΕΙΟΝΟΤΙΚΟ,,
93,3ο ΓΥΜΝΑΣΙΟ ΠΑΤΡΑΣ,21.731494,38.2365
94,ΓΥΜΝΑΣΙΟ ΚΑΤΟΧΗΣ,21.257084,38.411165
95,ΔΗΜΟΤΙΚΟ ΣΧΟΛΕΙΟ ΠΑΣΣΟΥ ΜΕΙΟΝΟΤΙΚΟ,,
96,11ο ΓΥΜΝΑΣΙΟ ΠΑΤΡΑΣ,21.739307,38.219379
97,9ο ΓΥΜΝΑΣΙΟ ΠΑΤΡΑΣ,21.734726,38.2464
98,2ο ΓΥΜΝΑΣΙΟ ΑΙΓΙΟΥ,22.077976,38.248618
99,1ο ΓΥΜΝΑΣΙΟ ΜΕΣΟΛΟΓΓΙΟΥ,21.438158,38.378922
100,ΓΥΜΝΑΣΙΟ ΑΓΡΙΝΙΟΥ ΕΣΠΕΡΙΝΟ,21.4096,38.616794
101,6ο ΓΥΜΝΑΣΙΟ ΑΓΡΙΝΙΟΥ,21.404597,38.61924
102,ΓΥΜΝΑΣΙΟ ΚΑΛΥΒΙΩΝ ΤΡΙΧΩΝΙΔΑΣ,21.295198,38.617202
103,ΓΥΜΝΑΣΙΟ ΑΓΙΟΥ ΚΩΝΣΤΑΝΤΙΝΟΥ ΤΡΙΧΩΝΙΔΑΣ,21.39334,38.632645
104,ΓΥΜΝΑΣΙΟ ΚΑΙΝΟΥΡΓΙΟΥ,21.488519,38.604047
105,ΓΥΜΝΑΣΙΟ ΚΑΝΔΗΛΑΣ,20.941016,38.703108
106,ΔΗΜΟΤΙΚΟ ΣΧΟΛΕΙΟ ΚΟΜΑΡΩΝ ΟΡΕΣΤΙΑΔΑΣ,26.22582,41.59535
107,ΓΥΜΝΑΣΙΟ ΝΕΑΠΟΛΗΣ-ΡΟΥΣΕΙΚΩΝ,21.351695,38.644245
108,ΓΥΜΝΑΣΙΟ ΑΝΤΙΡΙΟΥ,21.763291,38.334093
109,3ο ΓΥΜΝΑΣΙΟ ΝΑΥΠΑΚΤΟΥ,21.834677,38.39242
110,ΓΥΜΝΑΣΙΟ ΑΣΤΑΚΟΥ ΚΑΡΑΜΟΥΖΕΙΟ,21.083173,38.534466
111,ΓΥΜΝΑΣΙΟ ΒΟΝΙΤΣΑΣ,20.884987,38.915958
112,ΔΗΜΟΤΙΚΟ ΣΧΟΛΕΙΟ ΔΙΚΑΙΩΝ ΟΡΕΣΤΙΑΔΑΣ,26.299195,41.70349
113,3ο ΓΥΜΝΑΣΙΟ ΑΓΡΙΝΙΟΥ,21.414241,38.618602
114,ΓΥΜΝΑΣΙΟ ΑΙΓΙΟΥ ΑΘΛΗΤΙΚΟ,22.073004,38.247016
115,ΓΥΜΝΑΣΙΟ ΠΑΤΡΑΣ ΜΟΥΣΙΚΟ,21.755973,38.220246
116,2ο ΓΥΜΝΑΣΙΟ ΝΑΥΠΑΚΤΟΥ,21.820148,38.392213
117,ΓΥΜΝΑΣΙΟ ΚΑΤΩ ΚΑΣΤΡΙΤΣΙΟΥ,21.80266,38.288643
118,ΓΥΜΝΑΣΙΟ ΘΕΡΜΟΥ,21.6689,38.572433
119,ΓΥΜΝΑΣΙΟ ΠΑΡΑΒΟΛΑΣ,21.527167,38.613328
120,1ο ΓΥΜΝΑΣΙΟ ΝΑΥΠΑΚΤΟΥ,21.820957,38.391035
121,ΓΥΜΝΑΣΙΟ ΠΑΝΑΙΤΩΛΙΟΥ,21.44683,38.579507
122,ΓΥΜΝΑΣΙΟ ΛΟΥΤΡΟΥ ΚΡΙΚΕΛΟΥ,21.181121,38.94409
123,ΓΥΜΝΑΣΙΟ ΑΜΦΙΛΟΧΙΑΣ,21.163085,38.860172
124,ΔΗΜΟΤΙΚΟ ΣΧΟΛΕΙΟ ΠΕΡΙΘΩΡΙΟΥ,23.782219,41.309994
125,2ο ΓΥΜΝΑΣΙΟ ΠΑΤΡΑΣ,21.729938,38.243316
126,4ο ΓΥΜΝΑΣΙΟ ΑΓΡΙΝΙΟΥ,21.41513,38.614982
127,5ο ΓΥΜΝΑΣΙΟ ΑΓΡΙΝΙΟΥ,21.41557,38.623456
128,ΓΥΜΝΑΣΙΟ ΠΑΤΡΑΣ ΑΘΛΗΤΙΚΟ,21.74762,38.222233
129,2ο ΓΥΜΝΑΣΙΟ ΠΑΡΑΛΙΑΣ ΠΑΤΡΑΣ,21.702631,38.197157
130,ΓΥΜΝΑΣΙΟ ΜΟΝΑΣΤΗΡΑΚΙΟΥ,20.945528,38.850344
131,ΓΥΜΝΑΣΙΟ ΑΓΡΙΝΙΟΥ ΜΟΥΣΙΚΟ,21.415048,38.61502
132,"1ο ΓΥΜΝΑΣΙΟ ΑΓΡΙΝΙΟΥ ""ΠΑΠΑΣΤΡΑΤΕΙΟ """,21.406227,38.628355
133,10ο ΓΥΜΝΑΣΙΟ ΠΑΤΡΑΣ,21.73334,38.214403
134,ΓΥΜΝΑΣΙΟ ΔΕΜΕΝΙΚΩΝ ΑΧΑΙΑΣ,21.741581,38.208575
135,ΓΥΜΝΑΣΙΟ ΚΑΜΑΡΟΥΛΑΣ ΑΙΤ/ΝΙΑΣ,21.446871,38.62928
136,ΓΥΜΝΑΣΙΟ ΠΑΤΡΑΣ ΠΕΙΡΑΜΑΤΙΚΟ,21.744272,38.228051
137,2ο ΓΥΜΝΑΣΙΟ ΑΓΡΙΝΙΟΥ,21.40447,38.619264
138,ΓΥΜΝΑΣΙΟ ΜΑΤΑΡΑΓΚΑΣ,21.472575,38.522816
139,12ο ΓΥΜΝΑΣΙΟ ΠΑΤΡΑΣ,21.734711,38.226153
140,ΓΥΜΝΑΣΙΟ ΓΟΥΡΙΑΣ,21.263605,38.472036
141,1ο ΓΥΜΝΑΣΙΟ ΑΙΓΙΟΥ,22.076966,38.249256
142,ΓΥΜΝΑΣΙΟ ΓΑΒΑΛΟΥΣ,21.537019,38.527227
143,7ο ΓΥΜΝΑΣΙΟ ΑΓΡΙΝΙΟΥ,21.416492,38.625242
144,4ο ΓΥΜΝΑΣΙΟ ΠΑΤΡΑΣ,21.743043,38.235384
145,18ο ΓΥΜΝΑΣΙΟ ΠΑΤΡΑΣ ΚΩΦΩΝ,21.742947,38.242604
146,ΓΥΜΝΑΣΙΟ ΡΙΟΛΟΥ,21.466488,38.056537
147,ΓΥΜΝΑΣΙΟ ΦΑΡΩΝ,21.716413,38.090181
148,ΓΥΜΝΑΣΙΟ ΕΥΗΝΟΧΩΡΙΟΥ,21.535178,38.359332
149,2ο ΓΥΜΝΑΣΙΟ ΜΕΣΟΛΟΓΓΙΟΥ,21.431067,38.374068
150,ΔΗΜΟΤΙΚΟ ΣΧΟΛΕΙΟ ΣΚΙΑΔΑΣ ΜΕΙΟΝΟΤΙΚΟ,,
151,ΓΥΜΝΑΣΙΟ ΦΥΤΕΙΩΝ,21.185954,38.694953
152,4ο ΕΝΙΑΙΟ ΛΥΚΕΙΟ ΑΓΡΙΝΙΟΥ,21.386121,38.63453
153,ΕΝΙΑΙΟ ΛΥΚΕΙΟ ΛΑΠΠΑ,21.402308,38.126268
154,5ο ΕΝΙΑΙΟ ΛΥΚΕΙΟ ΑΓΡΙΝΙΟΥ,21.413462,38.625451
155,ΕΝΙΑΙΟ ΛΥΚΕΙΟ ΑΙΓΕΙΡΑΣ ΑΧΑΪΑΣ,,
156,ΔΗΜΟΤΙΚΟ ΣΧΟΛΕΙΟ ΠΟΤΑΜΟΥ ΚΥΘΗΡΩΝ ΔΗΛΑΒΕΡΕΙΟ,22.963121,36.298382
157,ΕΝΙΑΙΟ ΛΥΚΕΙΟ ΠΑΤΡΑΣ ΕΣΠΕΡΙΝΟ,21.731972,38.2367
158,ΕΝΙΑΙΟ ΛΥΚΕΙΟ ΡΙΟΥ,21.782765,38.300414
159,ΕΝΙΑΙΟ ΛΥΚΕΙΟ ΚΑΣΤΡΙΤΣΙΟΥ,21.80266,38.288643
160,ΕΝΙΑΙΟ ΛΥΚΕΙΟ ΕΥΗΝΟΧΩΡΙΟΥ,21.535178,38.359332
161,ΕΝΙΑΙΟ ΛΥΚΕΙΟ ΜΑΤΑΡΑΓΚΑΣ,21.472575,38.522816
162,3ο ΔΗΜΟΤΙΚΟ ΣΧΟΛΕΙΟ ΣΚΟΠΕΛΟΥ-ΚΛΗΜΑΤΟΣ,23.643403,39.137967
163,2ο ΕΝΙΑΙΟ ΛΥΚΕΙΟ ΝΑΥΠΑΚΤΟΥ,21.820148,38.392213
164,ΕΝΙΑΙΟ ΛΥΚΕΙΟ ΝΕΟΧΩΡΙΟΥ ΑΙΤ/ΝΙΑΣ,21.277365,38.406867
165,ΕΝΙΑΙΟ ΛΥΚΕΙΟ ΘΕΡΜΟΥ,21.6689,38.572433
166,1ο ΕΝΙΑΙΟ ΛΥΚΕΙΟ ΝΑΥΠΑΚΤΟΥ,21.820957,38.391035
167,ΕΝΙΑΙΟ ΛΥΚΕΙΟ ΚΑΤΟΥΝΑΣ,21.118707,38.784711
168,ΑΡΣΑΚΕΙΟ ΕΝΙΑΙΟ ΛΥΚΕΙΟ ΠΑΤΡΑΣ,,
169,ΔΗΜΟΤΙΚΟ ΣΧΟΛΕΙΟ ΜΑΝΤΑΜΑΔΟΥ ΛΕΣΒΟΥ,26.337309,39.310332
170,ΕΝΙΑΙΟ ΛΥΚΕΙΟ ΑΝΔΡΙΤΣΑΙΝΑΣ,21.907002,37.484598
171,ΕΝΙΑΙΟ ΛΥΚΕΙΟ ΔΙΑΚΟΠΤΟΥ,22.200553,38.188714
172,ΕΝΙΑΙΟ ΛΥΚΕΙΟ ΒΟΥΝΑΡΓΟΥ,21.411405,37.735016
173,1ο ΕΝΙΑΙΟ ΛΥΚΕΙΟ ΑΜΑΛΙΑΔΑΣ,21.35516,37.800522
174,ΕΝΙΑΙΟ ΛΥΚΕΙΟ ΑΜΦΙΛΟΧΙΑΣ,21.163085,38.860172
175,ΕΝΙΑΙΟ ΛΥΚΕΙΟ ΒΟΝΙΤΣΑΣ,20.884987,38.915958
176,ΕΝΙΑΙΟ ΛΥΚΕΙΟ ΑΣΤΑΚΟΥ,21.083173,38.534466
177,ΕΝΙΑΙΟ ΛΥΚΕΙΟ ΑΙΤΩΛΙΚΟΥ,21.319359,38.427731
178,10ο ΕΝΙΑΙΟ ΛΥΚΕΙΟ ΠΑΤΡΑΣ,21.733635,38.250877
179,9ο ΕΝΙΑΙΟ ΛΥΚΕΙΟ ΠΑΤΡΑΣ,21.754089,38.272996
180,ΕΝΙΑΙΟ ΛΥΚΕΙΟ ΖΑΧΑΡΩΣ,21.651403,37.485198
181,ΕΝΙΑΙΟ ΛΥΚΕΙΟ ΠΑΡΑΒΟΛΑΣ,21.527167,38.613328
182,4ο ΕΝΙΑΙΟ ΛΥΚΕΙΟ ΠΑΤΡΑΣ,21.742789,38.241166
183,3ο ΕΝΙΑΙΟ ΛΥΚΕΙΟ ΠΑΤΡΑΣ,21.732039,38.229976
184,ΕΝΙΑΙΟ ΛΥΚΕΙΟ ΠΕΛΟΠΙΟΥ,21.594364,37.676214
185,1ο ΕΝΙΑΙΟ ΛΥΚΕΙΟ ΠΥΡΓΟΥ,21.437116,37.675261
186,2ο ΕΝΙΑΙΟ ΛΥΚΕΙΟ ΠΑΤΡΑΣ,21.744296,38.227943
187,3ο ΕΝΙΑΙΟ ΛΥΚΕΙΟ ΑΓΡΙΝΙΟΥ,21.404703,38.619215
188,1ο ΕΝΙΑΙΟ ΛΥΚΕΙΟ ΠΑΤΡΑΣ,21.752326,38.259682
189,7ο ΕΝΙΑΙΟ ΛΥΚΕΙΟ ΠΑΤΡΑΣ,21.721803,38.225895
190,2ο ΕΝΙΑΙΟ ΛΥΚΕΙΟ ΑΙΓΙΟΥ,22.085717,38.243692
191,1ο ΕΝΙΑΙΟ ΛΥΚΕΙΟ ΑΙΓΙΟΥ,22.076995,38.24914
192,8ο ΕΝΙΑΙΟ ΛΥΚΕΙΟ ΠΑΤΡΑΣ,21.740156,38.21596
193,ΕΝΙΑΙΟ ΛΥΚΕΙΟ ΒΡΑΧΝΕΙΚΩΝ ΠΑΤΡΑΣ,21.670538,38.16074
194,"3ο ΕΝΙΑΙΟ ΛΥΚΕΙΟ ΠΥΡΓΟΥ ""PIERRE DE COUBERTIN""",21.446174,37.668548
195,ΕΝΙΑΙΟ ΛΥΚΕΙΟ ΓΑΣΤΟΥΝΗΣ,21.247124,37.847231
196,2ο ΕΝΙΑΙΟ ΛΥΚΕΙΟ ΠΥΡΓΟΥ,21.431099,37.673528
197,2ο ΕΝΙΑΙΟ ΛΥΚΕΙΟ ΑΜΑΛΙΑΔΑΣ,21.346878,37.787958
198,ΕΝΙΑΙΟ ΛΥΚΕΙΟ ΠΑΝΑΙΤΩΛΙΟΥ,21.44683,38.579507
199,ΕΝΙΑΙΟ ΛΥΚΕΙΟ ΚΡΕΣΤΕΝΩΝ,21.622652,37.593503
200,ΕΝΙΑΙΟ ΛΥΚΕΙΟ ΑΚΡΑΤΑΣ,22.315972,38.152904
201,ΕΝΙΑΙΟ ΛΥΚΕΙΟ ΚΑΛΑΒΡΥΤΩΝ,22.112588,38.029761
202,ΕΝΙΑΙΟ ΛΥΚΕΙΟ ΠΑΤΡΑΣ ΠΕΙΡΑΜΑΤΙΚΟ ΠΑΝΕΠΙΣΤΗΜΙΟΥ ΠΑΤΡΑΣ,21.752156,38.25976
203,ΔΗΜΟΤΙΚΟ ΣΧΟΛΕΙΟ ΜΗΘΥΜΝΑΣ ΛΕΣΒΟΥ,26.1777,39.366841
204,ΕΝΙΑΙΟ ΛΥΚΕΙΟ ΓΑΒΑΛΟΥΣ,21.537019,38.527227
205,1ο ΕΝΙΑΙΟ ΛΥΚΕΙΟ ΜΕΣΟΛΟΓΓΙΟΥ,21.431147,38.378126
206,ΕΝΙΑΙΟ ΛΥΚΕΙΟ ΛΕΧΑΙΝΩΝ,21.26249,37.937023
207,1ο ΕΝΙΑΙΟ ΛΥΚΕΙΟ ΑΓΡΙΝΙΟΥ,21.417835,38.627214
208,ΕΝΙΑΙΟ ΛΥΚΕΙΟ ΠΑΡΑΛΙΑΣ ΠΑΤΡΑΣ,21.719281,38.223562
209,11ο ΕΝΙΑΙΟ ΛΥΚΕΙΟ ΠΑΤΡΑΣ,21.739475,38.250301
210,2ο ΕΝΙΑΙΟ ΛΥΚΕΙΟ ΑΓΡΙΝΙΟΥ,21.389408,38.635321
211,ΕΝΙΑΙΟ ΛΥΚΕΙΟ ΑΝΔΡΑΒΙΔΑΣ,21.270202,37.90619
212,ΕΝΙΑΙΟ ΛΥΚΕΙΟ ΒΑΡΘΟΛΟΜΙΟΥ,21.207899,37.860054
213,2ο ΕΝΙΑΙΟ ΛΥΚΕΙΟ ΜΕΣΟΛΟΓΓΙΟΥ,21.431147,38.378126
214,ΕΝΙΑΙΟ ΛΥΚΕΙΟ ΠΑΤΡΑΣ ΜΟΥΣΙΚΟ,21.755971,38.220257
215,12ο ΕΝΙΑΙΟ ΛΥΚΕΙΟ ΠΑΤΡΑΣ,21.738701,38.221092
216,ΕΝΙΑΙΟ ΛΥΚΕΙΟ ΠΑΤΡΑΣ ΕΚΚΛΗΣΙΑΣΤΙΚΟ,21.737675,38.248338
217,ΕΝΙΑΙΟ ΛΥΚΕΙΟ ΠΑΤΡΑΣ ΠΕΙΡΑΜΑΤΙΚΟ,21.744214,38.228176
218,ΕΝΙΑΙΟ ΛΥΚΕΙΟ ΔΕΜΕΝΙΚΩΝ,,
219,ΕΝΙΑΙΟ ΛΥΚΕΙΟ ΝΕΑΣ ΦΙΓΑΛΕΙΑΣ,21.773605,37.43963
220,ΕΝΙΑΙΟ ΛΥΚΕΙΟ ΚΑΜΑΡΩΝ,22.004081,38.299662
221,"6ο ΕΝΙΑΙΟ ΛΥΚΕΙΟ ΠΑΤΡΑΣ ""ΑΝΔΡΕΑΣ ΠΑΠΑΝΔΡΕΟΥ""",21.73936,38.250326
222,ΕΝΙΑΙΟ ΛΥΚΕΙΟ ΚΑΤΩ ΑΧΑΙΑΣ,21.54315,38.142529
223,ΔΗΜΟΤΙΚΟ ΣΧΟΛΕΙΟ ΣΚΟΥΤΑΡΟΥ ΛΕΣΒΟΥ,26.134482,39.290566
224,ΕΝΙΑΙΟ ΛΥΚΕΙΟ ΚΑΡΑΤΟΥΛΑ,21.537596,37.734251
225,ΕΝΙΑΙΟ ΛΥΚΕΙΟ ΛΑΛΑ,21.72214,37.709659
226,5ο ΕΝΙΑΙΟ ΛΥΚΕΙΟ ΠΑΤΡΑΣ ΕΤΑΔ,21.734806,38.228829
227,ΕΝΙΑΙΟ ΛΥΚΕΙΟ ΛΟΥΣΙΚΩΝ,21.594508,38.108892
228,ΕΝΙΑΙΟ ΛΥΚΕΙΟ ΒΑΡΔΑΣ,21.365354,38.031541
229,ΕΝΙΑΙΟ ΛΥΚΕΙΟ ΣΙΜΟΠΟΥΛΟΥ,21.572047,37.849805
230,5ο ΕΝΙΑΙΟ ΛΥΚΕΙΟ ΠΑΤΡΑΣ - Τ.Α.Δ.,21.747592,38.222319
231,ΕΝΙΑΙΟ ΛΥΚΕΙΟ ΒΑΣΙΛΑΚΙΟΥ,21.763542,37.64918
232,4ο ΕΝΙΑΙΟ ΛΥΚΕΙΟ ΠΥΡΓΟΥ,21.439477,37.665059
233,13ο ΕΝΙΑΙΟ ΛΥΚΕΙΟ ΠΑΤΡΑΣ,21.735132,38.246099
234,ΤΕΕ ΠΑΡΑΛΙΑΣ ΠΑΤΡΑΣ,21.703498,38.183568
235,9ο ΤΕΕ ΠΑΤΡΑΣ ΕΣΠΕΡΙΝΟ,21.740335,38.237987
236,1ο ΤΕΕ ΑΜΑΛΙΑΔΑΣ,21.352202,37.794749
237,1ο ΤΕΕ ΛΕΧΑΙΝΩΝ,21.26249,37.937023
238,1ο ΤΕΕ ΠΥΡΓΟΥ,21.444197,37.671197
239,1ο ΤΕΕ ΚΡΕΣΤΕΝΩΝ,21.622652,37.593503
240,1ο ΤΕΕ ΠΑΤΡΑΣ,21.752177,38.222439
241,6ο ΤΕΕ ΠΑΤΡΑΣ,21.75036,38.215096
242,1ο ΤΕΕ ΚΑΤΟΧΗΣ,21.257084,38.411165
243,2ο ΤΕΕ ΜΕΣΟΛΟΓΓΙΟΥ,21.442491,38.374024
244,1ο ΤΕΕ ΜΑΚΡΥΝΕΙΑΣ,21.453926,38.527183
245,2ο ΤΕΕ ΑΙΓΙΟΥ,22.083215,38.245009
246,1ο ΤΕΕ ΜΕΣΟΛΛΟΓΙΟΥ,21.442534,38.374015
247,ΤΕΕ ΚΑΛΑΒΡΥΤΩΝ,22.112588,38.029761
248,1ο ΤΕΕ ΚΑΙΝΟΥΡΓΙΟΥ,21.488519,38.604047
249,1ο ΤΕΕ ΒΟΝΙΤΣΑΣ,20.884987,38.915958
250,3ο ΤΕΕ ΠΑΤΡΑΣ ΕΣΠΕΡΙΝΟ,21.731965,38.229989
251,4ο ΤΕΕ ΠΑΤΡΑΣ,21.75416,38.273085
252,5ο ΤΕΕ ΠΑΤΡΑΣ ΕΣΠΕΡΙΝΟ,21.744438,38.248834
253,1ο ΤΕΕ ΑΙΓΙΟΥ,22.083215,38.245009
254,2ο ΤΕΕ ΠΥΡΓΟΥ,,
255,7ο ΤΕΕ ΠΑΤΡΑΣ,21.753175,38.221491
256,ΤΕΕ ΠΑΤΡΑΣ ΕΙΔΙΚΟ,,
257,3ο ΤΕΕ ΑΓΡΙΝΙΟΥ,21.386121,38.63453
258,1ο ΤΕΕ ΑΜΦΙΛΟΧΙΑΣ,21.163085,38.860172
259,2ο ΤΕΕ ΑΓΡΙΝΙΟΥ,21.413462,38.625451
260,2ο ΤΕΕ ΑΜΑΛΙΑΔΑΣ,,
261,2ο ΤΕΕ ΠΑΤΡΑΣ,21.752115,38.222626
262,10ο ΤΕΕ ΠΑΤΡΑΣ,21.747153,38.253748
263,1ο ΤΕΕ ΝΑΥΠΑΚΤΟΥ,21.820176,38.392171
264,1ο ΤΕΕ ΑΓΡΙΝΙΟΥ,21.413462,38.625451
265,8ο ΤΕΕ ΠΑΤΡΑΣ,21.740335,38.23797
266,1ο ΤΕΕ ΚΑΤΩ ΑΧΑΙΑΣ,21.54315,38.142529
267,2ο ΤΕΕ ΝΑΥΠΑΚΤΟΥ,21.820176,38.392171
268,1ο ΣΕΚ ΝΑΥΠΑΚΤΟΥ,21.820176,38.392171
269,1ο ΣΕΚ ΑΙΓΙΟΥ,22.083215,38.245009
270,1ο ΣΕΚ ΚΑΤΩ ΑΧΑΪΑΣ,21.54315,38.142529
271,2ο ΣΕΚ ΠΑΤΡΑΣ,21.745326,38.251258
272,1ο ΣΕΚ ΑΧΑΙΑΣ (ΠΑΤΡΑΣ),21.752395,38.22153
273,3ο ΣΕΚ ΠΑΤΡΑΣ,21.754148,38.273086
274,1ο ΣΕΚ ΑΙΤΩΛΟΑΚΑΡΝΑΝΙΑΣ (ΑΓΡΙΝΙΟΥ),21.386121,38.63453
275,1ο ΣΕΚ ΜΕΣΟΛΟΓΓΙΟΥ,21.442491,38.374024
276,ΣΥΜΒΟΥΛΕΥΤΙΚΟΣ ΣΤΑΘΜΟΣ ΝΕΩΝ ΑΧΑΙΑΣ,21.729169,38.210899
277,ΔΗΜΟΤΙΚΟ ΣΧΟΛΕΙΟ ΣΤΑΜΝΑΣ ΜΕΣΟΛΟΓΓΙΟΥ,21.282286,38.514379
278,1ο ΔΗΜΟΤΙΚΟ ΣΧΟΛΕΙΟ ΚΕΚΡΟΠΙΑΣ,,
279,ΔΗΜΟΤΙΚΟ ΣΧΟΛΕΙΟ ΒΑΡΗΣ ΣΥΡΟΥ,,
280,ΔΗΜΟΤΙΚΟ ΣΧΟΛΕΙΟ ΝΕΟΥ ΓΟΡΓΟΜΥΛΟΥ,,
281,ΔΗΜΟΤΙΚΟ ΣΧΟΛΕΙΟ ΚΑΤΩ ΖΕΥΓΑΡΑΚΙΟΥ ΜΕΣΟΛΟΓΓΙ,21.412859,38.537819
282,ΔΗΜΟΤΙΚΟ ΣΧΟΛΕΙΟ ΜΑΤΑΡΑΓΚΑΣ ΜΕΣΟΛΟΓΓΙΟΥ,21.472079,38.522847
283,22ο ΔΗΜΟΤΙΚΟ ΣΧΟΛΕΙΟ ΑΓΡΙΝΙΟΥ,,
284,ΔΗΜΟΤΙΚΟ ΣΧΟΛΕΙΟ ΔΟΥΚΑΔΩΝ ΚΕΡΚΥΡΑΣ,19.740413,39.686011
285,ΔΗΜΟΤΙΚΟ ΣΧΟΛΕΙΟ ΠΑΠΑΔΑΤΩΝ ΜΕΣΟΛΟΓΓΙΟΥ,21.453034,38.526364
286,ΔΗΜΟΤΙΚΟ ΣΧΟΛΕΙΟ ΠΕΡΙΘΩΡΙΟΥ ,21.568302,38.38891
287,ΔΗΜΟΤΙΚΟ ΣΧΟΛΕΙΟ ΚΕΦΑΛΟΒΡΥΣΟΥ ΣΤΑΜΝΑΣ,,
288,ΔΗΜΟΤΙΚΟ ΣΧΟΛΕΙΟ ΓΑΒΑΛΟΥΣ ΜΕΣΟΛΟΓΓΙΟΥ,21.535461,38.527164
289,ΔΗΜΟΤΙΚΟ ΣΧΟΛΕΙΟ ΕΛΛΗΝΙΚΩΝ ΜΕΣΟΛΟΓΓΙΟΥ,21.4171,38.478366
290,ΔΗΜΟΤΙΚΟ ΣΧΟΛΕΙΟ ΚΑΤΩ ΑΜΠΕΛΙΩΝ ΜΕΣΟΛΟΓΓΙΟΥ,,
291,1ο ΔΗΜΟΤΙΚΟ ΣΧΟΛΕΙΟ ΕΥΗΝΟΧΩΡΙΟΥ,21.534403,38.358607
292,ΔΗΜΟΤΙΚΟ ΣΧΟΛΕΙΟ ΓΑΛΑΤΑ ΜΕΣΟΛΟΓΓΙΟΥ,21.56055,38.352837
293,2ο ΔΗΜΟΤΙΚΟ ΣΧΟΛΕΙΟ ΕΥΗΝΟΧΩΡΙΟΥ,21.53451,38.358785
294,ΔΗΜΟΤΙΚΟ ΣΧΟΛΕΙΟ ΣΑΓΚΡΙΟΥ ΝΑΞΟΥ,25.435301,37.039664
295,ΔΗΜΟΤΙΚΟ ΣΧΟΛΕΙΟ ΒΑΣΙΛΑΚΙΟΥ ΠΥΡΓΟΥ,21.762592,37.649054
296,ΔΗΜΟΤΙΚΟ ΣΧΟΛΕΙΟ ΗΡΑΚΛΕΙΑΣ ΠΥΡΓΟΥ,21.571446,37.692969
297,ΔΗΜΟΤΙΚΟ ΣΧΟΛΕΙΟ ΡΑΙΝΑΣ,,
298,1ο ΔΗΜΟΤΙΚΟ ΣΧΟΛΕΙΟ ΝΕΑΠΟΛΗΣ,,
299,ΔΗΜΟΤΙΚΟ ΣΧΟΛΕΙΟ ΣΠΟΛΑΙΤΑΣ ΤΡΙΧΩΝΙΔΑΣ,21.349958,38.696219
300,ΔΗΜΟΤΙΚΟ ΣΧΟΛΕΙΟ ΠΟΤΑΜΟΥΛΑΣ ΤΡΙΧΩΝΙΔΑΣ,21.438198,38.761544
301,ΔΗΜΟΤΙΚΟ ΣΧΟΛΕΙΟ ΚΑΤΟΥΝΑΣ ΞΗΡΟΜΕΡΟΥ,21.077135,38.819976
302,1ο ΔΗΜΟΤΙΚΟ ΣΧΟΛΕΙΟ ΔΑΦΝΗΣ,21.866189,38.420845
303,ΔΗΜΟΤΙΚΟ ΣΧΟΛΕΙΟ ΣΤΑΜΑΤΟΓΙΑΝΝΕΙΚΩΝ,,
304,ΔΗΜΟΤΙΚΟ ΣΧΟΛΕΙΟ ΑΝΟΙΞΙΑΤΙΚΟΥ ΑΜΦΙΛΟΧ,21.170342,38.970227
305,ΔΗΜΟΤΙΚΟ ΣΧΟΛΕΙΟ ΠΕΛΟΠΙΟΥ ΠΥΡΓΟΥ,21.59379,37.676193
306,ΔΗΜΟΤΙΚΟ ΣΧΟΛΕΙΟ ΚΑΤΑΚΟΛΟΥ ΠΥΡΓΟΥ,21.311639,37.639427
307,ΔΗΜΟΤΙΚΟ ΣΧΟΛΕΙΟ ΜΟΥΖΑΚΙΟΥ ΠΥΡΓΟΥ,21.561609,37.781803
308,ΔΗΜΟΤΙΚΟ ΣΧΟΛΕΙΟ ΠΡΑΣΙΝΟΥ ΠΥΡΓΟΥ,21.423387,37.71472
309,ΔΗΜΟΤΙΚΟ ΣΧΟΛΕΙΟ ΚΑΡΥΑΣ,21.537055,37.734047
310,ΔΗΜΟΤΙΚΟ ΣΧΟΛΕΙΟ ΡΟΔΙΑΣ,21.586159,37.810582
311,ΔΗΜΟΤΙΚΟ ΣΧΟΛΕΙΟ ΠΡΙΝΑΡΙΟΥ,21.53409,37.869784
312,ΔΗΜΟΤΙΚΟ ΣΧΟΛΕΙΟ ΚΑΡΑΤΟΥΛΑ ΜΑΓΟΥΛΑ ΠΥΡΓΟΥ,21.537851,37.7303
313,ΔΗΜΟΤΙΚΟ ΣΧΟΛΕΙΟ ΣΚΟΥΡΟΧΩΡΙΟΥ ΠΥΡΓΟΥ,21.35947,37.684233
314,ΔΗΜΟΤΙΚΟ ΣΧΟΛΕΙΟ ΠΕΥΚΗΣ ΠΥΡΓΟΥ,21.659158,37.772139
315,ΔΗΜΟΤΙΚΟ ΣΧΟΛΕΙΟ ΜΥΡΤΕΑΣ ΠΥΡΓΟΥ,21.351055,37.711934
316,ΔΗΜΟΤΙΚΟ ΣΧΟΛΕΙΟ ΚΑΚΟΤΑΡΙΟΥ ΠΥΡΓΟΥ,21.701227,37.83766
317,ΔΗΜΟΤΙΚΟ ΣΧΟΛΕΙΟ ΕΛΑΙΩΝΑ ΠΥΡΓΟΥ,,
318,ΔΗΜΟΤΙΚΟ ΣΧΟΛΕΙΟ ΒΟΥΝΑΡΓΟΥ ΠΥΡΓΟΥ,21.409752,37.734968
319,ΔΗΜΟΤΙΚΟ ΣΧΟΛΕΙΟ ΣΑΜΙΚΟΥ ΟΛΥΜΠΙΑΣ,21.588512,37.572866
320,ΔΗΜΟΤΙΚΟ ΣΧΟΛΕΙΟ ΡΑΧΩΝ ΟΛΥΜΠΙΑΣ,21.564833,37.585647
321,4ο ΔΗΜΟΤΙΚΟ ΣΧΟΛΕΙΟ ΠΥΡΓΟΥ,21.439034,37.665543
322,ΔΗΜΟΤΙΚΟ ΣΧΟΛΕΙΟ ΧΕΙΜΑΔΙΟΥ ΠΥΡΓΟΥ,21.508308,37.759941
323,ΔΗΜΟΤΙΚΟ ΣΧΟΛΕΙΟ ΤΣΙΠΙΑΝΩΝ ΠΥΡΓΟΥ,21.763128,37.871514
324,ΔΗΜΟΤΙΚΟ ΣΧΟΛΕΙΟ ΝΕΑΣ ΠΕΡΣΑΙΝΑΣ,21.676224,37.751585
325,ΔΗΜΟΤΙΚΟ ΣΧΟΛΕΙΟ ΠΥΡΓΟΥ ΕΙΔΙΚΟ,,
326,3ο ΔΗΜΟΤΙΚΟ ΣΧΟΛΕΙΟ ΓΑΣΤΟΥΝΗΣ,21.245794,37.846877
327,ΔΗΜΟΤΙΚΟ ΣΧΟΛΕΙΟ ΑΓΙΑΣ ΦΙΛΟΘΕΗΣ ΠΥΡΓΟΥ,,
328,ΔΗΜΟΤΙΚΟ ΣΧΟΛΕΙΟ ΚΑΛΛΙΚΩΜΟΥ,21.586487,37.590174
329,ΔΗΜΟΤΙΚΟ ΣΧΟΛΕΙΟ ΛΕΥΚΗΣ ΟΛΥΜΠΙΑΣ,,
330,ΔΗΜΟΤΙΚΟ ΣΧΟΛΕΙΟ ΜΕΣΟΛΟΓΓΙΟΥ ΕΙΔΙΚΟ ΔΗΜΗΤΡΟΥΚΕΙΟ,,
331,1ο ΔΗΜΟΤΙΚΟ ΣΧΟΛΕΙΟ ΒΑΡΘΟΛΟΜΙΟΥ,21.207084,37.860062
332,ΔΗΜΟΤΙΚΟ ΣΧΟΛΕΙΟ ΒΡΑΝΑ,,
333,17ο ΔΗΜΟΤΙΚΟ ΣΧΟΛΕΙΟ ΑΓΡΙΝΙΟΥ,21.409598,38.616672
334,ΔΗΜΟΤΙΚΟ ΣΧΟΛΕΙΟ ΚΟΡΥΦΗΣ,21.43116,37.760416
335,ΔΗΜΟΤΙΚΟ ΣΧΟΛΕΙΟ ΕΠΙΤΑΛΙΟΥ ΟΛΥΜΠΙΑΣ,21.494749,37.626331
336,ΔΗΜΟΤΙΚΟ ΣΧΟΛΕΙΟ ΜΑΖΑΡΑΚΙΟΥ ΑΜΑΛΙΑΔΑΣ,21.590054,37.878962
337,ΔΗΜΟΤΙΚΟ ΣΧΟΛΕΙΟ ΛΑΤΤΑ ΑΜΑΛΙΑΔΑΣ,21.548217,37.876273
338,ΔΗΜΟΤΙΚΟ ΣΧΟΛΕΙΟ ΛΑΜΠΕΙΑΣ ΠΥΡΓΟΥ,21.804065,37.856596
339,ΔΗΜΟΤΙΚΟ ΣΧΟΛΕΙΟ ΛΑΓΑΝΑ,21.560206,37.831149
340,ΔΗΜΟΤΙΚΟ ΣΧΟΛΕΙΟ ΑΧΛΑΔΙΝΗΣ ΠΥΡΓΟΥ,21.784571,37.719666
341,ΔΗΜΟΤΙΚΟ ΣΧΟΛΕΙΟ ΣΑΛΜΩΝΗΣ ΠΥΡΓΟΥ,21.534833,37.659122
342,ΔΗΜΟΤΙΚΟ ΣΧΟΛΕΙΟ ΤΡΥΠΗΤΗΣ ΟΛΥΜΠΙΑΣ,21.784617,37.56913
343,ΔΗΜΟΤΙΚΟ ΣΧΟΛΕΙΟ ΚΑΡΔΑΜΑ,21.338144,37.766646
344,ΔΗΜΟΤΙΚΟ ΣΧΟΛΕΙΟ ΑΡΒΑΝΙΤΗ ΠΥΡΓΟΥ,21.523641,37.721563
345,ΔΗΜΟΤΙΚΟ ΣΧΟΛΕΙΟ ΠΑΝΟΠΟΥΛΟΥ ΠΥΡΓΟΥ,21.692657,37.818758
346,5ο ΔΗΜΟΤΙΚΟ ΣΧΟΛΕΙΟ ΠΥΡΓΟΥ,,
347,11ο ΔΗΜΟΤΙΚΟ ΣΧΟΛΕΙΟ ΠΥΡΓΟΥ,,
348,ΔΗΜΟΤΙΚΟ ΣΧΟΛΕΙΟ ΑΓΙΟΥ ΓΕΩΡΓΙΟΥ ΛΑΝΤΖΟΙΟΥ ΠΥΡ,21.564983,37.705688
349,3ο ΔΗΜΟΤΙΚΟ ΣΧΟΛΕΙΟ ΠΥΡΓΟΥ,21.439774,37.665194
350,28ο ΔΗΜΟΤΙΚΟ ΣΧΟΛΕΙΟ ΠΑΤΡΑΣ,21.733267,38.23165
351,ΔΗΜΟΤΙΚΟ ΣΧΟΛΕΙΟ ΜΑΝΟΛΑΔΑΣ ΛΕΧΑΙΝΩΝ,21.348948,38.046079
352,ΔΗΜΟΤΙΚΟ ΣΧΟΛΕΙΟ ΛΥΓΙΑΣ ΛΕΧΑΙΝΩΝ,21.156361,37.857848
353,ΔΗΜΟΤΙΚΟ ΣΧΟΛΕΙΟ ΓΛΥΦΑΣ ΛΕΧΑΙΝΩΝ,,
354,ΔΗΜΟΤΙΚΟ ΣΧΟΛΕΙΟ ΑΝΤΡΩΝΙΟΥ ΠΥΡΓΟΥ,21.719426,37.801754
355,ΔΗΜΟΤΙΚΟ ΣΧΟΛΕΙΟ ΞΥΛΟΚΕΡΑΣ ΠΥΡΓΟΥ,21.39912,37.732422
356,ΔΗΜΟΤΙΚΟ ΣΧΟΛΕΙΟ ΚΑΛΥΒΙΩΝ ΗΛΙΔΑΣ,21.365944,37.885054
357,ΔΗΜΟΤΙΚΟ ΣΧΟΛΕΙΟ ΔΑΦΝΙΩΤΙΣΣΑΣ,21.451683,37.842924
358,ΔΗΜΟΤΙΚΟ ΣΧΟΛΕΙΟ ΔΑΦΝΗΣ,21.428338,37.861916
359,ΔΗΜΟΤΙΚΟ ΣΧΟΛΕΙΟ ΓΕΡΑΚΙΟΥ,21.394384,37.793195
360,ΔΗΜΟΤΙΚΟ ΣΧΟΛΕΙΟ ΒΟΥΛΙΑΓΜΕΝΗΣ,21.607496,37.834672
361,ΔΗΜΟΤΙΚΟ ΣΧΟΛΕΙΟ ΑΥΓΕΙΟΥ,21.362779,37.87406
362,ΔΗΜΟΤΙΚΟ ΣΧΟΛΕΙΟ ΒΡΟΧΙΤΣΑΣ,21.453398,37.739957
363,ΔΗΜΟΤΙΚΟ ΣΧΟΛΕΙΟ ΒΑΛΜΗΣ ΑΜΑΛΙΑΔΑΣ,,
364,ΔΗΜΟΤΙΚΟ ΣΧΟΛΕΙΟ ΓΟΥΜΕΡΟΥ ΠΥΡΓΟΥ,21.617861,37.760639
365,ΔΗΜΟΤΙΚΟ ΣΧΟΛΕΙΟ ΚΕΡΑΜΙΔΙΑΣ,21.454967,37.853157
366,ΔΗΜΟΤΙΚΟ ΣΧΟΛΕΙΟ ΑΜΠΕΛΟΚΑΜΠΟΥ,21.309954,37.830099
367,ΔΗΜΟΤΙΚΟ ΣΧΟΛΕΙΟ ΦΡΙΞΑΣ ΟΛΥΜΠΙΑΣ,21.704013,37.620982
368,ΔΗΜΟΤΙΚΟ ΣΧΟΛΕΙΟ ΑΓΙΟΥ ΒΑΣΙΛΕΙΟΥ ΣΕΙΡΩΝ,,
369,ΔΗΜΟΤΙΚΟ ΣΧΟΛΕΙΟ ΡΟΒΙΑΤΑΣ,21.30385,37.809603
370,ΔΗΜΟΤΙΚΟ ΣΧΟΛΕΙΟ ΠΕΡΙΣΤΕΡΙΟΥ,21.472898,37.804825
371,ΔΗΜΟΤΙΚΟ ΣΧΟΛΕΙΟ ΠΑΛΑΙΟΧΩΡΙΟΥ,21.266746,37.816945
372,ΔΗΜΟΤΙΚΟ ΣΧΟΛΕΙΟ ΟΙΝΟΗΣ,21.525831,37.83737
373,ΔΗΜΟΤΙΚΟ ΣΧΟΛΕΙΟ ΕΦΥΡΑΣ,21.517535,37.855054
374,ΔΗΜΟΤΙΚΟ ΣΧΟΛΕΙΟ ΑΛΠΟΧΩΡΙΟΥ ΠΥΡΓΟΥ,21.375663,37.733237
375,ΔΗΜΟΤΙΚΟ ΣΧΟΛΕΙΟ ΜΙΡΑΚΑΣ ΠΥΡΓΟΥ,21.655208,37.643633
376,ΔΗΜΟΤΙΚΟ ΣΧΟΛΕΙΟ ΚΑΜΕΝΗΣ ΠΥΡΓΟΥ,21.728969,37.652341
377,ΔΗΜΟΤΙΚΟ ΣΧΟΛΕΙΟ ΚΟΛΟΚΥΘΑ,,
378,ΔΗΜΟΤΙΚΟ ΣΧΟΛΕΙΟ ΣΑΒΑΛΙΩΝ,21.287528,37.810041
379,ΔΗΜΟΤΙΚΟ ΣΧΟΛΕΙΟ ΑΜΠΕΛΩΝΟΣ ΠΥΡΓΟΥ,21.466137,37.727258
380,ΔΗΜΟΤΙΚΟ ΣΧΟΛΕΙΟ ΧΑΒΑΡΙΟΥ,21.382937,37.847684
381,ΔΗΜΟΤΙΚΟ ΣΧΟΛΕΙΟ ΣΙΜΟΠΟΥΛΟΥ,21.570861,37.849587
382,ΔΗΜΟΤΙΚΟ ΣΧΟΛΕΙΟ ΑΝΔΡΑΒΙΔΑΣ ΛΕΧΑΙΝΩΝ,21.270072,37.905538
383,ΔΗΜΟΤΙΚΟ ΣΧΟΛΕΙΟ ΣΩΣΤΙΟΥ,21.349014,37.86661
384,ΔΗΜΟΤΙΚΟ ΣΧΟΛΕΙΟ ΡΟΥΠΑΚΙΟΥ,21.32529,37.863877
385,10ο ΔΗΜΟΤΙΚΟ ΣΧΟΛΕΙΟ ΠΥΡΓΟΥ,21.430756,37.675569
386,1ο ΔΗΜΟΤΙΚΟ ΣΧΟΛΕΙΟ ΓΑΣΤΟΥΝΗΣ,21.245798,37.846788
387,2ο ΔΗΜΟΤΙΚΟ ΣΧΟΛΕΙΟ ΑΜΑΛΙΑΔΑΣ,21.344271,37.796724
388,1ο ΔΗΜΟΤΙΚΟ ΣΧΟΛΕΙΟ ΑΜΑΛΙΑΔΑΣ,21.353008,37.7899
389,5ο ΔΗΜΟΤΙΚΟ ΣΧΟΛΕΙΟ ΑΜΑΛΙΑΔΑΣ,21.356871,37.797984
390,4ο ΔΗΜΟΤΙΚΟ ΣΧΟΛΕΙΟ ΑΜΑΛΙΑΔΑΣ,21.349091,37.799527
391,3ο ΔΗΜΟΤΙΚΟ ΣΧΟΛΕΙΟ ΑΜΑΛΙΑΔΑΣ,21.357105,37.794163
392,2ο ΔΗΜΟΤΙΚΟ ΣΧΟΛΕΙΟ ΓΑΣΤΟΥΝΗΣ,21.245682,37.846874
393,ΔΗΜΟΤΙΚΟ ΣΧΟΛΕΙΟ ΑΓΙΑΣ ΤΡΙΑΔΑΣ,,
394,ΔΗΜΟΤΙΚΟ ΣΧΟΛΕΙΟ ΑΓΙΟΥ ΔΗΜΗΤΡΙΟΥ,21.409131,37.897274
395,6ο ΔΗΜΟΤΙΚΟ ΣΧΟΛΕΙΟ ΑΜΑΛΙΑΔΑΣ,21.356102,37.790568
396,ΔΗΜΟΤΙΚΟ ΣΧΟΛΕΙΟ ΚΑΤΩ ΠΑΝΑΓΙΟΥ ΛΕΧΑΙΝΩΝ,21.146947,37.927586
397,ΔΗΜΟΤΙΚΟ ΣΧΟΛΕΙΟ ΚΑΠΕΛΕΤΟΥ ΛΕΧΑΙΝΩΝ,21.362818,37.995935
398,ΔΗΜΟΤΙΚΟ ΣΧΟΛΕΙΟ ΚΑΤΩ ΧΩΡΙΟΥ ΙΕΡΑΠΕΤΡΑΣ,25.794411,35.05675
399,ΔΗΜΟΤΙΚΟ ΣΧΟΛΕΙΟ ΑΓΙΟΥ ΙΩΑΝΝΟΥ ΠΥΡΓΟΥ,21.387851,37.678303
400,8ο ΔΗΜΟΤΙΚΟ ΣΧΟΛΕΙΟ ΠΥΡΓΟΥ,,
401,6ο ΔΗΜΟΤΙΚΟ ΣΧΟΛΕΙΟ ΠΥΡΓΟΥ,,
402,ΔΗΜΟΤΙΚΟ ΣΧΟΛΕΙΟ ΒΕΛΑΝΙΔΙΟΥ ΑΜΑΛΙΑΔΑΣ,21.509309,37.888089
403,ΔΗΜΟΤΙΚΟ ΣΧΟΛΕΙΟ ΚΟΛΙΡΙΟΥ ΠΥΡΓΟΥ,21.476528,37.68625
404,ΔΗΜΟΤΙΚΟ ΣΧΟΛΕΙΟ ΑΝΩ ΚΟΥΡΤΕΣΙΟΥ ΛΕΧΑΙΝΩΝ,21.328986,37.965474
405,ΔΗΜΟΤΙΚΟ ΣΧΟΛΕΙΟ ΞΗΡΟΧΩΡΙΟΥ ΟΛΥΜΠΙΑΣ,21.65525,37.507817
406,2ο ΔΗΜΟΤΙΚΟ ΣΧΟΛΕΙΟ ΠΥΡΓΟΥ,21.437096,37.670193
407,ΔΗΜΟΤΙΚΟ ΣΧΟΛΕΙΟ ΜΑΚΡΙΣΙΩΝ ΟΛΥΜΠΙΑΣ,21.605875,37.608355
408,ΔΗΜΟΤΙΚΟ ΣΧΟΛΕΙΟ ΛΕΠΡΕΟΥ ΟΛΥΜΠΙΑΣ,21.722887,37.436071
409,ΔΗΜΟΤΙΚΟ ΣΧΟΛΕΙΟ ΚΡΕΣΤΕΝΩΝ ΟΛΥΜΠΙΑΣ,21.621738,37.59296
410,ΔΗΜΟΤΙΚΟ ΣΧΟΛΕΙΟ ΠΛΑΤΙΑΝΗΣ ΟΛΥΜΠΙΑΣ,21.757857,37.545297
411,ΔΗΜΟΤΙΚΟ ΣΧΟΛΕΙΟ ΝΕΟΧΩΡΙΟΥ ΛΕΧΑΙΝΩΝ,21.204412,37.90521
412,ΔΗΜΟΤΙΚΟ ΣΧΟΛΕΙΟ ΠΟΜΠΙΑΣ,24.868546,35.008797
413,ΔΗΜΟΤΙΚΟ ΣΧΟΛΕΙΟ ΑΓΙΟΥ ΓΕΩΡΓΙΟΥ ΠΥΡΓΟΥ ΠΥΡΓΟΥ,,
414,7ο ΔΗΜΟΤΙΚΟ ΣΧΟΛΕΙΟ ΠΥΡΓΟΥ,,
415,ΔΗΜΟΤΙΚΟ ΣΧΟΛΕΙΟ ΚΑΣΤΡΟΥ ΛΕΧΑΙΝΩΝ,21.139544,37.890154
416,ΔΗΜΟΤΙΚΟ ΣΧΟΛΕΙΟ ΚΑΒΑΣΙΛΩΝ ΛΕΧΑΙΝΩΝ,21.266409,37.875871
417,ΔΗΜΟΤΙΚΟ ΣΧΟΛΕΙΟ ΨΑΡΙ ΛΕΧΑΙΝΩΝ,,
418,ΔΗΜΟΤΙΚΟ ΣΧΟΛΕΙΟ ΚΕΝΤΡΟΥ,21.448007,37.897151
419,1ο ΔΗΜΟΤΙΚΟ ΣΧΟΛΕΙΟ ΠΥΡΓΟΥ,21.425754,37.669865
420,ΔΗΜΟΤΙΚΟ ΣΧΟΛΕΙΟ ΚΟΥΡΤΕΣΙΟΥ,21.328976,37.96546
421,ΔΗΜΟΤΙΚΟ ΣΧΟΛΕΙΟ ΝΕΑΣ ΜΑΝΟΛΑΔΑΣ ΛΕΧΑΙΝΩΝ,21.38499,38.052188
422,ΔΗΜΟΤΙΚΟ ΣΧΟΛΕΙΟ ΝΕΑΠΟΛΗΣ ΛΕΧΑΙΝΩΝ,21.417374,38.017094
423,ΔΗΜΟΤΙΚΟ ΣΧΟΛΕΙΟ ΜΥΡΣΙΝΗΣ ΛΕΧΑΙΝΩΝ,21.237161,37.920996
424,ΔΗΜΟΤΙΚΟ ΣΧΟΛΕΙΟ ΜΠΟΡΣΙΟΥ ΛΕΧΑΙΝΩΝ,,
425,ΔΗΜΟΤΙΚΟ ΣΧΟΛΕΙΟ ΚΑΙΑΦΑ ΟΛΥΜΠΙΑΣ,,
426,ΔΗΜΟΤΙΚΟ ΣΧΟΛΕΙΟ ΦΩΛΕΑΣ ΜΕΙΟΝΟΤΙΚΟ,,
427,ΔΗΜΟΤΙΚΟ ΣΧΟΛΕΙΟ ΚΥΛΛΗΝΗΣ ΛΕΧΑΙΝΩΝ,21.144102,37.932299
428,ΔΗΜΟΤΙΚΟ ΣΧΟΛΕΙΟ ΒΥΤΙΝΕΙΚΩΝ ΠΥΡΓΟΥ,21.388475,37.682414
429,ΔΗΜΟΤΙΚΟ ΣΧΟΛΕΙΟ ΒΑΡΔΑΣ ΛΕΧΑΙΝΩΝ,21.364201,38.03167
430,ΔΗΜΟΤΙΚΟ ΣΧΟΛΕΙΟ ΚΟΥΜΑΝΗ ΠΥΡΓΟΥ,21.759373,37.789209
431,ΔΗΜΟΤΙΚΟ ΣΧΟΛΕΙΟ ΒΑΡΒΑΣΑΙΝΑΣ ΠΥΡΓΟΥ,21.501719,37.669692
432,ΔΗΜΟΤΙΚΟ ΣΧΟΛΕΙΟ ΩΛΕΝΗΣ ΠΥΡΓΟΥ,,
433,ΔΗΜΟΤΙΚΟ ΣΧΟΛΕΙΟ ΧΑΝΑΚΙΩΝ ΠΥΡΓΟΥ,21.390579,37.737825
434,ΔΗΜΟΤΙΚΟ ΣΧΟΛΕΙΟ ΑΝΤΙΡΡΙΟΥ,21.762593,38.333629
435,4ο ΔΗΜΟΤΙΚΟ ΣΧΟΛΕΙΟ ΝΑΥΠΑΚΤΟΥ,,
436,ΔΗΜΟΤΙΚΟ ΣΧΟΛΕΙΟ ΚΑΜΠΟΥ ΣΤΡΑΝΩΜΑΣ,,
437,ΔΗΜΟΤΙΚΟ ΣΧΟΛΕΙΟ ΠΕΡΔΙΚΑΚΙΟΥ ΑΜΦΙΛΟΧ,21.367105,39.049642
438,7ο ΔΗΜΟΤΙΚΟ ΣΧΟΛΕΙΟ ΝΑΥΠΑΚΤΟΥ,,
439,ΔΗΜΟΤΙΚΟ ΣΧΟΛΕΙΟ ΠΟΡΠΗΣ ΜΕΙΟΝΟΤΙΚΟ,,
440,ΔΗΜΟΤΙΚΟ ΣΧΟΛΕΙΟ ΧΑΛΙΚΙΟΥ ΑΙΤΩΛΙΚΟΥ ΜΕΣΟΛ,,
441,3ο ΔΗΜΟΤΙΚΟ ΣΧΟΛΕΙΟ ΑΙΤΩΛΙΚΟΥ,,
442,ΔΗΜΟΤΙΚΟ ΣΧΟΛΕΙΟ ΣΚΑΛΑΣ,21.843562,38.421749
443,ΔΗΜΟΤΙΚΟ ΣΧΟΛΕΙΟ ΡΗΓΑΝΙΟΥ,21.760506,38.424124
444,ΔΗΜΟΤΙΚΟ ΣΧΟΛΕΙΟ ΠΑΠΑΔΑΤΟΥ ΞΗΡΟΜΕΡΟΥ,21.173194,38.708091
445,ΔΗΜΟΤΙΚΟ ΣΧΟΛΕΙΟ ΡΙΒΙΟΥ ΞΗΡΟΜΕΡΟΥ,,
446,ΔΗΜΟΤΙΚΟ ΣΧΟΛΕΙΟ ΑΓΙΟΥ ΒΛΑΣΙΟΥ,,
447,ΔΗΜΟΤΙΚΟ ΣΧΟΛΕΙΟ ΜΙΚΡΟΥ ΔΟΥΚΑΤΟΥ ΜΕΙΟΝΟΤΙΚΟ,,
448,ΔΗΜΟΤΙΚΟ ΣΧΟΛΕΙΟ ΠΑΤΡΑΣ ΕΙΔΙΚΟ ΠΙΚΠΑ,,
449,ΔΗΜΟΤΙΚΟ ΣΧΟΛΕΙΟ ΠΑΓΟΥΡΙΩΝ ΜΕΙΟΝΟΤΙΚΟ,,
450,2ο ΔΗΜΟΤΙΚΟ ΣΧΟΛΕΙΟ ΚΑΛΛΥΝΤΗΡΙΟΥ ΜΕΙΟΝΟΤΙΚΟ,,
451,ΔΗΜΟΤΙΚΟ ΣΧΟΛΕΙΟ ΠΛΑΤΑΝΟΥ ΠΥΡΓΟΥ,21.610469,37.665161
452,ΔΗΜΟΤΙΚΟ ΣΧΟΛΕΙΟ ΑΛΦΕΙΟΥΣΗΣ ΟΛΥΜΠΙΑΣ,21.541044,37.639841
453,ΔΗΜΟΤΙΚΟ ΣΧΟΛΕΙΟ ΚΟΥΤΣΟΧΕΡΙΟΥ ΜΕΣΟΛΟΓΓΙΟΥ,,
454,ΔΗΜΟΤΙΚΟ ΣΧΟΛΕΙΟ ΤΡΑΓΑΝΟΥ ΛΕΧΑΙΝΩΝ,,
455,ΔΗΜΟΤΙΚΟ ΣΧΟΛΕΙΟ ΚΛΕΠΑ,21.899005,38.678492
456,ΔΗΜΟΤΙΚΟ ΣΧΟΛΕΙΟ ΣΤΡΕΦΙΟΥ ΠΥΡΓΟΥ,21.551387,37.666451
457,1ο ΔΗΜΟΤΙΚΟ ΣΧΟΛΕΙΟ ΚΑΛΧΑΝΤΟΣ ΜΕΙΟΝΟΤΙΚΟ,25.46512,41.139391
458,ΔΗΜΟΤΙΚΟ ΣΧΟΛΕΙΟ ΜΑΜΟΥΛΑΔΑΣ,21.802136,38.403717
459,3ο ΔΗΜΟΤΙΚΟ ΣΧΟΛΕΙΟ ΝΕΑΠΟΛΗΣ,,
460,ΔΗΜΟΤΙΚΟ ΣΧΟΛΕΙΟ ΣΤΡΟΥΣΙΟΥ ΛΕΧΑΙΝΩΝ,21.23936,37.90987
461,ΔΗΜΟΤΙΚΟ ΣΧΟΛΕΙΟ ΚΑΤΩ ΣΑΜΙΚΟΥ ΟΛΥΜΠΙΑΣ,21.601869,37.539023
462,ΔΗΜΟΤΙΚΟ ΣΧΟΛΕΙΟ ΚΟΥΤΣΟΧΕΡΑΣ ΠΥΡΓΟΥ,21.531322,37.790376
463,ΔΗΜΟΤΙΚΟ ΣΧΟΛΕΙΟ ΔΑΦΝΗΣ ΛΕΧΑΙΝΩΝ,,
464,2ο ΔΗΜΟΤΙΚΟ ΣΧΟΛΕΙΟ ΜΕΣΟΛΟΓΓΙΟΥ ΕΙΔΙΚΟ,,
465,ΔΗΜΟΤΙΚΟ ΣΧΟΛΕΙΟ ΚΑΤΣΑΡΟΥ ΠΥΡΓΟΥ,21.419387,37.720699
466,ΔΗΜΟΤΙΚΟ ΣΧΟΛΕΙΟ ΚΑΛΛΙΘΕΑΣ ΟΛΥΜΠΙΑΣ,21.824156,37.550542
467,2ο ΔΗΜΟΤΙΚΟ ΣΧΟΛΕΙΟ ΛΕΧΑΙΝΩΝ,21.261436,37.937365
468,1ο ΔΗΜΟΤΙΚΟ ΣΧΟΛΕΙΟ ΛΕΧΑΙΝΩΝ,21.26144,37.937515
469,6ο ΔΗΜΟΤΙΚΟ ΣΧΟΛΕΙΟ ΝΑΥΠΑΚΤΟΥ,,
470,ΔΗΜΟΤΙΚΟ ΣΧΟΛΕΙΟ ΝΕΑΣ ΦΥΓΑΛΕΙΑΣ ΟΛΥΜΠΙΑΣ,21.773125,37.438817
471,ΔΗΜΟΤΙΚΟ ΣΧΟΛΕΙΟ ΛΥΣΙΜΑΧΙΑΣ ΜΕΣΟΛΟΓΓΙΟΥ,21.337849,38.544412
472,ΔΗΜΟΤΙΚΟ ΣΧΟΛΕΙΟ ΚΑΤΩ ΚΛΕΙΣΟΡΡΕΥΜΑΤΩΝ ΜΕΣΟΛ,21.378274,38.54131
473,2ο ΔΗΜΟΤΙΚΟ ΣΧΟΛΕΙΟ ΚΑΛΧΑΝΤΟΣ ΜΕΙΟΝΟΤΙΚΟ,25.465117,41.139255
474,ΔΗΜΟΤΙΚΟ ΣΧΟΛΕΙΟ ΓΡΑΜΜΑΤΙΚΟΥΣ ΜΕΣΟΛΟΓΓΙΟΥ,,
475,ΔΗΜΟΤΙΚΟ ΣΧΟΛΕΙΟ ΔΙΑΣΕΛΛΩΝ ΟΛΥΜΠΙΑΣ,21.737678,37.578003
476,ΔΗΜΟΤΙΚΟ ΣΧΟΛΕΙΟ ΚΑΛΑΜΟΚΑΣΤΡΟΥ ΜΕΙΟΝΟΤΙΚΟ,,
477,ΔΗΜΟΤΙΚΟ ΣΧΟΛΕΙΟ ΚΑΡΑΙΪΚΩΝ,,
478,ΔΗΜΟΤΙΚΟ ΣΧΟΛΕΙΟ ΦΛΟΚΑ ΠΥΡΓΟΥ,21.614473,37.644881
479,ΔΗΜΟΤΙΚΟ ΣΧΟΛΕΙΟ ΓΙΑΝΝΙΤΣΟΧΩΡΙΟΥ ΟΛΥΜΠΙΑΣ,21.687664,37.39192
480,ΔΗΜΟΤΙΚΟ ΣΧΟΛΕΙΟ ΑΜΒΡΟΣΙΑΣ ΜΕΙΟΝΟΤΙΚΟ 2Θ,25.235575,41.087773
481,ΔΗΜΟΤΙΚΟ ΣΧΟΛΕΙΟ ΦΑΣΚΟΜΗΛΙΑΣ ΟΛΥΜΠΙΑΣ,,
482,ΔΗΜΟΤΙΚΟ ΣΧΟΛΕΙΟ ΝΗΣΙΟΥ ΛΕΧΑΙΝΩΝ,21.420147,37.983915
483,ΔΗΜΟΤΙΚΟ ΣΧΟΛΕΙΟ ΚΑΜΠΟΥ ΒΑΛΤΟΥ,,
484,ΔΗΜΟΤΙΚΟ ΣΧΟΛΕΙΟ ΑΓΙΟΥ ΝΙΚΟΛΑΟΥ,20.804494,38.868734
485,ΔΗΜΟΤΙΚΟ ΣΧΟΛΕΙΟ ΜΕΓΑΛΟΥ ΔΟΥΚΑΤΟΥ ΜΕΙΟΝΟΤΙΚΟ,,
486,ΔΗΜΟΤΙΚΟ ΣΧΟΛΕΙΟ ΣΠΑΡΤΟΥ ΑΜΦΙΛΟΧ,21.110549,38.900213
487,ΔΗΜΟΤΙΚΟ ΣΧΟΛΕΙΟ ΣΑΡΓΙΑΔΑΣ ΤΡΙΧΩΝΙΔΑΣ,21.414649,38.767538
488,ΔΗΜΟΤΙΚΟ ΣΧΟΛΕΙΟ ΘΥΡΙΟΥ,20.984068,38.857688
489,ΔΗΜΟΤΙΚΟ ΣΧΟΛΕΙΟ ΖΑΧΑΡΩΣ,21.650443,37.485303
490,1ο ΔΗΜΟΤΙΚΟ ΣΧΟΛΕΙΟ ΜΑΚΥΝΕΙΑΣ,,
491,ΔΗΜΟΤΙΚΟ ΣΧΟΛΕΙΟ ΠΡΟΦΗΤΗ ΗΛΙΑ,,
492,ΔΗΜΟΤΙΚΟ ΣΧΟΛΕΙΟ ΠΛΑΤΑΝΙΤΟΥ ΝΑΥΠΑΚΤΙ,,
493,10ο ΔΗΜΟΤΙΚΟ ΣΧΟΛΕΙΟ ΑΓΡΙΝΙΟΥ,21.413627,38.623054
494,ΔΗΜΟΤΙΚΟ ΣΧΟΛΕΙΟ ΞΗΡΟΠΗΓΑΔΟΥ ΝΑΥΠΑΚΤΙ,21.862077,38.401134
495,ΔΗΜΟΤΙΚΟ ΣΧΟΛΕΙΟ ΠΟΤΑΜΙΑΣ ΑΜΦΙΛΟΧ,,
496,ΔΗΜΟΤΙΚΟ ΣΧΟΛΕΙΟ ΛΑΛΑ ΠΥΡΓΟΥ,21.720548,37.70966
497,ΔΗΜΟΤΙΚΟ ΣΧΟΛΕΙΟ ΔΡΥΜΟΥ ΑΜΦΙΛΟΧ,21.021155,38.881004
498,1ο ΔΗΜΟΤΙΚΟ ΣΧΟΛΕΙΟ ΒΟΝΙΤΣΑΣ,20.883443,38.916531
499,ΔΗΜΟΤΙΚΟ ΣΧΟΛΕΙΟ ΠΑΛ. ΚΑΛΛΙΣΤΗΣ ΜΕΙΟΝΟΤΙΚΟ,25.214594,41.033624
500,ΔΗΜΟΤΙΚΟ ΣΧΟΛΕΙΟ ΤΡΙΚΛΙΝΟΥ ΑΜΦΙΛΟΧ,21.444625,38.971833
501,ΔΗΜΟΤΙΚΟ ΣΧΟΛΕΙΟ ΠΑΛΛΑΔΙΟΥ ΜΕΙΟΝΟΤΙΚΟ,,
502,ΔΗΜΟΤΙΚΟ ΣΧΟΛΕΙΟ ΑΝΔΡΙΤΣΑΙΝΗΣ ΟΛΥΜΠΙΑΣ,21.905928,37.48333
503,ΔΗΜΟΤΙΚΟ ΣΧΟΛΕΙΟ ΑΙΓΩΝ ΑΙΓΙΑΛΕΙΑΣ,22.362627,38.101276
504,ΔΗΜΟΤΙΚΟ ΣΧΟΛΕΙΟ ΡΙΟΥ ΠΑΤΡΑΣ,21.781956,38.300043
505,8ο ΔΗΜΟΤΙΚΟ ΣΧΟΛΕΙΟ ΑΙΓΙΟΥ,,
506,9ο ΔΗΜΟΤΙΚΟ ΣΧΟΛΕΙΟ ΑΙΓΙΟΥ,22.077388,38.249387
507,ΔΗΜΟΤΙΚΟ ΣΧΟΛΕΙΟ ΑΓΙΟΥ ΒΑΣΙΛΕΙΟΥ,21.818789,38.311995
508,49ο ΔΗΜΟΤΙΚΟ ΣΧΟΛΕΙΟ ΠΑΤΡΑΣ,21.759714,38.276332
509,7ο ΔΗΜΟΤΙΚΟ ΣΧΟΛΕΙΟ ΑΙΓΙΟΥ,,
510,6ο ΔΗΜΟΤΙΚΟ ΣΧΟΛΕΙΟ ΑΙΓΙΟΥ,,
511,5ο ΔΗΜΟΤΙΚΟ ΣΧΟΛΕΙΟ ΑΙΓΙΟΥ,,
512,ΔΗΜΟΤΙΚΟ ΣΧΟΛΕΙΟ ΑΙΓΕΙΡΑΣ ΑΙΓΙΑΛΕΙΑΣ,22.35041,38.146723
513,4ο ΔΗΜΟΤΙΚΟ ΣΧΟΛΕΙΟ ΑΙΓΙΟΥ,22.073406,38.248465
514,2ο ΔΗΜΟΤΙΚΟ ΣΧΟΛΕΙΟ ΚΕΚΡΟΠΙΑΣ,,
515,2ο ΔΗΜΟΤΙΚΟ ΣΧΟΛΕΙΟ ΘΕΣΤΙΕΩΝ,,
516,16ο ΔΗΜΟΤΙΚΟ ΣΧΟΛΕΙΟ ΑΓΡΙΝΙΟΥ,21.393398,38.629802
517,3ο ΔΗΜΟΤΙΚΟ ΣΧΟΛΕΙΟ ΑΜΦΙΛΟΧΙΑΣ,21.162018,38.8603
518,ΔΗΜΟΤΙΚΟ ΣΧΟΛΕΙΟ ΛΥΓΙΑ,21.853597,38.408379
519,2ο ΔΗΜΟΤΙΚΟ ΣΧΟΛΕΙΟ ΒΟΝΙΤΣΑΣ,20.883427,38.916514
520,ΔΗΜΟΤΙΚΟ ΣΧΟΛΕΙΟ ΛΕΥΚΑΣΙΟΥ ΚΑΛΑΒΡΥΤΩΝ,,
521,34ο ΔΗΜΟΤΙΚΟ ΣΧΟΛΕΙΟ ΠΑΤΡΑΣ,21.750352,38.259768
522,48ο ΔΗΜΟΤΙΚΟ ΣΧΟΛΕΙΟ ΠΑΤΡΑΣ,21.744278,38.26576
523,59ο ΔΗΜΟΤΙΚΟ ΣΧΟΛΕΙΟ ΠΑΤΡΑΣ,,
524,7ο ΔΗΜΟΤΙΚΟ ΣΧΟΛΕΙΟ ΠΑΤΡΑΣ,21.739024,38.24545
525,50ο ΔΗΜΟΤΙΚΟ ΣΧΟΛΕΙΟ ΠΑΤΡΑΣ,21.753472,38.266454
526,4ο ΔΗΜΟΤΙΚΟ ΣΧΟΛΕΙΟ ΠΑΤΡΑΣ,21.735481,38.239622
527,40ο ΔΗΜΟΤΙΚΟ ΣΧΟΛΕΙΟ ΠΑΤΡΑΣ,21.768965,38.278242
528,19ο ΔΗΜΟΤΙΚΟ ΣΧΟΛΕΙΟ ΑΓΡΙΝΙΟΥ,21.406099,38.62825
529,ΔΗΜΟΤΙΚΟ ΣΧΟΛΕΙΟ ΔΡΕΠΑΝΟΥ ΠΑΤΡΑΣ,21.855272,38.317577
530,ΔΗΜΟΤΙΚΟ ΣΧΟΛΕΙΟ ΡΟΔΙΑΣ ΑΙΓΙΑΛΕΙΑΣ,22.157642,38.204506
531,ΔΗΜΟΤΙΚΟ ΣΧΟΛΕΙΟ ΚΑΤΩ ΚΑΣΤΡΙΤΣΙΟΥ,21.802646,38.288305
532,ΔΗΜΟΤΙΚΟ ΣΧΟΛΕΙΟ ΠΑΤΡΑΣ ΕΙΔΙΚΟ ΤΥΦΛΩΝ,,
533,3ο ΔΗΜΟΤΙΚΟ ΣΧΟΛΕΙΟ ΚΑΤΩ ΑΧΑΪΑΣ,21.541727,38.14242
534,ΔΗΜΟΤΙΚΟ ΣΧΟΛΕΙΟ ΡΟΔΟΔΑΦΝΗΣ ΑΙΓΙΑΛΕΙΑΣ,22.049327,38.264061
535,ΔΗΜΟΤΙΚΟ ΣΧΟΛΕΙΟ ΑΒΥΘΟΥ ΑΙΓΙΑΛΕΙΑΣ,,
536,2ο ΔΗΜΟΤΙΚΟ ΣΧΟΛΕΙΟ ΝΕΟΧΩΡΙΟΥ ΜΕΣΟΛΟΓΓΙΟΥ,21.276067,38.406677
537,ΔΗΜΟΤΙΚΟ ΣΧΟΛΕΙΟ ΛΕΧΑΙΝΩΝ ΕΙΔΙΚΟ,,
538,ΔΗΜΟΤΙΚΟ ΣΧΟΛΕΙΟ ΣΕΛΙΑΝΙΤΙΚΩΝ ΑΙΓΙΑΛΕΙΑΣ,22.026873,38.278009
539,ΔΗΜΟΤΙΚΟ ΣΧΟΛΕΙΟ ΝΙΚΟΛΕΙΚΩΝ ΑΙΓΙΑΛΕΙΑΣ,22.142829,38.203938
540,ΔΗΜΟΤΙΚΟ ΣΧΟΛΕΙΟ ΜΕΛΙΣΣΙΩΝ ΑΙΓΙΑΛΕΙΑΣ,22.063643,38.182769
541,ΔΗΜΟΤΙΚΟ ΣΧΟΛΕΙΟ ΜΑΥΡΙΚΙΟΥ ΑΙΓΙΑΛΕΙΑΣ,22.064799,38.207183
542,ΔΗΜΟΤΙΚΟ ΣΧΟΛΕΙΟ ΛΟΓΓΟΥ ΑΙΓΙΑΛΕΙΑΣ,22.018282,38.294195
543,ΔΗΜΟΤΙΚΟ ΣΧΟΛΕΙΟ ΚΡΗΝΗΣ ΑΙΓΙΟΥ,21.958893,38.189214
544,4ο ΔΗΜΟΤΙΚΟ ΣΧΟΛΕΙΟ ΠΑΤΡΑΣ ΕΙΔΙΚΟ,21.744243,38.235123
545,ΔΗΜΟΤΙΚΟ ΣΧΟΛΕΙΟ ΣΚΕΠΑΣΤΟΥ ΚΑΛΑΒΡΥΤΩΝ,22.073646,38.040393
546,1ο ΔΗΜΟΤΙΚΟ ΣΧΟΛΕΙΟ ΑΙΓΙΟΥ ΕΙΔΙΚΟ,,
547,68ο ΔΗΜΟΤΙΚΟ ΣΧΟΛΕΙΟ ΠΑΤΡΑΣ,21.721589,38.221304
548,66ο ΔΗΜΟΤΙΚΟ ΣΧΟΛΕΙΟ ΠΑΤΡΑΣ,21.741721,38.256639
549,ΔΗΜΟΤΙΚΟ ΣΧΟΛΕΙΟ ΜΕΛΕΤΗΣ ΜΕΙΟΝΟΤΙΚΟ,,
550,67ο ΔΗΜΟΤΙΚΟ ΣΧΟΛΕΙΟ ΠΑΤΡΑΣ,21.731701,38.219459
551,70ο ΔΗΜΟΤΙΚΟ ΣΧΟΛΕΙΟ ΠΑΤΡΑΣ ΕΛΕΚΙΣΤΡΑΣ,,
552,69ο ΔΗΜΟΤΙΚΟ ΣΧΟΛΕΙΟ ΠΑΤΡΩΝ,,
553,2ο ΔΗΜΟΤΙΚΟ ΣΧΟΛΕΙΟ ΑΚΡΑΤΑΣ,22.315177,38.151457
554,21ο ΔΗΜΟΤΙΚΟ ΣΧΟΛΕΙΟ ΑΓΡΙΝΙΟΥ,21.410697,38.61937
555,65ο ΔΗΜΟΤΙΚΟ ΣΧΟΛΕΙΟ ΠΑΤΡΑΣ,,
556,19ο ΔΗΜΟΤΙΚΟ ΣΧΟΛΕΙΟ ΠΑΤΡΑΣ,21.727432,38.23537
557,1ο ΔΗΜΟΤΙΚΟ ΣΧΟΛΕΙΟ ΒΑΚΚΟΥ ΜΕΙΟΝΟΤΙΚΟ,,
558,52ο ΔΗΜΟΤΙΚΟ ΣΧΟΛΕΙΟ ΠΑΤΡΑΣ,21.722684,38.21206
559,5ο ΔΗΜΟΤΙΚΟ ΣΧΟΛΕΙΟ ΠΑΤΡΑΣ,21.732491,38.236732
560,47ο ΔΗΜΟΤΙΚΟ ΣΧΟΛΕΙΟ ΠΑΤΡΑΣ,21.72539,38.217702
561,ΔΗΜΟΤΙΚΟ ΣΧΟΛΕΙΟ ΑΠΙΔΕΩΝΑ,21.427633,38.074339
562,24ο ΔΗΜΟΤΙΚΟ ΣΧΟΛΕΙΟ ΠΑΤΡΑΣ,21.731493,38.219155
563,ΔΗΜΟΤΙΚΟ ΣΧΟΛΕΙΟ ΑΡΛΑΣ,21.600356,38.055354
564,3ο ΔΗΜΟΤΙΚΟ ΣΧΟΛΕΙΟ ΠΑΤΡΑΣ,21.736772,38.241208
565,22ο ΔΗΜΟΤΙΚΟ ΣΧΟΛΕΙΟ ΠΑΤΡΑΣ,,
566,ΔΗΜΟΤΙΚΟ ΣΧΟΛΕΙΟ ΠΑΜΦΟΡΟΥ ΜΕΙΟΝΟΤΙΚΟ,,
567,ΔΗΜΟΤΙΚΟ ΣΧΟΛΕΙΟ ΠΛΑΚΑΣ ΚΑΛΑΒΡΥΤΩΝ,21.867443,37.917094
568,ΔΗΜΟΤΙΚΟ ΣΧΟΛΕΙΟ ΠΕΤΣΑΚΩΝ ΚΑΛΑΒΡΥΤΩΝ,22.041819,38.095057
569,ΔΗΜΟΤΙΚΟ ΣΧΟΛΕΙΟ ΦΥΛΑΚΑ ΜΕΙΟΝΟΤΙΚΟ,,
570,36ο ΔΗΜΟΤΙΚΟ ΣΧΟΛΕΙΟ ΠΑΤΡΑΣ,,
571,ΔΗΜΟΤΙΚΟ ΣΧΟΛΕΙΟ ΑΡΑΞΟΥ,21.409733,38.165543
572,ΔΗΜΟΤΙΚΟ ΣΧΟΛΕΙΟ ΣΤΥΛΑΡΙΟΥ ΜΕΙΟΝΟΤΙΚΟ,,
573,2ο ΔΗΜΟΤΙΚΟ ΣΧΟΛΕΙΟ ΑΙΓΙΟΥ,,
574,ΔΗΜΟΤΙΚΟ ΣΧΟΛΕΙΟ ΜΑΝΕΣΙΟΥ ΚΑΛΑΒΡΥΤΩΝ,,
575,ΔΗΜΟΤΙΚΟ ΣΧΟΛΕΙΟ ΒΡΥΣΑΡΙΟΥ ΚΑΛΑΒΡΥΤΩΝ,22.11843,38.027073
576,ΔΗΜΟΤΙΚΟ ΣΧΟΛΕΙΟ ΤΥΧΗΡΟΥ ΜΕΙΟΝΟΤΙΚΟ,,
577,ΔΗΜΟΤΙΚΟ ΣΧΟΛΕΙΟ ΚΕΡΠΙΝΗΣ ΚΑΛΑΒΡΥΤΩΝ,,
578,ΔΗΜΟΤΙΚΟ ΣΧΟΛΕΙΟ ΛΟΥΣΩΝ ΚΑΛΑΒΡΥΤΩΝ,22.141547,38.000636
579,ΔΗΜΟΤΙΚΟ ΣΧΟΛΕΙΟ ΟΜΗΡΙΚΟΥ ΜΕΙΟΝΟΤΙΚΟ,,
580,ΔΗΜΟΤΙΚΟ ΣΧΟΛΕΙΟ ΚΑΛΑΒΡΥΤΩΝ ΚΑΛΑΒΡΥΤΩΝ,22.113208,38.027863
581,ΔΗΜΟΤΙΚΟ ΣΧΟΛΕΙΟ ΒΛΑΣΙΑΣ ΚΑΛΑΒΡΥΤΩΝ,21.908296,37.999097
582,ΔΗΜΟΤΙΚΟ ΣΧΟΛΕΙΟ ΤΕΜΕΝΗΣ ΑΙΓΙΑΛΕΙΑΣ,22.122686,38.234672
583,ΔΗΜΟΤΙΚΟ ΣΧΟΛΕΙΟ ΙΣΑΛΟΥ ΜΕΙΟΝΟΤΙΚΟ,,
584,2ο ΔΗΜΟΤΙΚΟ ΣΧΟΛΕΙΟ ΒΑΚΚΟΥ ΜΕΙΟΝΟΤΙΚΟ,,
585,1ο ΔΗΜΟΤΙΚΟ ΣΧΟΛΕΙΟ ΑΙΓΙΟΥ,22.088238,38.248584
586,ΔΗΜΟΤΙΚΟ ΣΧΟΛΕΙΟ ΑΓΙΟΥ ΕΥΣΤΡΑΤΙΟΥ,24.990754,39.536214
587,3ο ΔΗΜΟΤΙΚΟ ΣΧΟΛΕΙΟ ΑΚΡΑΤΑΣ,22.314953,38.152549
588,3ο ΔΗΜΟΤΙΚΟ ΣΧΟΛΕΙΟ ΑΙΓΙΟΥ,,
589,ΔΗΜΟΤΙΚΟ ΣΧΟΛΕΙΟ ΒΑΛΙΜΗΤΙΚΩΝ ΑΙΓΙΑΛΕΙΑΣ,22.136759,38.232623
590,ΔΗΜΟΤΙΚΟ ΣΧΟΛΕΙΟ ΑΜΠΕΛΟΚΗΠΩΝ ΑΙΓΙΑΛΕΙΑΣ,22.319322,38.096506
591,1ο ΔΗΜΟΤΙΚΟ ΣΧΟΛΕΙΟ ΑΚΡΑΤΑΣ,22.314947,38.152548
592,ΔΗΜΟΤΙΚΟ ΣΧΟΛΕΙΟ ΒΑΣΙΛΙΚΟΥ ΠΑΤΡΑΣ,,
593,44ο ΔΗΜΟΤΙΚΟ ΣΧΟΛΕΙΟ ΠΑΤΡΑΣ,21.761349,38.221715
594,41ο ΔΗΜΟΤΙΚΟ ΣΧΟΛΕΙΟ ΠΑΤΡΑΣ,21.757628,38.223815
595,21ο ΔΗΜΟΤΙΚΟ ΣΧΟΛΕΙΟ ΠΑΤΡΑΣ,21.750547,38.231356
596,33ο ΔΗΜΟΤΙΚΟ ΣΧΟΛΕΙΟ ΠΑΤΡΑΣ,21.740405,38.22039
597,29ο ΔΗΜΟΤΙΚΟ ΣΧΟΛΕΙΟ ΠΑΤΡΑΣ,21.729258,38.227946
598,39ο ΔΗΜΟΤΙΚΟ ΣΧΟΛΕΙΟ ΠΑΤΡΩΝ,,
599,20ο ΔΗΜΟΤΙΚΟ ΣΧΟΛΕΙΟ ΠΑΤΡΑΣ,21.742604,38.243138
600,53ο ΔΗΜΟΤΙΚΟ ΣΧΟΛΕΙΟ ΠΑΤΡΑΣ,21.733001,38.22655
601,45ο ΔΗΜΟΤΙΚΟ ΣΧΟΛΕΙΟ ΠΑΤΡΑΣ,21.748898,38.211427
602,54ο ΔΗΜΟΤΙΚΟ ΣΧΟΛΕΙΟ ΠΑΤΡΑΣ,21.733001,38.226539
603,2ο ΔΗΜΟΤΙΚΟ ΣΧΟΛΕΙΟ ΟΒΡΥΑΣ,,
604,38ο ΔΗΜΟΤΙΚΟ ΣΧΟΛΕΙΟ ΠΑΤΡΑΣ,21.727163,38.235384
605,17ο ΔΗΜΟΤΙΚΟ ΣΧΟΛΕΙΟ ΠΑΤΡΑΣ,21.742911,38.233499
606,25ο ΔΗΜΟΤΙΚΟ ΣΧΟΛΕΙΟ ΠΑΤΡΑΣ,21.744242,38.235171
607,ΔΗΜΟΤΙΚΟ ΣΧΟΛΕΙΟ ΒΡΑΧΝΑΙΙΚΩΝ,21.669267,38.161682
608,ΔΗΜΟΤΙΚΟ ΣΧΟΛΕΙΟ ΑΝΩ ΑΛΙΣΣΟΥ,21.593344,38.136902
609,ΔΗΜΟΤΙΚΟ ΣΧΟΛΕΙΟ ΙΣΩΜΑΤΟΣ ΠΑΤΡΑΣ,,
610,46ο ΔΗΜΟΤΙΚΟ ΣΧΟΛΕΙΟ ΠΑΤΡΑΣ,21.759302,38.23076
611,ΔΗΜΟΤΙΚΟ ΣΧΟΛΕΙΟ ΕΡΥΜΑΝΘΕΙΑΣ ΠΑΤΡΑΣ,21.72581,37.980111
612,51ο ΔΗΜΟΤΙΚΟ ΣΧΟΛΕΙΟ ΠΑΤΡΑΣ,,
613,8ο ΔΗΜΟΤΙΚΟ ΣΧΟΛΕΙΟ ΠΑΤΡΑΣ,21.740507,38.237879
614,ΔΗΜΟΤΙΚΟ ΣΧΟΛΕΙΟ ΛΥΚΟΥΡΙΑΣ ΚΑΛΑΒΡΥΤΩΝ,22.213518,37.860998
615,ΔΗΜΟΤΙΚΟ ΣΧΟΛΕΙΟ ΠΗΓΑΔΙΩΝ,,
616,ΔΗΜΟΤΙΚΟ ΣΧΟΛΕΙΟ ΜΑΥΡΟΜΑΝΔΗΛΑΣ ΠΑΤΡΑΣ,,
617,1ο ΔΗΜΟΤΙΚΟ ΣΧΟΛΕΙΟ ΟΒΡΥΑΣ,,
618,ΔΗΜΟΤΙΚΟ ΣΧΟΛΕΙΟ ΣΤΑΥΡΟΔΡΟΜΙΟΥ,21.679322,37.934875
619,ΔΗΜΟΤΙΚΟ ΣΧΟΛΕΙΟ ΚΡΗΝΗΣ ΠΑΤΡΑΣ,,
620,ΔΗΜΟΤΙΚΟ ΣΧΟΛΕΙΟ ΔΑΦΝΟΥΛΑΣ ΠΑΤΡΑΣ,,
621,61ο ΔΗΜΟΤΙΚΟ ΣΧΟΛΕΙΟ ΠΑΤΡΑΣ,21.733401,38.216252
622,ΔΗΜΟΤΙΚΟ ΣΧΟΛΕΙΟ ΠΑΤΡΑΣ ΠΕΙΡΑΜΑΤΙΚΟ,,
623,32ο ΔΗΜΟΤΙΚΟ ΣΧΟΛΕΙΟ ΠΑΤΡΑΣ,21.740402,38.220328
624,10ο ΔΗΜΟΤΙΚΟ ΣΧΟΛΕΙΟ ΑΙΓΙΟΥ,,
625,ΔΗΜΟΤΙΚΟ ΣΧΟΛΕΙΟ ΔΕΜΕΝΙΚΩΝ,,
626,ΔΗΜΟΤΙΚΟ ΣΧΟΛΕΙΟ ΠΑΤΡΑΣ ΠΕΙΡΑΜΑΤΙΚΟ,,
627,ΔΗΜΟΤΙΚΟ ΣΧΟΛΕΙΟ ΑΣΚΟΥ ΛΑΓΚΑΔΑ,23.388316,40.743559
628,ΔΗΜΟΤΙΚΟ ΣΧΟΛΕΙΟ ΣΑΡΑΒΑΛΙΟΥ ΠΑΤΡΑΣ,,
629,ΔΗΜΟΤΙΚΟ ΣΧΟΛΕΙΟ ΚΑΒΟΥΣΙΟΥ ΙΕΡΑΠΕΤΡΑΣ,25.858746,35.120655
630,ΔΗΜΟΤΙΚΟ ΣΧΟΛΕΙΟ ΦΑΡΡΩΝ ΠΑΤΡΑΣ,,
631,ΔΗΜΟΤΙΚΟ ΣΧΟΛΕΙΟ ΑΣΗΓΩΝΙΑΣ ΑΠΟΚΟΡΩΝΟΥ,,
632,2ο ΔΗΜΟΤΙΚΟ ΣΧΟΛΕΙΟ ΠΑΤΡΑΣ ΕΙΔΙΚΟ,21.74428,38.218544
633,ΔΗΜΟΤΙΚΟ ΣΧΟΛΕΙΟ ΚΡΙΘΑΡΑΚΙΩΝ ΠΑΤΡΑΣ,,
634,ΔΗΜΟΤΙΚΟ ΣΧΟΛΕΙΟ ΚΑΤΩ ΜΑΖΑΡΑΚΙΟΥ ΠΑΤΡΑΣ,21.653147,38.068559
635,60ο ΔΗΜΟΤΙΚΟ ΣΧΟΛΕΙΟ ΠΑΤΡΑΣ,21.736347,38.22032
636,26ο ΔΗΜΟΤΙΚΟ ΣΧΟΛΕΙΟ ΠΑΤΡΑΣ,21.739052,38.254929
637,ΔΗΜΟΤΙΚΟ ΣΧΟΛΕΙΟ ΛΑΟΔΙΚΗΝΟΥ ΚΙΛΚΙΣ,,
638,ΔΗΜΟΤΙΚΟ ΣΧΟΛΕΙΟ ΑΓΙΟΥ ΔΗΜΗΤΡΙΟΥ ΠΑΤΡΑΣ,21.789128,37.990807
639,9ο ΔΗΜΟΤΙΚΟ ΣΧΟΛΕΙΟ ΠΑΤΡΑΣ,21.740507,38.237879
640,ΔΗΜΟΤΙΚΟ ΣΧΟΛΕΙΟ ΣΕΛΛΩΝ ΠΑΤΡΑΣ,21.884043,38.279696
641,ΔΗΜΟΤΙΚΟ ΣΧΟΛΕΙΟ ΣΑΛΜΕΝΙΚΟΥ,21.945113,38.264273
642,ΔΗΜΟΤΙΚΟ ΣΧΟΛΕΙΟ ΣΑΛΠΗΣ ΜΕΙΟΝΟΤΙΚΟ,25.191853,41.051236
643,"ΔΗΜΟΤΙΚΟ ΣΧΟΛΕΙΟ ΖΗΡΙΑΣ ""ΙΩΑΝΝΗΣ ΚΟΥΤΣΟΧΕΡΑΣ""",21.981204,38.298571
644,ΔΗΜΟΤΙΚΟ ΣΧΟΛΕΙΟ ΑΝΩ ΚΑΣΤΡΙΤΣΙΟΥ,21.835795,38.270009
645,35ο ΔΗΜΟΤΙΚΟ ΣΧΟΛΕΙΟ ΠΑΤΡΑΣ,21.743192,38.262163
646,ΔΗΜΟΤΙΚΟ ΣΧΟΛΕΙΟ ΧΑΛΑΝΔΡΙΤΣΗΣ ΠΑΤΡΑΣ,,
647,23ο ΔΗΜΟΤΙΚΟ ΣΧΟΛΕΙΟ ΠΑΤΡΑΣ,21.746173,38.256256
648,11ο ΔΗΜΟΤΙΚΟ ΣΧΟΛΕΙΟ ΠΑΤΡΑΣ,21.735188,38.248448
649,ΔΗΜΟΤΙΚΟ ΣΧΟΛΕΙΟ ΛΑΚΚΟΠΕΤΡΑΣ,21.453392,38.166723
650,42ο ΔΗΜΟΤΙΚΟ ΣΧΟΛΕΙΟ ΠΑΤΡΑΣ,21.749318,38.229615
651,ΔΗΜΟΤΙΚΟ ΣΧΟΛΕΙΟ ΚΟΥΛΟΥΡΑΣ ΑΙΓΙΑΛΕΙΑΣ,22.086713,38.235969
652,ΔΗΜΟΤΙΚΟ ΣΧΟΛΕΙΟ ΑΓΡΙΛΙΑΣ ΠΑΤΡΑΣ,,
653,ΔΗΜΟΤΙΚΟ ΣΧΟΛΕΙΟ ΚΟΥΜΑΡΙ ΑΙΓΙΑΛΕΙΑΣ,22.045327,38.224416
654,ΔΗΜΟΤΙΚΟ ΣΧΟΛΕΙΟ ΨΑΘΟΠΥΡΓΟΥ ΠΑΤΡΑΣ,21.869069,38.322015
655,ΔΗΜΟΤΙΚΟ ΣΧΟΛΕΙΟ ΣΥΜΒΟΛΩΝ ΜΕΙΟΝΟΤΙΚΟ,,
656,ΔΗΜΟΤΙΚΟ ΣΧΟΛΕΙΟ ΕΛΙΚΗΣ ΑΙΓΙΑΛΕΙΑΣ,22.124888,38.214254
657,ΔΗΜΟΤΙΚΟ ΣΧΟΛΕΙΟ ΔΙΑΚΟΠΤΟΥ ΑΙΓΙΑΛΕΙΑΣ,22.201806,38.187771
658,ΔΗΜΟΤΙΚΟ ΣΧΟΛΕΙΟ ΖΑΧΛΩΡΙΤΙΚΩΝ ΑΙΓΙΑΛΕΙΑΣ,22.182888,38.185846
659,ΔΗΜΟΤΙΚΟ ΣΧΟΛΕΙΟ ΕΛΑΙΩΝΑ ΑΙΓΙΑΛΕΙΑΣ,22.170081,38.197027
660,15ο ΔΗΜΟΤΙΚΟ ΣΧΟΛΕΙΟ ΠΑΤΡΑΣ,21.743159,38.232638
661,13ο ΔΗΜΟΤΙΚΟ ΣΧΟΛΕΙΟ ΠΑΤΡΑΣ,21.733267,38.23165
662,1ο ΔΗΜΟΤΙΚΟ ΣΧΟΛΕΙΟ ΠΑΤΡΑΣ,21.742229,38.242277
663,1ο ΔΗΜΟΤΙΚΟ ΣΧΟΛΕΙΟ ΚΑΤΩ ΑΧΑΪΑΣ,21.541846,38.142331
664,ΔΗΜΟΤΙΚΟ ΣΧΟΛΕΙΟ ΜΕΤΟΧΙΟΥ,21.401176,38.125298
665,ΔΗΜΟΤΙΚΟ ΣΧΟΛΕΙΟ ΜΑΤΑΡΑΓΚΑΣ,21.474956,38.020768
666,ΔΗΜΟΤΙΚΟ ΣΧΟΛΕΙΟ ΛΑΠΠΑ,,
667,ΔΗΜΟΤΙΚΟ ΣΧΟΛΕΙΟ ΛΟΥΣΙΚΩΝ,21.594334,38.107916
668,ΔΗΜΟΤΙΚΟ ΣΧΟΛΕΙΟ ΛΙΜΝΟΧΩΡΙΟΥ,,
669,ΔΗΜΟΤΙΚΟ ΣΧΟΛΕΙΟ ΚΑΛΑΜΑΚΙΟΥ,,
670,ΔΗΜΟΤΙΚΟ ΣΧΟΛΕΙΟ ΑΡΑΧΩΒΙΤΙΚΩΝ,21.845751,38.329674
671,2ο ΔΗΜΟΤΙΚΟ ΣΧΟΛΕΙΟ ΚΑΤΩ ΑΧΑΪΑΣ,21.541843,38.142422
672,55ο ΔΗΜΟΤΙΚΟ ΣΧΟΛΕΙΟ ΠΑΤΡΑΣ,21.741233,38.228008
673,43ο ΔΗΜΟΤΙΚΟ ΣΧΟΛΕΙΟ ΠΑΤΡΑΣ,21.763767,38.264635
674,ΔΗΜΟΤΙΚΟ ΣΧΟΛΕΙΟ ΚΑΜΙΝΙΩΝ,21.628098,38.148055
675,ΔΗΜΟΤΙΚΟ ΣΧΟΛΕΙΟ ΚΑΓΚΑΔΙΟΥ,21.451206,38.040732
676,ΔΗΜΟΤΙΚΟ ΣΧΟΛΕΙΟ ΛΑΜΠΡΟΥ ΜΕΙΟΝΟΤΙΚΟ,,
677,ΔΗΜΟΤΙΚΟ ΣΧΟΛΕΙΟ ΕΛΑΙΟΧΩΡΙΟΥ,21.568934,38.080105
678,6ο ΔΗΜΟΤΙΚΟ ΣΧΟΛΕΙΟ ΠΑΤΡΑΣ,21.727446,38.235172
679,ΔΗΜΟΤΙΚΟ ΣΧΟΛΕΙΟ ΚΡΙΝΟΥ,,
680,ΔΗΜΟΤΙΚΟ ΣΧΟΛΕΙΟ ΠΕΤΡΟΧΩΡΙΟΥ,21.544793,38.085486
681,ΔΗΜΟΤΙΚΟ ΣΧΟΛΕΙΟ ΧΑΡΑΥΓΗΣ,21.587302,37.98546
682,ΔΗΜΟΤΙΚΟ ΣΧΟΛΕΙΟ ΦΩΣΤΑΙΝΗΣ,,
683,ΔΗΜΟΤΙΚΟ ΣΧΟΛΕΙΟ ΦΡΑΓΚΑΣ,,
684,2ο ΔΗΜΟΤΙΚΟ ΣΧΟΛΕΙΟ ΠΑΤΡΑΣ,21.735295,38.247508
685,16ο ΔΗΜΟΤΙΚΟ ΣΧΟΛΕΙΟ ΠΑΤΡΑΣ,21.746538,38.26644
686,ΔΗΜΟΤΙΚΟ ΣΧΟΛΕΙΟ ΣΑΓΕΙΚΩΝ,,
687,ΔΗΜΟΤΙΚΟ ΣΧΟΛΕΙΟ ΡΟΙΤΙΚΩΝ,,
688,ΔΗΜΟΤΙΚΟ ΣΧΟΛΕΙΟ ΣΑΝΤΑΜΕΡΙΟΥ,21.57479,37.987219
689,ΔΗΜΟΤΙΚΟ ΣΧΟΛΕΙΟ ΙΑΜΠΟΛΗΣ ΜΕΙΟΝΟΤΙΚΟ,,
690,ΔΗΜΟΤΙΚΟ ΣΧΟΛΕΙΟ ΤΣΟΥΚΑΛΑΙΙΚΩΝ,21.64608,38.155509
691,ΔΗΜΟΤΙΚΟ ΣΧΟΛΕΙΟ ΚΑΡΥΑΣ,,
692,ΔΗΜΟΤΙΚΟ ΣΧΟΛΕΙΟ ΠΕΤΤΑ,21.480731,38.044474
693,2ο ΔΗΜΟΤΙΚΟ ΣΧΟΛΕΙΟ ΠΑΡΑΛΙΑΣ,,
694,1ο ΔΗΜΟΤΙΚΟ ΣΧΟΛΕΙΟ ΠΑΡΑΛΙΑΣ,,
695,ΔΗΜΟΤΙΚΟ ΣΧΟΛΕΙΟ ΚΑΜΑΡΩΝ ΠΑΤΡΑΣ,22.002706,38.298453
696,ΔΗΜΟΤΙΚΟ ΣΧΟΛΕΙΟ ΝΙΦΟΡΕΙΚΩΝ,21.524506,38.143041
697,ΔΗΜΟΤΙΚΟ ΣΧΟΛΕΙΟ ΜΙΝΤΙΛΟΓΛΙΟΥ,,
698,ΔΗΜΟΤΙΚΟ ΣΧΟΛΕΙΟ ΡΙΟΛΟΥ,21.465131,38.056794
699,57ο ΔΗΜΟΤΙΚΟ ΣΧΟΛΕΙΟ ΠΑΤΡΑΣ,21.744605,38.248781
700,1ο ΔΗΜΟΤΙΚΟ ΣΧΟΛΕΙΟ ΠΑΤΡΑΣ ΕΙΔΙΚΟ,21.75731,38.270717
701,2ο ΔΗΜΟΤΙΚΟ ΣΧΟΛΕΙΟ ΒΑΡΘΟΛΟΜΙΟΥ,21.206938,37.860173
702,64ο ΔΗΜΟΤΙΚΟ ΣΧΟΛΕΙΟ ΠΑΤΡΑΣ,21.739624,38.264112
703,ΔΗΜΟΤΙΚΟ ΣΧΟΛΕΙΟ ΑΓΓΕΛΟΚΑΣΤΡΟΥ ΜΕΣΟΛΟΓΓΙΟΥ,21.298558,38.56609
704,4ο ΔΗΜΟΤΙΚΟ ΣΧΟΛΕΙΟ ΜΕΣΟΛΟΓΓΙΟΥ,,
705,ΔΗΜΟΤΙΚΟ ΣΧΟΛΕΙΟ ΠΙΤΣΙΝΕΙΚΩΝ ΝΑΥΠΑΚΤΙΑΣ,21.741237,38.437599
706,ΔΗΜΟΤΙΚΟ ΣΧΟΛΕΙΟ ΠΑΛΙΑΜΠΕΛΩΝ ΑΜΦΙΛΟΧΙΑΣ,20.952498,38.911741
707,ΔΗΜΟΤΙΚΟ ΣΧΟΛΕΙΟ ΛΑΝΤΖΟΙΟΥ ΠΥΡΓΟΥ,21.561967,37.70662
708,ΔΗΜΟΤΙΚΟ ΣΧΟΛΕΙΟ ΠΑΛΑΙΟΒΑΡΒΑΣΑΙΝΗΣ ΠΥΡΓΟΥ,21.524563,37.677404
709,ΔΗΜΟΤΙΚΟ ΣΧΟΛΕΙΟ ΜΕΝΙΔΙΟΥ ΑΜΦΙΛΟΧ,21.119691,39.041091
710,ΔΗΜΟΤΙΚΟ ΣΧΟΛΕΙΟ ΜΑΡΛΕΣΙΟΥ ΑΜΦΙΛΟΧ,,
711,ΔΗΜΟΤΙΚΟ ΣΧΟΛΕΙΟ ΜΑΥΡΟΜΑΤΙΟΥ ΜΕΙΟΝΟΤΙΚΟ,,
712,ΔΗΜΟΤΙΚΟ ΣΧΟΛΕΙΟ ΑΜΑΡΑΝΤΩΝ ΜΕΙΟΝΟΤΙΚΟ,25.498014,41.04931
713,58ο ΔΗΜΟΤΙΚΟ ΣΧΟΛΕΙΟ ΠΑΤΡΑΣ,21.741766,38.256716
714,ΔΗΜΟΤΙΚΟ ΣΧΟΛΕΙΟ ΓΟΜΟΣΤΟΥ,,
715,ΔΗΜΟΤΙΚΟ ΣΧΟΛΕΙΟ ΟΧΘΙΩΝ ΒΑΛΤΟΥ,21.287162,38.6565
716,ΔΗΜΟΤΙΚΟ ΣΧΟΛΕΙΟ ΠΕΡΑΤΙΑΣ,20.743843,38.821607
717,ΔΗΜΟΤΙΚΟ ΣΧΟΛΕΙΟ ΑΡΧΑΙΑΣ ΟΛΥΜΠΙΑΣ ΠΥΡΓΟΥ,21.626401,37.642885
718,ΔΗΜΟΤΙΚΟ ΣΧΟΛΕΙΟ ΑΓΙΟΥ ΒΑΣΙΛΕΙΟΥ,,
719,ΔΗΜΟΤΙΚΟ ΣΧΟΛΕΙΟ ΚΡΕΣΤΕΝΩΝ ΕΙΔΙΚΟ,,
720,9ο ΔΗΜΟΤΙΚΟ ΣΧΟΛΕΙΟ ΠΥΡΓΟΥ,,
721,1ο ΔΗΜΟΤΙΚΟ ΣΧΟΛΕΙΟ ΑΡΙΣΒΗΣ ΜΕΙΟΝΟΤΙΚΟ,25.59052,41.069011
722,ΔΗΜΟΤΙΚΟ ΣΧΟΛΕΙΟ ΑΓΙΟΥ ΑΝΔΡΕΟΥ ΜΕΣΟΛΟΓΓΙΟΥ,21.554606,38.526109
723,ΔΗΜΟΤΙΚΟ ΣΧΟΛΕΙΟ ΜΗΛΕΩΝ ΠΥΡΓΟΥ,21.695764,37.734244
724,ΔΗΜΟΤΙΚΟ ΣΧΟΛΕΙΟ ΦΥΤΕΙΩΝ ΞΗΡΟΜΕΡΟΥ,21.185233,38.693698
725,14ο ΔΗΜΟΤΙΚΟ ΣΧΟΛΕΙΟ ΠΑΤΡΑΣ,21.715476,38.213542
726,ΔΗΜΟΤΙΚΟ ΣΧΟΛΕΙΟ ΠΡΟΔΡΟΜΟΥ,,
727,27ο ΔΗΜΟΤΙΚΟ ΣΧΟΛΕΙΟ ΠΑΤΡΑΣ,21.73253,38.236524
728,ΔΗΜΟΤΙΚΟ ΣΧΟΛΕΙΟ ΚΑΤΩ ΑΛΙΣΣΟΥ,21.576316,38.140394
729,ΔΗΜΟΤΙΚΟ ΣΧΟΛΕΙΟ ΣΙΤΟΜΕΝΩΝ,21.534179,38.716884
730,ΔΗΜΟΤΙΚΟ ΣΧΟΛΕΙΟ ΝΑΥΠΑΚΤΟΥ ΕΙΔΙΚΟ,,
731,ΔΗΜΟΤΙΚΟ ΣΧΟΛΕΙΟ ΚΟΝΟΠΙΝΑΣ ΞΗΡΟΜΕΡΟΥ,21.132507,38.750447
732,ΔΗΜΟΤΙΚΟ ΣΧΟΛΕΙΟ ΚΑΥΚΩΝΙΑΣ ΠΥΡΓΟΥ,21.616405,37.685983
733,ΔΗΜΟΤΙΚΟ ΣΧΟΛΕΙΟ ΣΚΟΤΑΝΗΣ ΚΑΛΑΒΡΥΤΩΝ,,
734,ΔΗΜΟΤΙΚΟ ΣΧΟΛΕΙΟ ΑΡΑΤΟΥ ΜΕΙΟΝΟΤΙΚΟ,25.55365,41.081213
735,12ο ΔΗΜΟΤΙΚΟ ΣΧΟΛΕΙΟ ΠΑΤΡΑΣ,21.732506,38.236618
736,10ο ΔΗΜΟΤΙΚΟ ΣΧΟΛΕΙΟ ΠΑΤΡΑΣ,21.728838,38.241068
737,ΔΗΜΟΤΙΚΟ ΣΧΟΛΕΙΟ ΣΤΡΑΤΟΥ ΒΑΛΤΟΥ ΑΜΦΙΛΟΧΙΑΣ,21.32017,38.671483
738,5ο ΔΗΜΟΤΙΚΟ ΣΧΟΛΕΙΟ ΝΑΥΠΑΚΤΟΥ,,
739,ΔΗΜΟΤΙΚΟ ΣΧΟΛΕΙΟ ΠΛΑΓΙΑΣ,20.780482,38.805978
740,2ο ΔΗΜΟΤΙΚΟ ΣΧΟΛΕΙΟ ΑΓΡΙΝΙΟΥ ΕΙΔΙΚΟ,,
741,ΔΗΜΟΤΙΚΟ ΣΧΟΛΕΙΟ ΑΜΑΛΙΑΔΑΣ,,
742,ΔΗΜΟΤΙΚΟ ΣΧΟΛΕΙΟ ΔΟΚΟΥ ΜΕΙΟΝΟΤΙΚΟ,,
743,ΔΗΜΟΤΙΚΟ ΣΧΟΛΕΙΟ ΛΕΣΙΝΙΟΥ ΞΗΡΟΜΕΡΟΥ,21.230196,38.452116
744,4ο ΔΗΜΟΤΙΚΟ ΣΧΟΛΕΙΟ ΑΓΡΙΝΙΟΥ,21.404994,38.623768
745,3ο ΔΗΜΟΤΙΚΟ ΣΧΟΛΕΙΟ ΑΓΡΙΝΙΟΥ,21.410697,38.61937
746,ΔΗΜΟΤΙΚΟ ΣΧΟΛΕΙΟ ΜΕΣΗΜΒΡΙΑΣ ΜΕΙΟΝΟΤΙΚΟ,,
747,ΔΗΜΟΤΙΚΟ ΣΧΟΛΕΙΟ ΔΙΚΕΛΩΝ ΜΕΙΟΝΟΤΙΚΟ,,
748,ΔΗΜΟΤΙΚΟ ΣΧΟΛΕΙΟ ΚΑΝΔΗΛΑΣ,20.940206,38.703102
749,5ο ΔΗΜΟΤΙΚΟ ΣΧΟΛΕΙΟ ΑΓΡΙΝΙΟΥ,21.406262,38.62828
750,ΔΗΜΟΤΙΚΟ ΣΧΟΛΕΙΟ ΔΟΚΙΜΙΟΥ ΤΡΙΧΩΝΙΔΑΣ,21.382037,38.614634
751,"2ο ΔΗΜΟΤΙΚΟ ΣΧΟΛΕΙΟ ΝΑΥΠΑΚΤΟΥ ""ΓΙΑΝΝΗΣ ΒΛΑΧΟΓΙΑΝΝΗΣ""",,
752,6ο ΔΗΜΟΤΙΚΟ ΣΧΟΛΕΙΟ ΜΕΣΟΛΟΓΓΙΟΥ,,
753,ΔΗΜΟΤΙΚΟ ΣΧΟΛΕΙΟ ΑΛΚΥΟΝΗΣ ΜΕΙΟΝΟΤΙΚΟ,,
754,ΔΗΜΟΤΙΚΟ ΣΧΟΛΕΙΟ ΑΓΙΑΣ ΣΟΦΙΑΣ,21.647748,38.581488
755,3ο ΔΗΜΟΤΙΚΟ ΣΧΟΛΕΙΟ ΜΕΣΟΛΟΓΓΙΟΥ,21.434995,38.374733
756,ΔΗΜΟΤΙΚΟ ΣΧΟΛΕΙΟ ΡΙΓΑΝΗΣ ΞΗΡΟΜΕΡΟΥ,21.239361,38.580076
757,ΔΗΜΟΤΙΚΟ ΣΧΟΛΕΙΟ ΒΕΛΟΧΩΡΙΟΥ ΜΕΙΟΝΟΤΙΚΟ,,
758,ΔΗΜΟΤΙΚΟ ΣΧΟΛΕΙΟ ΚΑΤΩ ΤΡΑΓΑΝΑΣ ΠΑΡΑΒΟΛΑΣ,21.56626,38.67626
759,ΔΗΜΟΤΙΚΟ ΣΧΟΛΕΙΟ ΠΑΡΑΒΟΛΑΣ,21.52544,38.613041
760,ΔΗΜΟΤΙΚΟ ΣΧΟΛΕΙΟ ΠΕΤΡΟΧΩΡΙΟΥ,21.650333,38.544587
761,ΔΗΜΟΤΙΚΟ ΣΧΟΛΕΙΟ ΚΑΜΑΡΟΥΛΑΣ,21.446765,38.628465
762,ΔΗΜΟΤΙΚΟ ΣΧΟΛΕΙΟ ΚΥΨΕΛΗΣ,21.268618,38.682006
763,ΔΗΜΟΤΙΚΟ ΣΧΟΛΕΙΟ ΚΑΣΤΡΑΚΙΟΥ ΒΑΛΤΟΥ ΑΜΦΙΛΟΧΙ,21.3482,38.736497
764,ΔΗΜΟΤΙΚΟ ΣΧΟΛΕΙΟ ΧΡΥΣΟΒΙΤΣΗΣ,21.147363,38.586036
765,ΔΗΜΟΤΙΚΟ ΣΧΟΛΕΙΟ ΛΕΠΕΝΟΥΣ ΒΑΛΤΟΥ ΑΜΦΙΛΟΧΙΑΣ,21.291179,38.708956
766,ΔΗΜΟΤΙΚΟ ΣΧΟΛΕΙΟ ΔΟΥΝΑΙΙΚΩΝ,21.331961,37.739804
767,1ο ΔΗΜΟΤΙΚΟ ΣΧΟΛΕΙΟ ΑΓΡΙΝΙΟΥ ΕΙΔΙΚΟ,,
768,ΔΗΜΟΤΙΚΟ ΣΧΟΛΕΙΟ ΛΑΝΘΙΟΥ ΠΥΡΓΟΥ,21.519415,37.703517
769,ΔΗΜΟΤΙΚΟ ΣΧΟΛΕΙΟ ΣΜΙΛΑ ΠΥΡΓΟΥ,21.554532,37.676962
770,1ο ΔΗΜΟΤΙΚΟ ΣΧΟΛΕΙΟ ΠΑΝΑΙΤΩΛΙΟΥ,21.445999,38.579342
771,2ο ΔΗΜΟΤΙΚΟ ΣΧΟΛΕΙΟ ΠΑΝΑΙΤΩΛΙΟΥ,21.445989,38.579329
772,ΔΗΜΟΤΙΚΟ ΣΧΟΛΕΙΟ ΜΑΚΡΥΡΡΑΧΗΣ,22.156407,39.086577
773,ΔΗΜΟΤΙΚΟ ΣΧΟΛΕΙΟ ΠΑΝΤΑΝΑΣΣΑΣ,21.560437,38.602143
774,ΔΗΜΟΤΙΚΟ ΣΧΟΛΕΙΟ ΛΕΥΚΑΣ ΤΡΙΧΩΝΙΔΑΣ,,
775,ΔΗΜΟΤΙΚΟ ΣΧΟΛΕΙΟ ΣΤΑΝΟΥ ΑΜΦΙΛΟΧ,21.174482,38.802099
776,ΔΗΜΟΤΙΚΟ ΣΧΟΛΕΙΟ ΠΛΑΤΑΝΟΥ ΣΑΜΟΥ,26.747298,37.736603
777,ΔΗΜΟΤΙΚΟ ΣΧΟΛΕΙΟ ΜΟΝΗΣ ΑΓ ΝΙΚΟΛΑΟΥ ΣΠΑΤΩΝ,,
778,37ο ΔΗΜΟΤΙΚΟ ΣΧΟΛΕΙΟ ΠΑΤΡΑΣ,21.727145,38.235172
779,18ο ΔΗΜΟΤΙΚΟ ΣΧΟΛΕΙΟ ΠΑΤΡΑΣ,21.725918,38.2142
780,ΔΗΜΟΤΙΚΟ ΣΧΟΛΕΙΟ ΣΑΡΔΗΝΙΩΝ ΑΜΦΙΛΟΧ,21.203712,38.890142
781,ΔΗΜΟΤΙΚΟ ΣΧΟΛΕΙΟ ΝΕΜΟΥΤΑΣ ΠΥΡΓΟΥ,21.793666,37.698585
782,ΔΗΜΟΤΙΚΟ ΣΧΟΛΕΙΟ ΚΕΦΑΛΟΒΡΥΣΟΥ ΑΙΤΩΛΙΚΟΥ ΜΕΣ,,
783,ΔΗΜΟΤΙΚΟ ΣΧΟΛΕΙΟ ΚΑΛΥΒΙΩΝ ΑΣΤΡΑ ΠΥΡΓΟΥ,,
784,62ο ΔΗΜΟΤΙΚΟ ΣΧΟΛΕΙΟ ΠΑΤΡΑΣ,21.763497,38.280077
785,ΔΗΜΟΤΙΚΟ ΣΧΟΛΕΙΟ ΓΑΥΡΟΛΙΜΝΗΣ ΝΑΥΠΑΚΤΙΑΣ,21.626713,38.382647
786,ΔΗΜΟΤΙΚΟ ΣΧΟΛΕΙΟ ΓΟΥΡΙΩΤΙΣΣΑΣ ΞΗΡΟΜΕΡΟΥ,21.224455,38.613408
787,ΔΗΜΟΤΙΚΟ ΣΧΟΛΕΙΟ ΧΕΛΙΔΟΝΙΟΥ ΠΥΡΓΟΥ,21.623075,37.712651
788,56ο ΔΗΜΟΤΙΚΟ ΣΧΟΛΕΙΟ ΠΑΤΡΑΣ,21.741682,38.256551
789,ΔΗΜΟΤΙΚΟ ΣΧΟΛΕΙΟ ΑΓΝΑΝΤΩΝ,21.62295,37.820887
790,31ο ΔΗΜΟΤΙΚΟ ΣΧΟΛΕΙΟ ΠΑΤΡΑΣ,21.739186,38.254754
791,ΔΗΜΟΤΙΚΟ ΣΧΟΛΕΙΟ ΑΓΙΟΥ ΝΙΚΟΛΑΟΥ,21.457711,38.636953
792,ΔΗΜΟΤΙΚΟ ΣΧΟΛΕΙΟ ΚΑΝΑΛΟΥ ΒΑΛΤΟΥ ΑΜΦΙΛΟΧΙΑΣ,,
793,ΔΗΜΟΤΙΚΟ ΣΧΟΛΕΙΟ ΤΡΙΚΟΡΦΟΥ ΝΑΥΠΑΚΤΙΑΣ ΜΕΣ,21.641513,38.409121
794,ΔΗΜΟΤΙΚΟ ΣΧΟΛΕΙΟ ΑΜΟΡΓΙΑΝΩΝ,21.361126,38.864847
795,ΔΗΜΟΤΙΚΟ ΣΧΟΛΕΙΟ ΜΠΟΥΚΑΣ ΑΜΦΙΛΟΧ,,
796,2ο ΔΗΜΟΤΙΚΟ ΣΧΟΛΕΙΟ ΝΕΑΠΟΛΗΣ,,
797,3ο ΔΗΜΟΤΙΚΟ ΣΧΟΛΕΙΟ ΝΑΥΠΑΚΤΟΥ,21.837463,38.394146
798,ΔΗΜΟΤΙΚΟ ΣΧΟΛΕΙΟ ΑΓΙΟΥ ΓΕΩΡΓΙΟΥ ΚΑΛΥΒΙΩΝ ΤΡ,,
799,ΔΗΜΟΤΙΚΟ ΣΧΟΛΕΙΟ ΘΕΡΜΟΥ,21.667849,38.572051
800,2ο ΔΗΜΟΤΙΚΟ ΣΧΟΛΕΙΟ ΜΥΡΤΕΑΣ,21.61803,38.586624
801,1ο ΔΗΜΟΤΙΚΟ ΣΧΟΛΕΙΟ ΜΥΡΤΕΑΣ,21.617898,38.586377
802,ΔΗΜΟΤΙΚΟ ΣΧΟΛΕΙΟ ΚΑΤΩ ΧΡΥΣΟΒΙΤΣΗΣ,21.7026,38.559195
803,ΔΗΜΟΤΙΚΟ ΣΧΟΛΕΙΟ ΚΑΛΥΒΙΩΝ ΤΡΙΧΩΝΙΔΑΣ,21.294282,38.616129
804,11ο ΔΗΜΟΤΙΚΟ ΣΧΟΛΕΙΟ ΑΓΡΙΝΙΟΥ,21.409599,38.616647
805,9ο ΔΗΜΟΤΙΚΟ ΣΧΟΛΕΙΟ ΑΓΡΙΝΙΟΥ,,
806,ΔΗΜΟΤΙΚΟ ΣΧΟΛΕΙΟ ΚΑΤΩ ΜΑΚΡΥΝΟΥΣ ΜΕΣΟΛΟΓΓΙΟΥ,21.62438,38.486621
807,ΔΗΜΟΤΙΚΟ ΣΧΟΛΕΙΟ ΚΑΚΟΒΑΤΟΥ ΟΛΥΜΠΙΑΣ,21.644426,37.457895
808,2ο ΔΗΜΟΤΙΚΟ ΣΧΟΛΕΙΟ ΑΜΦΙΛΟΧΙΑΣ,21.162018,38.860301
809,1ο ΔΗΜΟΤΙΚΟ ΣΧΟΛΕΙΟ ΑΜΦΙΛΟΧΙΑΣ,21.162018,38.860301
810,ΔΗΜΟΤΙΚΟ ΣΧΟΛΕΙΟ ΑΝΩ ΚΕΡΑΣΟΒΟΥ,21.445438,38.487706
811,ΔΗΜΟΤΙΚΟ ΣΧΟΛΕΙΟ ΠΛΑΤΑΝΟΥ ΚΑΛΥΒΙΩΝ ΤΡΙΧΩΝΙΔ,,
812,ΔΗΜΟΤΙΚΟ ΣΧΟΛΕΙΟ ΜΑΛΕΣΙΑΔΑΣ ΑΜΦΙΛΟΧΙΑΣ,21.333611,38.90002
813,ΔΗΜΟΤΙΚΟ ΣΧΟΛΕΙΟ ΓΡΥΛΛΟΥ ΟΛΥΜΠΙΑΣ,21.670916,37.579479
814,ΔΗΜΟΤΙΚΟ ΣΧΟΛΕΙΟ ΒΡΙΝΑΣ ΟΛΥΜΠΙΑΣ,21.639011,37.56869
815,ΔΗΜΟΤΙΚΟ ΣΧΟΛΕΙΟ ΣΚΟΥΤΕΡΑΣ,21.475437,38.68661
816,ΔΗΜΟΤΙΚΟ ΣΧΟΛΕΙΟ ΛΑΣΤΑΙΙΚΩΝ ΠΥΡΓΟΥ,21.409059,37.693607
817,ΔΗΜΟΤΙΚΟ ΣΧΟΛΕΙΟ ΚΛΕΙΤΟΡΙΑΣ ΚΑΛΑΒΡΥΤΩΝ,22.124863,37.893873
818,3ο ΔΗΜΟΤΙΚΟ ΣΧΟΛΕΙΟ ΠΑΡΑΛΙΑΣ,,
819,ΔΗΜΟΤΙΚΟ ΣΧΟΛΕΙΟ ΧΡΥΣΟΠΗΓΗΣ,,
820,ΔΗΜΟΤΙΚΟ ΣΧΟΛΕΙΟ ΧΡΥΣΟΒΕΡΓΙΟΥ ΜΕΣΟΛΟΓΓΙΟΥ,21.352139,38.496607
821,ΔΗΜΟΤΙΚΟ ΣΧΟΛΕΙΟ ΚΟΥΝΙΝΑΣ ΑΙΓΙΑΛΕΙΑΣ,22.022852,38.192674
822,6ο ΔΗΜΟΤΙΚΟ ΣΧΟΛΕΙΟ ΑΓΡΙΝΙΟΥ,21.402611,38.62237
823,7ο ΔΗΜΟΤΙΚΟ ΣΧΟΛΕΙΟ ΑΓΡΙΝΙΟΥ,,
824,1ο ΔΗΜΟΤΙΚΟ ΣΧΟΛΕΙΟ ΑΓΙΟΥ ΚΩΝΣΤΑΝΤΙΝΟΥ,21.399372,38.633882
825,ΔΗΜΟΤΙΚΟ ΣΧΟΛΕΙΟ ΓΙΑΝΝΟΥΖΙΟΥ ΑΓΡΙΝΙΟΥ,,
826,ΔΗΜΟΤΙΚΟ ΣΧΟΛΕΙΟ ΑΓΙΟΥ ΓΕΩΡΓΙΟΥ ΜΕΣΟΛΟΓΓΙΟΥ,21.541545,38.394311
827,ΔΗΜΟΤΙΚΟ ΣΧΟΛΕΙΟ ΛΟΥΤΡΟΥ ΑΜΦΙΛΟΧ,,
828,ΔΗΜΟΤΙΚΟ ΣΧΟΛΕΙΟ ΚΕΧΡΙΝΙΑΣ ΑΜΦΙΛΟΧ,,
829,ΔΗΜΟΤΙΚΟ ΣΧΟΛΕΙΟ ΒΑΛΜΑΝΤΟΥΡΑΣ ΠΑΤΡΑΣ,,
830,8ο ΔΗΜΟΤΙΚΟ ΣΧΟΛΕΙΟ ΑΓΡΙΝΙΟΥ,21.402238,38.629075
831,2ο ΔΗΜΟΤΙΚΟ ΣΧΟΛΕΙΟ ΑΓΙΟΥ ΚΩΝΣΤΑΝΤΙΝΟΥ,21.39936,38.633834
832,ΔΗΜΟΤΙΚΟ ΣΧΟΛΕΙΟ ΚΑΛΛΙΘΕΑΣ,,
833,1ο ΔΗΜΟΤΙΚΟ ΣΧΟΛΕΙΟ ΘΕΣΤΙΕΩΝ,,
834,ΔΗΜΟΤΙΚΟ ΣΧΟΛΕΙΟ ΔΙΑΜΑΝΤΑΙΙΚΩΝ ΤΡΙΧΩΝΙΔΑΣ,,
835,13ο ΔΗΜΟΤΙΚΟ ΣΧΟΛΕΙΟ ΑΓΡΙΝΙΟΥ,,
836,12ο ΔΗΜΟΤΙΚΟ ΣΧΟΛΕΙΟ ΑΓΡΙΝΙΟΥ,21.400516,38.627986
837,ΔΗΜΟΤΙΚΟ ΣΧΟΛΕΙΟ ΚΡΥΟΥ ΝΕΡΟΥ,21.568516,38.664806
838,1ο ΔΗΜΟΤΙΚΟ ΣΧΟΛΕΙΟ ΑΓΡΙΝΙΟΥ,21.401992,38.620493
839,ΔΗΜΟΤΙΚΟ ΣΧΟΛΕΙΟ ΝΕΑΣ ΑΒΟΡΑΝΗΣ,21.446863,38.607408
840,2ο ΔΗΜΟΤΙΚΟ ΣΧΟΛΕΙΟ ΑΓΡΙΝΙΟΥ,21.411658,38.626014
841,ΔΗΜΟΤΙΚΟ ΣΧΟΛΕΙΟ ΜΑΧΑΙΡΑ,21.151521,38.630374
842,ΔΗΜΟΤΙΚΟ ΣΧΟΛΕΙΟ ΒΑΡΕΤΑΔΑΣ ΑΜΦΙΛΟΧΙΑΣ,21.289285,38.867392
843,ΔΗΜΟΤΙΚΟ ΣΧΟΛΕΙΟ ΚΛΙΝΔΙΑΣ ΠΥΡΓΟΥ,21.682405,37.781711
844,2ο ΔΗΜΟΤΙΚΟ ΣΧΟΛΕΙΟ ΚΑΤΟΧΗΣ ΞΗΡΟΜΕΡΟΥ,21.256422,38.410412
845,ΔΗΜΟΤΙΚΟ ΣΧΟΛΕΙΟ ΑΓΙΑΣ ΜΑΥΡΑΣ,,
846,5ο ΔΗΜΟΤΙΚΟ ΣΧΟΛΕΙΟ ΜΕΣΟΛΟΓΓΙΟΥ,,
847,ΔΗΜΟΤΙΚΟ ΣΧΟΛΕΙΟ ΓΟΥΡΙΑΣ ΜΕΣΟΛΟΓΓΙΟΥ,21.262821,38.470834
848,ΔΗΜΟΤΙΚΟ ΣΧΟΛΕΙΟ ΣΕΛΙΝΟΥΝΤΟΣ ΑΙΓΙΑΛΕΙΑΣ,22.096642,38.220039
849,ΔΗΜΟΤΙΚΟ ΣΧΟΛΕΙΟ ΑΡΕΤΗΣ ΛΕΧΑΙΝΩΝ,21.30361,37.974659
850,1ο ΔΗΜΟΤΙΚΟ ΣΧΟΛΕΙΟ ΚΑΤΟΧΗΣ ΞΗΡΟΜΕΡΟΥ,21.256481,38.410392
851,ΔΗΜΟΤΙΚΟ ΣΧΟΛΕΙΟ ΜΕΓΑΝΙΤΗ,,
852,ΔΗΜΟΤΙΚΟ ΣΧΟΛΕΙΟ ΜΠΑΜΠΙΝΗΣ ΞΗΡΟΜΕΡΟΥ,21.148256,38.655395
853,2ο ΔΗΜΟΤΙΚΟ ΣΧΟΛΕΙΟ ΑΙΤΩΛΙΚΟΥ,21.269798,38.485564
854,1ο ΔΗΜΟΤΙΚΟ ΣΧΟΛΕΙΟ ΝΑΥΠΑΚΤΟΥ,,
855,1ο ΔΗΜΟΤΙΚΟ ΣΧΟΛΕΙΟ ΝΕΟΧΩΡΙΟΥ ΜΕΣΟΛΟΓΓΙΟΥ,21.276096,38.406673
856,ΔΗΜΟΤΙΚΟ ΣΧΟΛΕΙΟ ΜΑΣΤΡΟΥ ΜΕΣΟΛΟΓΓΙΟΥ,21.277576,38.435017
857,ΔΗΜΟΤΙΚΟ ΣΧΟΛΕΙΟ ΠΛΟΥΤΟΧΩΡΙΟΥ ΟΛΥΜΠΙΑΣ,,
858,1ο ΔΗΜΟΤΙΚΟ ΣΧΟΛΕΙΟ ΑΙΤΩΛΙΚΟΥ,,
859,ΔΗΜΟΤΙΚΟ ΣΧΟΛΕΙΟ ΚΑΛΛΙΘΕΑΣ ΠΑΤΡΑΣ,,
860,ΔΗΜΟΤΙΚΟ ΣΧΟΛΕΙΟ ΑΣΤΑΚΟΥ,21.082605,38.534378
861,ΔΗΜΟΤΙΚΟ ΣΧΟΛΕΙΟ ΒΑΡΝΑΚΑ,20.989225,38.726845
862,3ο ΔΗΜΟΤΙΚΟ ΣΧΟΛΕΙΟ ΟΒΡΥΑΣ,,
863,ΔΗΜΟΤΙΚΟ ΣΧΟΛΕΙΟ ΚΑΤΩ ΠΤΕΡΗΣ ΑΙΓΙΑΛΕΙΑΣ,22.074739,38.146203
864,ΔΗΜΟΤΙΚΟ ΣΧΟΛΕΙΟ ΠΛΑΤΑΝΙΩΤΙΣΣΗΣ ΚΑΛΑΒΡΥΤΩΝ,22.089673,38.107117
865,7ο ΔΗΜΟΤΙΚΟ ΣΧΟΛΕΙΟ ΜΕΣΟΛΟΓΓΙΟΥ,,
866,ΔΗΜΟΤΙΚΟ ΣΧΟΛΕΙΟ ΒΟΛΙΜΩΝ,20.659063,37.874006
867,ΔΗΜΟΤΙΚΟ ΣΧΟΛΕΙΟ ΜΟΝΑΣΤΗΡΑΚΙΟΥ,20.944814,38.849615
868,ΔΗΜΟΤΙΚΟ ΣΧΟΛΕΙΟ ΠΑΛΑΙΟΜΑΝΙΝΑΣ,21.241748,38.548044
869,ΔΗΜΟΤΙΚΟ ΣΧΟΛΕΙΟ ΠΕΝΤΑΛΟΦΟΥ ΞΗΡΟΜΕΡΟΥ,21.244951,38.483759
870,ΔΗΜΟΤΙΚΟ ΣΧΟΛΕΙΟ ΠΡΟΔΡΟΜΟΥ ΞΗΡΟΜΕΡΟΥ,21.180513,38.596736
871,ΔΗΜΟΤΙΚΟ ΣΧΟΛΕΙΟ ΣΤΡΟΓΓΥΛΟΒΟΥΝΙΟΥ ΞΗΡΟΜΕΡΟΥ,21.214289,38.52679
872,ΔΗΜΟΤΙΚΟ ΣΧΟΛΕΙΟ ΚΕΡΤΕΖΗΣ ΚΑΛΑΒΡΥΤΩΝ,21.994444,37.978625
873,20ο ΔΗΜΟΤΙΚΟ ΣΧΟΛΕΙΟ ΑΓΡΙΝΙΟΥ,21.415929,38.614467
874,2ο ΔΗΜΟΤΙΚΟ ΣΧΟΛΕΙΟ ΜΕΣΟΛΟΓΓΙΟΥ,21.431144,38.377627
875,1ο ΔΗΜΟΤΙΚΟ ΣΧΟΛΕΙΟ ΜΕΣΟΛΟΓΓΙΟΥ,,
876,ΔΗΜΟΤΙΚΟ ΣΧΟΛΕΙΟ ΑΚΤΑΙΟΥ ΠΑΤΡΑΣ,21.795577,38.302162
877,ΔΗΜΟΤΙΚΟ ΣΧΟΛΕΙΟ ΔΙΛΙΝΑΤΩΝ,20.517563,38.222755
878,ΔΗΜΟΤΙΚΟ ΣΧΟΛΕΙΟ ΕΛΕΠΑΠ ΑΓΡΙΝΙΟΥ ΕΙΔΙΚΟ,21.40824,38.621427
879,ΔΗΜΟΤΙΚΟ ΣΧΟΛΕΙΟ ΚΑΤΩ ΚΕΡΑΣΟΒΟΥ ΜΕΣΟΛΟΓΓΙΟΥ,21.430808,38.526879
880,ΔΗΜΟΤΙΚΟ ΣΧΟΛΕΙΟ ΑΓΙΟΥ ΘΩΜΑ ΜΕΣΟΛΟΓΓΙΟΥ,21.47627,38.383931
881,ΔΙΕΥΘΥΝΣΗ Δ.Ε. ΗΛΕΙΑΣ,21.444197,37.671197
882,ΔΙΕΥΘΥΝΣΗ Δ.Ε. ΑΧΑΪΑΣ,21.732646,38.244056
883,ΔΙΕΥΘΥΝΣΗ Δ.Ε. ΑΙΤΩΛΟΑΚΑΡΝΑΝΙΑΣ,21.430199,38.372484
884,1ο ΕΡΓΑΣΤΗΡΙΑΚΟ ΚΕΝΤΡΟ ΦΥΣΙΚΩΝ ΕΠΙΣΤΗΜΩΝ ΗΛΕΙΑΣ (ΠΥΡΓΟΣ),,
885,2ο ΕΡΓΑΣΤΗΡΙΑΚΟ ΚΕΝΤΡΟ ΦΥΣΙΚΩΝ ΕΠΙΣΤΗΜΩΝ ΑΧΑΙΑΣ (ΑΙΓΙΟ),22.076005,38.247374
886,2ο ΕΡΓΑΣΤΗΡΙΑΚΟ ΚΕΝΤΡΟ ΦΥΣΙΚΩΝ ΕΠΙΣΤΗΜΩΝ ΑΙΤΩΛΟΑΚΑΡΝΑΝΙΑΣ (ΜΕΣΟΛΟΓΓΙ),21.43175,38.379719
887,1ο ΕΡΓΑΣΤΗΡΙΑΚΟ ΚΕΝΤΡΟ ΦΥΣΙΚΩΝ ΕΠΙΣΤΗΜΩΝ ΑΧΑΙΑΣ (ΠΑΤΡΑ),21.753555,38.271914
888,1ο ΕΡΓΑΣΤΗΡΙΑΚΟ ΚΕΝΤΡΟ ΦΥΣΙΚΩΝ ΕΠΙΣΤΗΜΩΝ ΑΙΤΩΛΟΑΚΑΡΝΑΝΙΑΣ (ΑΓΡΙΝΙΟ),21.410892,38.60622
889,ΚΕΣΥΠ ΑΙΤ/ΝΙΑΣ - 2 (ΜΕΣΟΛΟΓΓΙ),21.430835,38.36955
890,ΚΕΣΥΠ ΑΧΑΪΑΣ - 2,22.083907,38.249561
891,ΚΕΣΥΠ ΑΧΑΪΑΣ - 1,21.733142,38.243934
892,ΚΕΣΥΠ ΗΛΙΕΙΑΣ,21.434193,37.668881
893,ΚΕΣΥΠ ΚΕΣΥΠ ΑΙΤ/ΝΙΑΣ - 1(ΑΓΡΙΝΙΟ),21.409707,38.621425
894,3ο ΓΡΑΦΕΙΟ Δ.Ε. ΑΧΑΪΑΣ,21.736229,38.246224
895,1ο ΓΡΑΦΕΙΟ Δ.Ε. ΑΙΤΩΛΟΑΚΑΡΝΑΝΙΑΣ,21.404995,38.622623
896,2ο ΓΡΑΦΕΙΟ Δ.Ε. ΗΛΕΙΑΣ,,
897,1ο ΓΡΑΦΕΙΟ Δ.Ε. ΗΛΕΙΑΣ,21.352959,37.790445
898,1ο ΓΡΑΦΕΙΟ Δ.Ε. ΑΧΑΪΑΣ,21.730518,38.240451
899,2ο ΓΡΑΦΕΙΟ Δ.Ε. ΑΧΑΪΑΣ,22.083775,38.247516
900,2ο ΓΡΑΦΕΙΟ Δ.Ε. ΑΙΤΩΛΟΑΚΑΡΝΑΝΙΑΣ,21.163085,38.860172
901,3ο ΓΡΑΦΕΙΟ Δ.Ε. ΑΙΤΩΛΟΑΚΑΡΝΑΝΙΑΣ,,
902,ΓΡΑΦΕΙΟ ΤΕΕ ΑΙΤΩΛΟΑΚΑΡΝΑΝΙΑΣ,21.438038,38.377059
903,ΓΡΑΦΕΙΟ ΤΕΕ ΑΧΑΪΑΣ,21.730479,38.240495
904,ΙΕΚ ΑΜΑΛΙΑΔΑΣ,,
905,ΙΕΚ ΚΑΛΑΒΡΥΤΩΝ (ΠΑΡΑΡΤ. ΠΑΤΡΑΣ),,
906,ΙΕΚ ΝΑΥΠΑΚΤΟΥ,,
907,ΙΕΚ ΠΥΡΓΟΥ,,
908,ΙΕΚ ΠΑΤΡΑΣ,,
909,ΙΕΚ ΤΡΙΤΑΙΑΣ (ΠΑΡΑΡΤ. ΠΑΤΡΑΣ),,
910,ΙΕΚ ΜΕΣΟΛΟΓΓΙΟΥ,,
911,ΙΕΚ ΑΓΡΙΝΙΟΥ,,
912,ΙΕΚ ΑΙΓΙΟΥ,,
913,2ο ΙΕΚ ΠΑΤΡΑΣ,,
914,ΙΕΚ ΚΑΤΩ ΑΧΑΙΑΣ (ΠΑΡΑΡΤ. ΠΑΤΡΑΣ),,
915,ΔΙΕΥΘΥΝΣΗ Π.Ε. ΑΧΑΪΑΣ,,
916,ΔΙΕΥΘΥΝΣΗ Π.Ε. ΑΙΤΩΛΟΑΚΑΡΝΑΝΙΑΣ,,
917,ΔΙΕΥΘΥΝΣΗ Π.Ε. ΗΛΕΙΑΣ,,
918,6ο ΓΡΑΦΕΙΟ Π.Ε. ΑΙΤΩΛΟΑΚΑΡΝΑΝΙΑΣ,,
919,3ο ΓΡΑΦΕΙΟ Π.Ε. ΗΛΕΙΑΣ,,
920,5ο ΓΡΑΦΕΙΟ Π.Ε. ΑΙΤΩΛΟΑΚΑΡΝΑΝΙΑΣ,,
921,4ο ΓΡΑΦΕΙΟ Π.Ε. ΗΛΕΙΑΣ,,
922,4ο ΓΡΑΦΕΙΟ Π.Ε. ΑΧΑΪΑΣ,,
923,2ο ΓΡΑΦΕΙΟ Π.Ε. ΑΧΑΪΑΣ,,
924,1ο ΓΡΑΦΕΙΟ Π.Ε. ΑΧΑΪΑΣ,,
925,1ο ΓΡΑΦΕΙΟ Π.Ε. ΗΛΕΙΑΣ,,
926,4ο ΓΡΑΦΕΙΟ Π.Ε. ΑΙΤΩΛΟΑΚΑΡΝΑΝΙΑΣ,,
927,2ο ΓΡΑΦΕΙΟ Π.Ε. ΑΙΤΩΛΟΑΚΑΡΝΑΝΙΑΣ,,
928,3ο ΓΡΑΦΕΙΟ Π.Ε. ΑΙΤΩΛΟΑΚΑΡΝΑΝΙΑΣ,,
929,2ο ΓΡΑΦΕΙΟ Π.Ε. ΗΛΕΙΑΣ,,
930,7ο ΓΡΑΦΕΙΟ Π.Ε. ΑΙΤΩΛΟΑΚΑΡΝΑΝΙΑΣ,,
931,1ο ΓΡΑΦΕΙΟ Π.Ε. ΑΙΤΩΛΟΑΚΑΡΝΑΝΙΑΣ,,
932,3ο ΓΡΑΦΕΙΟ Π.Ε. ΑΧΑΪΑΣ,,
933,5ο ΓΡΑΦΕΙΟ Π.Ε. ΑΧΑΪΑΣ,,
934,ΠΕΡΙΦΕΡΕΙΑΚΟ ΕΠΙΜΟΡΦΩΤΙΚΟ ΚΕΝΤΡΟ ΠΑΤΡΑΣ,,
935,ΝΗΠΙΑΓΩΓΕΙΟ ΓΕΡΑΚΙΟΥ,21.394384,37.793195
936,ΝΗΠΙΑΓΩΓΕΙΟ ΑΜΠΕΛΩΝΟΣ,21.466179,37.727164
937,44ο ΝΗΠΙΑΓΩΓΕΙΟ ΠΑΤΡΑΣ,21.727241,38.23527
938,ΝΗΠΙΑΓΩΓΕΙΟ ΑΝΔΡΩΝΙΟΥ,21.719084,37.802141
939,6ο ΝΗΠΙΑΓΩΓΕΙΟ ΑΜΑΛΙΑΔΑΣ,,
940,3ο ΝΗΠΙΑΓΩΓΕΙΟ ΑΙΤΩΛΙΚΟΥ,,
941,ΝΗΠΙΑΓΩΓΕΙΟ ΚΑΤΩ ΣΑΜΙΚΟΥ,21.601682,37.539165
942,ΝΗΠΙΑΓΩΓΕΙΟ ΦΑΣΚΟΜΗΛΙΑΣ,,
943,ΝΗΠΙΑΓΩΓΕΙΟ ΣΑΜΙΚΟΥ,21.588333,37.572717
944,ΝΗΠΙΑΓΩΓΕΙΟ ΚΑΓΚΑΔΙΟΥ,21.451217,38.040394
945,ΝΗΠΙΑΓΩΓΕΙΟ ΝΕΑΣ ΜΑΝΟΛΑΔΑΣ ΛΕΧΑΙΝΩΝ,21.38484,38.052399
946,ΝΗΠΙΑΓΩΓΕΙΟ ΚΕΝΤΡΟΥ,21.447866,37.8971
947,ΝΗΠΙΑΓΩΓΕΙΟ ΣΙΜΟΠΟΥΛΟΥ,21.571015,37.849372
948,ΝΗΠΙΑΓΩΓΕΙΟ ΜΑΚΡΙΣΙΩΝ ΟΛΥΜΠΙΑΣ,21.605785,37.608275
949,ΝΗΠΙΑΓΩΓΕΙΟ ΛΕΠΡΕΟΥ,21.723042,37.435729
950,ΝΗΠΙΑΓΩΓΕΙΟ ΚΑΛΛΙΘΕΑΣ,21.823893,37.550865
951,ΝΗΠΙΑΓΩΓΕΙΟ ΚΕΡΑΜΙΔΙΑΣ,21.455086,37.853202
952,8ο ΝΗΠΙΑΓΩΓΕΙΟ ΝΑΥΠΑΚΤΟΥ,,
953,ΝΗΠΙΑΓΩΓΕΙΟ ΑΓΙΟΥ ΙΩΑΝΝΗ,,
954,ΝΗΠΙΑΓΩΓΕΙΟ ΜΙΡΑΚΑΣ,21.65498,37.643603
955,ΝΗΠΙΑΓΩΓΕΙΟ ΠΑΛΑΙΟΒΑΡΒΑΣΑΙΝΗΣ,21.52446,37.677476
956,3ο ΝΗΠΙΑΓΩΓΕΙΟ ΠΥΡΓΟΥ,,
957,ΝΗΠΙΑΓΩΓΕΙΟ ΚΑΛΥΒΙΩΝ ΗΛΙΔΑΣ,21.366207,37.885257
958,1ο ΝΗΠΙΑΓΩΓΕΙΟ ΒΑΡΔΑΣ ΛΕΧΑΙΝΩΝ,21.364021,38.032065
959,ΝΗΠΙΑΓΩΓΕΙΟ ΞΗΡΟΧΩΡΙΟΥ,21.655156,37.50784
960,ΝΗΠΙΑΓΩΓΕΙΟ ΚΟΥΜΑΝΗ ΠΥΡΓΟΥ,21.759351,37.789292
961,9ο ΝΗΠΙΑΓΩΓΕΙΟ ΠΥΡΓΟΥ,,
962,ΝΗΠΙΑΓΩΓΕΙΟ ΣΕΡΜΠΑΝΙΟΥ,,
963,8ο ΝΗΠΙΑΓΩΓΕΙΟ ΠΥΡΓΟΥ,,
964,ΝΗΠΙΑΓΩΓΕΙΟ ΑΛΦΕΙΟΥΣΗΣ,21.541165,37.639642
965,ΝΗΠΙΑΓΩΓΕΙΟ ΠΕΡΣΑΙΝΗΣ,21.676046,37.751436
966,ΝΗΠΙΑΓΩΓΕΙΟ ΛΑΤΤΑΣ,21.548242,37.876375
967,ΝΗΠΙΑΓΩΓΕΙΟ ΧΑΝΙΩΝ ΓΑΥΡΟΛΙΜΝΗΣ,21.62678,38.382808
968,ΝΗΠΙΑΓΩΓΕΙΟ ΚΡΗΝΗΣ,,
969,1ο ΝΗΠΙΑΓΩΓΕΙΟ ΑΜΑΛΙΑΔΑΣ,21.355003,37.79445
970,ΝΗΠΙΑΓΩΓΕΙΟ ΚΑΤΣΑΡΟΥ,21.419391,37.720752
971,2ο ΝΗΠΙΑΓΩΓΕΙΟ ΑΜΑΛΙΑΔΑΣ,21.344206,37.796603
972,ΝΗΠΙΑΓΩΓΕΙΟ ΜΥΡΤΕΑΣ,21.351164,37.712007
973,ΝΗΠΙΑΓΩΓΕΙΟ ΚΟΥΤΣΟΧΕΡΑΣ,21.530998,37.790753
974,12ο ΝΗΠΙΑΓΩΓΕΙΟ ΑΓΡΙΝΙΟΥ,,
975,ΝΗΠΙΑΓΩΓΕΙΟ ΓΙΑΝΝΟΥΖΙΟΥ,,
976,12ο ΝΗΠΙΑΓΩΓΕΙΟ ΠΥΡΓΟΥ,,
977,ΝΗΠΙΑΓΩΓΕΙΟ ΚΑΚΟΒΑΤΟΥ,21.644418,37.457708
978,ΝΗΠΙΑΓΩΓΕΙΟ ΚΑΒΑΣΙΛΩΝ,21.266279,37.875918
979,ΝΗΠΙΑΓΩΓΕΙΟ ΝΕΟΧΩΡΙΟΥ,21.204529,37.905347
980,ΝΗΠΙΑΓΩΓΕΙΟ ΜΑΝΟΛΑΔΑΣ,21.348746,38.046228
981,2ο ΝΗΠΙΑΓΩΓΕΙΟ ΒΑΡΔΑΣ,21.364191,38.031891
982,ΝΗΠΙΑΓΩΓΕΙΟ ΣΑΛΜΩΝΗΣ,21.534902,37.659155
983,ΝΗΠΙΑΓΩΓΕΙΟ ΑΜΠΕΛΟΚΑΜΠΟΥ,21.309893,37.830218
984,ΝΗΠΙΑΓΩΓΕΙΟ ΡΟΔΙΑΣ,21.586159,37.810582
985,ΝΗΠΙΑΓΩΓΕΙΟ ΟΙΝΟΗΣ,21.525836,37.837214
986,ΝΗΠΙΑΓΩΓΕΙΟ ΑΓΙΟΥ ΓΕΩΡΓΙΟΥ,21.436311,37.701706
987,1ο ΝΗΠΙΑΓΩΓΕΙΟ ΒΑΡΘΟΛΟΜΙΟΥ,21.207029,37.860249
988,ΝΗΠΙΑΓΩΓΕΙΟ ΒΟΥΝΑΡΓΟΥ,21.40981,37.735201
989,ΝΗΠΙΑΓΩΓΕΙΟ ΔΟΥΝΑΙΙΚΩΝ,21.332129,37.739967
990,ΝΗΠΙΑΓΩΓΕΙΟ ΠΕΛΟΠΙΟΥ ΠΥΡΓΟΥ,21.593607,37.676189
991,ΝΗΠΙΑΓΩΓΕΙΟ ΑΓΙΟΥ ΓΕΩΡΓΙΟΥ,,
992,ΝΗΠΙΑΓΩΓΕΙΟ ΛΑΝΘΙΟΥ,21.519403,37.703866
993,ΝΗΠΙΑΓΩΓΕΙΟ ΚΑΛΛΙΚΩΜΟΥ,21.586497,37.589882
994,4ο ΝΗΠΙΑΓΩΓΕΙΟ ΓΑΣΤΟΥΝΗΣ,21.245807,37.846959
995,ΝΗΠΙΑΓΩΓΕΙΟ ΕΦΥΡΑΣ,21.517732,37.855058
996,ΝΗΠΙΑΓΩΓΕΙΟ ΝΕΜΟΥΤΑΣ,21.793674,37.698839
997,2ο ΝΗΠΙΑΓΩΓΕΙΟ ΓΑΣΤΟΥΝΗΣ,21.245685,37.846785
998,ΝΗΠΙΑΓΩΓΕΙΟ ΧΕΛΙΔΟΝΙΟΥ,21.623084,37.71236
999,ΝΗΠΙΑΓΩΓΕΙΟ ΛΑΣΤΕΙΚΩΝ,21.409026,37.693851
1000,ΝΗΠΙΑΓΩΓΕΙΟ ΜΟΥΖΑΚΙΟΥ,21.561389,37.781798
1001,ΝΗΠΙΑΓΩΓΕΙΟ ΓΙΑΝΝΙΤΣΟΧΩΡΙΟΥ,21.68766,37.392035
1002,ΝΗΠΙΑΓΩΓΕΙΟ ΛΑΛΑ,21.720476,37.709731
1003,ΝΗΠΙΑΓΩΓΕΙΟ ΛΑΝΤΖΟΙΟΥ,21.562318,37.706679
1004,ΝΗΠΙΑΓΩΓΕΙΟ ΠΑΛΑΙΟΧΩΡΙΟΥ,21.266821,37.81706
1005,8ο ΝΗΠΙΑΓΩΓΕΙΟ ΑΜΑΛΙΑΔΑΣ,21.342897,37.790125
1006,7ο ΝΗΠΙΑΓΩΓΕΙΟ ΠΥΡΓΟΥ,,
1007,11ο ΝΗΠΙΑΓΩΓΕΙΟ ΠΥΡΓΟΥ,,
1008,ΝΗΠΙΑΓΩΓΕΙΟ ΑΓΙΑΣ ΦΙΛΟΘΕΗΣ,,
1009,ΝΗΠΙΑΓΩΓΕΙΟ ΜΠΟΡΣΙΟΥ,,
1010,3ο ΝΗΠΙΑΓΩΓΕΙΟ ΑΜΑΛΙΑΔΑΣ,21.343619,37.791354
1011,ΝΗΠΙΑΓΩΓΕΙΟ ΚΑΡΔΑΜΑ,21.33815,37.766484
1012,4ο ΝΗΠΙΑΓΩΓΕΙΟ ΠΥΡΓΟΥ,,
1013,ΝΗΠΙΑΓΩΓΕΙΟ ΒΑΡΒΑΣΑΙΝΗΣ,21.501867,37.669879
1014,ΝΗΠΙΑΓΩΓΕΙΟ ΠΡΑΣΙΝΟΥ,21.423444,37.714652
1015,10ο ΝΗΠΙΑΓΩΓΕΙΟ ΠΥΡΓΟΥ,,
1016,1ο ΝΗΠΙΑΓΩΓΕΙΟ ΓΑΣΤΟΥΝΗΣ,21.245685,37.846785
1017,5ο ΝΗΠΙΑΓΩΓΕΙΟ ΑΜΑΛΙΑΔΑΣ,21.343863,37.790708
1018,ΝΗΠΙΑΓΩΓΕΙΟ ΣΑΒΑΛΙΩΝ,21.287469,37.810254
1019,ΝΗΠΙΑΓΩΓΕΙΟ ΑΕΡ/ΚΗΣ ΒΑΣΗΣ ΑΝΔΡΑΒΙΔΑΣ,21.270063,37.905506
1020,ΝΗΠΙΑΓΩΓΕΙΟ ΚΑΡΑΤΟΥΛΑΣ,21.537075,37.73397
1021,ΝΗΠΙΑΓΩΓΕΙΟ ΓΟΥΜΕΡΟΥ ΠΥΡΓΟΥ,21.618066,37.760362
1022,ΝΗΠΙΑΓΩΓΕΙΟ ΜΑΤΑΡΑΓΚΑΣ,21.475263,38.021069
1023,2ο ΝΗΠΙΑΓΩΓΕΙΟ ΛΕΧΑΙΝΩΝ,21.261378,37.937408
1024,ΝΗΠΙΑΓΩΓΕΙΟ ΜΕΛΙΣΣΙΩΝ,22.063646,38.182764
1025,3ο ΝΗΠΙΑΓΩΓΕΙΟ ΚΑΤΩ ΑΧΑΪΑΣ,,
1026,ΝΗΠΙΑΓΩΓΕΙΟ ΝΙΦΟΡΕΪΚΩΝ,21.524444,38.143063
1027,ΝΗΠΙΑΓΩΓΕΙΟ ΣΤΡΑΤΟΥ,21.320301,38.67153
1028,5ο ΝΗΠΙΑΓΩΓΕΙΟ ΠΥΡΓΟΥ,,
1029,ΝΗΠΙΑΓΩΓΕΙΟ ΧΑΒΑΡΙΟΥ,21.383072,37.847564
1030,ΝΗΠΙΑΓΩΓΕΙΟ ΑΓΙΟΥ ΙΩΑΝΝΗ,,
1031,ΝΗΠΙΑΓΩΓΕΙΟ ΣΜΙΛΑ,21.554736,37.676957
1032,ΝΗΠΙΑΓΩΓΕΙΟ ΠΛΑΤΑΝΟΥ ΠΥΡΓΟΥ,21.610467,37.664963
1033,ΝΗΠΙΑΓΩΓΕΙΟ ΚΟΛΙΡΙΟΥ,21.476528,37.68625
1034,4ο ΝΗΠΙΑΓΩΓΕΙΟ ΑΜΑΛΙΑΔΑΣ,21.356724,37.797991
1035,ΝΗΠΙΑΓΩΓΕΙΟ ΚΑΨΟΡΑΧΗΣ,,
1036,ΝΗΠΙΑΓΩΓΕΙΟ ΜΑΝΕΣΙΟΥ,21.959464,38.018205
1037,52ο ΝΗΠΙΑΓΩΓΕΙΟ ΠΑΤΡΑΣ,21.734186,38.216079
1038,51ο ΝΗΠΙΑΓΩΓΕΙΟ ΠΑΤΡΑΣ,,
1039,ΝΗΠΙΑΓΩΓΕΙΟ ΒΕΛΑΝΙΔΙΟΥ,21.509518,37.887781
1040,ΝΗΠΙΑΓΩΓΕΙΟ ΑΡΧΑΙΑΣ ΟΛΥΜΠΙΑΣ,21.626166,37.643045
1041,6ο ΝΗΠΙΑΓΩΓΕΙΟ ΠΥΡΓΟΥ,,
1042,ΝΗΠΙΑΓΩΓΕΙΟ ΣΤΑΜΝΑΣ,21.282025,38.514762
1043,ΝΗΠΙΑΓΩΓΕΙΟ ΧΑΝΑΚΙΩΝ,21.390629,37.737791
1044,ΝΗΠΙΑΓΩΓΕΙΟ ΠΑΠΑΔΑΤΩΝ,21.453217,38.526514
1045,1ο ΝΗΠΙΑΓΩΓΕΙΟ ΒΟΝΙΤΣΑΣ,20.883439,38.916515
1046,1ο ΝΗΠΙΑΓΩΓΕΙΟ ΝΑΥΠΑΚΤΟΥ,,
1047,ΝΗΠΙΑΓΩΓΕΙΟ ΟΧΘΙΩΝ ΒΑΛΤΟΥ,21.276561,38.697079
1048,ΝΗΠΙΑΓΩΓΕΙΟ ΣΑΡΔΗΝΙΩΝ,21.203796,38.890279
1049,4ο ΝΗΠΙΑΓΩΓΕΙΟ ΜΕΣΟΛΟΓΓΙΟΥ,,
1050,ΝΗΠΙΑΓΩΓΕΙΟ ΦΥΤΕΙΩΝ,21.185007,38.693864
1051,ΝΗΠΙΑΓΩΓΕΙΟ ΑΓΙΑΣ ΣΟΦΙΑΣ,,
1052,1ο ΝΗΠΙΑΓΩΓΕΙΟ ΑΓΡΙΝΙΟΥ,21.400406,38.626021
1053,41ο ΝΗΠΙΑΓΩΓΕΙΟ ΠΑΤΡΑΣ,21.753899,38.266319
1054,ΝΗΠΙΑΓΩΓΕΙΟ ΠΑΠΑΔΑΤΟΥ,21.173268,38.707687
1055,2ο ΝΗΠΙΑΓΩΓΕΙΟ ΝΑΥΠΑΚΤΟΥ,,
1056,ΝΗΠΙΑΓΩΓΕΙΟ ΓΟΥΡΙΩΤΙΣΣΑΣ ΞΗΡΟΜΕΡΟΥ,21.224534,38.613458
1057,ΝΗΠΙΑΓΩΓΕΙΟ ΚΥΨΕΛΗΣ,21.268618,38.682006
1058,57ο ΝΗΠΙΑΓΩΓΕΙΟ ΠΑΤΡΑΣ,21.736291,38.220362
1059,ΝΗΠΙΑΓΩΓΕΙΟ ΜΙΧΟΙΟΥ,,
1060,ΝΗΠΙΑΓΩΓΕΙΟ ΜΙΝΤΙΛΟΓΛΙΟΥ,,
1061,1ο ΝΗΠΙΑΓΩΓΕΙΟ ΑΓΙΟΥ ΚΩΝΣΤΑΝΤΙΝΟΥ,,
1062,2ο ΝΗΠΙΑΓΩΓΕΙΟ ΑΜΦΙΛΟΧΙΑΣ,21.162018,38.860301
1063,1ο ΝΗΠΙΑΓΩΓΕΙΟ ΑΜΦΙΛΟΧΙΑΣ,21.162018,38.860301
1064,ΝΗΠΙΑΓΩΓΕΙΟ ΚΡΕΣΤΕΝΩΝ ΟΛΥΜΠΙΑΣ,21.621572,37.593073
1065,2ο ΝΗΠΙΑΓΩΓΕΙΟ ΑΓΙΟΥ ΚΩΝΣΤΑΝΤΙΝΟΥ,21.399373,38.633851
1066,6ο ΝΗΠΙΑΓΩΓΕΙΟ ΑΓΡΙΝΙΟΥ,21.391488,38.627303
1067,ΝΗΠΙΑΓΩΓΕΙΟ ΕΠΙΤΑΛΙΟΥ ΟΛΥΜΠΙΑΣ,21.49483,37.626212
1068,ΝΗΠΙΑΓΩΓΕΙΟ ΛΑΜΠΕΙΑΣ,21.804292,37.8566
1069,ΝΗΠΙΑΓΩΓΕΙΟ ΜΑΤΑΡΑΓΚΑΣ,21.471967,38.522789
1070,ΝΗΠΙΑΓΩΓΕΙΟ ΑΡΛΑΣ,,
1071,ΝΗΠΙΑΓΩΓΕΙΟ ΒΡΑΝΑ,,
1072,ΝΗΠΙΑΓΩΓΕΙΟ ΛΥΓΙΑΣ,21.853597,38.408379
1073,ΝΗΠΙΑΓΩΓΕΙΟ ΑΓΙΟΥ ΘΩΜΑ,21.476272,38.384173
1074,10ο ΝΗΠΙΑΓΩΓΕΙΟ ΑΓΡΙΝΙΟΥ,21.415135,38.621245
1075,ΝΗΠΙΑΓΩΓΕΙΟ ΑΓΙΟΥ ΔΗΜΗΤΡΙΟΥ,21.40892,37.897056
1076,ΝΗΠΙΑΓΩΓΕΙΟ ΛΕΠΕΝΟΥΣ,21.291325,38.708691
1077,ΝΗΠΙΑΓΩΓΕΙΟ ΜΕΝΙΔΙΟΥ,21.119914,39.041097
1078,4ο ΝΗΠΙΑΓΩΓΕΙΟ ΝΑΥΠΑΚΤΟΥ,,
1079,ΝΗΠΙΑΓΩΓΕΙΟ ΓΡΑΜΜΑΤΙΚΟΥΣ,,
1080,ΝΗΠΙΑΓΩΓΕΙΟ ΠΑΝΟΠΟΥΛΟΥ,21.692441,37.818393
1081,2ο ΝΗΠΙΑΓΩΓΕΙΟ ΖΑΧΑΡΩΣ,21.650559,37.484986
1082,ΝΗΠΙΑΓΩΓΕΙΟ ΚΑΤΩ ΠΑΝΑΓΙΟΥ ,21.14695,37.927498
1083,ΝΗΠΙΑΓΩΓΕΙΟ ΨΑΡΙΟΥ,,
1084,ΝΗΠΙΑΓΩΓΕΙΟ ΚΑΤΑΚΟΛΟΥ,21.311536,37.63925
1085,7ο ΝΗΠΙΑΓΩΓΕΙΟ ΑΓΡΙΝΙΟΥ,,
1086,ΝΗΠΙΑΓΩΓΕΙΟ ΑΝΑΛΗΨΗΣ,21.701528,38.492642
1087,ΝΗΠΙΑΓΩΓΕΙΟ ΞΗΡΟΠΗΓΑΔΟΥ,21.862101,38.401128
1088,ΝΗΠΙΑΓΩΓΕΙΟ ΠΕΡΙΣΤΕΡΙΟΥ,21.473232,37.805145
1089,ΝΗΠΙΑΓΩΓΕΙΟ ΑΝΩ ΚΕΡΑΣΟΒΟΥ,21.445248,38.487764
1090,ΝΗΠΙΑΓΩΓΕΙΟ ΡΟΥΠΑΚΙΟΥ,21.325141,37.863874
1091,ΝΗΠΙΑΓΩΓΕΙΟ ΚΟΥΡΤΕΣΙΟΥ,21.328964,37.965471
1092,ΝΗΠΙΑΓΩΓΕΙΟ ΓΟΥΡΙΑΣ,21.262809,38.471152
1093,ΝΗΠΙΑΓΩΓΕΙΟ ΒΑΡΝΑΚΑ,20.98923,38.726734
1094,ΝΗΠΙΑΓΩΓΕΙΟ ΛΟΥΤΡΟΥ,,
1095,ΝΗΠΙΑΓΩΓΕΙΟ ΤΡΑΓΑΝΟΥ ΛΕΧΑΙΝΩΝ,,
1096,ΝΗΠΙΑΓΩΓΕΙΟ ΛΥΓΙΑΣ,21.156354,37.858042
1097,2ο ΝΗΠΙΑΓΩΓΕΙΟ ΝΕΟΧΩΡΙΟΥ ΜΕΣΟΛΟΓΓΙΟΥ,21.276196,38.406649
1098,ΝΗΠΙΑΓΩΓΕΙΟ ΠΕΝΤΑΛΟΦΟΥ,21.244743,38.483913
1099,ΝΗΠΙΑΓΩΓΕΙΟ ΔΟΚΙΜΙΟΥ,21.381815,38.614629
1100,ΝΗΠΙΑΓΩΓΕΙΟ ΑΜΟΡΓΙΑΝΩΝ ΒΑΛΤΟΥ,21.361336,38.865202
1101,ΝΗΠΙΑΓΩΓΕΙΟ ΜΥΤΙΚΑ,20.945392,38.667765
1102,1ο ΝΗΠΙΑΓΩΓΕΙΟ ΝΕΑΠΟΛΗΣ,,
1103,ΝΗΠΙΑΓΩΓΕΙΟ ΕΛΑΙΩΝΟΣ,21.465454,37.744067
1104,2ο ΝΗΠΙΑΓΩΓΕΙΟ ΒΑΡΘΟΛΟΜΙΟΥ,21.206933,37.860321
1105,3ο ΝΗΠΙΑΓΩΓΕΙΟ ΜΕΣΟΛΟΓΓΙΟΥ,21.434995,38.374787
1106,42ο ΝΗΠΙΑΓΩΓΕΙΟ ΠΑΤΡΑΣ,21.736345,38.220363
1107,1ο ΝΗΠΙΑΓΩΓΕΙΟ ΚΑΤΟΥΝΑΣ,,
1108,ΝΗΠΙΑΓΩΓΕΙΟ ΧΕΙΜΑΔΙΟΥ,21.508308,37.759941
1109,ΝΗΠΙΑΓΩΓΕΙΟ ΘΥΡΙΟΥ,20.983996,38.857455
1110,ΝΗΠΙΑΓΩΓΕΙΟ ΑΝΔΡΙΤΣΑΙΝΗΣ ΟΛΥΜΠΙΑΣ,21.906317,37.4835
1111,ΝΗΠΙΑΓΩΓΕΙΟ ΣΕΛΙΝΟΥΝΤΑ,22.09663,38.220046
1112,1ο ΝΗΠΙΑΓΩΓΕΙΟ ΚΑΤΩ ΑΧΑΪΑΣ,21.541889,38.142346
1113,ΝΗΠΙΑΓΩΓΕΙΟ ΠΑΤΡΑΣ ΕΙΔΙΚΟ,21.737492,38.221928
1114,5ο ΝΗΠΙΑΓΩΓΕΙΟ ΠΑΤΡΑΣ,21.73801,38.240516
1115,3ο ΝΗΠΙΑΓΩΓΕΙΟ ΠΑΤΡΑΣ,21.727145,38.235243
1116,2ο ΝΗΠΙΑΓΩΓΕΙΟ ΒΡΑΧΝΕΪΚΩΝ,21.669267,38.161682
1117,40ο ΝΗΠΙΑΓΩΓΕΙΟ ΠΑΤΡΑΣ,21.759118,38.230661
1118,ΝΗΠΙΑΓΩΓΕΙΟ ΡΙΒΙΟΥ,,
1119,39ο ΝΗΠΙΑΓΩΓΕΙΟ ΠΑΤΡΑΣ,21.75018,38.259478
1120,1ο ΝΗΠΙΑΓΩΓΕΙΟ ΡΙΟΥ,21.782135,38.300191
1121,ΝΗΠΙΑΓΩΓΕΙΟ ΧΡΥΣΟΒΙΤΣΑΣ,21.147519,38.585862
1122,3ο ΝΗΠΙΑΓΩΓΕΙΟ ΝΕΟΧΩΡΙΟΥ,21.276145,38.406705
1123,2ο ΝΗΠΙΑΓΩΓΕΙΟ ΚΑΤΟΧΗΣ,21.256425,38.410318
1124,ΝΗΠΙΑΓΩΓΕΙΟ ΚΑΤΩ ΜΑΖΑΡΑΚΙΟΥ,21.654029,38.068674
1125,2ο ΝΗΠΙΑΓΩΓΕΙΟ ΘΕΣΤΙΕΩΝ,,
1126,18ο ΝΗΠΙΑΓΩΓΕΙΟ ΑΓΡΙΝΙΟΥ,21.40456,38.628071
1127,19ο ΝΗΠΙΑΓΩΓΕΙΟ ΑΓΡΙΝΙΟΥ,,
1128,ΝΗΠΙΑΓΩΓΕΙΟ ΜΑΣΤΡΟΥ,21.27749,38.434988
1129,ΝΗΠΙΑΓΩΓΕΙΟ ΤΡΙΚΟΡΦΟΥ,21.641706,38.408913
1130,7ο ΝΗΠΙΑΓΩΓΕΙΟ ΜΕΣΟΛΟΓΓΙΟΥ,,
1131,ΝΗΠΙΑΓΩΓΕΙΟ ΚΕΚΡΟΠΙΑΣ,,
1132,1ο ΝΗΠΙΑΓΩΓΕΙΟ ΘΕΣΤΙΕΩΝ,,
1133,14ο ΝΗΠΙΑΓΩΓΕΙΟ ΠΑΤΡΑΣ,21.725497,38.217842
1134,21ο ΝΗΠΙΑΓΩΓΕΙΟ ΠΑΤΡΑΣ,21.738911,38.221742
1135,2ο ΝΗΠΙΑΓΩΓΕΙΟ ΨΩΦΙΔΑΣ ,,
1136,ΝΗΠΙΑΓΩΓΕΙΟ ΑΦΡΟΞΥΛΙΑΣ,,
1137,ΝΗΠΙΑΓΩΓΕΙΟ ΒΡΟΥΒΙΑΝΩΝ,21.412308,39.106668
1138,36ο ΝΗΠΙΑΓΩΓΕΙΟ ΠΑΤΡΑΣ,21.741681,38.256574
1139,35ο ΝΗΠΙΑΓΩΓΕΙΟ ΠΑΤΡΑΣ,21.744605,38.248781
1140,8ο ΝΗΠΙΑΓΩΓΕΙΟ ΠΑΤΡΑΣ,21.737341,38.25823
1141,2ο ΝΗΠΙΑΓΩΓΕΙΟ ΠΑΡΑΛΙΑΣ,,
1142,8ο ΝΗΠΙΑΓΩΓΕΙΟ ΑΙΓΙΟΥ,,
1143,ΝΗΠΙΑΓΩΓΕΙΟ ΚΑΜΑΡΩΝ,22.002629,38.298675
1144,ΝΗΠΙΑΓΩΓΕΙΟ ΑΡΑΧΩΒΙΤΙΚΩΝ,21.845755,38.329529
1145,1ο ΝΗΠΙΑΓΩΓΕΙΟ ΧΡΥΣΟΒΕΡΓΙΟΥ,,
1146,20ο ΝΗΠΙΑΓΩΓΕΙΟ ΑΓΡΙΝΙΟΥ,21.414969,38.615033
1147,21ο ΝΗΠΙΑΓΩΓΕΙΟ ΑΓΡΙΝΙΟΥ,21.412999,38.624179
1148,3ο ΝΗΠΙΑΓΩΓΕΙΟ ΠΑΝΑΙΤΩΛΙΟΥ,21.445991,38.579355
1149,ΝΗΠΙΑΓΩΓΕΙΟ ΑΓΙΟΥ ΓΕΩΡΓΙΟΥ,21.541532,38.394088
1150,ΝΗΠΙΑΓΩΓΕΙΟ ΚΑΤΩ ΚΛΕΙΣΟΡΡΕΥΜΑΤΩΝ,21.378482,38.541156
1151,22ο ΝΗΠΙΑΓΩΓΕΙΟ ΑΓΡΙΝΙΟΥ,,
1152,ΝΗΠΙΑΓΩΓΕΙΟ ΜΑΚΥΝΕΙΑΣ,,
1153,7ο ΝΗΠΙΑΓΩΓΕΙΟ ΠΑΤΡΑΣ,21.733345,38.236603
1154,11ο ΝΗΠΙΑΓΩΓΕΙΟ ΠΑΤΡΑΣ,,
1155,ΝΗΠΙΑΓΩΓΕΙΟ ΚΟΥΛΟΥΡΑΣ,22.086496,38.236036
1156,1ο ΝΗΠΙΑΓΩΓΕΙΟ ΖΑΧΑΡΩΣ ΟΛΥΜΠΙΑΣ,21.650501,37.485154
1157,ΝΗΠΙΑΓΩΓΕΙΟ ΚΑΤΩ ΚΑΣΤΡΙΤΣΙΟΥ,,
1158,1ο ΝΗΠΙΑΓΩΓΕΙΟ ΠΥΡΓΟΥ,,
1159,ΝΗΠΙΑΓΩΓΕΙΟ ΝΕΑΣ ΦΥΓΑΛΕΙΑΣ ΟΛΥΜΠΙΑΣ,21.772836,37.439137
1160,ΝΗΠΙΑΓΩΓΕΙΟ ΚΑΝΔΗΛΑΣ,20.940382,38.703149
1161,1ο ΝΗΠΙΑΓΩΓΕΙΟ ΚΑΤΟΧΗΣ ΞΗΡΟΜΕΡΟΥ,21.256531,38.410252
1162,ΝΗΠΙΑΓΩΓΕΙΟ ΤΥΦΛΩΝ ΑΧΑΪΑΣ ΕΙΔΙΚΟ,,
1163,69ο ΝΗΠΙΑΓΩΓΕΙΟ ΠΑΤΡΑΣ,21.750547,38.231356
1164,ΝΗΠΙΑΓΩΓΕΙΟ ΚΥΛΛΗΝΗΣ,21.144014,37.932097
1165,1ο ΝΗΠΙΑΓΩΓΕΙΟ ΟΒΡΥΑΣ,,
1166,38ο ΝΗΠΙΑΓΩΓΕΙΟ ΠΑΤΡΑΣ,21.769422,38.278549
1167,34ο ΝΗΠΙΑΓΩΓΕΙΟ ΠΑΤΡΑΣ,21.74155,38.269574
1168,29ο ΝΗΠΙΑΓΩΓΕΙΟ ΠΑΤΡΑΣ,21.732674,38.236191
1169,9ο ΝΗΠΙΑΓΩΓΕΙΟ ΠΑΤΡΑΣ,21.730105,38.218357
1170,ΝΗΠΙΑΓΩΓΕΙΟ ΚΑΛΛΙΘΕΑΣ,,
1171,58ο ΝΗΠΙΑΓΩΓΕΙΟ ΠΑΤΡΑΣ,21.727311,38.213634
1172,53ο ΝΗΠΙΑΓΩΓΕΙΟ ΠΑΤΡΑΣ,,
1173,12ο ΝΗΠΙΑΓΩΓΕΙΟ ΝΑΥΠΑΚΤΟΥ,,
1174,4ο ΝΗΠΙΑΓΩΓΕΙΟ ΠΑΤΡΑΣ,21.715476,38.213542
1175,ΝΗΠΙΑΓΩΓΕΙΟ ΕΛΑΙΩΝΑ,22.16996,38.196798
1176,ΝΗΠΙΑΓΩΓΕΙΟ ΑΙΓΕΙΡΑΣ,22.35083,38.146716
1177,3ο ΝΗΠΙΑΓΩΓΕΙΟ ΝΑΥΠΑΚΤΟΥ,,
1178,ΝΗΠΙΑΓΩΓΕΙΟ ΛΑΚΚΟΠΕΤΡΑΣ,21.453472,38.166755
1179,ΝΗΠΙΑΓΩΓΕΙΟ ΣΑΓΕΙΚΩΝ,,
1180,6ο ΝΗΠΙΑΓΩΓΕΙΟ ΠΑΤΡΑΣ,21.735138,38.248466
1181,ΝΗΠΙΑΓΩΓΕΙΟ ΛΑΠΠΑ,,
1182,ΝΗΠΙΑΓΩΓΕΙΟ ΒΡΑΧΝΕΪΚΩΝ,21.669267,38.161682
1183,ΝΗΠΙΑΓΩΓΕΙΟ ΛΙΜΝΟΧΩΡΙΟΥ,,
1184,ΝΗΠΙΑΓΩΓΕΙΟ ΛΕΥΚΟΧΩΡΙΟΥ,21.27328,37.872466
1185,ΝΗΠΙΑΓΩΓΕΙΟ ΣΤΡΟΥΣΙΟΥ,,
1186,18ο ΝΗΠΙΑΓΩΓΕΙΟ ΠΑΤΡΑΣ,21.741766,38.256716
1187,ΝΗΠΙΑΓΩΓΕΙΟ ΛΟΥΣΙΚΩΝ,21.594019,38.107735
1188,72ο ΝΗΠΙΑΓΩΓΕΙΟ ΠΑΤΡΩΝ,,
1189,27ο ΝΗΠΙΑΓΩΓΕΙΟ ΠΑΤΡΑΣ,21.749435,38.22936
1190,ΝΗΠΙΑΓΩΓΕΙΟ ΧΑΛΑΝΔΡΙΤΣΗΣ,,
1191,4ο ΝΗΠΙΑΓΩΓΕΙΟ ΑΙΓΙΟΥ,,
1192,5ο ΝΗΠΙΑΓΩΓΕΙΟ ΑΙΓΙΟΥ,,
1193,ΝΗΠΙΑΓΩΓΕΙΟ ΣΑΡΑΒΑΛΙΟΥ,,
1194,70ο ΝΗΠΙΑΓΩΓΕΙΟ ΠΑΤΡΩΝ,,
1195,24ο ΝΗΠΙΑΓΩΓΕΙΟ ΠΑΤΡΑΣ,,
1196,65ο ΝΗΠΙΑΓΩΓΕΙΟ ΠΑΤΡΑΣ,,
1197,37ο ΝΗΠΙΑΓΩΓΕΙΟ ΠΑΤΡΑΣ,21.743159,38.232638
1198,ΝΗΠΙΑΓΩΓΕΙΟ ΤΣΟΥΚΑΛΕΙΚΩΝ,21.646044,38.155376
1199,ΝΗΠΙΑΓΩΓΕΙΟ ΑΝΩ ΚΑΣΤΡΙΤΣΙΟΥ,21.835603,38.270294
1200,1ο ΝΗΠΙΑΓΩΓΕΙΟ ΔΕΜΕΝΙΚΩΝ,,
1201,ΝΗΠΙΑΓΩΓΕΙΟ ΣΚΙΑΔΑ,21.684834,37.881279
1202,ΝΗΠΙΑΓΩΓΕΙΟ ΚΑΜΙΝΙΩΝ,21.628096,38.148104
1203,ΝΗΠΙΑΓΩΓΕΙΟ ΑΝΩ ΑΛΙΣΣΟΥ,21.593225,38.136991
1204,ΝΗΠΙΑΓΩΓΕΙΟ ΖΗΡΙΑΣ,21.981026,38.298946
1205,46ο ΝΗΠΙΑΓΩΓΕΙΟ ΠΑΤΡΑΣ,21.727989,38.237857
1206,23ο ΝΗΠΙΑΓΩΓΕΙΟ ΠΑΤΡΑΣ,21.748392,38.211943
1207,1ο ΝΗΠΙΑΓΩΓΕΙΟ ΠΑΡΑΛΙΑΣ,,
1208,2ο ΝΗΠΙΑΓΩΓΕΙΟ ΚΑΤΩ ΑΧΑΪΑΣ,21.541724,38.142511
1209,16ο ΝΗΠΙΑΓΩΓΕΙΟ ΠΑΤΡΑΣ,21.747116,38.264917
1210,17ο ΝΗΠΙΑΓΩΓΕΙΟ ΠΑΤΡΑΣ,21.739145,38.245336
1211,19ο ΝΗΠΙΑΓΩΓΕΙΟ ΠΑΤΡΑΣ,21.74876,38.253596
1212,3ο ΝΗΠΙΑΓΩΓΕΙΟ ΑΙΓΙΟΥ,,
1213,26ο ΝΗΠΙΑΓΩΓΕΙΟ ΠΑΤΡΑΣ,21.741681,38.256574
1214,28ο ΝΗΠΙΑΓΩΓΕΙΟ ΠΑΤΡΑΣ,21.761115,38.221806
1215,25ο ΝΗΠΙΑΓΩΓΕΙΟ ΠΑΤΡΑΣ,21.736642,38.240084
1216,54ο ΝΗΠΙΑΓΩΓΕΙΟ ΠΑΤΡΑΣ,21.731785,38.236101
1217,ΝΗΠΙΑΓΩΓΕΙΟ ΡΟΔΟΔΑΦΝΗΣ,,
1218,7ο ΝΗΠΙΑΓΩΓΕΙΟ ΑΙΓΙΟΥ,,
1219,32ο ΝΗΠΙΑΓΩΓΕΙΟ ΠΑΤΡΑΣ,21.741286,38.228009
1220,6ο ΝΗΠΙΑΓΩΓΕΙΟ ΑΙΓΙΟΥ,,
1221,22ο ΝΗΠΙΑΓΩΓΕΙΟ ΠΑΤΡΑΣ,21.750547,38.231356
1222,ΝΗΠΙΑΓΩΓΕΙΟ ΔΙΑΚΟΠΤΟΥ,22.202114,38.187646
1223,10ο ΝΗΠΙΑΓΩΓΕΙΟ ΑΙΓΙΟΥ,,
1224,ΝΗΠΙΑΓΩΓΕΙΟ ΡΙΖΟΜΥΛΟΥ,22.133325,38.211141
1225,ΝΗΠΙΑΓΩΓΕΙΟ ΠΑΤΡΑΣ ΠΕΙΡΑΜΑΤΙΚΟ ΠΑΝΕΠΙΣΤΗΜΙΟΥ ΠΑΤΡΩΝ,,
1226,ΝΗΠΙΑΓΩΓΕΙΟ ΒΑΣΙΛΙΚΟΥ,,
1227,ΝΗΠΙΑΓΩΓΕΙΟ ΦΑΡΩΝ,,
1228,ΝΗΠΙΑΓΩΓΕΙΟ ΡΟΒΙΑΤΑΣ,21.303638,37.809416
1229,ΝΗΠΙΑΓΩΓΕΙΟ ΡΟΙΤΙΚΩΝ,,
1230,43ο ΝΗΠΙΑΓΩΓΕΙΟ ΠΑΤΡΑΣ,21.762851,38.27042
1231,45ο ΝΗΠΙΑΓΩΓΕΙΟ ΠΑΤΡΑΣ,21.728282,38.229402
1232,ΝΗΠΙΑΓΩΓΕΙΟ ΜΕΤΟΧΙΟΥ,21.401283,38.125358
1233,47ο ΝΗΠΙΑΓΩΓΕΙΟ ΠΑΤΡΑΣ,21.743897,38.261767
1234,49ο ΝΗΠΙΑΓΩΓΕΙΟ ΠΑΤΡΑΣ,21.763903,38.279856
1235,48ο ΝΗΠΙΑΓΩΓΕΙΟ ΠΑΤΡΑΣ,21.76286,38.275184
1236,ΝΗΠΙΑΓΩΓΕΙΟ ΨΑΘΟΠΥΡΓΟΥ,21.869264,38.321905
1237,ΝΗΠΙΑΓΩΓΕΙΟ ΑΓΙΟΥ ΒΑΣΙΛΕΙΟΥ,21.818419,38.311725
1238,56ο ΝΗΠΙΑΓΩΓΕΙΟ ΠΑΤΡΑΣ,21.742079,38.254683
1239,ΝΗΠΙΑΓΩΓΕΙΟ ΔΡΕΠΑΝΟΥ,21.855573,38.317567
1240,55ο ΝΗΠΙΑΓΩΓΕΙΟ ΠΑΤΡΑΣ,21.741467,38.22342
1241,ΝΗΠΙΑΓΩΓΕΙΟ ΩΛΕΝΗΣ,,
1242,1ο ΝΗΠΙΑΓΩΓΕΙΟ ΑΙΓΙΟΥ,22.077412,38.249371
1243,2ο ΝΗΠΙΑΓΩΓΕΙΟ ΑΙΓΙΟΥ,,
1244,1ο ΝΗΠΙΑΓΩΓΕΙΟ ΠΑΤΡΑΣ,21.733223,38.231536
1245,2ο ΝΗΠΙΑΓΩΓΕΙΟ ΠΑΤΡΑΣ,21.74284,38.23338
1246,10ο ΝΗΠΙΑΓΩΓΕΙΟ ΠΑΤΡΑΣ,21.740507,38.237879
1247,12ο ΝΗΠΙΑΓΩΓΕΙΟ ΠΑΤΡΑΣ,21.740507,38.237879
1248,13ο ΝΗΠΙΑΓΩΓΕΙΟ ΠΑΤΡΑΣ,21.733448,38.22618
1249,ΝΗΠΙΑΓΩΓΕΙΟ ΚΛΕΙΤΟΡΙΑΣ ΚΑΛΑΒΡΥΤΩΝ,22.124862,37.893874
1250,ΝΗΠΙΑΓΩΓΕΙΟ ΚΑΛΑΒΡΥΤΩΝ ΚΑΛΑΒΡΥΤ,22.112844,38.027825
1251,ΝΗΠΙΑΓΩΓΕΙΟ ΔΑΦΝΗΣ ΚΑΛΑΒΡΥΤΩΝ,,
1252,7ο ΝΗΠΙΑΓΩΓΕΙΟ ΑΜΑΛΙΑΔΑΣ,,
1253,20ο ΝΗΠΙΑΓΩΓΕΙΟ ΠΑΤΡΑΣ,21.743707,38.242452
1254,ΝΗΠΙΑΓΩΓΕΙΟ ΣΕΛΙΑΝΙΤΙΚΩΝ,22.026834,38.27827
1255,2ο ΝΗΠΙΑΓΩΓΕΙΟ ΟΒΡΙΑΣ,,
1256,60ο ΝΗΠΙΑΓΩΓΕΙΟ ΠΑΤΡΑΣ,21.728282,38.22941
1257,71ο ΝΗΠΙΑΓΩΓΕΙΟ ΠΑΤΡΑΣ,21.751566,38.228972
1258,ΝΗΠΙΑΓΩΓΕΙΟ ΚΑΡΥΑ,,
1259,11ο ΝΗΠΙΑΓΩΓΕΙΟ ΑΙΓΙΟΥ,,
1260,ΝΗΠΙΑΓΩΓΕΙΟ ΜΥΡΤΕΑΣ,21.618053,38.586635
1261,ΝΗΠΙΑΓΩΓΕΙΟ ΚΕΡΤΕΖΗΣ,21.994258,37.978906
1262,ΝΗΠΙΑΓΩΓΕΙΟ ΨΩΦΙΔΑΣ,22.077301,37.88931
1263,31ο ΝΗΠΙΑΓΩΓΕΙΟ ΠΑΤΡΑΣ,21.757638,38.224123
1264,ΝΗΠΙΑΓΩΓΕΙΟ ΛΥΚΟΥΡΙΑΣ,22.213379,37.861518
1265,ΝΗΠΙΑΓΩΓΕΙΟ ΜΑΥΡΟΜΑΝΔΗΛΑΣ,,
1266,ΝΗΠΙΑΓΩΓΕΙΟ ΣΑΛΜΕΝΙΚΟΥ,21.945006,38.263816
1267,63ο ΝΗΠΙΑΓΩΓΕΙΟ ΠΑΤΡΑΣ,,
1268,61ο ΝΗΠΙΑΓΩΓΕΙΟ ΠΑΤΡΑΣ,21.73345,38.226137
1269,ΝΗΠΙΑΓΩΓΕΙΟ ΝΙΚΟΛΑΙΙΚΩΝ,22.142838,38.203604
1270,ΝΗΠΙΑΓΩΓΕΙΟ ΚΟΥΝΙΝΑΣ,22.022891,38.192699
1271,ΝΗΠΙΑΓΩΓΕΙΟ ΚΡΙΝΟΥ,,
1272,64ο ΝΗΠΙΑΓΩΓΕΙΟ ΠΑΤΡΑΣ,,
1273,2o ΝΗΠΙΑΓΩΓΕΙΟ ΡΙΟΥ,,
1274,ΝΗΠΙΑΓΩΓΕΙΟ ΑΚΤΑΙΟΥ,21.795623,38.302466
1275,67ο ΝΗΠΙΑΓΩΓΕΙΟ ΠΑΤΡΑΣ,21.744306,38.235099
1276,62ο ΝΗΠΙΑΓΩΓΕΙΟ ΠΑΤΡΑΣ,21.721721,38.221144
1277,12ο ΝΗΠΙΑΓΩΓΕΙΟ ΑΙΓΙΟΥ,,
1278,68ο ΝΗΠΙΑΓΩΓΕΙΟ ΠΑΤΡΑΣ,21.743897,38.261767
1279,ΝΗΠΙΑΓΩΓΕΙΟ ΚΑΤΩ ΑΛΙΣΣΟΥ,21.593347,38.136811
1280,2ο ΝΗΠΙΑΓΩΓΕΙΟ ΑΚΡΑΤΑΣ,22.314949,38.15255
1281,ΝΗΠΙΑΓΩΓΕΙΟ ΦΡΑΓΚΑ,,
1282,ΝΗΠΙΑΓΩΓΕΙΟ ΣΤΑΥΡΟΔΡΟΜΙΟΥ,21.679296,37.934886
1283,ΝΗΠΙΑΓΩΓΕΙΟ ΙΣΩΜΑΤΟΣ,,
1284,15ο ΝΗΠΙΑΓΩΓΕΙΟ ΠΑΤΡΑΣ,21.735325,38.247533
1285,3ο ΝΗΠΙΑΓΩΓΕΙΟ ΟΒΡΥΑΣ,,
1286,66ο ΝΗΠΙΑΓΩΓΕΙΟ ΠΑΤΡΑΣ,21.740279,38.227905
1287,ΝΗΠΙΑΓΩΓΕΙΟ ΚΡΙΘΑΡΑΚΙΩΝ,,
1288,17ο ΝΗΠΙΑΓΩΓΕΙΟ ΑΓΡΙΝΙΟΥ,,
1289,13ο ΝΗΠΙΑΓΩΓΕΙΟ ΠΥΡΓΟΥ,,
1290,ΝΗΠΙΑΓΩΓΕΙΟ ΚΑΡΑΙΣΚΑΚΗ,21.091711,38.579728
1291,ΝΗΠΙΑΓΩΓΕΙΟ ΚΕΦΑΛΟΒΡΥΣΟΥ ΑΙΤΩΛΙΚΟΥ,,
1292,ΝΗΠΙΑΓΩΓΕΙΟ ΚΑΤΩ ΖΕΥΓΑΡΑΚΙΟΥ,21.41259,38.537626
1293,5ο ΝΗΠΙΑΓΩΓΕΙΟ ΜΕΣΟΛΟΓΓΙΟΥ,,
1294,ΝΗΠΙΑΓΩΓΕΙΟ ΠΑΝΤΑΝΑΣΣΗΣ,21.560548,38.601728
1295,3ο ΝΗΠΙΑΓΩΓΕΙΟ ΝΕΑΠΟΛΗΣ,,
1296,ΝΗΠΙΑΓΩΓΕΙΟ ΕΜΠΕΣΟΥ,21.322354,39.029473
1297,ΝΗΠΙΑΓΩΓΕΙΟ ΚΑΣΤΡΑΚΙΟΥ ΒΑΛΤΟΥ,21.348293,38.736691
1298,16ο ΝΗΠΙΑΓΩΓΕΙΟ ΑΓΡΙΝΙΟΥ,,
1299,ΝΗΠΙΑΓΩΓΕΙΟ ΡΙΓΑΝΗΣ,,
1300,ΝΗΠΙΑΓΩΓΕΙΟ ΚΟΝΟΠΙΝΑΣ,21.132179,38.750518
1301,4ο ΝΗΠΙΑΓΩΓΕΙΟ ΝΕΑΠΟΛΗΣ,,
1302,2ο ΝΗΠΙΑΓΩΓΕΙΟ ΝΕΑΠΟΛΗΣ,,
1303,ΝΗΠΙΑΓΩΓΕΙΟ ΝΕΑΣ ΑΒΟΡΑΝΗΣ,21.446884,38.607512
1304,9ο ΝΗΠΙΑΓΩΓΕΙΟ ΝΑΥΠΑΚΤΟΥ,21.834526,38.392083
1305,ΝΗΠΙΑΓΩΓΕΙΟ ΑΒΥΘΟΥ,,
1306,33ο ΝΗΠΙΑΓΩΓΕΙΟ ΠΑΤΡΑΣ,21.725438,38.238282
1307,1ο ΝΗΠΙΑΓΩΓΕΙΟ ΑΚΡΑΤΑΣ,22.314948,38.152548
1308,ΝΗΠΙΑΓΩΓΕΙΟ ΣΚΕΠΑΣΤΟΥ,22.0737,38.040341
1309,ΝΗΠΙΑΓΩΓΕΙΟ ΣΠΑΡΤΟΥ,21.110328,38.900383
1310,ΝΗΠΙΑΓΩΓΕΙΟ ΚΕΧΡΙΝΙΑΣ,21.230627,38.820662
1311,ΝΗΠΙΑΓΩΓΕΙΟ ΚΑΤΩ ΔΑΦΝΗΣ,21.86618,38.420845
1312,5ο ΝΗΠΙΑΓΩΓΕΙΟ ΝΑΥΠΑΚΤΟΥ,,
1313,6ο ΝΗΠΙΑΓΩΓΕΙΟ ΜΕΣΟΛΟΓΓΙΟΥ,,
1314,ΝΗΠΙΑΓΩΓΕΙΟ ΒΟΥΛΙΑΓΜΕΝΗΣ,21.607501,37.834516
1315,ΝΗΠΙΑΓΩΓΕΙΟ ΚΑΤΩ ΚΕΡΑΣΟΒΟΥ,21.430776,38.526747
1316,ΝΗΠΙΑΓΩΓΕΙΟ ΚΑΛΛΙΘΕΑΣ,,
1317,ΝΗΠΙΑΓΩΓΕΙΟ ΣΚΟΥΡΟΧΩΡΙΟΥ,21.359476,37.684341
1318,1ο ΝΗΠΙΑΓΩΓΕΙΟ ΠΑΝΑΙΤΩΛΙΟΥ,21.445991,38.579345
1319,5ο ΝΗΠΙΑΓΩΓΕΙΟ ΑΓΡΙΝΙΟΥ,,
1320,11ο ΝΗΠΙΑΓΩΓΕΙΟ ΑΓΡΙΝΙΟΥ,21.409598,38.616672
1321,ΝΗΠΙΑΓΩΓΕΙΟ ΑΓΙΟΥ ΑΝΔΡΕΟΥ,21.55449,38.526045
1322,ΝΗΠΙΑΓΩΓΕΙΟ ΠΑΤΡΑΣ ΕΙΔΙΚΟ ΚΩΦΩΝ ΒΑΡΗΚΟΩΝ,,
1323,ΝΗΠΙΑΓΩΓΕΙΟ ΓΑΒΑΛΟΥΣ,21.53535,38.527204
1324,ΝΗΠΙΑΓΩΓΕΙΟ ΑΓΙΑΣ ΜΑΥΡΑΣ,,
1325,ΝΗΠΙΑΓΩΓΕΙΟ ΒΑΣΙΛΑΚΙΟΥ,21.762879,37.648817
1326,ΝΗΠΙΑΓΩΓΕΙΟ ΚΛΙΝΔΙΑ,21.682216,37.781274
1327,2ο ΝΗΠΙΑΓΩΓΕΙΟ ΑΓΡΙΝΙΟΥ,,
1328,9ο ΝΗΠΙΑΓΩΓΕΙΟ ΑΓΡΙΝΙΟΥ,,
1329,ΝΗΠΙΑΓΩΓΕΙΟ ΘΥΑΜΟΥ,,
1330,3ο ΝΗΠΙΑΓΩΓΕΙΟ ΒΟΝΙΤΣΑΣ,20.883422,38.916501
1331,3ο ΝΗΠΙΑΓΩΓΕΙΟ ΑΜΦΙΛΟΧΙΑΣ,21.162018,38.860301
1332,ΝΗΠΙΑΓΩΓΕΙΟ ΧΑΛΚΙΟΠΟΥΛΟΥ,21.39457,38.975815
1333,ΝΗΠΙΑΓΩΓΕΙΟ ΚΑΤΩ ΜΑΚΡΥΝΟΥΣ,21.624418,38.486613
1334,ΝΗΠΙΑΓΩΓΕΙΟ ΓΑΛΑΤΑ,21.56025,38.352287
1335,2ο ΝΗΠΙΑΓΩΓΕΙΟ ΕΥΗΝΟΧΩΡΙΟΥ,21.534384,38.358663
1336,2ο ΝΗΠΙΑΓΩΓΕΙΟ ΠΑΝΑΙΤΩΛΙΟΥ,21.445998,38.579345
1337,ΝΗΠΙΑΓΩΓΕΙΟ ΚΑΜΑΡΟΥΛΑΣ,21.446618,38.628742
1338,ΝΗΠΙΑΓΩΓΕΙΟ ΣΠΟΛΑΙΤΑΣ,21.349936,38.696236
1339,ΝΗΠΙΑΓΩΓΕΙΟ ΑΝΟΙΞΙΑΤΙΚΟΥ,21.170372,38.970208
1340,ΝΗΠΙΑΓΩΓΕΙΟ ΔΑΦΝΙΩΤΙΣΣΑΣ,21.451861,37.842791
1341,ΝΗΠΙΑΓΩΓΕΙΟ ΠΑΛΗΑΜΠΕΛΩΝ,20.952483,38.912085
1342,ΝΗΠΙΑΓΩΓΕΙΟ ΑΝΤΙΡΡΙΟΥ,21.762605,38.333258
1343,ΝΗΠΙΑΓΩΓΕΙΟ ΚΑΣΤΡΟΥ,21.139564,37.890426
1344,2ο ΝΗΠΙΑΓΩΓΕΙΟ ΒΟΝΙΤΣΑΣ,20.883442,38.916518
1345,ΝΗΠΙΑΓΩΓΕΙΟ ΤΡΥΠΗΤΗΣ,21.784636,37.568893
1346,ΝΗΠΙΑΓΩΓΕΙΟ ΠΕΡΔΙΚΑΚΙΟΥ,,
1347,ΝΗΠΙΑΓΩΓΕΙΟ ΠΛΑΓΙΑΣ,20.780466,38.806321
1348,ΝΗΠΙΑΓΩΓΕΙΟ ΜΠΟΥΚΑΣ,,
1349,ΝΗΠΙΑΓΩΓΕΙΟ ΣΤΡΕΦΙΟΥ,21.551303,37.66598
1350,13ο ΝΗΠΙΑΓΩΓΕΙΟ ΑΓΡΙΝΙΟΥ,21.391625,38.6174
1351,ΝΗΠΙΑΓΩΓΕΙΟ ΚΑΛΥΒΙΩΝ,21.29406,38.616124
1352,2ο ΝΗΠΙΑΓΩΓΕΙΟ ΚΑΤΟΥΝΑΣ,,
1353,ΝΗΠΙΑΓΩΓΕΙΟ ΧΡΥΣΟΠΗΓΗΣ,,
1354,4ο ΝΗΠΙΑΓΩΓΕΙΟ ΝΕΟΧΩΡΙΟΥ,21.27615,38.406728
1355,ΝΗΠΙΑΓΩΓΕΙΟ ΕΛΑΙΟΧΩΡΙΟΥ,21.568983,38.079893
1356,ΝΗΠΙΑΓΩΓΕΙΟ ΕΡΥΜΑΝΘΕΙΑΣ,21.72588,37.980614
1357,ΝΗΠΙΑΓΩΓΕΙΟ ΜΕΣΑΡΙΣΤΑΣ,21.589851,38.480797
1358,ΝΗΠΙΑΓΩΓΕΙΟ ΠΑΟΥΣ,,
1359,ΝΗΠΙΑΓΩΓΕΙΟ ΛΕΥΚΗΣ,,
1360,ΝΗΠΙΑΓΩΓΕΙΟ ΣΑΡΓΙΑΔΑΣ,21.414833,38.767483
1361,ΝΗΠΙΑΓΩΓΕΙΟ ΦΛΟΚΑ,21.614233,37.644972
1362,ΝΗΠΙΑΓΩΓΕΙΟ ΠΕΤΤΑ,21.4807,38.044598
1363,3ο ΝΗΠΙΑΓΩΓΕΙΟ ΠΑΡΑΛΙΑΣ,,
1364,ΝΗΠΙΑΓΩΓΕΙΟ ΑΝΩ ΜΑΚΡΥΝΟΥΣ,21.622259,38.469675
1365,4ο ΝΗΠΙΑΓΩΓΕΙΟ ΠΑΡΑΛΙΑΣ,,
1366,ΝΗΠΙΑΓΩΓΕΙΟ ΚΑΛΑΜΙΑΣ,,
1367,74ο ΝΗΠΙΑΓΩΓΕΙΟ ΠΑΤΡΩΝ,,
1368,2ο ΝΗΠΙΑΓΩΓΕΙΟ ΑΣΤΑΚΟΥ,21.082817,38.534555
1369,ΝΗΠΙΑΓΩΓΕΙΟ ΒΡΟΧΙΤΣΑΣ,21.428536,37.735202
1370,ΝΗΠΙΑΓΩΓΕΙΟ ΦΟΛΟΗΣ,21.718199,37.789876
1371,ΝΗΠΙΑΓΩΓΕΙΟ ΗΡΑΚΛΕΙΑ,21.571454,37.693054
1372,73ο ΝΗΠΙΑΓΩΓΕΙΟ ΠΑΤΡΩΝ,,
1373,ΝΗΠΙΑΓΩΓΕΙΟ ΧΑΪΚΑΛΙΟΥ,21.663336,38.100215
1374,59ο ΝΗΠΙΑΓΩΓΕΙΟ ΠΑΤΡΑΣ,,
1375,ΝΗΠΙΑΓΩΓΕΙΟ ΠΟΡΤΩΝ,21.571559,37.936502
1376,ΝΗΠΙΑΓΩΓΕΙΟ ΑΠΙΔΕΩΝΑ,21.427419,38.074716
1377,ΝΗΠΙΑΓΩΓΕΙΟ ΜΥΡΣΙΝΗΣ,21.237101,37.920813
1378,3ο ΝΗΠΙΑΓΩΓΕΙΟ ΓΑΣΤΟΥΝΗΣ,21.245839,37.84672
1379,2ο ΝΗΠΙΑΓΩΓΕΙΟ ΔΕΜΕΝΙΚΩΝ,,
1380,4ο ΝΗΠΙΑΓΩΓΕΙΟ ΑΓΡΙΝΙΟΥ,,
1381,1ο ΝΗΠΙΑΓΩΓΕΙΟ ΜΕΣΟΛΟΓΓΙΟΥ,,
1382,ΝΗΠΙΑΓΩΓΕΙΟ ΠΑΛΑΙΟΜΑΝΙΝΗΣ ΞΗΡΟΜ,21.242132,38.548033
1383,3ο ΝΗΠΙΑΓΩΓΕΙΟ ΑΓΡΙΝΙΟΥ,21.414743,38.619601
1384,ΝΗΠΙΑΓΩΓΕΙΟ ΑΙΤΩΛΙΚΟΥ,,
1385,ΝΗΠΙΑΓΩΓΕΙΟ ΑΡΧΟΝΤΟΧΩΡΙΟΥ,21.043041,38.701035
1386,ΝΗΠΙΑΓΩΓΕΙΟ ΑΓΙΟΥ ΝΙΚΟΛΑΟΥ,20.804721,38.868568
1387,8ο ΝΗΠΙΑΓΩΓΕΙΟ ΑΓΡΙΝΙΟΥ,21.404091,38.629852
1388,1ο ΝΗΠΙΑΓΩΓΕΙΟ ΝΕΟΧΩΡΙΟΥ ΜΕΣΟΛΟΓΓΙΟΥ,21.27601,38.406708
1389,ΝΗΠΙΑΓΩΓΕΙΟ ΚΑΡΑΙΙΚΩΝ,,
1390,ΝΗΠΙΑΓΩΓΕΙΟ ΑΕΤΟΥ,21.084931,38.704226
1391,ΝΗΠΙΑΓΩΓΕΙΟ ΠΑΡΑΒΟΛΑΣ,21.525695,38.613263
1392,2ο ΝΗΠΙΑΓΩΓΕΙΟ ΜΕΣΟΛΟΓΓΙΟΥ,21.431192,38.377452
1393,50ο ΝΗΠΙΑΓΩΓΕΙΟ ΠΑΤΡΑΣ,,
1394,ΝΗΠΙΑΓΩΓΕΙΟ ΤΕΜΕΝΗΣ,22.122629,38.234633
1395,ΝΗΠΙΑΓΩΓΕΙΟ ΣΤΑΝΟΥ,21.174554,38.802104
1396,ΝΗΠΙΑΓΩΓΕΙΟ ΜΑΛΕΣΙΑΔΑΣ,21.333737,38.900279
1397,6ο ΝΗΠΙΑΓΩΓΕΙΟ ΝΑΥΠΑΚΤΟΥ,,
1398,ΝΗΠΙΑΓΩΓΕΙΟ ΛΥΣΙΜΑΧΙΑΣ,21.337701,38.544524
1399,ΝΗΠΙΑΓΩΓΕΙΟ ΚΟΜΠΟΤΗΣ,21.070943,38.75652
1400,ΝΗΠΙΑΓΩΓΕΙΟ ΑΓΓΕΛΟΚΑΣΤΡΟΥ,21.298268,38.56586
1401,7ο ΝΗΠΙΑΓΩΓΕΙΟ ΝΑΥΠΑΚΤΟΥ,,
1402,ΝΗΠΙΑΓΩΓΕΙΟ ΠΟΤΑΜΟΥΛΑΣ,21.43827,38.761516
1403,ΝΗΠΙΑΓΩΓΕΙΟ ΔΡΥΜΩΝΑ,21.665225,38.632944
1404,ΝΗΠΙΑΓΩΓΕΙΟ ΜΟΝΑΣΤΗΡΑΚΙΟΥ,20.945026,38.849792
1405,15ο ΝΗΠΙΑΓΩΓΕΙΟ ΑΓΡΙΝΙΟΥ,21.409575,38.615615
1406,9ο ΝΗΠΙΑΓΩΓΕΙΟ ΑΙΓΙΟΥ,22.077393,38.24938
1407,ΝΗΠΙΑΓΩΓΕΙΟ ΡΙΟΛΟΥ,21.46512,38.056752
1408,1ο ΝΗΠΙΑΓΩΓΕΙΟ ΛΕΧΑΙΝΩΝ,21.261523,37.937358
1409,ΝΗΠΙΑΓΩΓΕΙΟ ΑΝΔΡΑΒΙΔΑΣ ΛΕΧΑΙΝΩΝ,21.2704,37.905457
1410,2ο ΝΗΠΙΑΓΩΓΕΙΟ ΠΥΡΓΟΥ,,
1411,ΝΗΠΙΑΓΩΓΕΙΟ ΘΕΡΜΟΥ,21.667918,38.571816
1412,2ο ΝΗΠΙΑΓΩΓΕΙΟ ΑΝΔΡΑΒΙΔΑΣ,,
1413,ΝΗΠΙΑΓΩΓΕΙΟ ΣΚΑΛΑΣ,21.843565,38.421736
1414,ΝΗΠΙΑΓΩΓΕΙΟ ΑΕΡΟΔΡΟΜΙΟΥ ΑΡΑΞΟΥ,,
1415,ΝΗΠΙΑΓΩΓΕΙΟ ΒΕΛΙΤΣΩΝ,,
1416,30ο ΝΗΠΙΑΓΩΓΕΙΟ ΠΑΤΡΑΣ,21.744274,38.235123
1417,"ΙΔΙΩΤΙΚΟ ΓΥΜΝΑΣΙΟ ""ΠΑΛΛΑΔΙΟ"" ΑΓΡΙΝΙΟΥ",,
1418,"ΙΔΙΩΤΙΚΟ ΓΥΜΝΑΣΙΟ ""ΕΚΠΑΙΔΕΥΤΗΡΙΑ ΤΣΑΠΑΚΙΔΗ""",,
1419,"ΙΔΙΩΤΙΚΟ ΓΥΜΝΑΣΙΟ ""Β. ΣΩΤΗΡΧΟΠΟΥΛΟΣ""",,
1420,"ΙΔΙΩΤΙΚΟ ΓΥΜΝΑΣΙΟ ""ΑΡΣΑΚΕΙΟ ΠΑΤΡΩΝ""",,
1421,"ΙΔΙΩΤΙΚΟ ΕΝΙΑΙΟ ΛΥΚΕΙΟ ""Β. ΣΩΤΗΡΧΟΠΟΥΛΟΣ""",,
1422,"ΙΔΙΩΤΙΚΟ ΕΝΙΑΙΟ ΛΥΚΕΙΟ ""ΑΚΜΗ""",,
1423,"ΙΔΙΩΤΙΚΟ ΕΝΙΑΙΟ ΛΥΚΕΙΟ ""ΑΡΣΑΚΕΙΟ ΠΑΤΡΩΝ""",,
1424,"ΙΔΙΩΤΙΚΟ ΕΝΙΑΙΟ ΛΥΚΕΙΟ "" ΠΑΛΛΑΔΙΟ"" ΑΓΡΙΝΙΟΥ",,
1425,"ΙΔΙΩΤΙΚΟ ΕΝΙΑΙΟ ΛΥΚΕΙΟ ""ΕΚΠΑΙΔΕΥΤΗΡΙΑ ΤΣΑΠΑΚΙΔΗ""",,
1426,ΚΕΝΤΡΟ ΠΕΡΙΒΑΛΛΟΝΤΙΚΗΣ ΕΚΠΑΙΔΕΥΣΗΣ ΑΚΡΑΤΑΣ (ΠΑΡΑΡΤΗΜΑ ΚΠΕ ΚΛΕΙΤΟΡΙΑΣ),,
1427,ΔΗΜΟΤΙΚΟ ΣΧΟΛΕΙΟ ΚΕΡΙΟΥ,20.817181,37.661361
1428,ΚΕΝΤΡΟ ΠΕΡΙΒΑΛΛΟΝΤΙΚΗΣ ΕΚΠΑΙΔΕΥΣΗΣ ΘΕΡΜΟΥ ΑΙΤΩΛΟΑΚΑΡΝΑΝΙΑΣ,,
1429,ΣΧΟΛΕΙΟ ΔΕΥΤΕΡΗΣ ΕΥΚΑΙΡΙΑΣ ΠΑΤΡΑΣ,,
1430,ΣΧΟΛΕΙΟ ΔΕΥΤΕΡΗΣ ΕΥΚΑΙΡΙΑΣ ΠΥΡΓΟΥ,,
1431,ΣΧΟΛΕΙΟ ΔΕΥΤΕΡΗΣ ΕΥΚΑΙΡΙΑΣ ΑΓΡΙΝΙΟΥ,21.40444,38.619399
1432,"ΔΗΜΟΤΙΚΗ ΒΙΒΛΙΟΘΗΚΗ ΑΓΡΙΝΙΟΥ ""ΠΑΠΑΣΤΡΑΤΕΙΟΣ""",,
1433,"ΔΗΜΟΤΙΚΗ ΒΙΒΛΙΟΘΗΚΗ ΜΕΣΟΛΟΓΓΙΟΥ ""ΒΑΛΒΕΙΟΣ""",,
1434,ΔΗΜΟΤΙΚΗ ΒΙΒΛΙΟΘΗΚΗ ΑΜΦΙΛΟΧΙΑΣ,,
1435,ΔΗΜΟΣΙΑ ΒΙΒΛΙΟΘΗΚΗ ΠΥΡΓΟΥ ΚΕΝΤΡΙΚΗ,21.439802,37.671649
1436,ΔΗΜΟΣΙΑ ΒΙΒΛΙΟΘΗΚΗ ΑΝΔΡΙΤΣΑΙΝΑΣ,21.905834,37.483548
1437,ΔΗΜΟΣΙΑ ΒΙΒΛΙΟΘΗΚΗ ΝΑΥΠΑΚΤΟΥ ΚΕΝΤΡΙΚΗ,21.828093,38.395188
1438,ΓΕΝΙΚΑ ΑΡΧΕΙΑ ΤΟΥ ΚΡΑΤΟΥΣ-ΑΡΧΕΙΑ Ν. ΗΛΕΙΑΣ,,
1439,ΓΕΝΙΚΑ ΑΡΧΕΙΑ ΤΟΥ ΚΡΑΤΟΥΣ-ΤΟΠΙΚΟ ΑΡΧΕΙΟ ΑΙΓΙΟΥ,22.075911,38.248484
1440,ΓΕΝΙΚΑ ΑΡΧΕΙΑ ΤΟΥ ΚΡΑΤΟΥΣ-ΑΡΧΕΙΑ Ν. ΑΧΑΙΑΣ,,
1441,ΓΕΝΙΚΑ ΑΡΧΕΙΑ ΤΟΥ ΚΡΑΤΟΥΣ-ΑΡΧΕΙΑ Ν. ΑΙΤΩΛΟΑΚΑΡΝΑΝΙΑΣ,,
1442,ΕΙΔΙΚΟ ΕΡΓΑΣΤΗΡΙΟ ΕΠΑΓΓΕΛΜΑΤΙΚΗΣ ΕΚΠΑΙΔΕΥΣΗΣ ΚΑΙ ΚΑΤΑΡΤΙΣΗΣ ΑΧΑΪΑΣ,,
1443,ΕΙΔΙΚΟ ΕΡΓΑΣΤΗΡΙΟ ΕΠΑΓΓΕΛΜΑΤΙΚΗΣ ΕΚΠΑΙΔΕΥΣΗΣ ΚΑΙ ΚΑΤΑΡΤΙΣΗΣ ΗΛΕΙΑΣ,,
1444,ΕΙΔΙΚΟ ΕΡΓΑΣΤΗΡΙΟ ΕΠΑΓΓΕΛΜΑΤΙΚΗΣ ΕΚΠΑΙΔΕΥΣΗΣ ΚΑΙ ΚΑΤΑΡΤΙΣΗΣ ΝΑΥΠΑΚΤΟΥ,,
1445,ΕΙΔΙΚΟ ΕΡΓΑΣΤΗΡΙΟ ΕΠΑΓΓΕΛΜΑΤΙΚΗΣ ΕΚΠΑΙΔΕΥΣΗΣ ΚΑΙ ΚΑΤΑΡΤΙΣΗΣ ΑΓΡΙΝΙΟΥ,,
1446,ΓΡΑΦΕΙΟ ΠΕΡΙΒΑΛΛΟΝΤΙΚΗΣ ΕΚΠΑΙΔΕΥΣΗΣ ΗΛΕΙΑΣ,,
1447,ΓΡΑΦΕΙΟ ΠΕΡΙΒΑΛΛΟΝΤΙΚΗΣ ΕΚΠΑΙΔΕΥΣΗΣ ΑΧΑΙΑΣ,,
1448,ΓΡΑΦΕΙΟ ΠΕΡΙΒΑΛΛΟΝΤΙΚΗΣ ΕΚΠΑΙΔΕΥΣΗΣ ΑΙΤΩΛΟΑΚΑΡΝΑΝΙΑΣ,,
1449,ΚΕΝΤΡΟ ΔΙΑΓΝΩΣΗΣ ΑΞΙΟΛΟΓΗΣΗΣ ΚΑΙ ΥΠΟΣΤΗΡΙΞΗΣ ΑΤΟΜΩΝ ΜΕ ΕΙΔΙΚΕΣ ΕΚΠΑΙΔΕΥΤΙΚΕΣ ΑΝΑΓΚΕΣ ΑΙΤΩΛ/ΝΙΑΣ,,
1450,ΚΕΝΤΡΟ ΔΙΑΓΝΩΣΗΣ ΑΞΙΟΛΟΓΗΣΗΣ ΚΑΙ ΥΠΟΣΤΗΡΙΞΗΣ ΑΤΟΜΩΝ ΜΕ ΕΙΔΙΚΕΣ ΕΚΠΑΙΔΕΥΤΙΚΕΣ ΑΝΑΓΚΕΣ ΗΛΕΙΑΣ,,
1451,ΚΕΝΤΡΟ ΔΙΑΓΝΩΣΗΣ ΑΞΙΟΛΟΓΗΣΗΣ ΚΑΙ ΥΠΟΣΤΗΡΙΞΗΣ ΑΤΟΜΩΝ ΜΕ ΕΙΔΙΚΕΣ ΕΚΠΑΙΔΕΥΤΙΚΕΣ ΑΝΑΓΚΕΣ ΑΧΑΪΑΣ,,
1452,ΠΕΡΙΦΕΡΕΙΑΚΗ ΔΙΕΥΘΥΝΣΗ ΕΚΠΑΙΔΕΥΣΗΣ ΔΥΤΙΚΗΣ ΕΛΛΑΔΑΣ,,
1453,ΚΟΜΒΟΣ ΔΙΑΝΟΜΗΣ ΠΣΔ ΝΟΜΟΥ ΑΙΤΩΛΟΑΚΑΡΝΑΝΙΑΣ,,
1454,ΚΟΜΒΟΣ ΔΙΑΝΟΜΗΣ ΠΣΔ ΝΟΜΟΥ ΑΧΑΙΑΣ,,
1455,ΚΟΜΒΟΣ ΔΙΑΝΟΜΗΣ ΠΣΔ ΝΟΜΟΥ ΗΛΕΙΑΣ,,
1456,HELPDESK ΙΝΣΤΙΤΟΥΤΟΥ ΤΕΧΝΟΛΟΓΙΑΣ ΥΠΟΛΟΓΙΣΤΩΝ,,
1457,ΚΕΝΤΡΟ ΕΚΠΑΙΔΕΥΣΗΣ ΕΝΗΛΙΚΩΝ ΑΙΤΩΛΟΑΚΑΡΝΑΝΙΑΣ,,
1458,ΚΕΝΤΡΟ ΕΚΠΑΙΔΕΥΣΗΣ ΕΝΗΛΙΚΩΝ ΗΛΕΙΑΣ,,
1459,ΓΥΜΝΑΣΙΟ ΚΕΡΑΜΕΙΩΝ,20.55821,38.119838
1460,ΓΥΜΝΑΣΙΟ ΑΡΓΟΣΤΟΛΙΟΥ ΕΣΠΕΡΙΝΟ,,
1461,ΓΥΜΝΑΣΙΟ ΣΑΜΗΣ,20.651016,38.250886
1462,1ο ΓΥΜΝΑΣΙΟ ΑΡΓΟΣΤΟΛΙΟΥ,20.48071,38.173859
1463,ΓΥΜΝΑΣΙΟ ΠΑΣΤΡΑΣ ΚΕΦΑΛΛΟΝΙΑΣ,20.757429,38.096022
1464,ΓΥΜΝΑΣΙΟ ΛΗΞΟΥΡΙΟΥ,20.434147,38.19885
1465,3ο ΓΥΜΝΑΣΙΟ ΑΡΓΟΣΤΟΛΙΟΥ,20.484397,38.176625
1466,ΔΗΜΟΤΙΚΟ ΣΧΟΛΕΙΟ ΚΕΡΑΜΙΩΝ,20.556696,38.120004
1467,2ο ΓΥΜΝΑΣΙΟ ΑΡΓΟΣΤΟΛΙΟΥ,20.484397,38.176625
1468,ΔΗΜΟΤΙΚΟ ΣΧΟΛΕΙΟ ΜΑΡΙΩΝ,20.677976,37.815821
1469,ΓΥΜΝΑΣΙΟ ΒΑΝΑΤΟΥ ΖΑΚΥΝΘΟΥ,20.85153,37.795938
1470,ΓΥΜΝΑΣΙΟ ΚΑΤΑΣΤΑΡΙΟΥ,20.760143,37.828951
1471,ΔΗΜΟΤΙΚΟ ΣΧΟΛΕΙΟ ΟΡΘΟΝΙΩΝ,20.694289,37.850475
1472,ΓΥΜΝΑΣΙΟ ΖΑΚΥΝΘΟΥ ΜΟΥΣΙΚΟ,20.890269,37.775436
1473,3ο ΓΥΜΝΑΣΙΟ ΖΑΚΥΝΘΟΥ,20.890269,37.775436
1474,ΔΗΜΟΤΙΚΟ ΣΧΟΛΕΙΟ ΑΓΙΟΥ ΓΕΡΑΣΙΜΟΥ,,
1475,ΓΥΜΝΑΣΙΟ ΛΙΘΑΚΙΑΣ ΖΑΚΥΝΘΟΥ,20.831015,37.71877
1476,2ο ΓΥΜΝΑΣΙΟ ΖΑΚΥΝΘΟΥ,20.890269,37.775436
1477,ΓΥΜΝΑΣΙΟ ΒΟΛΙΜΩΝ ΖΑΚΥΝΘΟΥ,20.66076,37.874527
1478,1ο ΓΥΜΝΑΣΙΟ ΖΑΚΥΝΘΟΥ,20.892614,37.78706
1479,ΓΥΜΝΑΣΙΟ ΖΑΚΥΝΘΟΥ ΕΣΠΕΡΙΝΟ,20.892332,37.776455
1480,ΕΝΙΑΙΟ ΛΥΚΕΙΟ ΖΑΚΥΝΘΟΥ ΜΟΥΣΙΚΟ,20.892837,37.787499
1481,ΔΗΜΟΤΙΚΟ ΣΧΟΛΕΙΟ ΕΞΩΧΩΡΑΣ,20.686016,37.801123
1482,3ο ΕΝΙΑΙΟ ΛΥΚΕΙΟ ΚΑΤΑΣΤΑΡΙΟΥ ΖΑΚΥΝΘΟΥ,20.760143,37.828951
1483,1ο ΕΝΙΑΙΟ ΛΥΚΕΙΟ ΖΑΚΥΝΘΟΥ,20.892614,37.78706
1484,2ο ΕΝΙΑΙΟ ΛΥΚΕΙΟ ΖΑΚΥΝΘΟΥ,20.895504,37.786927
1485,1ο ΕΝΙΑΙΟ ΛΥΚΕΙΟ ΑΡΓΟΣΤΟΛΙΟΥ,20.48071,38.173859
1486,ΕΝΙΑΙΟ ΛΥΚΕΙΟ ΙΘΑΚΗΣ,20.719584,38.362071
1487,ΕΝΙΑΙΟ ΛΥΚΕΙΟ ΛΗΞΟΥΡΙΟΥ,20.434147,38.19885
1488,2ο ΕΝΙΑΙΟ ΛΥΚΕΙΟ ΑΡΓΟΣΤΟΛΙΟΥ,20.484397,38.176625
1489,ΕΝΙΑΙΟ ΛΥΚΕΙΟ ΣΑΜΗΣ,20.651016,38.250886
1490,1ο ΤΕΕ ΙΘΑΚΗΣ,20.719584,38.362071
1491,2ο ΤΕΕ ΖΑΚΥΝΘΟΥ,,
1492,1ο ΤΕΕ ΛΗΞΟΥΡΙΟΥ,20.434147,38.19885
1493,1ο ΤΕΕ ΑΡΓΟΣΤΟΛΙΟΥ,20.484397,38.176625
1494,1ο ΤΕΕ ΖΑΚΥΝΘΟΥ,20.895626,37.787365
1495,1ο ΣΕΚ ΖΑΚΥΝΘΟΥ,,
1496,ΔΗΜΟΤΙΚΟ ΣΧΟΛΕΙΟ ΚΥΨΕΛΗΣ,,
1497,ΔΗΜΟΤΙΚΟ ΣΧΟΛΕΙΟ ΚΟΙΛΙΩΜΕΝΟΥ,,
1498,1ο ΔΗΜΟΤΙΚΟ ΣΧΟΛΕΙΟ ΑΡΓΟΣΤΟΛΙΟΥ,20.48153,38.173773
1499,ΔΗΜΟΤΙΚΟ ΣΧΟΛΕΙΟ ΑΓΙΟΥ ΛΕΟΝΤΟΣ,,
1500,ΔΗΜΟΤΙΚΟ ΣΧΟΛΕΙΟ ΧΑΤΖΗ ΠΥΛΙΑΣ,21.829106,37.016693
1501,ΔΗΜΟΤΙΚΟ ΣΧΟΛΕΙΟ ΙΘΑΚΗΣ,20.71987,38.360769
1502,ΔΗΜΟΤΙΚΟ ΣΧΟΛΕΙΟ ΠΛΑΝΟΥ,,
1503,ΔΗΜΟΤΙΚΟ ΣΧΟΛΕΙΟ ΔΗΜΗΤΣΑΝΗΣ ΓΟΡΤΥΝΙΑΣ,22.041364,37.594996
1504,ΔΗΜΟΤΙΚΟ ΣΧΟΛΕΙΟ ΚΟΛΛΙΝΩΝ ΜΑΝΤΙΝΕΙΑΣ,22.362528,37.285956
1505,ΔΗΜΟΤΙΚΟ ΣΧΟΛΕΙΟ ΦΛΩΜΟΧΩΡΙΟΥ,,
1506,1ο ΔΗΜΟΤΙΚΟ ΣΧΟΛΕΙΟ ΛΗΞΟΥΡΙΟΥ,20.43254,38.197904
1507,ΔΗΜΟΤΙΚΟ ΣΧΟΛΕΙΟ ΠΟΡΟΥ,20.768262,38.145926
1508,ΔΗΜΟΤΙΚΟ ΣΧΟΛΕΙΟ ΛΑΓΚΑΔΙΩΝ ΓΟΡΤΥΝΙΑΣ,22.009971,37.696547
1509,5ο ΔΗΜΟΤΙΚΟ ΣΧΟΛΕΙΟ ΑΡΓΟΣΤΟΛΙΟΥ,,
1510,ΔΗΜΟΤΙΚΟ ΣΧΟΛΕΙΟ ΒΑΛΤΕΣΙΝΙΚΟΥ ΓΟΡΤΥΝΙΑΣ,22.097715,37.703756
1511,ΔΗΜΟΤΙΚΟ ΣΧΟΛΕΙΟ ΛΙΘΑΚΙΑΣ,20.830256,37.718702
1512,ΔΗΜΟΤΙΚΟ ΣΧΟΛΕΙΟ ΓΕΡΑΚΑΡΙΩΝ,20.793174,37.8229
1513,3ο ΔΗΜΟΤΙΚΟ ΣΧΟΛΕΙΟ ΡΙΖΑΣ,,
1514,ΔΗΜΟΤΙΚΟ ΣΧΟΛΕΙΟ ΑΓΙΟΥ ΠΕΤΡΟΥ ΚΥΝΟΥΡΙΑΣ,22.549547,37.325797
1515,ΔΗΜΟΤΙΚΟ ΣΧΟΛΕΙΟ ΜΕΣΟΒΟΥΝΙΩΝ,20.572434,38.406047
1516,ΔΗΜΟΤΙΚΟ ΣΧΟΛΕΙΟ ΚΑΤΑΣΤΑΡΙΟΥ,20.758324,37.829207
1517,ΔΗΜΟΤΙΚΟ ΣΧΟΛΕΙΟ ΑΓΟΡΙΑΝΗΣ ΛΑΚΕΔΑΙΜΟΝΟΣ,22.270253,37.204819
1518,ΔΗΜΟΤΙΚΟ ΣΧΟΛΕΙΟ ΑΛΙΚΩΝ,22.43556,36.46608
1519,ΔΗΜΟΤΙΚΟ ΣΧΟΛΕΙΟ ΜΟΥΖΑΚΙΟΥ,20.823343,37.735049
1520,ΔΗΜΟΤΙΚΟ ΣΧΟΛΕΙΟ ΡΕΙΧΕΑΣ ΜΟΛΑΩΝ,23.009038,36.843703
1521,3ο ΔΗΜΟΤΙΚΟ ΣΧΟΛΕΙΟ ΑΡΓΟΣΤΟΛΙΟΥ,20.484824,38.168163
1522,4ο ΔΗΜΟΤΙΚΟ ΣΧΟΛΕΙΟ ΑΡΓΟΣΤΟΛΙΟΥ,20.479773,38.177008
1523,2ο ΔΗΜΟΤΙΚΟ ΣΧΟΛΕΙΟ ΛΗΞΟΥΡΙΟΥ,20.432538,38.198035
1524,2ο ΔΗΜΟΤΙΚΟ ΣΧΟΛΕΙΟ ΑΡΓΟΣΤΟΛΙΟΥ,20.481468,38.173948
1525,ΔΗΜΟΤΙΚΟ ΣΧΟΛΕΙΟ ΣΚΟΥΛΗΚΑΔΟΥ,,
1526,ΔΗΜΟΤΙΚΟ ΣΧΟΛΕΙΟ ΚΑΛΛΙΘΕΑΣ ΛΑΚΕΔΑΙΜΟΝΟΣ,22.644408,37.086448
1527,1ο ΔΗΜΟΤΙΚΟ ΣΧΟΛΕΙΟ ΡΙΖΑΣ,,
1528,"ΔΗΜΟΤΙΚΟ ΣΧΟΛΕΙΟ ΚΑΜΠΟΥ ""ΠΑΝΑΓΙΩΤΗΣ ΧΙΩΤΗΣ""",,
1529,6ο ΔΗΜΟΤΙΚΟ ΣΧΟΛΕΙΟ ΖΑΚΥΝΘΟΥ,,
1530,5ο ΔΗΜΟΤΙΚΟ ΣΧΟΛΕΙΟ ΖΑΚΥΝΘΟΥ,,
1531,ΔΗΜΟΤΙΚΟ ΣΧΟΛΕΙΟ ΤΡΑΓΑΚΙΟΥ-ΔΕΡΜΑΤΟΥΣΑΣ,20.832453,37.813119
1532,ΔΗΜΟΤΙΚΟ ΣΧΟΛΕΙΟ ΠΑΝΤΟΚΡΑΤΟΡΟΣ,20.827836,37.730777
1533,ΔΗΜΟΤΙΚΟ ΣΧΟΛΕΙΟ ΒΑΜΒΑΚΟΥΣ ΛΑΚΕΔΑΙΜΟΝΟΣ,,
1534,3ο ΔΗΜΟΤΙΚΟ ΣΧΟΛΕΙΟ ΖΑΚΥΝΘΟΥ,,
1535,ΔΗΜΟΤΙΚΟ ΣΧΟΛΕΙΟ ΑΜΠΕΛΟΚΗΠΩΝ,20.86959,37.759678
1536,ΔΗΜΟΤΙΚΟ ΣΧΟΛΕΙΟ ΛΟΓΚΑΝΙΚΟΥ ΛΑΚΕΔΑΙΜΟΝΟΣ,22.24832,37.235402
1537,ΔΗΜΟΤΙΚΟ ΣΧΟΛΕΙΟ ΚΟΙΤΤΑΣ,22.405304,36.509499
1538,4ο ΔΗΜΟΤΙΚΟ ΣΧΟΛΕΙΟ ΖΑΚΥΝΘΟΥ,,
1539,2ο ΔΗΜΟΤΙΚΟ ΣΧΟΛΕΙΟ ΖΑΚΥΝΘΟΥ,,
1540,1ο ΔΗΜΟΤΙΚΟ ΣΧΟΛΕΙΟ ΖΑΚΥΝΘΟΥ,,
1541,ΔΗΜΟΤΙΚΟ ΣΧΟΛΕΙΟ ΒΑΣΙΛΙΚΟΥ,20.983612,37.71407
1542,ΔΗΜΟΤΙΚΟ ΣΧΟΛΕΙΟ ΙΘΑΚΗΣ ΕΙΔΙΚΟ,,
1543,ΔΗΜΟΤΙΚΟ ΣΧΟΛΕΙΟ ΠΕΡΑΤΑΤΩΝ ΕΙΔΙΚΟ,,
1544,ΔΗΜΟΤΙΚΟ ΣΧΟΛΕΙΟ ΖΑΚΥΝΘΟΥ ΕΙΔΙΚΟ,,
1545,ΔΗΜΟΤΙΚΟ ΣΧΟΛΕΙΟ ΚΑΜΠΟΥ,22.205421,36.935888
1546,ΔΗΜΟΤΙΚΟ ΣΧΟΛΕΙΟ ΛΕΟΝΤΑ,,
1547,2ο ΔΗΜΟΤΙΚΟ ΣΧΟΛΕΙΟ ΡΙΖΑΣ,,
1548,ΔΙΕΥΘΥΝΣΗ Δ.Ε. ΚΕΦΑΛΛΗΝΙΑΣ,20.484397,38.176625
1549,ΔΙΕΥΘΥΝΣΗ Δ.Ε. ΖΑΚΥΝΘΟΥ,20.893253,37.787418
1550,1ο ΕΡΓΑΣΤΗΡΙΑΚΟ ΚΕΝΤΡΟ ΦΥΣΙΚΩΝ ΕΠΙΣΤΗΜΩΝ ΚΕΦΑΛΛΗΝΙΑΣ (ΑΡΓΟΣΤΟΛΙ),20.484397,38.176625
1551,1ο ΕΡΓΑΣΤΗΡΙΑΚΟ ΚΕΝΤΡΟ ΦΥΣΙΚΩΝ ΕΠΙΣΤΗΜΩΝ ΖΑΚΥΝΘΟΥ (ΖΑΚΥΝΘΟΣ),20.898347,37.769898
1552,ΚΕΣΥΠ ΖΑΚΥΝΘΟΥ,20.893253,37.787418
1553,ΚΕΣΥΠ ΚΕΦΑΛΛΟΝΙΑΣ,20.484397,38.176625
1554,ΙΕΚ ΛΗΞΟΥΡΙΟΥ,,
1555,ΙΕΚ ΚΕΦΑΛΛΟΝΙΑΣ,,
1556,ΙΕΚ ΙΘΑΚΗΣ,,
1557,ΙΕΚ ΖΑΚΥΝΘΟΥ,,
1558,ΔΙΕΥΘΥΝΣΗ Π.Ε. ΖΑΚΥΝΘΟΥ,,
1559,ΔΙΕΥΘΥΝΣΗ Π.Ε. ΚΕΦΑΛΛΗΝΙΑΣ,,
1560,ΝΗΠΙΑΓΩΓΕΙΟ ΒΟΥΓΙΑΤΟΥ,20.804727,37.763363
1561,ΝΗΠΙΑΓΩΓΕΙΟ ΑΓΙΟΥ ΔΗΜΗΤΡΙΟΥ,20.800668,37.800939
1562,6ο ΝΗΠΙΑΓΩΓΕΙΟ ΖΑΚΥΝΘΟΥ,,
1563,ΝΗΠΙΑΓΩΓΕΙΟ ΜΟΥΖΑΚΙΟΥ,20.823344,37.735049
1564,ΝΗΠΙΑΓΩΓΕΙΟ ΑΓΙΟΥ ΛΕΟΝΤΑ,20.720795,37.76688
1565,ΝΗΠΙΑΓΩΓΕΙΟ ΤΡΑΓΑΚΙΟΥ,20.832524,37.813066
1566,ΝΗΠΙΑΓΩΓΕΙΟ ΡΟΜΙΡΙΟΥ,20.819632,37.74775
1567,7ο ΝΗΠΙΑΓΩΓΕΙΟ ΖΑΚΥΝΘΟΥ,,
1568,ΝΗΠΙΑΓΩΓΕΙΟ ΠΛΑΝΟΥ,20.861793,37.815554
1569,ΝΗΠΙΑΓΩΓΕΙΟ ΚΑΛΑΜΑΚΙΟΥ,20.897668,37.744994
1570,ΝΗΠΙΑΓΩΓΕΙΟ ΜΕΣΟΥ ΓΕΡΑΚΑΡΙΟΥ,20.807436,37.821025
1571,ΝΗΠΙΑΓΩΓΕΙΟ ΜΑΡΙΩΝ,20.677973,37.81582
1572,ΝΗΠΙΑΓΩΓΕΙΟ ΒΑΣΙΛΙΚΟΥ,20.983608,37.714172
1573,ΝΗΠΙΑΓΩΓΕΙΟ ΑΡΓΑΣΙΟΥ,20.916048,37.760378
1574,ΝΗΠΙΑΓΩΓΕΙΟ ΚΥΨΕΛΗΣ,20.825565,37.81865
1575,ΝΗΠΙΑΓΩΓΕΙΟ ΦΑΡΑΚΛΑΔΩΝ,20.522243,38.201524
1576,ΝΗΠΙΑΓΩΓΕΙΟ ΧΙΟΝΑΤΩΝ,20.721767,38.079951
1577,ΝΗΠΙΑΓΩΓΕΙΟ ΛΑΚΗΘΡΑΣ,20.520887,38.127251
1578,ΝΗΠΙΑΓΩΓΕΙΟ ΚΕΡΑΜΙΩΝ,20.556764,38.120138
1579,ΝΗΠΙΑΓΩΓΕΙΟ ΣΠΑΡΤΙΩΝ,20.562826,38.110336
1580,ΝΗΠΙΑΓΩΓΕΙΟ ΒΛΑΧΑΤΩΝ,20.627455,38.123224
1581,ΝΗΠΙΑΓΩΓΕΙΟ ΠΛΑΤΡΕΙΘΙΑΣ,20.6521,38.456936
1582,ΝΗΠΙΑΓΩΓΕΙΟ ΜΕΣΟΒΟΥΝΙΩΝΝ,20.572406,38.405986
1583,ΝΗΠΙΑΓΩΓΕΙΟ ΜΕΤΑΞΑΤΩΝ,20.536678,38.11649
1584,ΝΗΠΙΑΓΩΓΕΙΟ ΜΑΚΡΥΩΤΙΚΩΝ,20.557246,38.306859
1585,ΝΗΠΙΑΓΩΓΕΙΟ ΣΚΑΛΑΣ,20.790881,38.073471
1586,ΝΗΠΙΑΓΩΓΕΙΟ ΑΓΙΟΥ ΕΥΦΗΜΙΑΣ,20.594103,38.302804
1587,ΝΗΠΙΑΓΩΓΕΙΟ ΑΓΙΟΥ ΓΕΡΑΣΙΜΟΥ,,
1588,ΝΗΠΙΑΓΩΓΕΙΟ ΣΑΜΗΣ,20.649114,38.250624
1589,2ο ΝΗΠΙΑΓΩΓΕΙΟ ΛΗΞΟΥΡΙΟΥ,20.432537,38.19815
1590,ΝΗΠΙΑΓΩΓΕΙΟ ΙΘΑΚΗΣ,20.72023,38.360505
1591,2ο ΝΗΠΙΑΓΩΓΕΙΟ ΑΡΓΟΣΤΟΛΙΟΥ,,
1592,3ο ΝΗΠΙΑΓΩΓΕΙΟ ΑΡΓΟΣΤΟΛΙΟΥ,,
1593,1ο ΝΗΠΙΑΓΩΓΕΙΟ ΛΗΞΟΥΡΙΟΥ,20.432541,38.198091
1594,ΝΗΠΙΑΓΩΓΕΙΟ ΔΙΛΙΝΑΤΩΝ,20.517588,38.222806
1595,ΝΗΠΙΑΓΩΓΕΙΟ ΠΟΡΟΥ,20.768257,38.146035
1596,ΝΗΠΙΑΓΩΓΕΙΟ ΠΑΣΤΡΑΣ,20.756043,38.096442
1597,1ο ΝΗΠΙΑΓΩΓΕΙΟ ΑΡΓΟΣΤΟΛΙΟΥ,,
1598,ΝΗΠΙΑΓΩΓΕΙΟ ΚΑΤΑΣΤΑΡΙΟΥ,20.758325,37.829201
1599,ΝΗΠΙΑΓΩΓΕΙΟ ΙΘΑΚΗΣ ΕΙΔΙΚΟ,,
1600,ΝΗΠΙΑΓΩΓΕΙΟ ΠΕΡΑΤΑΤΩΝ ΕΙΔΙΚΟ,,
1601,2ο ΝΗΠΙΑΓΩΓΕΙΟ ΖΑΚΥΝΘΟΥ,,
1602,1ο ΝΗΠΙΑΓΩΓΕΙΟ ΖΑΚΥΝΘΟΥ,,
1603,ΝΗΠΙΑΓΩΓΕΙΟ ΟΡΘΟΝΙΩΝ,20.694289,37.850475
1604,ΝΗΠΙΑΓΩΓΕΙΟ ΚΑΡΔΑΚΑΤΩΝ,20.469052,38.274728
1605,ΝΗΠΙΑΓΩΓΕΙΟ ΑΓΚΩΝΑ,20.490388,38.300745
1606,4ο ΝΗΠΙΑΓΩΓΕΙΟ ΑΡΓΟΣΤΟΛΙΟΥ,,
1607,ΝΗΠΙΑΓΩΓΕΙΟ ΛΗΞΟΥΡΙ,20.432544,38.19797
1608,ΝΗΠΙΑΓΩΓΕΙΟ ΑΝΩ ΒΟΛΙΜΩΝ,20.669772,37.876421
1609,4ο ΝΗΠΙΑΓΩΓΕΙΟ ΖΑΚΥΝΘΟΥ,,
1610,3ο ΝΗΠΙΑΓΩΓΕΙΟ ΖΑΚΥΝΘΟΥ,,
1611,ΝΗΠΙΑΓΩΓΕΙΟ ΓΑΙΤΑΝΙΟΥ,20.874326,37.789825
1612,ΝΗΠΙΑΓΩΓΕΙΟ ΚΑΤΩ ΓΕΡΑΚΑΡΙΟΥ,20.810846,37.811998
1613,ΝΗΠΙΑΓΩΓΕΙΟ ΚΟΙΛΙΩΜΕΝΟΥ,20.77426,37.747239
1614,5ο ΝΗΠΙΑΓΩΓΕΙΟ ΖΑΚΥΝΘΟΥ,,
1615,ΝΗΠΙΑΓΩΓΕΙΟ ΑΓΙΩΝ ΠΑΝΤΩΝ,20.77597,37.781281
1616,ΝΗΠΙΑΓΩΓΕΙΟ ΑΓΙΟΥ ΚΗΡΥΚΟΥ,20.831576,37.789096
1617,ΝΗΠΙΑΓΩΓΕΙΟ ΛΙΘΑΚΙΑΣ,20.830259,37.718703
1618,ΝΗΠΙΑΓΩΓΕΙΟ ΚΑΛΙΠΑΔΟΥ,20.838324,37.802175
1619,ΝΗΠΙΑΓΩΓΕΙΟ ΚΕΡΙΟΥ,20.817242,37.661249
1620,ΝΗΠΙΑΓΩΓΕΙΟ ΠΑΝΤΟΚΡΑΤΟΡΟΣ,20.827836,37.73078
1621,ΝΗΠΙΑΓΩΓΕΙΟ ΣΚΟΥΛΗΚΑΔΟΥ,20.782003,37.799964
1622,ΝΗΠΙΑΓΩΓΕΙΟ ΜΑΧΑΙΡΑΔΟΥ,20.81069,37.757996
1623,ΝΗΠΙΑΓΩΓΕΙΟ ΑΜΠΕΛΟΚΗΠΩΝ,20.869592,37.759678
1624,ΝΗΠΙΑΓΩΓΕΙΟ ΧΑΥΔΑΤΩΝ,20.387616,38.204146
1625,ΝΗΠΙΑΓΩΓΕΙΟ ΑΓΙΑΣ ΘΕΚΛΗΣ,20.383814,38.246766
1626,ΝΗΠΙΑΓΩΓΕΙΟ ΒΑΝΑΤΟΥ,20.851974,37.793912
1627,9ο ΝΗΠΙΑΓΩΓΕΙΟ ΖΑΚΥΝΘΟΥ,,
1628,ΝΗΠΙΑΓΩΓΕΙΟ ΚΑΜΙΝΑΡΑΤΩΝ,,
1629,ΝΗΠΙΑΓΩΓΕΙΟ ΑΓΙΑΣ ΕΙΡΗΝΗΣ,20.753489,38.121511
1630,ΚΕΝΤΡΟ ΠΕΡΙΒΑΛΛΟΝΤΙΚΗΣ ΕΚΠΑΙΔΕΥΣΗΣ ΙΘΑΚΗΣ,,
1631,ΚΕΝΤΡΟ ΠΕΡΙΒΑΛΛΟΝΤΙΚΗΣ ΕΚΠΑΙΔΕΥΣΗΣ ΛΙΘΑΚΙΑΣ ΖΑΚΥΝΘΟΥ,,
1632,ΔΗΜΟΣΙΑ ΒΙΒΛΙΟΘΗΚΗ ΖΑΚΥΝΘΟΥ,,
1633,ΔΗΜΟΣΙΑ ΒΙΒΛΙΟΘΗΚΗ ΛΗΞΟΥΡΙΟΥ,,
1634,ΔΗΜΟΣΙΑ ΒΙΒΛΙΟΘΗΚΗ ΑΡΓΟΣΤΟΛΙΟΥ,,
1635,ΓΕΝΙΚΑ ΑΡΧΕΙΑ ΤΟΥ ΚΡΑΤΟΥΣ-ΤΟΠΙΚΟ ΑΡΧΕΙΟ ΙΘΑΚΗΣ,,
1636,ΓΕΝΙΚΑ ΑΡΧΕΙΑ ΤΟΥ ΚΡΑΤΟΥΣ-ΑΡΧΕΙΑ Ν. ΚΕΦΑΛΛΗΝΙΑΣ,,
1637,ΓΕΝΙΚΑ ΑΡΧΕΙΑ ΤΟΥ ΚΡΑΤΟΥΣ-ΑΡΧΕΙΑ Ν. ΖΑΚΥΝΘΟΥ,,
1638,ΕΙΔΙΚΟ ΕΡΓΑΣΤΗΡΙΟ ΕΠΑΓΓΕΛΜΑΤΙΚΗΣ ΕΚΠΑΙΔΕΥΣΗΣ ΚΑΙ ΚΑΤΑΡΤΙΣΗΣ ΑΡΓΟΣΤΟΛΙΟΥ,,
1639,ΓΡΑΦΕΙΟ ΠΕΡΙΒΑΛΛΟΝΤΙΚΗΣ ΕΚΠΑΙΔΕΥΣΗΣ ΚΕΦΑΛΛΗΝΙΑΣ,,
1640,ΓΡΑΦΕΙΟ ΠΕΡΙΒΑΛΛΟΝΤΙΚΗΣ ΕΚΠΑΙΔΕΥΣΗΣ ΖΑΚΥΝΘΟΥ,,
1641,ΚΕΝΤΡΟ ΔΙΑΓΝΩΣΗΣ ΑΞΙΟΛΟΓΗΣΗΣ ΚΑΙ ΥΠΟΣΤΗΡΙΞΗΣ ΑΤΟΜΩΝ ΜΕ ΕΙΔΙΚΕΣ ΕΚΠΑΙΔΕΥΤΙΚΕΣ ΑΝΑΓΚΕΣ ΖΑΚΥΝΘΟΥ,,
1642,ΚΕΝΤΡΟ ΔΙΑΓΝΩΣΗΣ ΑΞΙΟΛΟΓΗΣΗΣ ΚΑΙ ΥΠΟΣΤΗΡΙΞΗΣ ΑΤΟΜΩΝ ΜΕ ΕΙΔΙΚΕΣ ΕΚΠΑΙΔΕΥΤΙΚΕΣ ΑΝΑΓΚΕΣ ΚΕΦΑΛΛΗΝΙΑΣ,,
1643,ΚΟΜΒΟΣ ΔΙΑΝΟΜΗΣ ΠΣΔ ΝΟΜΟΥ ΚΕΦΑΛΛΗΝΙΑΣ,,
1644,ΚΟΜΒΟΣ ΔΙΑΝΟΜΗΣ ΠΣΔ ΝΟΜΟΥ ΖΑΚΥΝΘΟΥ,,
1645,ΚΕΝΤΡΟ ΕΚΠΑΙΔΕΥΣΗΣ ΕΝΗΛΙΚΩΝ ΚΕΦΑΛΛΗΝΙΑΣ & ΙΘΑΚΗΣ,,
1646,2ο ΓΥΜΝΑΣΙΟ ΚΑΛΑΜΑΤΑΣ,22.124913,37.03464
1647,ΓΥΜΝΑΣΙΟ ΓΑΡΓΑΛΙΑΝΩΝ,21.640851,37.065938
1648,ΓΥΜΝΑΣΙΟ ΚΑΛΑΜΑΤΑΣ ΕΣΠΕΡΙΝΟ,22.122557,37.048237
1649,1ο ΓΥΜΝΑΣΙΟ ΚΑΛΑΜΑΤΑΣ,22.122557,37.048237
1650,ΓΥΜΝΑΣΙΟ ΚΑΡΔΑΜΥΛΗΣ,22.235572,36.889284
1651,ΓΥΜΝΑΣΙΟ ΑΡΕΟΠΟΛΗΣ,22.380763,36.663779
1652,1ο ΓΥΜΝΑΣΙΟ ΓΥΘΕΙΟΥ,22.565904,36.757919
1653,ΓΥΜΝΑΣΙΟ ΣΚΑΛΑΣ ΕΣΠΕΡΙΝΟ,,
1654,1ο ΓΥΜΝΑΣΙΟ ΜΕΣΣΗΝΗΣ,22.011322,37.048653
1655,ΓΥΜΝΑΣΙΟ ΠΑΡΑΛΙΑΣ ΚΑΛΑΜΑΤΑΣ,22.116215,37.025431
1656,2ο ΓΥΜΝΑΣΙΟ ΜΕΣΣΗΝΗΣ,22.011322,37.048653
1657,6ο ΓΥΜΝΑΣΙΟ ΚΑΛΑΜΑΤΑΣ,22.119759,37.047714
1658,5ο ΓΥΜΝΑΣΙΟ ΚΑΛΑΜΑΤΑΣ,22.122557,37.048237
1659,ΓΥΜΝΑΣΙΟ ΠΥΛΟΥ,21.700168,36.912012
1660,ΓΥΜΝΑΣΙΟ ΚΑΜΠΟΥ ΑΒΙΑΣ,22.206092,36.937219
1661,ΓΥΜΝΑΣΙΟ ΜΕΡΟΠΗΣ,22.004136,37.23996
1662,ΓΥΜΝΑΣΙΟ ΠΑΡΑΛΙΑΣ ΤΥΡΟΥ,22.84056,37.24514
1663,2ο ΓΥΜΝΑΣΙΟ ΤΡΙΠΟΛΗΣ,22.384651,37.466886
1664,ΓΥΜΝΑΣΙΟ ΞΗΡΟΚΑΜΠΙΟΥ,22.443374,36.952797
1665,ΓΥΜΝΑΣΙΟ ΜΟΝΕΜΒΑΣΙΑΣ,23.052949,36.684425
1666,ΔΗΜΟΤΙΚΟ ΣΧΟΛΕΙΟ ΧΑΝΔΡΙΝΟΥ ΠΥΛΙΑΣ,21.790767,36.958176
1667,4ο ΓΥΜΝΑΣΙΟ ΣΠΑΡΤΗΣ,22.433405,37.062609
1668,ΓΥΜΝΑΣΙΟ ΝΕΑΠΟΛΗΣ,23.065539,36.508182
1669,3ο ΓΥΜΝΑΣΙΟ ΣΠΑΡΤΗΣ,22.431242,37.057887
1670,ΔΗΜΟΤΙΚΟ ΣΧΟΛΕΙΟ ΑΓΙΟΥ ΝΙΚΟΛΑΟΥ ΜΟΝ,22.967162,36.679063
1671,4ο ΓΥΜΝΑΣΙΟ ΚΑΛΑΜΑΤΑΣ,22.119759,37.047714
1672,ΓΥΜΝΑΣΙΟ ΧΩΡΑΣ ΤΡΙΦΥΛΙΑΣ,21.72403,37.054115
1673,ΓΥΜΝΑΣΙΟ ΜΕΛΙΓΑΛΑ,21.975508,37.224941
1674,ΓΥΜΝΑΣΙΟ ΧΑΤΖΗ ΠΥΛΙΑΣ,21.830121,37.016083
1675,7ο ΓΥΜΝΑΣΙΟ ΚΑΛΑΜΑΤΑΣ,22.122557,37.048237
1676,ΓΥΜΝΑΣΙΟ ΠΕΤΑΛΙΔΙΟΥ,21.921551,36.956441
1677,ΓΥΜΝΑΣΙΟ ΜΕΘΩΝΗΣ,21.706763,36.817998
1678,ΓΥΜΝΑΣΙΟ ΦΙΛΙΑΤΡΩΝ,21.588435,37.15685
1679,ΓΥΜΝΑΣΙΟ ΔΙΑΒΟΛΙΤΣΙΟΥ,21.969721,37.299026
1680,ΓΥΜΝΑΣΙΟ ΚΥΠΑΡΙΣΣΙΑΣ,21.664713,37.249478
1681,ΓΥΜΝΑΣΙΟ ΔΩΡΙΟΥ,21.858213,37.286431
1682,ΓΥΜΝΑΣΙΟ ΚΑΛΑΜΑΤΑΣ ΜΟΥΣΙΚΟ,22.12247,37.025473
1683,ΓΥΜΝΑΣΙΟ ΚΟΠΑΝΑΚΙΟΥ,21.818277,37.287437
1684,ΓΥΜΝΑΣΙΟ ΚΟΡΩΝΗΣ,21.95404,36.792576
1685,ΓΥΜΝΑΣΙΟ ΣΚΑΛΑΣ,22.666744,36.851296
1686,2ο ΓΥΜΝΑΣΙΟ ΣΠΑΡΤΗΣ,22.431917,37.062246
1687,1ο ΓΥΜΝΑΣΙΟ ΣΠΑΡΤΗΣ,22.432597,37.062434
1688,ΓΥΜΝΑΣΙΟ ΣΠΑΡΤΗΣ ΕΣΠΕΡΙΝΟ,22.433405,37.062609
1689,ΓΥΜΝΑΣΙΟ ΚΑΣΤΟΡΕΙΟΥ,22.30878,37.169107
1690,ΓΥΜΝΑΣΙΟ ΜΟΛΑΩΝ,22.853575,36.806691
1691,2ο ΓΥΜΝΑΣΙΟ ΓΥΘΕΙΟΥ,22.565904,36.757919
1692,ΓΥΜΝΑΣΙΟ ΚΡΟΚΕΩΝ,22.550312,36.88421
1693,ΓΥΜΝΑΣΙΟ ΓΕΡΑΚΙΟΥ,22.711889,36.992159
1694,ΓΥΜΝΑΣΙΟ ΒΛΑΧΙΩΤΗ,22.71247,36.861129
1695,ΓΥΜΝΑΣΙΟ ΠΑΠΑΔΙΑΝΙΚΩΝ,22.865202,36.713702
1696,ΓΥΜΝΑΣΙΟ ΑΡΦΑΡΩΝ,22.048085,37.155878
1697,ΔΗΜΟΤΙΚΟ ΣΧΟΛΕΙΟ ΕΛΑΦΟΝΗΣΟΥ ΒΟΙΩΝ ΜΟΛΑΩΝ,22.975394,36.500078
1698,ΓΥΜΝΑΣΙΟ ΛΕΩΝΙΔΙΟΥ,22.861253,37.168327
1699,ΓΥΜΝΑΣΙΟ ΑΓΙΟΥ ΑΝΔΡΕΑ ΚΥΝΟΥΡΙΑΣ,22.767056,37.342886
1700,ΓΥΜΝΑΣΙΟ ΛΕΒΙΔΙΟΥ,22.297757,37.681528
1701,ΓΥΜΝΑΣΙΟ ΑΝΔΡΟΥΣΗΣ,21.945308,37.108153
1702,ΔΗΜΟΤΙΚΟ ΣΧΟΛΕΙΟ ΝΕΑΣ ΚΟΡΩΝΗΣ ΠΥΛΙΑΣ,21.952762,36.792331
1703,ΔΗΜΟΤΙΚΟ ΣΧΟΛΕΙΟ ΕΛΑΙΑΣ,,
1704,ΓΥΜΝΑΣΙΟ ΒΥΤΙΝΑΣ,22.184754,37.670841
1705,ΓΥΜΝΑΣΙΟ ΔΗΜΗΤΣΑΝΑΣ,22.041302,37.595014
1706,ΔΗΜΟΤΙΚΟ ΣΧΟΛΕΙΟ ΚΡΕΜΜΥΔΙΩΝ ΠΥΛΙΑΣ,21.783914,36.993049
1707,ΓΥΜΝΑΣΙΟ ΤΕΓΕΑΣ,22.42293,37.453769
1708,3ο ΓΥΜΝΑΣΙΟ ΤΡΙΠΟΛΗΣ,22.383281,37.466655
1709,3ο ΓΥΜΝΑΣΙΟ ΚΑΛΑΜΑΤΑΣ,22.118327,37.037125
1710,ΓΥΜΝΑΣΙΟ ΤΡΙΠΟΛΗΣ ΠΕΙΡΑΜΑΤΙΚΟ,22.374811,37.467955
1711,ΓΥΜΝΑΣΙΟ ΣΠΑΡΤΗΣ ΜΟΥΣΙΚΟ,22.432961,37.063986
1712,ΓΥΜΝΑΣΙΟ ΝΕΣΤΑΝΗΣ ΜΑΝΤΙΝΕΙΑΣ,22.466477,37.612803
1713,ΔΗΜΟΤΙΚΟ ΣΧΟΛΕΙΟ ΒΛΑΧΟΠΟΥΛΟΥ ΠΥΛΙΑΣ,21.793215,37.031249
1714,ΓΥΜΝΑΣΙΟ ΑΣΤΡΟΥΣ ΑΡΚΑΔΙΑΣ,22.721726,37.404232
1715,1ο ΓΥΜΝΑΣΙΟ ΤΡΙΠΟΛΗΣ,22.366708,37.456266
1716,ΓΥΜΝΑΣΙΟ ΛΟΓΓΑΣ,21.906891,36.869849
1717,ΓΥΜΝΑΣΙΟ ΤΡΙΠΟΛΗΣ ΕΣΠΕΡΙΝΟ,22.383397,37.466664
1718,ΓΥΜΝΑΣΙΟ ΜΕΓΑΛΟΠΟΛΗΣ,22.139071,37.401376
1719,ΓΥΜΝΑΣΙΟ ΒΛΑΧΟΚΕΡΑΣΙΑΣ,22.37882,37.366837
1720,ΓΥΜΝΑΣΙΟ ΘΟΥΡΙΑΣ,22.052387,37.083174
1721,ΓΥΜΝΑΣΙΟ ΤΡΙΠΟΛΗΣ ΜΟΥΣΙΚΟ,,
1722,ΔΗΜΟΤΙΚΟ ΣΧΟΛΕΙΟ ΑΜΥΓΔΑΛΕΑΣ,22.224483,38.417713
1723,ΕΝΙΑΙΟ ΛΥΚΕΙΟ ΚΑΡΔΑΜΥΛΗΣ,22.235572,36.889284
1724,ΕΝΙΑΙΟ ΛΥΚΕΙΟ ΓΕΡΑΚΙΟΥ,22.711889,36.992159
1725,ΕΝΙΑΙΟ ΛΥΚΕΙΟ ΣΠΑΡΤΗΣ ΕΣΠΕΡΙΝΟ,22.433405,37.062609
1726,ΕΝΙΑΙΟ ΛΥΚΕΙΟ ΧΑΤΖΗ ΠΥΛΙΑΣ,21.830121,37.016083
1727,ΕΝΙΑΙΟ ΛΥΚΕΙΟ ΚΑΛΑΜΑΤΑΣ ΜΟΥΣΙΚΟ,22.12247,37.025473
1728,"1ο ΕΝΙΑΙΟ ΛΥΚΕΙΟ ΑΣΤΡΟΥΣ ""ΔΗΜΗΤΡΙΟΣ ΘΕΜ. ΣΑΚΑΛΗΣ""",22.721726,37.404232
1729,1ο ΕΝΙΑΙΟ ΛΥΚΕΙΟ ΤΡΙΠΟΛΗΣ,22.366811,37.456328
1730,ΕΝΙΑΙΟ ΛΥΚΕΙΟ ΚΡΟΚΕΩΝ,22.550312,36.88421
1731,ΕΝΙΑΙΟ ΛΥΚΕΙΟ ΤΕΓΕΑΣ,22.42293,37.453769
1732,3ο ΕΝΙΑΙΟ ΛΥΚΕΙΟ ΤΡΙΠΟΛΗΣ,22.383334,37.466663
1733,ΕΝΙΑΙΟ ΛΥΚΕΙΟ ΤΡΙΠΟΛΗΣ ΕΣΠΕΡΙΝΟ,22.371355,37.472287
1734,4ο ΕΝΙΑΙΟ ΛΥΚΕΙΟ ΤΡΙΠΟΛΗΣ,22.374135,37.468233
1735,ΕΝΙΑΙΟ ΛΥΚΕΙΟ ΠΥΛΟΥ,21.700168,36.912012
1736,2ο ΕΝΙΑΙΟ ΛΥΚΕΙΟ ΜΕΣΣΗΝΗΣ,22.011322,37.048653
1737,ΕΝΙΑΙΟ ΛΥΚΕΙΟ ΑΝΔΡΟΥΣΗΣ,21.945308,37.108153
1738,5ο ΕΝΙΑΙΟ ΛΥΚΕΙΟ ΚΑΛΑΜΑΤΑΣ,22.116748,37.037447
1739,ΕΝΙΑΙΟ ΛΥΚΕΙΟ ΧΩΡΑΣ ΤΡΙΦΥΛΙΑΣ,21.72403,37.054115
1740,1ο ΕΝΙΑΙΟ ΛΥΚΕΙΟ ΜΕΓΑΛΟΠΟΛΗΣ,22.139071,37.401376
1741,ΕΝΙΑΙΟ ΛΥΚΕΙΟ ΛΕΩΝΙΔΙΟΥ,22.861253,37.168327
1742,ΕΝΙΑΙΟ ΛΥΚΕΙΟ ΤΡΟΠΑΙΩΝ,21.957674,37.732196
1743,ΕΝΙΑΙΟ ΛΥΚΕΙΟ ΛΕΒΙΔΙΟΥ,22.297757,37.681528
1744,ΕΝΙΑΙΟ ΛΥΚΕΙΟ ΜΕΘΩΝΗΣ,21.706763,36.817998
1745,2ο ΕΝΙΑΙΟ ΛΥΚΕΙΟ ΣΠΑΡΤΗΣ,22.43083,37.06528
1746,ΕΝΙΑΙΟ ΛΥΚΕΙΟ ΚΑΣΤΟΡΕΙΟΥ,22.30878,37.169107
1747,1ο ΕΝΙΑΙΟ ΛΥΚΕΙΟ ΣΠΑΡΤΗΣ,22.432597,37.062434
1748,ΕΝΙΑΙΟ ΛΥΚΕΙΟ ΑΡΕΟΠΟΛΗΣ,22.380763,36.663779
1749,3ο ΕΝΙΑΙΟ ΛΥΚΕΙΟ ΣΠΑΡΤΗΣ,22.432014,37.057556
1750,2ο ΕΝΙΑΙΟ ΛΥΚΕΙΟ ΚΑΛΑΜΑΤΑΣ,22.122557,37.048237
1751,ΕΝΙΑΙΟ ΛΥΚΕΙΟ ΣΚΑΛΑΣ,22.666744,36.851296
1752,3ο ΕΝΙΑΙΟ ΛΥΚΕΙΟ ΚΑΛΑΜΑΤΑΣ,22.116215,37.025431
1753,ΕΝΙΑΙΟ ΛΥΚΕΙΟ ΓΑΡΓΑΛΙΑΝΩΝ,21.640851,37.065938
1754,ΕΝΙΑΙΟ ΛΥΚΕΙΟ ΚΟΡΩΝΗΣ,21.95404,36.792576
1755,ΕΝΙΑΙΟ ΛΥΚΕΙΟ ΓΥΘΕΙΟΥ,22.565904,36.757919
1756,4ο ΕΝΙΑΙΟ ΛΥΚΕΙΟ ΚΑΛΑΜΑΤΑΣ,22.119759,37.047714
1757,ΕΝΙΑΙΟ ΛΥΚΕΙΟ ΠΕΤΑΛΙΔΙΟΥ,21.921551,36.956441
1758,6ο ΕΝΙΑΙΟ ΛΥΚΕΙΟ ΚΑΛΑΜΑΤΑΣ,22.124841,37.043189
1759,ΔΗΜΟΤΙΚΟ ΣΧΟΛΕΙΟ ΠΕΝΤΑΠΟΛΗΣ,22.212878,38.489931
1760,ΔΗΜΟΤΙΚΟ ΣΧΟΛΕΙΟ ΜΑΛΑΝΔΡΙΝΟΥ,22.236858,38.454895
1761,ΕΝΙΑΙΟ ΛΥΚΕΙΟ ΕΛΟΥΣ,22.699466,36.831916
1762,ΕΝΙΑΙΟ ΛΥΚΕΙΟ ΘΟΥΡΙΑΣ,22.052387,37.083174
1763,1ο ΕΝΙΑΙΟ ΛΥΚΕΙΟ ΜΕΣΣΗΝΗΣ,22.011322,37.048653
1764,ΕΝΙΑΙΟ ΛΥΚΕΙΟ ΦΙΛΙΑΤΡΩΝ,21.588435,37.15685
1765,ΕΝΙΑΙΟ ΛΥΚΕΙΟ ΚΑΛΑΜΑΤΑΣ ΕΣΠΕΡΙΝΟ,22.122557,37.048237
1766,2ο ΕΝΙΑΙΟ ΛΥΚΕΙΟ ΤΡΙΠΟΛΗΣ,22.38482,37.466882
1767,ΕΝΙΑΙΟ ΛΥΚΕΙΟ ΞΗΡΟΚΑΜΠΙΟΥ,22.443374,36.952797
1768,ΕΝΙΑΙΟ ΛΥΚΕΙΟ ΔΙΑΒΟΛΙΤΣΙΟΥ,21.969721,37.299026
1769,ΔΗΜΟΤΙΚΟ ΣΧΟΛΕΙΟ ΔΑΦΝΗΣ ΓΙΑΝΝΙΤΣΩΝ,22.235826,40.770016
1770,ΕΝΙΑΙΟ ΛΥΚΕΙΟ ΝΕΑΠΟΛΗΣ,23.065539,36.508182
1771,ΕΝΙΑΙΟ ΛΥΚΕΙΟ ΑΡΦΑΡΩΝ,22.048085,37.155878
1772,ΕΝΙΑΙΟ ΛΥΚΕΙΟ ΜΟΛΑΩΝ,22.853575,36.806691
1773,ΕΝΙΑΙΟ ΛΥΚΕΙΟ ΜΟΝΕΜΒΑΣΙΑΣ,23.052949,36.684425
1774,ΕΝΙΑΙΟ ΛΥΚΕΙΟ ΚΥΠΑΡΙΣΣΙΑΣ,21.664713,37.249478
1775,1ο ΕΝΙΑΙΟ ΛΥΚΕΙΟ ΚΑΛΑΜΑΤΑΣ,22.122557,37.048237
1776,2ο ΤΕΕ ΤΡΙΠΟΛΗΣ,22.379481,37.455571
1777,1ο ΤΕΕ ΜΕΓΑΛΟΠΟΛΗΣ,22.139071,37.401376
1778,4ο ΤΕΕ ΚΑΛΑΜΑΤΑΣ,22.122557,37.048237
1779,1ο ΤΕΕ ΜΟΛΑΩΝ,22.853575,36.806691
1780,3ο ΤΕΕ ΚΑΛΑΜΑΤΑΣ,22.116215,37.025431
1781,2ο ΤΕΕ ΚΥΠΑΡΙΣΣΙΑΣ,21.664713,37.249478
1782,2ο ΤΕΕ ΣΠΑΡΤΗΣ,22.431812,37.062543
1783,1ο ΤΕΕ ΑΣΤΡΟΥΣ,22.721726,37.404232
1784,ΤΕΕ ΛΕΩΝΙΔΙΟΥ,22.861253,37.168327
1785,1ο ΤΕΕ ΤΡΙΠΟΛΗΣ,22.379325,37.455611
1786,1ο ΤΕΕ ΒΟΙΩΝ,,
1787,ΤΕΕ ΜΕΣΣΗΝΗΣ,22.011322,37.048653
1788,1ο ΤΕΕ ΣΠΑΡΤΗΣ,22.431812,37.062543
1789,ΤΕΕ ΓΥΘΕΙΟΥ,,
1790,2ο ΤΕΕ ΚΑΛΑΜΑΤΑΣ,22.116215,37.025431
1791,1ο ΤΕΕ ΚΑΛΑΜΑΤΑΣ,22.116215,37.025431
1792,1ο ΤΕΕ ΣΤΕΜΝΙΤΣΑΣ,22.083771,37.554716
1793,2ο ΤΕΕ ΜΕΓΑΛΟΠΟΛΗΣ,22.139071,37.401376
1794,1ο ΤΕΕ ΚΥΠΑΡΙΣΣΙΑΣ,21.664713,37.249478
1795,ΤΕΕ ΕΛΟΥΣ,22.778542,36.825865
1796,3ο ΤΕΕ ΤΡΙΠΟΛΗΣ ΕΣΠΕΡΙΝΟ,,
1797,1ο ΣΕΚ ΜΕΣΣΗΝΙΑΣ (ΚΑΛΑΜΑΤΑΣ),22.116215,37.025431
1798,1ο ΣΕΚ ΣΠΑΡΤΗΣ,22.432014,37.057556
1799,2ο ΣΕΚ ΜΕΣΣΗΝΙΑΣ (ΚΥΠΑΡΙΣΣΙΑΣ),21.664713,37.249478
1800,1ο ΣΕΚ ΤΡΙΠΟΛΗΣ,22.379689,37.455524
1801,ΔΗΜΟΤΙΚΟ ΣΧΟΛΕΙΟ ΦΛΑΜΟΥΡΙΑΣ,22.017325,40.750451
1802,8ο ΔΗΜΟΤΙΚΟ ΣΧΟΛΕΙΟ ΤΡΙΠΟΛΗΣ,,
1803,9ο ΔΗΜΟΤΙΚΟ ΣΧΟΛΕΙΟ ΤΡΙΠΟΛΗΣ,,
1804,7ο ΔΗΜΟΤΙΚΟ ΣΧΟΛΕΙΟ ΤΡΙΠΟΛΗΣ,,
1805,10ο ΔΗΜΟΤΙΚΟ ΣΧΟΛΕΙΟ ΤΡΙΠΟΛΗΣ,,
1806,ΔΗΜΟΤΙΚΟ ΣΧΟΛΕΙΟ ΤΡΙΠΟΛΗΣ ΠΕΙΡΑΜΑΤΙΚΟ ΠΑΙΔ.ΑΚΑΔΗΜΙΑΣ,,
1807,ΔΗΜΟΤΙΚΟ ΣΧΟΛΕΙΟ ΤΥΡΟΣΑΠΟΥΝΑΚΕΙΚΩΝ,22.855768,37.240596
1808,3ο ΔΗΜΟΤΙΚΟ ΣΧΟΛΕΙΟ ΜΕΓΑΛΟΠΟΛΗΣ,22.138176,37.400948
1809,ΔΗΜΟΤΙΚΟ ΣΧΟΛΕΙΟ ΚΑΣΤΑΝΙΑΣ,,
1810,ΔΗΜΟΤΙΚΟ ΣΧΟΛΕΙΟ ΛΕΪΚΩΝ,22.099109,37.062116
1811,5ο ΔΗΜΟΤΙΚΟ ΣΧΟΛΕΙΟ ΚΑΛΑΜΑΤΑΣ,,
1812,9ο ΔΗΜΟΤΙΚΟ ΣΧΟΛΕΙΟ ΚΑΛΑΜΑΤΑΣ,,
1813,ΔΗΜΟΤΙΚΟ ΣΧΟΛΕΙΟ ΜΕΛΙΓΑΛΑ,21.975047,37.22489
1814,8ο ΔΗΜΟΤΙΚΟ ΣΧΟΛΕΙΟ ΚΑΛΑΜΑΤΑΣ,22.107138,37.027483
1815,ΔΗΜΟΤΙΚΟ ΣΧΟΛΕΙΟ ΣΠΗΛΙΑΣ,21.64173,37.210405
1816,26ο ΔΗΜΟΤΙΚΟ ΣΧΟΛΕΙΟ ΚΑΛΑΜΑΤΑΣ,22.114997,37.024766
1817,1ο ΔΗΜΟΤΙΚΟ ΣΧΟΛΕΙΟ ΔΥΤΙΚΗΣ ΜΑΝΗΣ,,
1818,1ο ΔΗΜΟΤΙΚΟ ΣΧΟΛΕΙΟ ΠΥΛΟΥ,21.699745,36.910391
1819,1ο ΔΗΜΟΤΙΚΟ ΣΧΟΛΕΙΟ ΚΑΛΑΜΑΤΑΣ ΕΙΔΙΚΟ,22.113679,37.040354
1820,6ο ΔΗΜΟΤΙΚΟ ΣΧΟΛΕΙΟ ΚΑΛΑΜΑΤΑΣ,,
1821,3ο ΔΗΜΟΤΙΚΟ ΣΧΟΛΕΙΟ ΚΑΛΑΜΑΤΑΣ,22.114937,37.024312
1822,4ο ΔΗΜΟΤΙΚΟ ΣΧΟΛΕΙΟ ΚΑΛΑΜΑΤΑΣ,22.111866,37.029794
1823,ΔΗΜΟΤΙΚΟ ΣΧΟΛΕΙΟ ΖΕΥΓΟΛΑΤΕΙΟΥ ΜΕΣΣΗΝΗΣ,21.968749,37.250157
1824,ΔΗΜΟΤΙΚΟ ΣΧΟΛΕΙΟ ΑΝΔΡΟΥΣΑΣ,,
1825,ΔΗΜΟΤΙΚΟ ΣΧΟΛΕΙΟ ΧΡΥΣΟΚΕΛΛΑΡΙΑΣ ΠΥΛΙΑΣ,21.887293,36.790129
1826,ΔΗΜΟΤΙΚΟ ΣΧΟΛΕΙΟ ΑΓΚΙΣΤΡΟΥ ΣΙΝΤΙΚΗΣ,23.445229,41.374387
1827,ΔΗΜΟΤΙΚΟ ΣΧΟΛΕΙΟ ΧΑΡΟΚΟΠΕΙΟΥ ΠΥΛΙΑΣ,21.918669,36.809587
1828,18ο ΔΗΜΟΤΙΚΟ ΣΧΟΛΕΙΟ ΚΑΛΑΜΑΤΑΣ,,
1829,17ο ΔΗΜΟΤΙΚΟ ΣΧΟΛΕΙΟ ΚΑΛΑΜΑΤΑΣ,22.127835,37.044194
1830,16ο ΔΗΜΟΤΙΚΟ ΣΧΟΛΕΙΟ ΚΑΛΑΜΑΤΑΣ,,
1831,12ο ΔΗΜΟΤΙΚΟ ΣΧΟΛΕΙΟ ΚΑΛΑΜΑΤΑΣ,,
1832,1ο ΔΗΜΟΤΙΚΟ ΣΧΟΛΕΙΟ ΚΑΛΑΜΑΤΑΣ,,
1833,22ο ΔΗΜΟΤΙΚΟ ΣΧΟΛΕΙΟ ΚΑΛΑΜΑΤΑΣ,,
1834,2ο ΔΗΜΟΤΙΚΟ ΣΧΟΛΕΙΟ ΚΑΛΑΜΑΤΑΣ,22.114534,37.025141
1835,14ο ΔΗΜΟΤΙΚΟ ΣΧΟΛΕΙΟ ΚΑΛΑΜΑΤΑΣ,,
1836,13ο ΔΗΜΟΤΙΚΟ ΣΧΟΛΕΙΟ ΚΑΛΑΜΑΤΑΣ,22.107099,37.044769
1837,11ο ΔΗΜΟΤΙΚΟ ΣΧΟΛΕΙΟ ΚΑΛΑΜΑΤΑΣ,22.105673,37.030126
1838,ΔΗΜΟΤΙΚΟ ΣΧΟΛΕΙΟ ΠΑΡΑΛΙΑΣ ΒΕΡΓΑΣ,22.158274,37.006708
1839,ΔΗΜΟΤΙΚΟ ΣΧΟΛΕΙΟ ΑΝΑΛΗΨΗΣ ΜΕΣΣΗΝΗΣ,,
1840,24ο ΔΗΜΟΤΙΚΟ ΣΧΟΛΕΙΟ ΚΑΛΑΜΑΤΑΣ,22.109057,37.030744
1841,ΔΗΜΟΤΙΚΟ ΣΧΟΛΕΙΟ ΑΡΙΟΣ,,
1842,ΔΗΜΟΤΙΚΟ ΣΧΟΛΕΙΟ ΑΙΘΑΙΑΣ,22.047622,37.094187
1843,ΔΗΜΟΤΙΚΟ ΣΧΟΛΕΙΟ ΑΡΦΑΡΩΝ,22.046238,37.155898
1844,ΔΗΜΟΤΙΚΟ ΣΧΟΛΕΙΟ ΚΑΤΩ ΑΜΦΕΙΑΣ,22.071972,37.107268
1845,ΔΗΜΟΤΙΚΟ ΣΧΟΛΕΙΟ ΑΝΩ ΑΜΦΕΙΑΣ,22.039161,37.11288
1846,ΔΗΜΟΤΙΚΟ ΣΧΟΛΕΙΟ ΣΠΕΡΧΟΓΕΙΑΣ,22.06448,37.074508
1847,ΔΗΜΟΤΙΚΟ ΣΧΟΛΕΙΟ ΠΛΑΤΕΟΣ,22.011174,37.140281
1848,7ο ΔΗΜΟΤΙΚΟ ΣΧΟΛΕΙΟ ΚΑΛΑΜΑΤΑΣ,22.114969,37.025134
1849,ΔΗΜΟΤΙΚΟ ΣΧΟΛΕΙΟ ΣΤΑΔΙΟΥ ΜΑΝΤΙΝΕΙΑΣ,22.437441,37.456274
1850,2ο ΔΗΜΟΤΙΚΟ ΣΧΟΛΕΙΟ ΣΠΑΡΤΗΣ,22.43183,37.062522
1851,ΔΗΜΟΤΙΚΟ ΣΧΟΛΕΙΟ ΚΑΠΝΟΦΥΤΟΥ ΣΙΝΤΙΚΗΣ,23.502931,41.289499
1852,ΔΗΜΟΤΙΚΟ ΣΧΟΛΕΙΟ ΑΒΡΑΜΙΟΥ,21.941438,37.033603
1853,1ο ΔΗΜΟΤΙΚΟ ΣΧΟΛΕΙΟ ΜΕΣΣΗΝΗΣ,22.009859,37.048682
1854,10ο ΔΗΜΟΤΙΚΟ ΣΧΟΛΕΙΟ ΚΑΛΑΜΑΤΑΣ,22.122502,37.02438
1855,ΔΗΜΟΤΙΚΟ ΣΧΟΛΕΙΟ ΑΧΛΑΔΟΧΩΡΙΟΥ ΣΙΝΤΙΚΗΣ,23.544848,41.318815
1856,4ο ΔΗΜΟΤΙΚΟ ΣΧΟΛΕΙΟ ΜΕΣΣΗΝΗΣ,22.009854,37.048674
1857,2ο ΔΗΜΟΤΙΚΟ ΣΧΟΛΕΙΟ ΜΕΣΣΗΝΗΣ,22.009859,37.048681
1858,ΔΗΜΟΤΙΚΟ ΣΧΟΛΕΙΟ ΤΡΙΦΥΛΛΙΟΥ ΓΙΑΝΝΙΤΣΩΝ,22.263935,40.790422
1859,ΔΗΜΟΤΙΚΟ ΣΧΟΛΕΙΟ ΚΑΝΔΗΛΑΣ ΜΑΝΤΙΝΕΙΑΣ,22.381086,37.773437
1860,ΔΗΜΟΤΙΚΟ ΣΧΟΛΕΙΟ ΚΑΛΛΙΠΟΛΗΣ ΓΙΑΝΝΙΤΣΩΝ,22.234874,40.789063
1861,5ο ΔΗΜΟΤΙΚΟ ΣΧΟΛΕΙΟ ΤΡΙΠΟΛΗΣ,,
1862,ΔΗΜΟΤΙΚΟ ΣΧΟΛΕΙΟ ΔΑΡΑ ΜΑΝΤΙΝΕΙΑΣ,22.201148,37.806164
1863,3ο ΔΗΜΟΤΙΚΟ ΣΧΟΛΕΙΟ ΜΕΣΣΗΝΗΣ,22.009862,37.048673
1864,ΔΗΜΟΤΙΚΟ ΣΧΟΛΕΙΟ ΠΡΟΑΣΤΙΟΥ,22.255396,36.876366
1865,ΔΗΜΟΤΙΚΟ ΣΧΟΛΕΙΟ ΝΕΣΤΑΝΗ ΜΑΝΤΙΝΕΙΑΣ,22.465315,37.611786
1866,ΔΗΜΟΤΙΚΟ ΣΧΟΛΕΙΟ ΚΑΛΟΓΩΝΙΑΣ ΛΑΚΕΔΑΙΜΟΝΟΣ,,
1867,ΔΗΜΟΤΙΚΟ ΣΧΟΛΕΙΟ ΛΕΠΤΟΚΑΡΥΑΣ,,
1868,ΔΗΜΟΤΙΚΟ ΣΧΟΛΕΙΟ ΑΡΣΕΝΙΟΥ,22.164918,40.71279
1869,ΔΗΜΟΤΙΚΟ ΣΧΟΛΕΙΟ ΞΙΦΙΑΝΗΣ,22.081907,40.929839
1870,1ο ΔΗΜΟΤΙΚΟ ΣΧΟΛΕΙΟ ΤΡΙΠΟΛΗΣ,,
1871,ΔΗΜΟΤΙΚΟ ΣΧΟΛΕΙΟ ΚΥΡΙΑΚΙΟΥ ΛΙΒΑΔΕΙΑΣ,22.791901,38.350663
1872,2ο ΔΗΜΟΤΙΚΟ ΣΧΟΛΕΙΟ ΜΕΓΑΛΟΠΟΛΗΣ,22.138176,37.400949
1873,ΔΗΜΟΤΙΚΟ ΣΧΟΛΕΙΟ ΤΟΡΩΝΗΣ,,
1874,1ο ΔΗΜΟΤΙΚΟ ΣΧΟΛΕΙΟ ΜΕΓΑΛΟΠΟΛΗΣ,22.138176,37.400948
1875,2ο ΔΗΜΟΤΙΚΟ ΣΧΟΛΕΙΟ ΣΚΑΛΑΣ,,
1876,6ο ΔΗΜΟΤΙΚΟ ΣΧΟΛΕΙΟ ΤΡΙΠΟΛΗΣ,,
1877,ΔΗΜΟΤΙΚΟ ΣΧΟΛΕΙΟ ΓΟΜΑΤΙΟΥ,23.795805,40.394775
1878,ΔΗΜΟΤΙΚΟ ΣΧΟΛΕΙΟ ΒΥΤΙΝΑΣ ΓΟΡΤΥΝΙΑΣ,22.183684,37.669659
1879,ΔΗΜΟΤΙΚΟ ΣΧΟΛΕΙΟ ΜΕΤΑΓΚΙΤΣΙΟΥ,23.653168,40.322534
1880,ΔΗΜΟΤΙΚΟ ΣΧΟΛΕΙΟ ΕΛΑΙΟΧΩΡΙΟΥ ΜΑΝΤΙΝΕΙΑΣ,22.574003,37.455323
1881,ΔΗΜΟΤΙΚΟ ΣΧΟΛΕΙΟ ΠΛΑΝΑΣ,,
1882,3ο ΔΗΜΟΤΙΚΟ ΣΧΟΛΕΙΟ ΣΠΑΡΤΗΣ,22.431029,37.062278
1883,ΔΗΜΟΤΙΚΟ ΣΧΟΛΕΙΟ ΟΥΡΑΝΟΥΠΟΛΗΣ,23.979166,40.330607
1884,ΔΗΜΟΤΙΚΟ ΣΧΟΛΕΙΟ ΛΟΥΚΑ ΜΑΝΤΙΝΕΙΑΣ,22.460578,37.563472
1885,ΔΗΜΟΤΙΚΟ ΣΧΟΛΕΙΟ ΕΘΝΙΚΟΥ ΦΛΩΡΙΝΑΣ,21.356785,40.869773
1886,ΔΗΜΟΤΙΚΟ ΣΧΟΛΕΙΟ ΔΡΟΣΟΠΗΓΗΣ ΦΛΩΡΙΝΑΣ,21.454147,40.688171
1887,ΔΗΜΟΤΙΚΟ ΣΧΟΛΕΙΟ ΚΡΑΤΕΡΟΥ ΦΛΩΡΙΝΑΣ,21.312487,40.855301
1888,ΔΗΜΟΤΙΚΟ ΣΧΟΛΕΙΟ ΞΙΝΟΥ ΝΕΡΟΥ ΑΜΥΝΤΑΙΟΥ,21.62267,40.689448
1889,ΔΗΜΟΤΙΚΟ ΣΧΟΛΕΙΟ ΡΙΖΩΝ ΜΑΝΤΙΝΕΙΑΣ,22.468477,37.449218
1890,ΔΗΜΟΤΙΚΟ ΣΧΟΛΕΙΟ ΠΑΛΛΑΝΤΙΟΥ ΜΑΝΤΙΝΕΙΑΣ,22.361285,37.457621
1891,4ο ΔΗΜΟΤΙΚΟ ΣΧΟΛΕΙΟ ΤΡΙΠΟΛΗΣ,,
1892,3ο ΔΗΜΟΤΙΚΟ ΣΧΟΛΕΙΟ ΤΡΙΠΟΛΗΣ,,
1893,ΔΗΜΟΤΙΚΟ ΣΧΟΛΕΙΟ ΠΑΠΑΡΗ ΜΕΓΑΛΟΠΟΛΗΣ,22.261527,37.363262
1894,ΔΗΜΟΤΙΚΟ ΣΧΟΛΕΙΟ ΛΕΒΙΔΙΟΥ ΜΑΝΤΙΝΕΙΑΣ,22.297293,37.68122
1895,2ο ΔΗΜΟΤΙΚΟ ΣΧΟΛΕΙΟ ΤΡΙΠΟΛΗΣ,,
1896,ΔΗΜΟΤΙΚΟ ΣΧΟΛΕΙΟ ΠΕΔΙΝΟΥ ΑΜΥΝΤΑΙΟΥ,,
1897,ΔΗΜΟΤΙΚΟ ΣΧΟΛΕΙΟ ΑΜΥΚΛΩΝ ΛΑΚΕΔΑΙΜΟΝΟΣ,22.43844,37.024802
1898,ΔΗΜΟΤΙΚΟ ΣΧΟΛΕΙΟ ΣΤΑΥΡΟΠΗΓΙΟΥ,22.194206,36.933708
1899,ΔΗΜΟΤΙΚΟ ΣΧΟΛΕΙΟ ΛΕΩΝΙΔΙΟΥ ΕΙΔΙΚΟ,,
1900,ΔΗΜΟΤΙΚΟ ΣΧΟΛΕΙΟ ΔΙΑΒΟΛΙΤΣΙΟΥ,21.969104,37.298755
1901,19ο ΔΗΜΟΤΙΚΟ ΣΧΟΛΕΙΟ ΚΑΛΑΜΑΤΑΣ,22.111854,37.029965
1902,ΔΗΜΟΤΙΚΟ ΣΧΟΛΕΙΟ ΜΥΡΣΙΝΗΣ,,
1903,ΔΗΜΟΤΙΚΟ ΣΧΟΛΕΙΟ ΕΥΑΣ,,
1904,ΔΗΜΟΤΙΚΟ ΣΧΟΛΕΙΟ ΛΕΩΝΙΔΙΟΥ ΚΥΝΟΥΡΙΑΣ,22.860734,37.167442
1905,ΔΗΜΟΤΙΚΟ ΣΧΟΛΕΙΟ ΣΚΟΠΟΥ ΦΛΩΡΙΝΑΣ,21.643159,40.865859
1906,ΔΗΜΟΤΙΚΟ ΣΧΟΛΕΙΟ ΚΟΡΑΚΟΒΟΥΝΙΟΥ ΚΥΝΟΥΡΙΑΣ,22.746512,37.348846
1907,ΔΗΜΟΤΙΚΟ ΣΧΟΛΕΙΟ ΔΟΛΙΑΝΩΝ ΚΥΝΟΥΡΙΑΣ,,
1908,ΔΗΜΟΤΙΚΟ ΣΧΟΛΕΙΟ ΒΟΥΡΒΟΥΡΩΝ ΚΥΝΟΥΡΙΑΣ,22.491528,37.33507
1909,ΔΗΜΟΤΙΚΟ ΣΧΟΛΕΙΟ ΒΕΡΒΕΝΩΝ ΚΥΝΟΥΡΙΑΣ,22.464711,37.369998
1910,ΔΗΜΟΤΙΚΟ ΣΧΟΛΕΙΟ ΑΣΤΡΟΥΣ ΚΥΝΟΥΡΙΑΣ,22.721756,37.404697
1911,ΔΗΜΟΤΙΚΟ ΣΧΟΛΕΙΟ ΠΕΤΡΩΝ ΑΜΥΝΤΑΙΟΥ,21.672749,40.726265
1912,ΔΗΜΟΤΙΚΟ ΣΧΟΛΕΙΟ ΑΓΙΟΥ ΑΝΔΡΕΑ ΚΥΝΟΥΡΙΑΣ,22.767415,37.342705
1913,ΔΗΜΟΤΙΚΟ ΣΧΟΛΕΙΟ ΚΑΣΤΡΙΟΥ ΚΥΝΟΥΡΙΑΣ,22.542127,37.359714
1914,ΔΗΜΟΤΙΚΟ ΣΧΟΛΕΙΟ ΑΓΙΟΥ ΠΑΝΤΕΛΕΗΜΟΝΑ,21.747524,40.725114
1915,ΔΗΜΟΤΙΚΟ ΣΧΟΛΕΙΟ ΜΕΛΙΓΟΥΣ ΚΥΝΟΥΡΙΑΣ,,
1916,11ο ΔΗΜΟΤΙΚΟ ΣΧΟΛΕΙΟ ΤΡΙΠΟΛΗΣ,,
1917,ΔΗΜΟΤΙΚΟ ΣΧΟΛΕΙΟ ΤΡΙΠΟΛΗΣ ΠΕΙΡΑΜΑΤΙΚΟ,,
1918,ΔΗΜΟΤΙΚΟ ΣΧΟΛΕΙΟ ΑΧΛΑΔΑΣ ΦΛΩΡΙΝΑΣ,21.605647,40.857554
1919,ΔΗΜΟΤΙΚΟ ΣΧΟΛΕΙΟ ΠΑΡ ΑΣΤΡΟΥΣ ΚΥΝΟΥΡΙΑΣ,22.765236,37.414301
1920,ΔΗΜΟΤΙΚΟ ΣΧΟΛΕΙΟ ΜΗΛΙΤΣΗΣ,21.330987,40.452336
1921,4ο ΔΗΜΟΤΙΚΟ ΣΧΟΛΕΙΟ ΜΕΓΑΛΟΠΟΛΗΣ,22.138176,37.400949
1922,1ο ΔΗΜΟΤΙΚΟ ΣΧΟΛΕΙΟ ΓΥΘΕΙΟΥ,22.565405,36.758088
1923,2ο ΔΗΜΟΤΙΚΟ ΣΧΟΛΕΙΟ ΓΥΘΕΙΟΥ,22.565404,36.758087
1924,2ο ΔΗΜΟΤΙΚΟ ΣΧΟΛΕΙΟ ΧΩΡΑΣ ΠΥΛΙΑΣ,21.723194,37.053028
1925,ΔΗΜΟΤΙΚΟ ΣΧΟΛΕΙΟ ΚΟΝΑΚΙΩΝ,,
1926,ΔΗΜΟΤΙΚΟ ΣΧΟΛΕΙΟ ΚΑΡΒΕΛΑ,22.477571,36.731136
1927,ΔΗΜΟΤΙΚΟ ΣΧΟΛΕΙΟ ΑΓΙΟΥ ΙΩΑΝΝΟΥ ΛΑΚΕΔΑΙΜΟΝΟΣ,22.409554,37.045593
1928,ΔΗΜΟΤΙΚΟ ΣΧΟΛΕΙΟ ΚΛΑΔΑ ΛΑΚΕΔΑΙΜΟΝΟΣ,22.42825,37.106566
1929,ΔΗΜΟΤΙΚΟ ΣΧΟΛΕΙΟ ΓΙΑΝΝΑΚΟΧΩΡΙΟΥ,22.057493,40.671075
1930,ΔΗΜΟΤΙΚΟ ΣΧΟΛΕΙΟ ΛΕΥΚΟΧΩΜΑΤΟΣ ΛΑΚΕΔΑΙΜΟΝΟΣ,22.515955,36.978135
1931,ΔΗΜΟΤΙΚΟ ΣΧΟΛΕΙΟ ΚΑΣΤΟΡΕΙΟΥ ΛΑΚΕΔΑΙΜΟΝΟΣ,22.307603,37.169172
1932,ΔΗΜΟΤΙΚΟ ΣΧΟΛΕΙΟ ΚΟΚΚΙΝΟΡΡΑΧΗΣ ΛΑΚΕΔΑΙΜΟΝΟ,,
1933,1ο ΔΗΜΟΤΙΚΟ ΣΧΟΛΕΙΟ ΣΠΑΡΤΗΣ,,
1934,ΔΗΜΟΤΙΚΟ ΣΧΟΛΕΙΟ ΣΚΟΥΤΑΡΙΟΥ,22.496146,36.669419
1935,ΔΗΜΟΤΙΚΟ ΣΧΟΛΕΙΟ ΞΗΡΟΚΑΜΠΙΟΥ ΛΑΚΕΔΑΙΜΟΝΟΣ,22.452987,36.956682
1936,ΔΗΜΟΤΙΚΟ ΣΧΟΛΕΙΟ ΜΟΛΑΩΝ,22.85318,36.806567
1937,ΔΗΜΟΤΙΚΟ ΣΧΟΛΕΙΟ ΚΑΛΟΧΩΡΙΟΥ ΝΕΣΤΟΡΙΟ,21.13547,40.484895
1938,ΔΗΜΟΤΙΚΟ ΣΧΟΛΕΙΟ ΑΡΝΗΣ ΛΑΚΩΝΙΚΗΣ,,
1939,ΔΗΜΟΤΙΚΟ ΣΧΟΛΕΙΟ ΚΩΣΤΑΡΑΖΙΟΥ,21.365001,40.448009
1940,ΔΗΜΟΤΙΚΟ ΣΧΟΛΕΙΟ ΚΑΜΠΟΥ ΜΟΛΑΩΝ,,
1941,ΔΗΜΟΤΙΚΟ ΣΧΟΛΕΙΟ ΜΕΛΙΤΙΝΗΣ,22.46248,36.854906
1942,ΔΗΜΟΤΙΚΟ ΣΧΟΛΕΙΟ ΒΛΑΧΟΚΕΡΑΣΙΑΣ ΜΑΝΤΙΝΕΙΑΣ,22.377614,37.366076
1943,ΔΗΜΟΤΙΚΟ ΣΧΟΛΕΙΟ ΑΡΤΕΜΙΣΙΟΥ ΜΑΝΤΙΝΕΙΑΣ,22.378478,37.673105
1944,12ο ΔΗΜΟΤΙΚΟ ΣΧΟΛΕΙΟ ΤΡΙΠΟΛΗΣ,,
1945,ΔΗΜΟΤΙΚΟ ΣΧΟΛΕΙΟ ΝΕΑΠΟΛΗΣ ΒΟΙΩΝ ΜΟΛΑΩΝ,23.064695,36.507128
1946,ΔΗΜΟΤΙΚΟ ΣΧΟΛΕΙΟ ΜΟΝΕΜΒΑΣΙΑΣ ΜΟΛΑΩΝ,23.04748,36.684564
1947,ΔΗΜΟΤΙΚΟ ΣΧΟΛΕΙΟ ΜΥΡΤΕΑΣ ΜΟΛΑΩΝ,22.694389,36.88054
1948,ΔΗΜΟΤΙΚΟ ΣΧΟΛΕΙΟ ΑΡΕΟΠΟΛΗΣ,22.382205,36.661953
1949,ΔΗΜΟΤΙΚΟ ΣΧΟΛΕΙΟ ΤΟΙΧΙΟΥ ΚΑΣΤΟΡΙΑΣ,21.305021,40.582171
1950,ΔΗΜΟΤΙΚΟ ΣΧΟΛΕΙΟ ΠΟΛΥΚΑΡΠΗΣ,21.324068,40.52073
1951,ΔΗΜΟΤΙΚΟ ΣΧΟΛΕΙΟ ΑΜΠΕΛΟΚΗΠΩΝ,21.310975,40.463672
1952,ΔΗΜΟΤΙΚΟ ΣΧΟΛΕΙΟ ΑΓΙΟΥ ΔΗΜΗΤΡΙΟΥ,22.822905,36.933164
1953,ΔΗΜΟΤΙΚΟ ΣΧΟΛΕΙΟ ΠΛΑΤΑΝΑΣ ΛΑΚΕΔΑΙΜΟΝΟΣ,22.47827,37.031186
1954,ΔΗΜΟΤΙΚΟ ΣΧΟΛΕΙΟ ΘΕΟΛΟΓΟΥ ΛΑΚΕΔΑΙΜΟΝΟΣ,22.450989,37.140591
1955,ΔΗΜΟΤΙΚΟ ΣΧΟΛΕΙΟ ΑΓΙΑΣ ΠΑΡΑΣΚΕΥΗΣ ΦΛΩΡΙΝΑΣ,21.381129,40.877351
1956,ΔΗΜΟΤΙΚΟ ΣΧΟΛΕΙΟ ΚΑΛΥΒΙΩΝ ΣΟΧΑΣ ΛΑΚΕΔΑΙΜΟΝΟ,22.421221,37.013426
1957,ΔΗΜΟΤΙΚΟ ΣΧΟΛΕΙΟ ΑΓΙΩΡΓΙΤΙΚΩΝ ΜΑΝΤΙΝΕΙΑΣ,22.484447,37.496614
1958,ΔΗΜΟΤΙΚΟ ΣΧΟΛΕΙΟ ΠΕΛΛΑΝΑΣ,22.3227,37.204747
1959,ΔΗΜΟΤΙΚΟ ΣΧΟΛΕΙΟ ΜΥΣΤΡΑ ΛΑΚΕΔΑΙΜΟΝΟΣ,22.377204,37.069282
1960,ΔΗΜΟΤΙΚΟ ΣΧΟΛΕΙΟ ΜΑΓΟΥΛΑΣ ΛΑΚΕΔΑΙΜΟΝΟΣ,22.410172,37.078645
1961,1ο ΔΗΜΟΤΙΚΟ ΣΧΟΛΕΙΟ ΣΚΑΛΑΣ,,
1962,ΔΗΜΟΤΙΚΟ ΣΧΟΛΕΙΟ ΑΦΙΣΙΟΥ ΛΑΚΕΔΑΙΜΟΝΟΣ,22.451082,37.089239
1963,ΔΗΜΟΤΙΚΟ ΣΧΟΛΕΙΟ ΑΚΡΙΤΑ ΦΛΩΡΙΝΑΣ,21.303066,40.813535
1964,ΔΗΜΟΤΙΚΟ ΣΧΟΛΕΙΟ ΑΓΓΕΛΩΝΑΣ ΜΟΛΑΩΝ,22.971037,36.748354
1965,ΔΗΜΟΤΙΚΟ ΣΧΟΛΕΙΟ ΠΥΡΓΟΥ ΔΙΡΟΥ,22.385014,36.622996
1966,ΔΗΜΟΤΙΚΟ ΣΧΟΛΕΙΟ ΔΑΦΝΙΟΥ ΛΑΚΩΝΙΚΗΣ,22.540338,36.925579
1967,ΔΗΜΟΤΙΚΟ ΣΧΟΛΕΙΟ ΒΟΥΤΙΑΝΩΝ ΛΑΚΕΔΑΙΜΟΝΟΣ,22.440438,37.150833
1968,ΔΗΜΟΤΙΚΟ ΣΧΟΛΕΙΟ ΓΚΟΡΙΤΣΑΣ ΛΑΚΕΔΑΙΜΟΝΟΣ,22.565786,37.026274
1969,ΔΗΜΟΤΙΚΟ ΣΧΟΛΕΙΟ ΓΕΡΑΚΙΟΥ ΛΑΚΕΔΑΙΜΟΝΟΣ,22.710824,36.989213
1970,ΔΗΜΟΤΙΚΟ ΣΧΟΛΕΙΟ ΑΛΩΝΩΝ ΦΛΩΡΙΝΑΣ,21.303615,40.774519
1971,ΔΗΜΟΤΙΚΟ ΣΧΟΛΕΙΟ ΠΟΛΥΠΟΤΑΜΟΥ ΦΛΩΡΙΝΑΣ,21.365716,40.717837
1972,ΔΗΜΟΤΙΚΟ ΣΧΟΛΕΙΟ ΚΕΦΑΛΑ ΛΑΚΕΔΑΙΜΟΝΟΣ,22.522699,37.031554
1973,ΔΗΜΟΤΙΚΟ ΣΧΟΛΕΙΟ ΛΕΟΝΤΑΡΙΟΥ ΜΕΓΑΛΟΠΟΛΗΣ,22.145228,37.320599
1974,ΔΗΜΟΤΙΚΟ ΣΧΟΛΕΙΟ ΒΡΟΝΤΑΜΑ ΛΑΚΩΝΙΚΗΣ,,
1975,ΔΗΜΟΤΙΚΟ ΣΧΟΛΕΙΟ ΚΡΟΚΕΩΝ ΛΑΚΩΝΙΚΗΣ,22.550555,36.883283
1976,ΔΗΜΟΤΙΚΟ ΣΧΟΛΕΙΟ ΠΕΡΙΣΤΕΡΙΟΥ ΛΑΚΩΝΙΚΗΣ,,
1977,ΔΗΜΟΤΙΚΟ ΣΧΟΛΕΙΟ ΛΕΗΜΟΝΟΣ ΛΑΚΩΝΙΚΗΣ,,
1978,ΔΗΜΟΤΙΚΟ ΣΧΟΛΕΙΟ ΠΕΤΡΙΝΑΣ,22.49532,36.840233
1979,ΔΗΜΟΤΙΚΟ ΣΧΟΛΕΙΟ ΜΑΥΡΟΒΟΥΝΙΟΥ,22.538174,36.736262
1980,ΔΗΜΟΤΙΚΟ ΣΧΟΛΕΙΟ ΕΛΟΥΣ,22.698885,36.831236
1981,ΔΗΜΟΤΙΚΟ ΣΧΟΛΕΙΟ ΠΛΑΤΑΝΙΩΝ,,
1982,ΔΗΜΟΤΙΚΟ ΣΧΟΛΕΙΟ ΣΚΟΥΡΑΣ ΛΑΚΕΔΑΙΜΟΝΟΣ,22.491271,37.011145
1983,ΔΗΜΟΤΙΚΟ ΣΧΟΛΕΙΟ ΒΑΣΑΡΑ ΛΑΚΕΔΑΙΜΟΝΟΣ,22.510302,37.166368
1984,ΔΗΜΟΤΙΚΟ ΣΧΟΛΕΙΟ ΑΣΠΡΟΧΩΜΑΤΟΣ,22.075929,37.046426
1985,ΔΗΜΟΤΙΚΟ ΣΧΟΛΕΙΟ ΕΛΙΚΑΣ ΜΟΝ ΜΟΛΑΩΝ,22.92501,36.619552
1986,ΔΗΜΟΤΙΚΟ ΣΧΟΛΕΙΟ ΒΛΑΧΙΩΤΗ ΛΑΚΩΝΙΚΗΣ,22.711463,36.860145
1987,ΔΗΜΟΤΙΚΟ ΣΧΟΛΕΙΟ ΛΙΘΙΝΩΝ ΣΗΤΕΙΑΣ,26.046937,35.074933
1988,ΔΗΜΟΤΙΚΟ ΣΧΟΛΕΙΟ ΑΓΙΩΝ ΑΝΑΡΓΥΡΩΝ ΛΑΚΕΔΑΙΜΟΝ,22.624082,37.024852
1989,4ο ΔΗΜΟΤΙΚΟ ΣΧΟΛΕΙΟ ΣΠΑΡΤΗΣ,22.439432,37.068624
1990,ΔΗΜΟΤΙΚΟ ΣΧΟΛΕΙΟ ΜΥΡΤΟΥ ΙΕΡΑΠΕΤΡΑΣ,25.585454,35.003772
1991,ΔΗΜΟΤΙΚΟ ΣΧΟΛΕΙΟ ΒΟΡΔΟΝΙΑΣ ΛΑΚΕΔΑΙΜΟΝΟΣ,22.336134,37.142226
1992,3ο ΔΗΜΟΤΙΚΟ ΣΧΟΛΕΙΟ ΓΑΡΓΑΛΙΑΝΩΝ,21.639361,37.066296
1993,ΔΗΜΟΤΙΚΟ ΣΧΟΛΕΙΟ ΛΕΥΚΟΧΩΡΑΣ,21.935001,37.052492
1994,5ο ΔΗΜΟΤΙΚΟ ΣΧΟΛΕΙΟ ΣΠΑΡΤΗΣ,,
1995,ΔΗΜΟΤΙΚΟ ΣΧΟΛΕΙΟ ΠΛΩΡΑΣ,,
1996,6ο ΔΗΜΟΤΙΚΟ ΣΧΟΛΕΙΟ ΣΠΑΡΤΗΣ,,
1997,ΔΗΜΟΤΙΚΟ ΣΧΟΛΕΙΟ ΑΡΒΗΣ,,
1998,ΔΗΜΟΤΙΚΟ ΣΧΟΛΕΙΟ ΓΕΩΡΓΙΤΣΙΟΥ ΛΑΚΕΔΑΙΜΟΝΟΣ,22.276723,37.188683
1999,ΔΗΜΟΤΙΚΟ ΣΧΟΛΕΙΟ ΡΩΜΑΝΟΥ ΠΥΛΙΑΣ,21.665714,36.992648
2000,ΔΗΜΟΤΙΚΟ ΣΧΟΛΕΙΟ ΣΚΟΤΕΙΝΗΣ,22.440094,37.786261
2001,ΔΗΜΟΤΙΚΟ ΣΧΟΛΕΙΟ ΚΑΡΥΩΝ ΛΑΚΕΔΑΙΜΟΝΟΣ,,
2002,ΔΗΜΟΤΙΚΟ ΣΧΟΛΕΙΟ ΤΡΙΠΟΛΗΣ ΕΙΔΙΚΟ,,
2003,ΔΗΜΟΤΙΚΟ ΣΧΟΛΕΙΟ ΚΟΡΩΝΗΣ ΠΥΛΙΑΣ,21.95265,36.792635
2004,ΔΗΜΟΤΙΚΟ ΣΧΟΛΕΙΟ ΘΟΥΡΙΑΣ,22.051346,37.083005
2005,ΔΗΜΟΤΙΚΟ ΣΧΟΛΕΙΟ ΔΑΙΜΟΝΙΑΣ ΜΟΛΑΩΝ,22.902289,36.649325
2006,ΔΗΜΟΤΙΚΟ ΣΧΟΛΕΙΟ ΜΕΡΟΠΗΣ,22.003143,37.240083
2007,2ο ΔΗΜΟΤΙΚΟ ΣΧΟΛΕΙΟ ΓΑΡΓΑΛΙΑΝΩΝ,21.639508,37.066347
2008,ΔΗΜΟΤΙΚΟ ΣΧΟΛΕΙΟ ΜΑΡΑΘΟΠΟΛΗΣ,21.581696,37.056755
2009,ΔΗΜΟΤΙΚΟ ΣΧΟΛΕΙΟ ΖΑΡΑΚΩΝ,,
2010,ΔΗΜΟΤΙΚΟ ΣΧΟΛΕΙΟ ΟΚΤΩΝΙΑΣ,,
2011,1ο ΔΗΜΟΤΙΚΟ ΣΧΟΛΕΙΟ ΓΑΡΓΑΛΙΑΝΩΝ,21.639451,37.066145
2012,1ο ΔΗΜΟΤΙΚΟ ΣΧΟΛΕΙΟ ΧΩΡΑΣ ΠΥΛΙΑΣ,21.723184,37.053383
2013,ΔΗΜΟΤΙΚΟ ΣΧΟΛΕΙΟ ΒΑΛΥΡΑΣ,21.982381,37.164855
2014,ΔΗΜΟΤΙΚΟ ΣΧΟΛΕΙΟ ΒΕΛΙΚΑΣ,21.9336,37.005305
2015,3ο ΔΗΜΟΤΙΚΟ ΣΧΟΛΕΙΟ ΚΥΠΑΡΙΣΣΙΑΣ,21.663811,37.249519
2016,ΔΗΜΟΤΙΚΟ ΣΧΟΛΕΙΟ ΚΑΡΤΕΡΟΛΙΟΥ,21.988313,37.074897
2017,ΔΗΜΟΤΙΚΟ ΣΧΟΛΕΙΟ ΠΕΡΔΙΚΟΝΕΡΙΟΥ,21.67842,37.180248
2018,2ο ΔΗΜΟΤΙΚΟ ΣΧΟΛΕΙΟ ΚΥΠΑΡΙΣΣΙΑΣ,21.663842,37.249544
2019,ΔΗΜΟΤΙΚΟ ΣΧΟΛΕΙΟ ΤΡΑΧΗΛΙΟΥ ΕΥΒΟΙΑΣ,24.008071,38.508593
2020,ΔΗΜΟΤΙΚΟ ΣΧΟΛΕΙΟ ΜΑΝΕΣΙ,21.89883,37.083851
2021,ΔΗΜΟΤΙΚΟ ΣΧΟΛΕΙΟ ΟΞΥΛΙΝΘΟΥ ΕΥΒΟΙΑΣ,,
2022,ΔΗΜΟΤΙΚΟ ΣΧΟΛΕΙΟ ΜΕΘΩΝΗΣ ΠΥΛΙΑΣ,21.705615,36.818189
2023,ΔΗΜΟΤΙΚΟ ΣΧΟΛΕΙΟ ΛΟΓΓΑΣ ΠΥΛΙΑΣ,21.905606,36.870074
2024,ΔΗΜΟΤΙΚΟ ΣΧΟΛΕΙΟ ΣΤΕΡΝΑΣ,21.875555,37.081404
2025,ΔΗΜΟΤΙΚΟ ΣΧΟΛΕΙΟ ΣΤΡΕΦΙΟΥ,21.889027,37.053049
2026,ΔΗΜΟΤΙΚΟ ΣΧΟΛΕΙΟ ΑΣΩΠΟΥ ΜΟΛΑΩΝ,22.855937,36.729274
2027,ΔΗΜΟΤΙΚΟ ΣΧΟΛΕΙΟ ΑΠΙΔΕΑΣ ΜΟΛΑΩΝ,22.794821,36.881988
2028,ΔΗΜΟΤΙΚΟ ΣΧΟΛΕΙΟ ΑΓΙΩΝ ΑΠΟΣΤΟΛΩΝ ΠΕΤΡΙΩΝ,,
2029,ΔΗΜΟΤΙΚΟ ΣΧΟΛΕΙΟ ΑΓΙΟΥ ΙΩΑΝΝΗ ΜΟΝΕΜΒΑΣΙΑΣ,22.998746,36.741503
2030,ΔΗΜΟΤΙΚΟ ΣΧΟΛΕΙΟ ΑΓΙΟΥ ΝΙΚΟΛΑΟΥ ΒΟΙΩΝ ΜΟΛΑΩΝ,23.105723,36.475083
2031,ΔΗΜΟΤΙΚΟ ΣΧΟΛΕΙΟ ΣΤΥΡΩΝ,24.241228,38.154856
2032,ΔΗΜΟΤΙΚΟ ΣΧΟΛΕΙΟ ΓΕΡΟΛΙΜΕΝΑ,22.405449,36.478144
2033,ΔΗΜΟΤΙΚΟ ΣΧΟΛΕΙΟ ΣΕΛΛΑΣΙΑΣ ΛΑΚΕΔΑΙΜΟΝΟΣ,22.417822,37.165078
2034,ΔΗΜΟΤΙΚΟ ΣΧΟΛΕΙΟ ΝΙΑΤΩΝ ΜΟΛΑΩΝ,22.846306,36.897961
2035,ΔΗΜΟΤΙΚΟ ΣΧΟΛΕΙΟ ΕΛΛΗΝΙΚΟΥ ΜΟΝ ΜΟΛΑΩΝ,22.984862,36.610279
2036,ΔΗΜΟΤΙΚΟ ΣΧΟΛΕΙΟ ΣΥΚΕΑΣ ΜΟΛΑΩΝ,22.944856,36.763864
2037,ΔΗΜΟΤΙΚΟ ΣΧΟΛΕΙΟ ΚΟΤΡΩΝΟΣ,22.483802,36.621079
2038,ΔΗΜΟΤΙΚΟ ΣΧΟΛΕΙΟ ΚΟΣΚΙΝΩΝ,,
2039,ΔΗΜΟΤΙΚΟ ΣΧΟΛΕΙΟ ΠΑΠΑΔΙΑΝΙΚΩΝ ΜΟΛΑΩΝ,22.864007,36.71316
2040,ΔΗΜΟΤΙΚΟ ΣΧΟΛΕΙΟ ΚΑΤΩ ΓΛΥΚΟΒΡΥΣΗΣ ΜΟΛΑΩΝ,22.77815,36.824727
2041,ΔΗΜΟΤΙΚΟ ΣΧΟΛΕΙΟ ΕΛΑΙΑΣ ΜΟΛΑΩΝ,22.804498,36.753774
2042,ΔΗΜΟΤΙΚΟ ΣΧΟΛΕΙΟ ΚΑΡΝΑΣΙΟΥ,21.990128,37.317713
2043,ΔΗΜΟΤΙΚΟ ΣΧΟΛΕΙΟ ΚΑΛΛΙΡΡΟΗΣ,21.931388,37.264618
2044,ΔΗΜΟΤΙΚΟ ΣΧΟΛΕΙΟ ΒΕΛΙΩΝ ΜΟΛΑΩΝ,22.950815,36.704293
2045,ΔΗΜΟΤΙΚΟ ΣΧΟΛΕΙΟ ΒΙΓΚΛΑΦΙΩΝ ΒΟΙΩΝ ΜΟΛΑΩΝ,,
2046,ΔΗΜΟΤΙΚΟ ΣΧΟΛΕΙΟ ΛΑΧΑΝΑΔΑΣ ΠΥΛΙΑΣ,21.815633,36.822551
2047,ΔΗΜΟΤΙΚΟ ΣΧΟΛΕΙΟ ΣΚΑΛΑΣ ΜΕΣΣΗΝΗΣ,22.006463,37.189138
2048,ΔΗΜΟΤΙΚΟ ΣΧΟΛΕΙΟ ΣΥΚΙΩΝ ΕΥΒΟΙΑΣ,,
2049,21ο ΔΗΜΟΤΙΚΟ ΣΧΟΛΕΙΟ ΚΑΛΑΜΑΤΑΣ,22.11265,37.032287
2050,ΔΗΜΟΤΙΚΟ ΣΧΟΛΕΙΟ ΠΕΤΑΛΙΔΙΟΥ ΠΥΛΙΑΣ,21.888265,36.963684
2051,3ο ΔΗΜΟΤΙΚΟ ΣΧΟΛΕΙΟ ΦΙΛΙΑΤΡΩΝ,21.587996,37.156513
2052,ΔΗΜΟΤΙΚΟ ΣΧΟΛΕΙΟ ΑΛΜΥΡΟΠΟΤΑΜΟΥ,24.190774,38.269487
2053,ΔΗΜΟΤΙΚΟ ΣΧΟΛΕΙΟ ΣΤΑΘΜΟΥ ΚΑΛΟΝΕΡΟΥ,,
2054,1ο ΔΗΜΟΤΙΚΟ ΣΧΟΛΕΙΟ ΚΥΠΑΡΙΣΣΙΑΣ,21.66383,37.249541
2055,ΔΗΜΟΤΙΚΟ ΣΧΟΛΕΙΟ ΔΩΡΙΟΥ,21.857472,37.286036
2056,ΔΗΜΟΤΙΚΟ ΣΧΟΛΕΙΟ ΝΕΩΝ ΣΤΥΡΩΝ,24.20906,38.178205
2057,1ο ΔΗΜΟΤΙΚΟ ΣΧΟΛΕΙΟ ΦΙΛΙΑΤΡΩΝ,21.587995,37.156513
2058,2ο ΔΗΜΟΤΙΚΟ ΣΧΟΛΕΙΟ ΦΙΛΙΑΤΡΩΝ,21.587996,37.156513
2059,2ο ΔΗΜΟΤΙΚΟ ΣΧΟΛΕΙΟ ΠΥΛΟΥ,21.699739,36.910596
2060,ΔΗΜΟΤΙΚΟ ΦΙΛΙΑΤΡΩΝ ΜΕΣΣΗΝΙΑΣ ΕΙΔΙΚΟ,,
2061,ΔΗΜΟΤΙΚΟ ΣΧΟΛΕΙΟ ΚΟΠΑΝΑΚΙΟΥ,21.817169,37.287155
2062,ΔΗΜΟΤΙΚΟ ΣΧΟΛΕΙΟ ΣΚΕΠΑΣΤΗΣ,,
2063,ΔΗΜΟΤΙΚΟ ΣΧΟΛΕΙΟ ΠΗΛΙΟΥ ΕΥΒΟΙΑΣ,23.583921,38.75307
2064,ΔΗΜΟΤΙΚΟ ΣΧΟΛΕΙΟ ΑΜΠΕΛΟΦΥΤΟΥ,21.696401,37.053221
2065,ΔΗΜΟΤΙΚΟ ΣΧΟΛΕΙΟ ΒΙΤΑΛΩΝ ΕΥΒΟΙΑΣ,,
2066,ΔΗΜΟΤΙΚΟ ΣΧΟΛΕΙΟ ΔΙΟΔΙΩΝ,21.865922,37.077722
2067,ΔΗΜΟΤΙΚΟ ΣΧΟΛΕΙΟ ΚΕΡΑΣΕΑΣ ΙΣΤΙΑΙΑΣ,23.327689,38.909054
2068,ΔΗΜΟΤΙΚΟ ΣΧΟΛΕΙΟ ΠΥΡΓΟΥ,21.694666,37.072415
2069,ΔΗΜΟΤΙΚΟ ΣΧΟΛΕΙΟ ΚΟΥΡΚΟΥΛΩΝ ΙΣΤΙΑΙΑΣ,23.344099,38.832217
2070,ΔΙΕΥΘΥΝΣΗ Δ.Ε. ΑΡΚΑΔΙΑΣ,22.374306,37.460181
2071,ΔΙΕΥΘΥΝΣΗ Δ.Ε. ΜΕΣΣΗΝΙΑΣ,22.122557,37.048237
2072,ΔΙΕΥΘΥΝΣΗ Δ.Ε. ΛΑΚΩΝΙΑΣ,22.437615,37.07001
2073,1ο ΕΡΓΑΣΤΗΡΙΑΚΟ ΚΕΝΤΡΟ ΦΥΣΙΚΩΝ ΕΠΙΣΤΗΜΩΝ ΜΕΣΣΗΝΙΑΣ (ΚΑΛΑΜΑΤΑ),22.122557,37.048237
2074,1ο ΕΡΓΑΣΤΗΡΙΑΚΟ ΚΕΝΤΡΟ ΦΥΣΙΚΩΝ ΕΠΙΣΤΗΜΩΝ ΛΑΚΩΝΙΑΣ (ΣΠΑΡΤΗ),22.431821,37.060834
2075,1ο ΕΡΓΑΣΤΗΡΙΑΚΟ ΚΕΝΤΡΟ ΦΥΣΙΚΩΝ ΕΠΙΣΤΗΜΩΝ ΑΡΚΑΔΙΑΣ (ΤΡΙΠΟΛΗ),,
2076,ΚΕΣΥΠ ΑΡΚΑΔΙΑΣ,22.373658,37.464811
2077,ΚΕΣΥΠ ΜΕΣΣΗΝΙΑΣ,22.111401,37.040852
2078,ΚΕΣΥΠ ΛΑΚΩΝΙΑΣ,22.430753,37.065484
2079,ΓΡΑΦΕΙΟ Δ.Ε. ΜΕΣΣΗΝΙΑΣ,21.664713,37.249478
2080,ΓΡΑΦΕΙΟ Δ.Ε. ΑΡΚΑΔΙΑΣ,22.139071,37.401376
2081,ΓΡΑΦΕΙΟ ΤΕΕ ΜΕΣΣΗΝΙΑΣ,22.122557,37.048237
2082,ΙΕΚ ΦΙΛΙΑΤΡΩΝ (ΠΑΡΑΡΤ. ΚΑΛΑΜΑΤΑΣ),,
2083,ΙΕΚ ΣΠΑΡΤΗΣ,,
2084,ΙΕΚ ΜΕΓΑΛΟΠΟΛΗΣ,,
2085,ΙΕΚ ΚΑΛΑΜΑΤΑΣ,,
2086,ΙΕΚ ΑΣΤΡΟΥΣ ΚΥΝΟΥΡΙΑΣ,22.721756,37.404697
2087,ΙΕΚ ΤΡΙΠΟΛΗΣ,,
2088,ΔΙΕΥΘΥΝΣΗ Π.Ε. ΜΕΣΣΗΝΙΑΣ,,
2089,ΔΙΕΥΘΥΝΣΗ Π.Ε. ΑΡΚΑΔΙΑΣ,,
2090,ΔΙΕΥΘΥΝΣΗ Π.Ε. ΛΑΚΩΝΙΑΣ,,
2091,2ο ΓΡΑΦΕΙΟ Π.Ε. ΛΑΚΩΝΙΑΣ,,
2092,3ο ΓΡΑΦΕΙΟ Π.Ε. ΜΕΣΣΗΝΙΑΣ,,
2093,2ο ΓΡΑΦΕΙΟ Π.Ε. ΜΕΣΣΗΝΙΑΣ,,
2094,1ο ΓΡΑΦΕΙΟ Π.Ε. ΛΑΚΩΝΙΑΣ,,
2095,2ο ΓΡΑΦΕΙΟ Π.Ε. ΑΡΚΑΔΙΑΣ,,
2096,1ο ΓΡΑΦΕΙΟ Π.Ε. ΑΡΚΑΔΙΑΣ,,
2097,1ο ΓΡΑΦΕΙΟ Π.Ε. ΜΕΣΣΗΝΙΑΣ,,
2098,ΠΕΡΙΦΕΡΕΙΑΚΟ ΕΠΙΜΟΡΦΩΤΙΚΟ ΚΕΝΤΡΟ ΤΡΙΠΟΛΗΣ,,
2099,ΝΗΠΙΑΓΩΓΕΙΟ ΚΑΣΤΟΡΕΙΟΥ,22.307692,37.169156
2100,ΝΗΠΙΑΓΩΓΕΙΟ ΓΚΟΡΙΤΣΑΣ,22.565786,37.026274
2101,8ο ΝΗΠΙΑΓΩΓΕΙΟ ΣΠΑΡΤΗΣ,,
2102,ΝΗΠΙΑΓΩΓΕΙΟ ΚΑΛΟΓΩΝΙΑΣ,,
2103,ΝΗΠΙΑΓΩΓΕΙΟ ΜΥΣΤΡΑ,22.377449,37.068997
2104,ΝΗΠΙΑΓΩΓΕΙΟ ΜΟΝΕΜΒΑΣΙΑΣ,23.04748,36.684564
2105,ΝΗΠΙΑΓΩΓΕΙΟ ΑΜΥΚΛΩΝ,22.438415,37.02486
2106,ΝΗΠΙΑΓΩΓΕΙΟ ΑΝΩΓΕΙΩΝ-ΠΑΛΑΙΟΠΑΝΑΓΙΟΥ ,22.43475,36.989179
2107,ΝΗΠΙΑΓΩΓΕΙΟ ΑΓΙΟΥ ΓΕΩΡΓΙΟΥ ΒΟΙΩΝ,23.006107,36.537668
2108,ΝΗΠΙΑΓΩΓΕΙΟ ΑΦΙΣΙΟΥ,22.451075,37.089161
2109,1ο ΝΗΠΙΑΓΩΓΕΙΟ ΜΕΓΑΛΟΠΟΛΗΣ,22.138176,37.400947
2110,ΝΗΠΙΑΓΩΓΕΙΟ ΑΓΙΟΥ ΙΩΑΝΝΗ ΜΟΝΕΜΒΑΣΙΑΣ,22.998274,36.741168
2111,ΝΗΠΙΑΓΩΓΕΙΟ ΑΓΙΟΥ ΙΩΑΝΝΗ ΛΑΚΕΔΑΙΜΟΝΟΣ,22.409335,37.04559
2112,ΝΗΠΙΑΓΩΓΕΙΟ ΑΡΕΟΠΟΛΗΣ,22.382213,36.661552
2113,ΝΗΠΙΑΓΩΓΕΙΟ ΑΓΓΕΛΩΝΑ,22.9709,36.747966
2114,ΝΗΠΙΑΓΩΓΕΙΟ ΡΕΙΧΕΑΣ,23.009034,36.844025
2115,ΝΗΠΙΑΓΩΓΕΙΟ ΚΑΝΔΗΛΑΣ,22.381304,37.77344
2116,ΝΗΠΙΑΓΩΓΕΙΟ ΒΟΥΡΒΟΥΡΩΝ,22.491478,37.335051
2117,ΝΗΠΙΑΓΩΓΕΙΟ ΝΕΟΧΩΡΙΟΥ,21.819431,37.670721
2118,ΝΗΠΙΑΓΩΓΕΙΟ ΕΛΑΙΟΧΩΡΙΟΥ,22.573797,37.455483
2119,1ο ΝΗΠΙΑΓΩΓΕΙΟ ΚΑΛΑΜΑΤΑΣ,,
2120,1ο ΝΗΠΙΑΓΩΓΕΙΟ ΜΕΣΣΗΝΗΣ,22.009857,37.048673
2121,3ο ΝΗΠΙΑΓΩΓΕΙΟ ΜΕΣΣΗΝΗΣ,22.009862,37.04867
2122,4ο ΝΗΠΙΑΓΩΓΕΙΟ ΜΕΣΣΗΝΗΣ,22.009865,37.048678
2123,1ο ΝΗΠΙΑΓΩΓΕΙΟ ΤΡΙΠΟΛΗΣ,,
2124,3ο ΝΗΠΙΑΓΩΓΕΙΟ ΓΥΘΕΙΟΥ,22.565404,36.758087
2125,2ο ΝΗΠΙΑΓΩΓΕΙΟ ΣΠΑΡΤΗΣ,,
2126,2ο ΝΗΠΙΑΓΩΓΕΙΟ ΤΡΙΠΟΛΗΣ,,
2127,ΝΗΠΙΑΓΩΓΕΙΟ ΚΑΤΩ ΓΛΥΚΟΒΡΥΣΗΣ,22.777882,36.825144
2128,9ο ΝΗΠΙΑΓΩΓΕΙΟ ΣΠΑΡΤΗΣ,,
2129,ΝΗΠΙΑΓΩΓΕΙΟ ΧΡΥΣΑΦΩΝ,,
2130,1ο ΝΗΠΙΑΓΩΓΕΙΟ ΣΠΑΡΤΗΣ,,
2131,ΝΗΠΙΑΓΩΓΕΙΟ ΜΑΡΑΘΟΠΟΛΗΣ,21.581385,37.057182
2132,ΝΗΠΙΑΓΩΓΕΙΟ ΘΟΥΡΙΑΣ,22.051324,37.083312
2133,ΝΗΠΙΑΓΩΓΕΙΟ ΚΟΡΥΦΑΣΙΟΥ,21.686101,36.998725
2134,13ο ΝΗΠΙΑΓΩΓΕΙΟ ΚΑΛΑΜΑΤΑΣ,,
2135,ΝΗΠΙΑΓΩΓΕΙΟ ΠΥΡΓΟΥ,21.694666,37.072415
2136,ΝΗΠΙΑΓΩΓΕΙΟ ΜΕΡΟΠΗΣ,22.002984,37.240081
2137,ΝΗΠΙΑΓΩΓΕΙΟ ΑΓΙΟΥ ΔΗΜΗΤΡΙΟΥ ΖΑΡΑΚΟΣ,22.822504,36.93316
2138,ΝΗΠΙΑΓΩΓΕΙΟ ΑΡΙΟΣ,,
2139,ΝΗΠΙΑΓΩΓΕΙΟ ΕΛΟΥΣ,22.699146,36.831239
2140,ΝΗΠΙΑΓΩΓΕΙΟ ΒΛΑΧΟΠΟΥΛΟΥ,21.793399,37.031208
2141,ΝΗΠΙΑΓΩΓΕΙΟ ΒΑΛΥΡΑΣ,21.982265,37.165123
2142,8ο ΝΗΠΙΑΓΩΓΕΙΟ ΚΑΛΑΜΑΤΑΣ,,
2143,19ο ΝΗΠΙΑΓΩΓΕΙΟ ΚΑΛΑΜΑΤΑΣ,,
2144,11ο ΝΗΠΙΑΓΩΓΕΙΟ ΚΑΛΑΜΑΤΑΣ,,
2145,10ο ΝΗΠΙΑΓΩΓΕΙΟ ΚΑΛΑΜΑΤΑΣ,,
2146,4ο ΝΗΠΙΑΓΩΓΕΙΟ ΤΡΙΠΟΛΗΣ,,
2147,ΝΗΠΙΑΓΩΓΕΙΟ ΛΟΥΚΑ,22.460216,37.563604
2148,ΝΗΠΙΑΓΩΓΕΙΟ ΑΓΙΟΥ ΠΕΤΡΟΥ,22.549547,37.325797
2149,ΝΗΠΙΑΓΩΓΕΙΟ ΒΑΛΤΕΣΙΝΙΚΟΥ,22.09768,37.703782
2150,ΝΗΠΙΑΓΩΓΕΙΟ ΒΥΤΙΝΑΣ,22.18388,37.669685
2151,3ο ΝΗΠΙΑΓΩΓΕΙΟ ΤΡΙΠΟΛΗΣ,,
2152,ΝΗΠΙΑΓΩΓΕΙΟ ΚΑΣΤΡΙΟΥ,22.542127,37.359714
2153,2ο ΝΗΠΙΑΓΩΓΕΙΟ ΜΕΓΑΛΟΠΟΛΗΣ,22.138176,37.400949
2154,5ο ΝΗΠΙΑΓΩΓΕΙΟ ΤΡΙΠΟΛΗΣ,,
2155,6ο ΝΗΠΙΑΓΩΓΕΙΟ ΤΡΙΠΟΛΗΣ,,
2156,ΝΗΠΙΑΓΩΓΕΙΟ ΣΤΕΝΟΥ,22.461948,37.494219
2157,ΝΗΠΙΑΓΩΓΕΙΟ ΒΛΑΧΟΚΕΡΑΣΙΑΣ,22.377611,37.366066
2158,ΝΗΠΙΑΓΩΓΕΙΟ ΣΤΑΔΙΟΥ,22.437461,37.456553
2159,ΝΗΠΙΑΓΩΓΕΙΟ ΖΕΥΓΟΛΑΤΙΟΥ,22.441903,37.516778
2160,ΝΗΠΙΑΓΩΓΕΙΟ ΠΑΡΑΛΙΑΣ ΑΣΤΡΟΥΣ,22.765236,37.414301
2161,2ο ΝΗΠΙΑΓΩΓΕΙΟ ΑΣΤΡΟΥΣ,,
2162,ΝΗΠΙΑΓΩΓΕΙΟ ΠΟΥΛΙΘΡΩΝ,22.888106,37.106446
2163,12ο ΝΗΠΙΑΓΩΓΕΙΟ ΤΡΙΠΟΛΗΣ,,
2164,13ο ΝΗΠΙΑΓΩΓΕΙΟ ΤΡΙΠΟΛΗΣ,,
2165,ΝΗΠΙΑΓΩΓΕΙΟ ΛΕΟΝΤΑΡΙΟΥ,22.145544,37.320502
2166,14ο ΝΗΠΙΑΓΩΓΕΙΟ ΤΡΙΠΟΛΗΣ,,
2167,7ο ΝΗΠΙΑΓΩΓΕΙΟ ΤΡΙΠΟΛΗΣ,,
2168,ΝΗΠΙΑΓΩΓΕΙΟ ΑΓΙΟΥ ΑΝΔΡΕΟΥ,22.767415,37.342705
2169,ΝΗΠΙΑΓΩΓΕΙΟ ΠΕΡΔΙΚΟΝΕΡΙΟΥ,21.992292,37.734801
2170,9ο ΝΗΠΙΑΓΩΓΕΙΟ ΤΡΙΠΟΛΗΣ,,
2171,4ο ΝΗΠΙΑΓΩΓΕΙΟ ΜΕΓΑΛΟΠΟΛΗΣ,22.138176,37.40095
2172,11ο ΝΗΠΙΑΓΩΓΕΙΟ ΤΡΙΠΟΛΗΣ,,
2173,3ο ΝΗΠΙΑΓΩΓΕΙΟ ΜΕΓΑΛΟΠΟΛΗΣ,22.138177,37.400946
2174,ΝΗΠΙΑΓΩΓΕΙΟ ΛΑΓΚΑΔΙΩΝ ΓΟΡΤΥΝΙΑΣ,22.009971,37.695297
2175,ΝΗΠΙΑΓΩΓΕΙΟ ΔΗΜΗΤΣΑΝΗΣ,22.041364,37.594996
2176,ΝΗΠΙΑΓΩΓΕΙΟ ΤΡΟΠΑΙΩΝ,21.956788,37.73229
2177,ΝΗΠΙΑΓΩΓΕΙΟ ΤΡΙΠΟΛΗΣ ΕΙΔΙΚΟ,,
2178,ΝΗΠΙΑΓΩΓΕΙΟ ΔΑΡΑ,22.201146,37.806195
2179,ΝΗΠΙΑΓΩΓΕΙΟ ΚΟΝΤΟΒΑΖΑΙΝΑΣ,21.899166,37.795323
2180,2ο ΝΗΠΙΑΓΩΓΕΙΟ ΛΕΩΝΙΔΙΟΥ,22.860771,37.167421
2181,ΝΗΠΙΑΓΩΓΕΙΟ ΛΕΒΙΔΙΟΥ,22.297071,37.68139
2182,15ο ΝΗΠΙΑΓΩΓΕΙΟ ΤΡΙΠΟΛΗΣ,,
2183,10ο ΝΗΠΙΑΓΩΓΕΙΟ ΤΡΙΠΟΛΗΣ,,
2184,ΝΗΠΙΑΓΩΓΕΙΟ ΑΓΙΟΥ ΝΙΚΟΛΑΟΥ ΒΟΙΩΝ,23.10572,36.475316
2185,2ο ΝΗΠΙΑΓΩΓΕΙΟ ΜΕΣΣΗΝΗΣ,22.009863,37.048677
2186,5ο ΝΗΠΙΑΓΩΓΕΙΟ ΜΕΣΣΗΝΗΣ,22.009852,37.048669
2187,ΝΗΠΙΑΓΩΓΕΙΟ ΚΑΡΥΩΝ,,
2188,ΝΗΠΙΑΓΩΓΕΙΟ ΜΕΤΑΜΟΡΦΩΣΗΣ,22.917116,36.80394
2189,ΝΗΠΙΑΓΩΓΕΙΟ ΑΓΙΩΝ ΑΠΟΣΤΟΛΩΝ,23.029862,36.548519
2190,ΝΗΠΙΑΓΩΓΕΙΟ ΑΓΙΟΥ ΝΙΚΟΛΑΟΥ,22.285345,36.822102
2191,ΝΗΠΙΑΓΩΓΕΙΟ ΕΛΙΚΑΣ,22.925017,36.619087
2192,ΝΗΠΙΑΓΩΓΕΙΟ ΒΙΓΚΛΑΦΙΩΝ,,
2193,ΝΗΠΙΑΓΩΓΕΙΟ ΠΛΑΤΕΑΣ,22.011059,37.140438
2194,ΝΗΠΙΑΓΩΓΕΙΟ ΑΣΩΠΟΥ,22.856115,36.729276
2195,ΝΗΠΙΑΓΩΓΕΙΟ ΕΛΑΙΑΣ,22.80453,36.75355
2196,6ο ΝΗΠΙΑΓΩΓΕΙΟ ΚΑΛΑΜΑΤΑΣ,,
2197,7ο ΝΗΠΙΑΓΩΓΕΙΟ ΚΑΛΑΜΑΤΑΣ,,
2198,4ο ΝΗΠΙΑΓΩΓΕΙΟ ΚΑΛΑΜΑΤΑΣ,,
2199,2ο ΝΗΠΙΑΓΩΓΕΙΟ ΚΑΛΑΜΑΤΑΣ,,
2200,3ο ΝΗΠΙΑΓΩΓΕΙΟ ΚΑΛΑΜΑΤΑΣ,,
2201,5ο ΝΗΠΙΑΓΩΓΕΙΟ ΚΑΛΑΜΑΤΑΣ,,
2202,3ο ΝΗΠΙΑΓΩΓΕΙΟ ΦΙΛΙΑΤΡΩΝ,21.587996,37.156513
2203,ΝΗΠΙΑΓΩΓΕΙΟ ΑΣΠΡΟΧΩΜΑΤΟΣ,22.075975,37.046458
2204,21ο ΝΗΠΙΑΓΩΓΕΙΟ ΚΑΛΑΜΑΤΑΣ,,
2205,ΝΗΠΙΑΓΩΓΕΙΟ ΑΒΡΑΜΙΟΥ,21.941432,37.033829
2206,ΝΗΠΙΑΓΩΓΕΙΟ ΑΜΦΙΘΕΑΣ,,
2207,ΝΗΠΙΑΓΩΓΕΙΟ ΣΟΥΛΗΝΑΡΙΟΥ,21.809497,36.969801
2208,ΝΗΠΙΑΓΩΓΕΙΟ ΣΤΟΥΠΑΣ,,
2209,ΝΗΠΙΑΓΩΓΕΙΟ ΠΑΡΑΛΙΑΣ ΒΕΡΓΑΣ,22.158148,37.006648
2210,ΝΗΠΙΑΓΩΓΕΙΟ ΜΕΘΩΝΗΣ,21.705786,36.818216
2211,12ο ΝΗΠΙΑΓΩΓΕΙΟ ΚΑΛΑΜΑΤΑΣ,,
2212,ΝΗΠΙΑΓΩΓΕΙΟ ΣΤΑΘΜΟΥ ΚΑΛΟΝΕΡΟΥ,,
2213,20ο ΝΗΠΙΑΓΩΓΕΙΟ ΚΑΛΑΜΑΤΑΣ,,
2214,ΝΗΠΙΑΓΩΓΕΙΟ ΚΑΛΑΜΑΤΑΣ ΕΙΔΙΚΟ,,
2215,14ο ΝΗΠΙΑΓΩΓΕΙΟ ΚΑΛΑΜΑΤΑΣ,,
2216,ΝΗΠΙΑΓΩΓΕΙΟ ΧΡΥΣΟΚΕΛΛΑΡΙΑΣ,21.887052,36.790492
2217,26ο ΝΗΠΙΑΓΩΓΕΙΟ ΚΑΛΑΜΑΤΑΣ,,
2218,ΝΗΠΙΑΓΩΓΕΙΟ ΑΡΙΣΤΟΜΕΝΗ,21.840932,37.085521
2219,ΝΗΠΙΑΓΩΓΕΙΟ ΣΠΕΡΧΟΓΕΙΑΣ,22.06448,37.074518
2220,ΝΗΠΙΑΓΩΓΕΙΟ ΜΑΝΕΣΙ,21.898822,37.084122
2221,ΝΗΠΙΑΓΩΓΕΙΟ ΕΥΑΣ,,
2222,ΝΗΠΙΑΓΩΓΕΙΟ ΦΟΙΝΙΚΟΥΝΤΑΣ,21.8065,36.808064
2223,23ο ΝΗΠΙΑΓΩΓΕΙΟ ΚΑΛΑΜΑΤΑΣ,,
2224,25ο ΝΗΠΙΑΓΩΓΕΙΟ ΚΑΛΑΜΑΤΑΣ,,
2225,24ο ΝΗΠΙΑΓΩΓΕΙΟ ΚΑΛΑΜΑΤΑΣ,,
2226,ΝΗΠΙΑΓΩΓΕΙΟ ΔΙΑΒΟΛΙΤΣΙΟΥ,21.969145,37.298483
2227,ΝΗΠΙΑΓΩΓΕΙΟ ΤΡΙΚΟΡΦΟΥ,21.874784,37.130352
2228,ΝΗΠΙΑΓΩΓΕΙΟ ΚΑΛΛΙΘΕΑΣ,21.787351,36.877873
2229,ΝΗΠΙΑΓΩΓΕΙΟ ΛΕΪΚΩΝ,22.099147,37.062061
2230,1ο ΝΗΠΙΑΓΩΓΕΙΟ ΓΥΘΕΙΟΥ,22.565405,36.758088
2231,ΝΗΠΙΑΓΩΓΕΙΟ ΒΛΑΧΙΩΤΗ,22.711198,36.860352
2232,ΝΗΠΙΑΓΩΓΕΙΟ ΒΡΟΝΤΑΜΑ,,
2233,ΝΗΠΙΑΓΩΓΕΙΟ ΜΑΓΟΥΛΑΣ,22.410169,37.07882
2234,7ο ΝΗΠΙΑΓΩΓΕΙΟ ΣΠΑΡΤΗΣ,,
2235,2ο ΝΗΠΙΑΓΩΓΕΙΟ ΓΥΘΕΙΟΥ,22.565404,36.758088
2236,2ο ΝΗΠΙΑΓΩΓΕΙΟ ΣΚΑΛΑΣ,,
2237,5ο ΝΗΠΙΑΓΩΓΕΙΟ ΣΠΑΡΤΗΣ,,
2238,1ο ΝΗΠΙΑΓΩΓΕΙΟ ΣΚΑΛΑΣ,,
2239,ΝΗΠΙΑΓΩΓΕΙΟ ΕΛΑΦΟΝΗΣΟΥ,22.975393,36.500108
2240,ΝΗΠΙΑΓΩΓΕΙΟ ΞΗΡΟΚΑΜΠΙΟΥ,22.452995,36.956653
2241,ΝΗΠΙΑΓΩΓΕΙΟ ΠΑΠΑΔΙΑΝΙΚΩΝ,22.86418,36.713448
2242,1ο ΝΗΠΙΑΓΩΓΕΙΟ ΝΕΑΠΟΛΗΣ,23.064983,36.50713
2243,3ο ΝΗΠΙΑΓΩΓΕΙΟ ΣΠΑΡΤΗΣ,,
2244,ΝΗΠΙΑΓΩΓΕΙΟ ΣΥΚΙΑΣ,22.944946,36.764061
2245,4ο ΝΗΠΙΑΓΩΓΕΙΟ ΣΠΑΡΤΗΣ,,
2246,1ο ΝΗΠΙΑΓΩΓΕΙΟ ΜΟΛΑΩΝ ΜΟΛΑΩΝ,22.853166,36.806578
2247,ΝΗΠΙΑΓΩΓΕΙΟ ΔΑΦΝΙΟΥ,22.54033,36.925999
2248,ΝΗΠΙΑΓΩΓΕΙΟ ΧΑΡΟΚΟΠΕΙΟΥ,21.91862,36.809548
2249,ΝΗΠΙΑΓΩΓΕΙΟ ΛΟΓΚΑΝΙΚΟΥ,22.248304,37.235312
2250,ΝΗΠΙΑΓΩΓΕΙΟ ΣΕΛΛΑΣΙΑΣ,22.418033,37.165081
2251,ΝΗΠΙΑΓΩΓΕΙΟ ΑΝΘΕΙΑΣ,22.039322,37.112826
2252,2ο ΝΗΠΙΑΓΩΓΕΙΟ ΝΕΑΠΟΛΗΣ,23.064695,36.507128
2253,ΝΗΠΙΑΓΩΓΕΙΟ ΚΡΟΚΕΩΝ,22.55029,36.883489
2254,ΝΗΠΙΑΓΩΓΕΙΟ ΓΕΡΑΚΙΟΥ,22.710877,36.989089
2255,ΝΗΠΙΑΓΩΓΕΙΟ ΝΙΑΤΩΝ,22.846306,36.897961
2256,2ο ΝΗΠΙΑΓΩΓΕΙΟ ΜΟΛΑΩΝ,22.85318,36.806557
2257,6ο ΝΗΠΙΑΓΩΓΕΙΟ ΣΠΑΡΤΗΣ,,
2258,ΝΗΠΙΑΓΩΓΕΙΟ ΠΥΡΓΟΥ ΔΙΡΟΥ,22.385023,36.622595
2259,ΝΗΠΙΑΓΩΓΕΙΟ ΦΟΙΝΙΚΙΟΥ,22.903754,36.734023
2260,ΝΗΠΙΑΓΩΓΕΙΟ ΦΛΩΜΟΧΩΡΙΟΥ,,
2261,ΝΗΠΙΑΓΩΓΕΙΟ ΑΠΙΔΕΑΣ,22.795216,36.882314
2262,ΝΗΠΙΑΓΩΓΕΙΟ ΒΕΛΙΩΝ,22.95078,36.704282
2263,ΝΗΠΙΑΓΩΓΕΙΟ ΚΟΚΚΙΝΟΡΡΑΧΗΣ,,
2264,ΝΗΠΙΑΓΩΓΕΙΟ ΠΡΟΑΣΤΙΟΥ,22.255147,36.875947
2265,ΝΗΠΙΑΓΩΓΕΙΟ ΠΕΤΑΛΙΔΙΟΥ ΠΥΛΙΑΣ,21.888265,36.964934
2266,ΝΗΠΙΑΓΩΓΕΙΟ ΜΕΛΙΓΟΥΣ,,
2267,11ο ΝΗΠΙΑΓΩΓΕΙΟ ΣΠΑΡΤΗΣ,,
2268,ΝΗΠΙΑΓΩΓΕΙΟ ΠΟΤΑΜΙΑΣ,,
2269,ΝΗΠΙΑΓΩΓΕΙΟ ΚΟΡΩΝΗΣ ΠΥΛΙΑΣ,21.952646,36.792674
2270,ΝΗΠΙΑΓΩΓΕΙΟ ΚΡΕΜΜΥΔΙΩΝ,21.783972,36.993197
2271,ΝΗΠΙΑΓΩΓΕΙΟ ΚΑΡΔΑΜΥΛΗΣ,22.235186,36.888339
2272,1ο ΝΗΠΙΑΓΩΓΕΙΟ ΓΑΡΓΑΛΙΑΝΩΝ,21.639445,37.066339
2273,1ο ΝΗΠΙΑΓΩΓΕΙΟ ΚΥΠΑΡΙΣΣΙΑΣ,21.66381,37.249572
2274,ΝΗΠΙΑΓΩΓΕΙΟ ΧΑΝΔΡΙΝΟΥ,21.790909,36.958178
2275,ΝΗΠΙΑΓΩΓΕΙΟ ΚΑΤΩ ΑΜΦΕΙΑΣ,22.07182,37.107253
2276,2ο ΝΗΠΙΑΓΩΓΕΙΟ ΓΑΡΓΑΛΙΑΝΩΝ,21.63944,37.06633
2277,ΝΗΠΙΑΓΩΓΕΙΟ ΜΕΛΙΓΑΛΑ,21.975017,37.224853
2278,1ο ΝΗΠΙΑΓΩΓΕΙΟ ΑΣΤΡΟΥΣ,22.721756,37.404697
2279,ΝΗΠΙΑΓΩΓΕΙΟ ΒΕΡΒΕΝΩΝ,22.464771,37.369922
2280,ΝΗΠΙΑΓΩΓΕΙΟ ΔΟΛΙΑΝΩΝ,,
2281,ΝΗΠΙΑΓΩΓΕΙΟ ΤΥΡΟΣΑΠΟΥΝΑΚΕΪΚΩΝ,22.855624,37.240442
2282,ΝΗΠΙΑΓΩΓΕΙΟ ΑΡΤΕΜΙΣΙΟΥ,22.378482,37.672932
2283,ΝΗΠΙΑΓΩΓΕΙΟ ΝΕΣΤΑΝΗΣ,22.465618,37.61181
2284,ΝΗΠΙΑΓΩΓΕΙΟ ΣΑΠΟΥΝΑΚΕΙΚΩΝ,22.860082,37.237507
2285,8ο ΝΗΠΙΑΓΩΓΕΙΟ ΤΡΙΠΟΛΗΣ,,
2286,ΝΗΠΙΑΓΩΓΕΙΟ ΚΥΠΑΡΙΣΣΙΟΥ,22.990702,36.957901
2287,ΝΗΠΙΑΓΩΓΕΙΟ ΒΑΣΙΛΑΚΙΟΥ,22.488243,36.887966
2288,2ο ΝΗΠΙΑΓΩΓΕΙΟ ΧΩΡΑΣ ΠΥΛΙΑΣ,21.723235,37.052957
2289,2ο ΝΗΠΙΑΓΩΓΕΙΟ ΠΥΛΟΥ,21.699733,36.910801
2290,ΝΗΠΙΑΓΩΓΕΙΟ ΚΑΜΠΟΥ ΒΟΙΩΝ,,
2291,ΝΗΠΙΑΓΩΓΕΙΟ ΣΚΟΥΡΑΣ,22.490974,37.011599
2292,ΝΗΠΙΑΓΩΓΕΙΟ ΒΛΑΧΕΡΝΑΣ,22.245657,37.719231
2293,ΝΗΠΙΑΓΩΓΕΙΟ ΠΕΤΡΙΝΑΣ,22.495302,36.840147
2294,ΝΗΠΙΑΓΩΓΕΙΟ ΣΤΕΝΟΣΙΑΣ,,
2295,1ο ΝΗΠΙΑΓΩΓΕΙΟ ΧΩΡΑΣ ΠΥΛΙΑΣ,21.723262,37.053321
2296,1ο ΝΗΠΙΑΓΩΓΕΙΟ ΦΙΛΙΑΤΡΩΝ,21.587995,37.156513
2297,18ο ΝΗΠΙΑΓΩΓΕΙΟ ΚΑΛΑΜΑΤΑΣ,,
2298,ΝΗΠΙΑΓΩΓΕΙΟ ΚΟΠΑΝΑΚΙΟΥ,21.81704,37.287387
2299,ΝΗΠΙΑΓΩΓΕΙΟ ΔΩΡΙΟΥ,21.857244,37.286322
2300,9ο ΝΗΠΙΑΓΩΓΕΙΟ ΚΑΛΑΜΑΤΑΣ,,
2301,ΝΗΠΙΑΓΩΓΕΙΟ ΚΟΡΑΚΟΒΟΥΝΙΟΥ,22.746512,37.348846
2302,ΝΗΠΙΑΓΩΓΕΙΟ ΧΑΤΖΗ,21.829149,37.016709
2303,3ο ΝΗΠΙΑΓΩΓΕΙΟ ΚΥΠΑΡΙΣΣΙΑΣ,21.663814,37.24953
2304,1ο ΝΗΠΙΑΓΩΓΕΙΟ ΛΕΩΝΙΔΙΟΥ,22.860723,37.167459
2305,1ο ΝΗΠΙΑΓΩΓΕΙΟ ΠΥΛΟΥ,21.699517,36.910869
2306,ΝΗΠΙΑΓΩΓΕΙΟ ΑΡΦΑΡΩΝ,22.046382,37.155901
2307,2ο ΝΗΠΙΑΓΩΓΕΙΟ ΦΙΛΙΑΤΡΩΝ,21.587995,37.156513
2308,2ο ΝΗΠΙΑΓΩΓΕΙΟ ΚΥΠΑΡΙΣΣΙΑΣ,21.663809,37.249559
2309,ΝΗΠΙΑΓΩΓΕΙΟ ΛΟΓΓΑΣ,21.905715,36.870076
2310,ΝΗΠΙΑΓΩΓΕΙΟ ΡΙΖΩΝ,22.46835,37.449307
2311,15ο ΝΗΠΙΑΓΩΓΕΙΟ ΚΑΛΑΜΑΤΑΣ,,
2312,16ο ΝΗΠΙΑΓΩΓΕΙΟ ΚΑΛΑΜΑΤΑΣ,,
2313,17ο ΝΗΠΙΑΓΩΓΕΙΟ ΚΑΛΑΜΑΤΑΣ,,
2314,"ΙΔΙΩΤΙΚΟ ΓΥΜΝΑΣΙΟ ""ΑΡΚΑΔΕΙΟ""",,
2315,"ΙΔΙΩΤΙΚΟ ΓΥΜΝΑΣΙΟ ""ΠΑΝΑΓΙΩΤΗ ΠΑΝΑΓΙΩΤΟΠΟΥΛΟΥ""",,
2316,"ΙΔΙΩΤΙΚΟ ΕΝΙΑΙΟ ΛΥΚΕΙΟ ""ΠΑΝΑΓΙΩΤΗ ΠΑΝΑΓΙΩΤΟΠΟΥΛΟΥ""",,
2317,ΚΕΝΤΡΟ ΠΕΡΙΒΑΛΛΟΝΤΙΚΗΣ ΕΚΠΑΙΔΕΥΣΗΣ ΜΟΛΑΩΝ,,
2318,ΚΕΝΤΡΟ ΠΕΡΙΒΑΛΛΟΝΤΙΚΗΣ ΕΚΠΑΙΔΕΥΣΗΣ ΚΑΛΑΜΑΤΑΣ,,
2319,ΕΚΚΛΗΣΙΑΣΤΙΚΟ ΦΡΟΝΤΙΣΤΗΡΙΟ ΚΑΛΑΜΑΤΑΣ,,
2320,ΔΗΜΟΣΙΑ ΒΙΒΛΙΟΘΗΚΗ ΔΗΜΗΤΣΑΝΑΣ,22.041364,37.594996
2321,ΔΗΜΟΤΙΚΗ ΒΙΒΛΙΟΘΗΚΗ ΚΑΛΑΜΑΤΑΣ,,
2322,ΔΗΜΟΣΙΑ ΒΙΒΛΙΟΘΗΚΗ ΒΥΤΙΝΑΣ,,
2323,ΔΗΜΟΣΙΑ ΒΙΒΛΙΟΘΗΚΗ ΑΡΕΟΠΟΛΗΣ,,
2324,ΔΗΜΟΣΙΑ ΒΙΒΛΙΟΘΗΚΗ ΣΠΑΡΤΗΣ ΚΕΝΤΡΙΚΗ,22.426198,37.065512
2325,ΔΗΜΟΣΙΑ ΒΙΒΛΙΟΘΗΚΗ ΤΡΙΠΟΛΗΣ,,
2326,ΔΗΜΟΣΙΑ ΒΙΒΛΙΟΘΗΚΗ ΜΟΛΑΩΝ,22.853176,36.806598
2327,ΔΗΜΟΣΙΑ ΒΙΒΛΙΟΘΗΚΗ ΠΕΤΑΛΙΔΙΟΥ,21.921662,36.956551
2328,ΓΕΝΙΚΑ ΑΡΧΕΙΑ ΤΟΥ ΚΡΑΤΟΥΣ-ΑΡΧΕΙΑ Ν. ΜΕΣΣΗΝΙΑΣ,,
2329,ΓΕΝΙΚΑ ΑΡΧΕΙΑ ΤΟΥ ΚΡΑΤΟΥΣ-ΑΡΧΕΙΑ Ν. ΛΑΚΩΝΙΑΣ,,
2330,ΓΕΝΙΚΑ ΑΡΧΕΙΑ ΤΟΥ ΚΡΑΤΟΥΣ-ΑΡΧΕΙΑ Ν. ΑΡΚΑΔΙΑΣ,,
2331,ΓΕΝΙΚΑ ΑΡΧΕΙΑ ΤΟΥ ΚΡΑΤΟΥΣ - ΤΟΠΙΚΟ ΑΡΧΕΙΟ ΛΕΩΝΙΔΙΟΥ,,
2332,ΕΙΔΙΚΟ ΕΡΓΑΣΤΗΡΙΟ ΕΠΑΓΓΕΛΜΑΤΙΚΗΣ ΕΚΠΑΙΔΕΥΣΗΣ ΚΑΙ ΚΑΤΑΡΤΙΣΗΣ ΜΑΝΤΙΝΕΙΑΣ,,
2333,ΕΙΔΙΚΟ ΕΡΓΑΣΤΗΡΙΟ ΕΠΑΓΓΕΛΜΑΤΙΚΗΣ ΕΚΠΑΙΔΕΥΣΗΣ ΚΑΙ ΚΑΤΑΡΤΙΣΗΣ ΛΕΩΝΙΔΙΟΥ,,
2334,ΕΙΔΙΚΟ ΕΡΓΑΣΤΗΡΙΟ ΕΠΑΓΓΕΛΜΑΤΙΚΗΣ ΕΚΠΑΙΔΕΥΣΗΣ ΚΑΙ ΚΑΤΑΡΤΙΣΗΣ ΚΑΛΑΜΑΤΑΣ,,
2335,ΕΙΔΙΚΟ ΕΡΓΑΣΤΗΡΙΟ ΕΠΑΓΓΕΛΜΑΤΙΚΗΣ ΕΚΠΑΙΔΕΥΣΗΣ ΚΑΙ ΚΑΤΑΡΤΙΣΗΣ ΜΥΣΤΡΑ,,
2336,ΕΙΔΙΚΟ ΕΡΓΑΣΤΗΡΙΟ ΕΠΑΓΓΕΛΜΑΤΙΚΗΣ ΕΚΠΑΙΔΕΥΣΗΣ ΚΑΙ ΚΑΤΑΡΤΙΣΗΣ ΚΑΛΑΜΑΤΑΣ,,
2337,ΓΡΑΦΕΙΟ ΠΕΡΙΒΑΛΛΟΝΤΙΚΗΣ ΕΚΠΑΙΔΕΥΣΗΣ ΜΕΣΣΗΝΙΑΣ,,
2338,ΓΡΑΦΕΙΟ ΠΕΡΙΒΑΛΛΟΝΤΙΚΗΣ ΕΚΠΑΙΔΕΥΣΗΣ ΛΑΚΩΝΙΑΣ,,
2339,ΚΕΝΤΡΟ ΔΙΑΓΝΩΣΗΣ ΑΞΙΟΛΟΓΗΣΗΣ ΚΑΙ ΥΠΟΣΤΗΡΙΞΗΣ ΑΤΟΜΩΝ ΜΕ ΕΙΔΙΚΕΣ ΕΚΠΑΙΔΕΥΤΙΚΕΣ ΑΝΑΓΚΕΣ ΜΕΣΣΗΝΙΑΣ,,
2340,ΚΕΝΤΡΟ ΔΙΑΓΝΩΣΗΣ ΑΞΙΟΛΟΓΗΣΗΣ ΚΑΙ ΥΠΟΣΤΗΡΙΞΗΣ ΑΤΟΜΩΝ ΜΕ ΕΙΔΙΚΕΣ ΕΚΠΑΙΔΕΥΤΙΚΕΣ ΑΝΑΓΚΕΣ ΛΑΚΩΝΙΑΣ,,
2341,ΚΕΝΤΡΟ ΔΙΑΓΝΩΣΗΣ ΑΞΙΟΛΟΓΗΣΗΣ ΚΑΙ ΥΠΟΣΤΗΡΙΞΗΣ ΑΤΟΜΩΝ ΜΕ ΕΙΔΙΚΕΣ ΕΚΠΑΙΔΕΥΤΙΚΕΣ ΑΝΑΓΚΕΣ ΑΡΚΑΔΙΑΣ,,
2342,ΠΕΡΙΦΕΡΕΙΑΚΗ ΔΙΕΥΘΥΝΣΗ ΕΚΠΑΙΔΕΥΣΗΣ ΠΕΛΟΠΟΝΝΗΣΟΥ,,
2343,ΚΟΜΒΟΣ ΔΙΑΝΟΜΗΣ ΠΣΔ ΝΟΜΟΥ ΑΡΚΑΔΙΑΣ,,
2344,ΚΟΜΒΟΣ ΔΙΑΝΟΜΗΣ ΠΣΔ ΝΟΜΟΥ ΜΕΣΣΗΝΙΑΣ,,
2345,ΚΟΜΒΟΣ ΔΙΑΝΟΜΗΣ ΠΣΔ ΝΟΜΟΥ ΛΑΚΩΝΙΑΣ,,
2346,ΚΕΝΤΡΟ ΕΚΠΑΙΔΕΥΣΗΣ ΕΝΗΛΙΚΩΝ ΑΡΚΑΔΙΑΣ,,
2347,ΚΕΝΤΡΟ ΕΚΠΑΙΔΕΥΣΗΣ ΕΝΗΛΙΚΩΝ ΜΕΣΣΗΝΙΑΣ,,
2348,ΓΥΜΝΑΣΙΟ ΕΡΑΤΕΙΝΗΣ,22.228771,38.362112
2349,ΓΥΜΝΑΣΙΟ ΑΜΦΙΣΣΑΣ ΕΣΠΕΡΙΝΟ,22.378059,38.524532
2350,2ο ΓΥΜΝΑΣΙΟ ΑΜΦΙΣΣΑΣ,22.378223,38.525106
2351,ΓΥΜΝΑΣΙΟ ΕΥΠΑΛΙΟΥ,21.926973,38.41637
2352,ΓΥΜΝΑΣΙΟ ΙΤΕΑΣ,22.426989,38.431091
2353,1ο ΓΥΜΝΑΣΙΟ ΑΜΦΙΣΣΑΣ,22.378223,38.525106
2354,ΓΥΜΝΑΣΙΟ ΠΟΛΥΔΡΟΣΟΥ,22.533913,38.638088
2355,ΓΥΜΝΑΣΙΟ ΓΡΑΒΙΑΣ,22.432573,38.669522
2356,ΓΥΜΝΑΣΙΟ ΓΑΛΑΞΙΔΙΟΥ,22.380044,38.372542
2357,ΓΥΜΝΑΣΙΟ ΔΕΛΦΩΝ,22.495491,38.478405
2358,ΓΥΜΝΑΣΙΟ ΛΙΔΟΡΙΚΙΟΥ,22.207075,38.526613
2359,ΓΥΜΝΑΣΙΟ ΔΕΣΦΙΝΑΣ,22.530456,38.414216
2360,ΕΝΙΑΙΟ ΛΥΚΕΙΟ ΕΥΠΑΛΙΟΥ,21.926973,38.41637
2361,ΕΝΙΑΙΟ ΛΥΚΕΙΟ ΓΑΛΑΞΙΔΙΟΥ,22.380044,38.372542
2362,ΕΝΙΑΙΟ ΛΥΚΕΙΟ ΓΡΑΒΙΑΣ,22.432573,38.669522
2363,ΕΝΙΑΙΟ ΛΥΚΕΙΟ ΙΤΕΑΣ,22.426989,38.431091
2364,1ο ΕΝΙΑΙΟ ΛΥΚΕΙΟ ΑΜΦΙΣΣΑΣ,22.378619,38.528098
2365,ΕΝΙΑΙΟ ΛΥΚΕΙΟ ΛΙΔΟΡΙΚΙΟΥ,22.207075,38.526613
2366,2ο ΤΕΕ ΑΜΦΙΣΣΑΣ,22.378619,38.528098
2367,1ο ΣΕΚ ΑΜΦΙΣΣΑΣ,22.378619,38.528098
2368,ΔΗΜΟΤΙΚΟ ΣΧΟΛΕΙΟ ΔΕΣΦΙΝΑΣ,22.529982,38.414524
2369,ΔΗΜΟΤΙΚΟ ΣΧΟΛΕΙΟ ΓΑΛΑΞΙΔΙΟΥ,22.379616,38.372382
2370,ΔΗΜΟΤΙΚΟ ΣΧΟΛΕΙΟ ΓΡΑΒΙΑΣ,22.431864,38.668113
2371,ΔΗΜΟΤΙΚΟ ΣΧΟΛΕΙΟ ΚΑΣΤΕΛΛΙΟΥ,22.416474,38.692584
2372,ΔΗΜΟΤΙΚΟ ΣΧΟΛΕΙΟ ΚΙΡΡΑΣ,22.443684,38.428651
2373,ΔΗΜΟΤΙΚΟ ΣΧΟΛΕΙΟ ΛΙΛΑΙΑΣ,22.495823,38.631564
2374,ΔΗΜΟΤΙΚΟ ΣΧΟΛΕΙΟ ΜΑΡΙΟΛΑΤΑΣ,22.466135,38.652329
2375,ΔΗΜΟΤΙΚΟ ΣΧΟΛΕΙΟ ΠΕΝΤΕΟΡΙΩΝ,22.317282,38.410419
2376,ΔΗΜΟΤΙΚΟ ΣΧΟΛΕΙΟ ΠΟΛΥΔΡΟΣΟΥ,22.533022,38.637326
2377,ΔΗΜΟΤΙΚΟ ΣΧΟΛΕΙΟ ΣΕΡΝΙΚΑΚΙΟΥ,22.407343,38.484498
2378,1ο ΔΗΜΟΤΙΚΟ ΣΧΟΛΕΙΟ ΙΤΕΑΣ,22.426226,38.431466
2379,ΔΗΜΟΤΙΚΟ ΣΧΟΛΕΙΟ ΕΠΤΑΛΟΦΟΥ,22.495913,38.59346
2380,ΔΗΜΟΤΙΚΟ ΣΧΟΛΕΙΟ ΕΛΑΙΩΝΑ,22.420101,38.546424
2381,ΔΗΜΟΤΙΚΟ ΣΧΟΛΕΙΟ ΑΓΙΩΝ ΠΑΝΤΩΝ,22.296427,38.367059
2382,ΔΗΜΟΤΙΚΟ ΣΧΟΛΕΙΟ ΑΓΙΟΥ ΣΠΥΡΙΔΩΝΟΣ,,
2383,ΔΗΜΟΤΙΚΟ ΣΧΟΛΕΙΟ ΧΡΙΣΣΟΥ,22.46814,38.473555
2384,2ο ΔΗΜΟΤΙΚΟ ΣΧΟΛΕΙΟ ΑΜΦΙΣΣΑΣ,,
2385,ΔΗΜΟΤΙΚΟ ΣΧΟΛΕΙΟ ΑΓΙΑΣ ΕΥΘΥΜΙΑΣ,22.359013,38.478202
2386,ΔΗΜΟΤΙΚΟ ΣΧΟΛΕΙΟ ΑΧΛΑΔΙΟΥ ΙΣΤΙΑΙΑΣ,23.40072,38.896823
2387,ΔΗΜΟΤΙΚΟ ΣΧΟΛΕΙΟ ΒΟΥΝΙΧΩΡΑΣ,22.306161,38.446427
2388,ΔΗΜΟΤΙΚΟ ΣΧΟΛΕΙΟ ΔΕΛΦΩΝ,22.493998,38.479146
2389,ΔΗΜΟΤΙΚΟ ΣΧΟΛΕΙΟ ΓΛΥΦΑΔΑΣ,22.077629,38.380985
2390,3ο ΔΗΜΟΤΙΚΟ ΣΧΟΛΕΙΟ ΑΜΦΙΣΣΑΣ,,
2391,2ο ΔΗΜΟΤΙΚΟ ΣΧΟΛΕΙΟ ΙΤΕΑΣ,22.426229,38.431464
2392,ΔΗΜΟΤΙΚΟ ΣΧΟΛΕΙΟ ΛΕΥΚΑΔΙΤΙΟΥ,22.198693,38.609765
2393,ΔΗΜΟΤΙΚΟ ΣΧΟΛΕΙΟ ΜΑΚΡΙΝΗΣ,22.124879,38.433303
2394,ΔΗΜΟΤΙΚΟ ΣΧΟΛΕΙΟ ΚΡΟΚΥΛΕΙΟΥ,22.061294,38.548409
2395,ΔΗΜΟΤΙΚΟ ΣΧΟΛΕΙΟ ΚΑΣΤΡΑΚΙΟΥ,21.897267,38.414033
2396,ΔΗΜΟΤΙΚΟ ΣΧΟΛΕΙΟ ΕΥΠΑΛΙΟΥ,21.926428,38.415809
2397,ΔΗΜΟΤΙΚΟ ΣΧΟΛΕΙΟ ΕΡΑΤΕΙΝΗΣ,22.227898,38.361403
2398,ΔΗΜΟΤΙΚΟ ΣΧΟΛΕΙΟ ΜΠΟΖΙΚΩΝ ΚΟΡΙΝΘΙΑΣ,,
2399,ΔΗΜΟΤΙΚΟ ΣΧΟΛΕΙΟ ΛΙΔΟΡΙΚΙΟΥ,22.206675,38.525284
2400,ΔΗΜΟΤΙΚΟ ΣΧΟΛΕΙΟ ΑΣΠΡΟΚΑΜΠΟΥ ΚΟΡΙΝΘΙΑΣ,22.563678,37.88474
2401,ΔΗΜΟΤΙΚΟ ΣΧΟΛΕΙΟ ΜΑΛΑΜΑΤΩΝ,21.873857,38.39313
2402,ΔΗΜΟΤΙΚΟ ΣΧΟΛΕΙΟ ΜΟΝΑΣΤΗΡΑΚΙΟΥ,21.944297,38.405502
2403,ΔΗΜΟΤΙΚΟ ΣΧΟΛΕΙΟ ΜΑΡΑΘΙΑ,22.012305,38.392702
2404,ΔΗΜΟΤΙΚΟ ΣΧΟΛΕΙΟ ΤΟΛΟΦΩΝΟΣ,22.193831,38.366778
2405,ΔΗΜΟΤΙΚΟ ΣΧΟΛΕΙΟ ΠΑΡΑΛΙΑΣ ΣΕΡΓΟΥΛΑΣ,22.058275,38.414203
2406,ΔΗΜΟΤΙΚΟ ΣΧΟΛΕΙΟ ΚΑΙΣΑΡΙΟΥ ΚΛΗΜΕΝΤΙΟΥ,22.563954,37.951615
2407,3ο ΔΗΜΟΤΙΚΟ ΣΧΟΛΕΙΟ ΙΤΕΑΣ,22.426231,38.431459
2408,1ο ΔΗΜΟΤΙΚΟ ΣΧΟΛΕΙΟ ΑΜΦΙΣΣΑΣ,,
2409,ΔΗΜΟΤΙΚΟ ΣΧΟΛΕΙΟ ΑΓΓΕΛΟΚΑΣΤΡΟΥ ΚΟΡΙΝΘΙΑΣ,23.006351,37.743489
2410,ΔΗΜΟΤΙΚΟ ΣΧΟΛΕΙΟ ΑΜΦΙΣΣΑΣ ΕΙΔΙΚΟ,,
2411,ΔΗΜΟΤΙΚΟ ΣΧΟΛΕΙΟ ΜΑΝΑΓΟΥΛΗΣ,21.895952,38.39413
2412,ΔΗΜΟΤΙΚΟ ΣΧΟΛΕΙΟ ΠΑΝΑΡΙΤΙΟΥ,22.537284,37.988508
2413,ΔΗΜΟΤΙΚΟ ΣΧΟΛΕΙΟ ΚΑΣΤΡΙΩΤΙΣΣΑΣ,22.216589,38.740864
2414,4ο ΔΗΜΟΤΙΚΟ ΣΧΟΛΕΙΟ ΑΜΦΙΣΣΑΣ,,
2415,ΔΙΕΥΘΥΝΣΗ Δ.Ε. ΦΩΚΙΔΑΣ,22.378619,38.528098
2416,1ο ΕΡΓΑΣΤΗΡΙΑΚΟ ΚΕΝΤΡΟ ΦΥΣΙΚΩΝ ΕΠΙΣΤΗΜΩΝ ΦΩΚΙΔΑΣ (ΑΜΦΙΣΣΑ),22.379325,38.522364
2417,ΚΕΣΥΠ ΦΩΚΙΔΑΣ,22.378619,38.528098
2418,ΙΕΚ ΑΜΦΙΣΣΑΣ,,
2419,ΔΙΕΥΘΥΝΣΗ Π.Ε. ΦΩΚΙΔΑΣ,,
2420,ΝΗΠΙΑΓΩΓΕΙΟ ΣΕΡΝΙΚΑΚΙΟΥ,22.407298,38.48468
2421,ΝΗΠΙΑΓΩΓΕΙΟ ΜΑΡΑΘΙΑΣ,22.012063,38.392958
2422,ΝΗΠΙΑΓΩΓΕΙΟ ΑΓΙΩΝ ΠΑΝΤΩΝ,22.296382,38.367081
2423,3ο ΝΗΠΙΑΓΩΓΕΙΟ ΙΤΕΑΣ,22.426226,38.431463
2424,3ο ΝΗΠΙΑΓΩΓΕΙΟ ΑΜΦΙΣΣΑΣ,,
2425,ΝΗΠΙΑΓΩΓΕΙΟ ΓΡΑΒΙΑΣ,22.431762,38.66827
2426,ΝΗΠΙΑΓΩΓΕΙΟ ΕΥΠΑΛΙΟΥ,21.926511,38.415775
2427,ΝΗΠΙΑΓΩΓΕΙΟ ΓΑΛΑΞΕΙΔΙΟΥ,22.379618,38.372352
2428,ΝΗΠΙΑΓΩΓΕΙΟ ΚΙΡΡΑΣ,22.443686,38.428591
2429,ΝΗΠΙΑΓΩΓΕΙΟ ΧΡΙΣΣΟΥ,22.468005,38.473531
2430,ΝΗΠΙΑΓΩΓΕΙΟ ΔΕΛΦΩΝ,22.49404,38.479116
2431,2ο ΝΗΠΙΑΓΩΓΕΙΟ ΑΜΦΙΣΣΑΣ,,
2432,ΝΗΠΙΑΓΩΓΕΙΟ ΛΙΔΟΡΙΚΙΟΥ,22.206647,38.525464
2433,ΝΗΠΙΑΓΩΓΕΙΟ ΚΑΣΤΡΑΚΙΟΥ,21.897348,38.414025
2434,ΝΗΠΙΑΓΩΓΕΙΟ ΜΑΛΑΜΑΤΩΝ,21.87396,38.393096
2435,1ο ΝΗΠΙΑΓΩΓΕΙΟ ΑΜΦΙΣΣΑΣ,,
2436,ΝΗΠΙΑΓΩΓΕΙΟ ΑΜΥΓΔΑΛΙΑΣ,22.2244,38.417778
2437,ΝΗΠΙΑΓΩΓΕΙΟ ΑΓΙΑΣ ΕΥΘΥΜΙΑΣ,22.359014,38.47819
2438,5ο ΝΗΠΙΑΓΩΓΕΙΟ ΑΜΦΙΣΣΑΣ,,
2439,4ο ΝΗΠΙΑΓΩΓΕΙΟ ΑΜΦΙΣΣΑΣ,,
2440,ΝΗΠΙΑΓΩΓΕΙΟ ΓΛΥΦΑΔΑΣ,22.077638,38.380998
2441,ΝΗΠΙΑΓΩΓΕΙΟ ΠΟΛΥΔΡΟΣΟΥ,22.533023,38.637326
2442,2ο ΝΗΠΙΑΓΩΓΕΙΟ ΙΤΕΑΣ,22.426225,38.431459
2443,ΝΗΠΙΑΓΩΓΕΙΟ ΔΕΣΦΙΝΑΣ,22.529982,38.414525
2444,1ο ΝΗΠΙΑΓΩΓΕΙΟ ΙΤΕΑΣ,22.426225,38.43146
2445,ΝΗΠΙΑΓΩΓΕΙΟ ΕΠΤΑΛΟΦΟΥ,22.495941,38.593654
2446,ΝΗΠΙΑΓΩΓΕΙΟ ΒΟΥΝΙΧΩΡΑΣ,22.306355,38.44643
2447,ΝΗΠΙΑΓΩΓΕΙΟ ΕΡΑΤΕΙΝΗΣ,22.227898,38.361401
2448,ΝΗΠΙΑΓΩΓΕΙΟ ΕΛΑΙΩΝΟΣ,22.420103,38.546435
2449,ΝΗΠΙΑΓΩΓΕΙΟ ΛΙΛΑΙΑΣ,22.495784,38.631546
2450,ΚΕΝΤΡΟ ΠΕΡΙΒΑΛΛΟΝΤΙΚΗΣ ΕΚΠΑΙΔΕΥΣΗΣ ΑΜΦΙΣΣΑΣ,,
2451,ΣΧΟΛΕΙΟ ΔΕΥΤΕΡΗΣ ΕΥΚΑΙΡΙΑΣ ΑΜΦΙΣΣΑΣ,,
2452,ΔΗΜΟΣΙΑ ΒΙΒΛΙΟΘΗΚΗ ΔΕΛΦΩΝ,,
2453,ΓΕΝΙΚΑ ΑΡΧΕΙΑ ΤΟΥ ΚΡΑΤΟΥΣ-ΑΡΧΕΙΑ Ν. ΦΩΚΙΔΑΣ,,
2454,ΓΡΑΦΕΙΟ ΠΕΡΙΒΑΛΛΟΝΤΙΚΗΣ ΕΚΠΑΙΔΕΥΣΗΣ ΦΩΚΙΔΑΣ,,
2455,ΚΕΝΤΡΟ ΔΙΑΓΝΩΣΗΣ ΑΞΙΟΛΟΓΗΣΗΣ ΚΑΙ ΥΠΟΣΤΗΡΙΞΗΣ ΑΤΟΜΩΝ ΜΕ ΕΙΔΙΚΕΣ ΕΚΠΑΙΔΕΥΤΙΚΕΣ ΑΝΑΓΚΕΣ ΦΩΚΙΔΑΣ,,
2456,ΚΟΜΒΟΣ ΔΙΑΝΟΜΗΣ ΠΣΔ ΝΟΜΟΥ ΦΩΚΙΔΑΣ,,
2457,ΕΙΔΙΚΟ ΕΡΓΑΣΤΗΡΙΟ ΕΠΑΓΓΕΛΜΑΤΙΚΗΣ ΚΑΤΑΡΤΙΣΗΣ ΑΜΦΙΣΣΑΣ,,
2458,13ο ΓΥΜΝΑΣΙΟ ΘΕΣΣΑΛΟΝΙΚΗΣ,22.94725,40.63159
2459,30ο ΓΥΜΝΑΣΙΟ ΘΕΣΣΑΛΟΝΙΚΗΣ,22.91575,40.646599
2460,4ο ΓΥΜΝΑΣΙΟ ΚΑΛΑΜΑΡΙΑΣ,22.963443,40.583926
2461,2ο ΓΥΜΝΑΣΙΟ ΚΑΛΑΜΑΡΙΑΣ,22.939569,40.585488
2462,1ο ΓΥΜΝΑΣΙΟ ΚΡΥΑΣ ΒΡΥΣΗΣ,22.307172,40.685424
2463,1ο ΓΥΜΝΑΣΙΟ ΑΝΩ ΤΟΥΜΠΑΣ,22.967909,40.614727
2464,3ο ΓΥΜΝΑΣΙΟ ΧΑΡΙΛΑΟΥ,22.967171,40.597453
2465,14ο ΓΥΜΝΑΣΙΟ ΘΕΣΣΑΛΟΝΙΚΗΣ,22.950738,40.594225
2466,ΓΥΜΝΑΣΙΟ ΕΠΑΝΟΜΗΣ,22.930922,40.424305
2467,25ο ΓΥΜΝΑΣΙΟ ΘΕΣΣΑΛΟΝΙΚΗΣ,22.959469,40.612142
2468,17ο ΓΥΜΝΑΣΙΟ ΘΕΣΣΑΛΟΝΙΚΗΣ,22.945764,40.633846
2469,2ο ΓΥΜΝΑΣΙΟ ΜΑΛΑΚΟΠΗΣ,22.983983,40.61044
2470,ΓΥΜΝΑΣΙΟ ΝΕΑΣ ΜΗΧΑΝΙΩΝΑΣ,22.86604,40.46426
2471,4ο ΓΥΜΝΑΣΙΟ ΧΑΡΙΛΑΟΥ,22.967694,40.600505
2472,2ο ΓΥΜΝΑΣΙΟ ΤΡΙΑΝΔΡΙΑΣ ΘΕΣΣΑΛΟΝΙΚΗΣ,22.97139,40.624182
2473,ΓΥΜΝΑΣΙΟ ΠΟΛΥΚΑΡΠΙΟΥ,22.018265,40.927093
2474,ΓΥΜΝΑΣΙΟ ΠΡΟΜΑΧΩΝ,22.004702,41.025107
2475,ΓΥΜΝΑΣΙΟ ΠΡΩΤΗΣ ΣΕΡΡΩΝ,24.006781,40.941935
2476,ΓΥΜΝΑΣΙΟ ΦΟΥΣΤΑΝΗΣ,22.177445,41.053921
2477,2ο ΓΥΜΝΑΣΙΟ ΚΡΥΑΣ ΒΡΥΣΗΣ,22.307172,40.685424
2478,2ο ΓΥΜΝΑΣΙΟ ΑΡΙΔΑΙΑΣ,22.063157,40.972624
2479,ΓΥΜΝΑΣΙΟ ΝΕΟΥ ΜΥΛΟΤΟΠΟΥ,22.355923,40.817772
2480,3ο ΓΥΜΝΑΣΙΟ ΚΑΛΑΜΑΡΙΑΣ,22.960081,40.568834
2481,26ο ΓΥΜΝΑΣΙΟ ΘΕΣΣΑΛΟΝΙΚΗΣ,22.940213,40.641466
2482,ΓΥΜΝΑΣΙΟ ΠΑΝΟΡΑΜΑΤΟΣ,23.029802,40.584603
2483,4ο ΓΥΜΝΑΣΙΟ ΤΟΥΜΠΑΣ ΘΕΣΣΑΛΟΝΙΚΗΣ,22.962722,40.611248
2484,3ο ΓΥΜΝΑΣΙΟ ΑΝΩ ΤΟΥΜΠΑΣ,22.970347,40.612983
2485,3ο ΓΥΜΝΑΣΙΟ ΤΟΥΜΠΑΣ,22.963212,40.611109
2486,1ο ΓΥΜΝΑΣΙΟ ΚΑΛΑΜΑΡΙΑΣ,22.945531,40.580782
2487,9ο ΓΥΜΝΑΣΙΟ ΘΕΣΣΑΛΟΝΙΚΗΣ,22.954394,40.604259
2488,1ο ΓΥΜΝΑΣΙΟ ΠΥΛΑΙΑΣ ΘΕΣΣΑΛΟΝΙΚΗΣ,22.987336,40.587912
2489,1ο ΓΥΜΝΑΣΙΟ ΠΕΡΑΙΑΣ,22.927329,40.495577
2490,2ο ΓΥΜΝΑΣΙΟ ΘΕΣΣΑΛΟΝΙΚΗΣ ΕΣΠΕΡΙΝΟ,22.942564,40.631429
2491,2ο ΓΥΜΝΑΣΙΟ ΘΕΣΣΑΛΟΝΙΚΗΣ ΠΕΙΡΑΜΑΤΙΚΟ,22.963498,40.611508
2492,15ο ΓΥΜΝΑΣΙΟ ΘΕΣΣΑΛΟΝΙΚΗΣ,22.941095,40.632344
2493,5ο ΓΥΜΝΑΣΙΟ ΚΑΛΑΜΑΡΙΑΣ,22.963731,40.583456
2494,29ο ΓΥΜΝΑΣΙΟ ΘΕΣΣΑΛΟΝΙΚΗΣ,22.964269,40.604666
2495,7ο ΓΥΜΝΑΣΙΟ ΚΑΛΑΜΑΡΙΑΣ,22.953754,40.588465
2496,21ο ΓΥΜΝΑΣΙΟ ΘΕΣΣΑΛΟΝΙΚΗΣ,22.950747,40.594227
2497,28ο ΓΥΜΝΑΣΙΟ ΘΕΣΣΑΛΟΝΙΚΗΣ,22.960699,40.607825
2498,ΓΥΜΝΑΣΙΟ ΣΙΤΟΧΩΡΙΟΥ,23.618251,40.880618
2499,ΓΥΜΝΑΣΙΟ ΧΡΥΣΟΥ ΣΕΡΡΩΝ,23.653821,41.056079
2500,ΓΥΜΝΑΣΙΟ ΑΧΛΑΔΟΧΩΡΙΟΥ,23.546839,41.318449
2501,ΓΥΜΝΑΣΙΟ ΘΕΣΣΑΛΟΝΙΚΗΣ ΕΙΔΙΚΟ (ΕΛΕΠΑΑΠ) ,22.951662,40.637377
2502,ΓΥΜΝΑΣΙΟ ΜΑΥΡΟΘΑΛΑΣΣΑΣ,23.746761,40.892979
2503,ΔΗΜΟΤΙΚΟ ΣΧΟΛΕΙΟ ΠΥΡΓΟΥ,22.438478,38.084752
2504,ΔΗΜΟΤΙΚΟ ΣΧΟΛΕΙΟ ΨΑΡΙΟΥ ΚΟΡΙΝΘΙΑΣ,,
2505,ΓΥΜΝΑΣΙΟ ΔΡΑΒΗΣΚΟΥ,23.872433,40.923692
2506,3ο ΓΥΜΝΑΣΙΟ ΣΕΡΡΩΝ,23.549161,41.092946
2507,5ο ΓΥΜΝΑΣΙΟ ΣΕΡΡΩΝ,23.539692,41.087252
2508,ΓΥΜΝΑΣΙΟ ΛΙΒΑΔΙΑΣ ΣΙΝΤΙΚΗΣ,23.079551,41.246652
2509,ΓΥΜΝΑΣΙΟ ΣΕΡΡΩΝ ΜΟΥΣΙΚΟ,23.562559,41.079666
2510,ΓΥΜΝΑΣΙΟ ΗΡΑΚΛΕΙΑΣ,23.284339,41.181907
2511,1ο ΓΥΜΝΑΣΙΟ ΣΕΡΡΩΝ,23.548572,41.090598
2512,9ο ΓΥΜΝΑΣΙΟ ΚΑΛΑΜΑΡΙΑΣ,22.961825,40.574995
2513,ΓΥΜΝΑΣΙΟ ΓΑΖΩΡΟΥ,23.776546,41.022416
2514,6ο ΓΥΜΝΑΣΙΟ ΚΑΛΑΜΑΡΙΑΣ,22.954444,40.573021
2515,ΓΥΜΝΑΣΙΟ ΝΕΟΥ ΣΚΟΠΟΥ,23.611093,41.024548
2516,3ο ΓΥΜΝΑΣΙΟ ΓΙΑΝΝΙΤΣΩΝ,22.403917,40.795553
2517,3ο ΓΥΜΝΑΣΙΟ ΘΕΣΣΑΛΟΝΙΚΗΣ,22.950503,40.635529
2518,6ο ΓΥΜΝΑΣΙΟ ΘΕΣΣΑΛΟΝΙΚΗΣ,22.95911,40.61552
2519,4ο ΓΥΜΝΑΣΙΟ ΘΕΣΣΑΛΟΝΙΚΗΣ,22.937532,40.638779
2520,ΓΥΜΝΑΣΙΟ ΘΕΣΣΑΛΟΝΙΚΗΣ ΠΕΙΡΑΜΑΤΙΚΟ Α.Π.Θ.,22.945571,40.635592
2521,32ο ΓΥΜΝΑΣΙΟ ΘΕΣΣΑΛΟΝΙΚΗΣ,22.940065,40.641339
2522,8ο ΓΥΜΝΑΣΙΟ ΘΕΣΣΑΛΟΝΙΚΗΣ,22.948682,40.607589
2523,8ο ΓΥΜΝΑΣΙΟ ΚΑΛΑΜΑΡΙΑΣ,22.952195,40.587149
2524,ΓΥΜΝΑΣΙΟ ΝΕΩΝ ΕΠΙΒΑΤΩΝ,22.9115,40.496245
2525,4ο ΓΥΜΝΑΣΙΟ ΣΕΡΡΩΝ,23.542287,41.078871
2526,31ο ΓΥΜΝΑΣΙΟ ΘΕΣΣΑΛΟΝΙΚΗΣ,22.950287,40.621679
2527,19ο ΓΥΜΝΑΣΙΟ ΘΕΣΣΑΛΟΝΙΚΗΣ,22.953479,40.5984
2528,24ο ΓΥΜΝΑΣΙΟ ΘΕΣΣΑΛΟΝΙΚΗΣ,22.951662,40.637377
2529,1ο ΓΥΜΝΑΣΙΟ ΘΕΣΣΑΛΟΝΙΚΗΣ ΠΕΙΡΑΜΑΤΙΚΟ,22.948584,40.601001
2530,2ο ΓΥΜΝΑΣΙΟ ΘΕΣΣΑΛΟΝΙΚΗΣ,22.942737,40.631318
2531,3ο ΓΥΜΝΑΣΙΟ ΕΔΕΣΣΑΣ,22.040806,40.803291
2532,ΓΥΜΝΑΣΙΟ ΠΕΛΛΑΣ,22.529186,40.760509
2533,1ο ΓΥΜΝΑΣΙΟ ΑΡΙΔΑΙΑΣ,22.061514,40.970652
2534,ΓΥΜΝΑΣΙΟ ΡΟΔΟΛΙΒΟΥΣ,23.977115,40.919217
2535,ΓΥΜΝΑΣΙΟ ΕΞΑΠΛΑΤΑΝΟΥ,22.132192,40.976616
2536,ΓΥΜΝΑΣΙΟ ΤΡΙΛΟΦΟΥ,22.973379,40.465368
2537,1ο ΓΥΜΝΑΣΙΟ ΣΚΥΔΡΑΣ,22.159982,40.767111
2538,ΓΥΜΝΑΣΙΟ ΑΛΙΣΤΡΑΤΗΣ,23.958486,41.064379
2539,1ο ΓΥΜΝΑΣΙΟ ΘΕΡΜΗΣ,23.012378,40.546308
2540,1ο ΓΥΜΝΑΣΙΟ ΜΑΛΑΚΟΠΗΣ,22.980014,40.611068
2541,2ο ΓΥΜΝΑΣΙΟ ΕΔΕΣΣΑΣ,22.04357,40.792461
2542,ΓΥΜΝΑΣΙΟ ΝΕΑΣ ΖΙΧΝΗΣ,23.831088,41.029864
2543,ΓΥΜΝΑΣΙΟ ΝΙΓΡΙΤΑΣ,23.504042,40.905929
2544,2ο ΓΥΜΝΑΣΙΟ ΣΚΥΔΡΑΣ,22.159982,40.767111
2545,2ο ΓΥΜΝΑΣΙΟ ΣΕΡΡΩΝ,23.537753,41.081002
2546,6ο ΓΥΜΝΑΣΙΟ ΣΕΡΡΩΝ,23.563374,41.085137
2547,5ο ΓΥΜΝΑΣΙΟ ΘΕΣΣΑΛΟΝΙΚΗΣ,22.948136,40.597932
2548,ΓΥΜΝΑΣΙΟ ΝΕΟΥ ΣΟΥΛΙΟΥ ΣΕΡΡΩΝ,23.645907,41.092833
2549,ΓΥΜΝΑΣΙΟ ΣΙΔΗΡΟΚΑΣΤΡΟΥ ΠΑΛ/ΔΕΙ,23.392969,41.232721
2550,33ο ΓΥΜΝΑΣΙΟ ΘΕΣΣΑΛΟΝΙΚΗΣ,22.953643,40.598018
2551,ΓΥΜΝΑΣΙΟ ΒΑΜΒΑΚΟΦΥΤΟΥ,23.400034,41.180838
2552,ΓΥΜΝΑΣΙΟ ΚΑΤΩ ΠΟΡΟΙΩΝ,23.01514,41.279434
2553,ΑΡΣΑΚΕΙΟ ΓΥΜΝΑΣΙΟ ΘΕΣΣΑΛΟΝΙΚΗΣ,,
2554,2ο ΓΥΜΝΑΣΙΟ ΠΕΡΑΙΑΣ,22.927313,40.495573
2555,ΓΥΜΝΑΣΙΟ ΝΕΟΥ ΠΕΤΡΙΤΣΙΟΥ,23.296525,41.273926
2556,ΓΥΜΝΑΣΙΟ ΛΕΥΚΩΝΑ ΣΕΡΡΩΝ,23.494872,41.098868
2557,3ο ΓΥΜΝΑΣΙΟ ΘΕΡΜΗΣ,,
2558,ΓΥΜΝΑΣΙΟ ΣΕΡΡΩΝ ΕΣΠΕΡΙΝΟ,23.542631,41.078746
2559,ΓΥΜΝΑΣΙΟ ΣΤΡΥΜΟΝΙΚΟΥ,23.316157,41.040832
2560,1ο ΓΥΜΝΑΣΙΟ ΓΙΑΝΝΙΤΣΩΝ,22.414452,40.792583
2561,10ο ΓΥΜΝΑΣΙΟ ΚΑΛΑΜΑΡΙΑΣ ( ΦΟΙΝΙΚΟΣ ),22.969519,40.56944
2562,2ο ΓΥΜΝΑΣΙΟ ΧΑΡΙΛΑΟΥ,22.971267,40.597974
2563,ΓΥΜΝΑΣΙΟ ΠΕΝΤΑΠΟΛΗΣ,23.690726,41.048395
2564,ΓΥΜΝΑΣΙΟ ΚΑΛΗΣ,22.181607,40.819266
2565,4ο ΓΥΜΝΑΣΙΟ ΓΙΑΝΝΙΤΣΩΝ,22.422492,40.797534
2566,ΓΥΜΝΑΣΙΟ ΠΕΤΡΑΙΑΣ ΠΕΛΛΗΣ,22.145386,40.719529
2567,ΓΥΜΝΑΣΙΟ ΑΡΝΙΣΣΑΣ,21.837821,40.795378
2568,ΓΥΜΝΑΣΙΟ ΤΕΡΠΝΗΣ ΑΝΑΣΤΑΣΙΑΔΕΙΟ,23.481721,40.915999
2569,ΓΥΜΝΑΣΙΟ ΑΡΑΒΗΣΣΟΥ,22.304899,40.842129
2570,ΓΥΜΝΑΣΙΟ ΘΕΣΣΑΛΟΝΙΚΗΣ ΕΙΔΙΚΟ ΚΩΦΩΝ ΒΑΡΗΚΟΩΝ,23.040857,40.588473
2571,ΓΥΜΝΑΣΙΟ ΔΗΜΗΤΡΙΤΣΙΟΥ ΣΕΡΡΩΝ,23.41638,40.984268
2572,ΓΥΜΝΑΣΙΟ ΣΚΟΥΤΑΡΗΣ,23.519786,41.015683
2573,ΓΥΜΝΑΣΙΟ ΠΑΛΑΙΟΚΩΜΗΣ,23.901891,40.870066
2574,1ο ΓΥΜΝΑΣΙΟ ΧΑΡΙΛΑΟΥ,22.964269,40.604666
2575,ΓΥΜΝΑΣΙΟ ΒΥΡΩΝΕΙΑΣ,23.257091,41.261779
2576,ΓΥΜΝΑΣΙΟ ΣΚΟΤΟΥΣΗΣ,23.382505,41.126444
2577,ΓΥΜΝΑΣΙΟ ΝΕΑΣ ΚΑΡΥΩΤΙΣΣΑΣ,22.315347,40.766996
2578,ΓΥΜΝΑΣΙΟ ΜΑΛΑΚΟΠΗΣ ΚΩΦΩΝ,22.961659,40.619667
2579,ΓΥΜΝΑΣΙΟ ΓΙΑΝΝΙΤΣΩΝ ΜΟΥΣΙΚΟ,22.401463,40.783616
2580,2ο ΓΥΜΝΑΣΙΟ ΓΙΑΝΝΙΤΣΩΝ,22.401481,40.783626
2581,ΓΥΜΝΑΣΙΟ ΠΡΟΒΑΤΑ,23.390214,41.066343
2582,1ο ΓΥΜΝΑΣΙΟ ΕΔΕΣΣΑΣ,22.039418,40.794561
2583,ΓΥΜΝΑΣΙΟ ΘΕΣΣΑΛΟΝΙΚΗΣ ΔΙΑΠΟΛΙΤΙΣΜΙΚΗΣ ΕΚΠΑΙΔΕΥΣΗΣ,22.989202,40.598787
2584,2ο ΓΥΜΝΑΣΙΟ ΘΕΡΜΗΣ,,
2585,1ο ΕΝΙΑΙΟ ΛΥΚΕΙΟ ΠΑΝΟΡΑΜΑΤΟΣ ΘΕΣΣΑΛΟΝΙΚΗΣ,23.029796,40.584596
2586,ΕΝΙΑΙΟ ΛΥΚΕΙΟ ΚΑΛΗΣ,22.181607,40.819266
2587,10ο ΕΝΙΑΙΟ ΛΥΚΕΙΟ ΘΕΣΣΑΛΟΝΙΚΗΣ,22.980046,40.611004
2588,3ο ΕΝΙΑΙΟ ΛΥΚΕΙΟ ΚΑΛΑΜΑΡΙΑΣ,22.960081,40.568834
2589,28ο ΕΝΙΑΙΟ ΛΥΚΕΙΟ ΘΕΣΣΑΛΟΝΙΚΗΣ,22.97038,40.613016
2590,1ο ΕΝΙΑΙΟ ΛΥΚΕΙΟ ΘΕΡΜΗΣ,23.011958,40.545804
2591,1ο ΕΝΙΑΙΟ ΛΥΚΕΙΟ ΕΠΑΝΩΜΗΣ,22.930922,40.424305
2592,ΕΝΙΑΙΟ ΛΥΚΕΙΟ ΘΕΣΣΑΛΟΝΙΚΗΣ ΔΙΑΠΟΛΙΤΙΣΜΙΚΟ,22.946945,40.62652
2593,13ο ΕΝΙΑΙΟ ΛΥΚΕΙΟ ΘΕΣΣΑΛΟΝΙΚΗΣ,22.948821,40.628563
2594,2ο ΕΝΙΑΙΟ ΛΥΚΕΙΟ ΓΙΑΝΝΙΤΣΩΝ,22.401481,40.783626
2595,ΑΡΣΑΚΕΙΟ ΕΝΙΑΙΟ ΛΥΚΕΙΟ ΘΕΣΣΑΛΟΝΙΚΗΣ,,
2596,3ο ΕΝΙΑΙΟ ΛΥΚΕΙΟ ΘΕΣΣΑΛΟΝΙΚΗΣ,22.950563,40.635633
2597,1ο ΕΝΙΑΙΟ ΛΥΚΕΙΟ ΠΥΛΑΙΑΣ,22.98728,40.587905
2598,4ο ΕΝΙΑΙΟ ΛΥΚΕΙΟ ΘΕΣΣΑΛΟΝΙΚΗΣ,22.937665,40.638546
2599,2ο ΕΝΙΑΙΟ ΛΥΚΕΙΟ ΘΕΣΣΑΛΟΝΙΚΗΣ ΕΣΠΕΡΙΝΟ,22.942834,40.631511
2600,ΕΝΙΑΙΟ ΛΥΚΕΙΟ ΠΡΟΒΑΤΑ,23.390214,41.066343
2601,25ο ΕΝΙΑΙΟ ΛΥΚΕΙΟ ΘΕΣΣΑΛΟΝΙΚΗΣ,22.959469,40.612142
2602,8ο ΕΝΙΑΙΟ ΛΥΚΕΙΟ ΘΕΣΣΑΛΟΝΙΚΗΣ,22.948682,40.607589
2603,1ο ΕΝΙΑΙΟ ΛΥΚΕΙΟ ΤΡΙΛΟΦΟΥ,22.973379,40.465368
2604,18ο ΕΝΙΑΙΟ ΛΥΚΕΙΟ ΘΕΣΣΑΛΟΝΙΚΗΣ,22.963603,40.610225
2605,ΕΝΙΑΙΟ ΛΥΚΕΙΟ ΘΕΣΣΑΛΟΝΙΚΗΣ ΠΕΙΡΑΜΑΤΙΚΟ Α.Π.Θ.,22.945554,40.635567
2606,1ο ΕΝΙΑΙΟ ΛΥΚΕΙΟ ΓΙΑΝΝΙΤΣΩΝ,22.414437,40.792531
2607,"1ο ΕΝΙΑΙΟ ΛΥΚΕΙΟ ΕΔΕΣΣΑΣ ""ΝΙΚΟΛΑΟΣ ΟΙΚΟΝΟΜΙΔΗΣ""",22.043067,40.792226
2608,7ο ΕΝΙΑΙΟ ΛΥΚΕΙΟ ΘΕΣΣΑΛΟΝΙΚΗΣ,22.954799,40.636158
2609,9ο ΕΝΙΑΙΟ ΛΥΚΕΙΟ ΘΕΣΣΑΛΟΝΙΚΗΣ,22.954451,40.604012
2610,14ο ΕΝΙΑΙΟ ΛΥΚΕΙΟ ΘΕΣΣΑΛΟΝΙΚΗΣ,22.95075,40.594228
2611,26ο ΕΝΙΑΙΟ ΛΥΚΕΙΟ ΘΕΣΣΑΛΟΝΙΚΗΣ,22.953598,40.598126
2612,3ο ΕΝΙΑΙΟ ΛΥΚΕΙΟ ΓΙΑΝΝΙΤΣΩΝ,22.414639,40.805131
2613,2ο ΕΝΙΑΙΟ ΛΥΚΕΙΟ ΘΕΣΣΑΛΟΝΙΚΗΣ,22.942702,40.631143
2614,1ο ΕΝΙΑΙΟ ΛΥΚΕΙΟ ΚΑΛΑΜΑΡΙΑΣ,22.945277,40.581027
2615,ΕΝΙΑΙΟ ΛΥΚΕΙΟ ΣΤΡΥΜΟΝΙΚΟΥ,23.316157,41.040832
2616,2ο ΕΝΙΑΙΟ ΛΥΚΕΙΟ ΚΑΛΑΜΑΡΙΑΣ,22.939172,40.585624
2617,6ο ΕΝΙΑΙΟ ΛΥΚΕΙΟ ΚΑΛΑΜΑΡΙΑΣ,22.954375,40.573255
2618,ΕΝΙΑΙΟ ΛΥΚΕΙΟ ΒΥΡΩΝΕΙΑΣ,23.257091,41.261779
2619,7ο ΕΝΙΑΙΟ ΛΥΚΕΙΟ ΚΑΛΑΜΑΡΙΑΣ,22.952374,40.587213
2620,ΕΝΙΑΙΟ ΛΥΚΕΙΟ ΜΑΥΡΟΘΑΛΑΣΣΑΣ,23.746761,40.892979
2621,1ο ΕΝΙΑΙΟ ΛΥΚΕΙΟ ΘΕΣΣΑΛΟΝΙΚΗΣ ΠΕΙΡΑΜΑΤΙΚΟ,22.963307,40.611821
2622,ΕΝΙΑΙΟ ΛΥΚΕΙΟ ΠΕΝΤΑΠΟΛΗΣ,23.690726,41.048395
2623,ΕΝΙΑΙΟ ΛΥΚΕΙΟ ΣΚΟΥΤΑΡΗΣ,23.519786,41.015683
2624,ΕΝΙΑΙΟ ΛΥΚΕΙΟ ΗΡΑΚΛΕΙΑΣ,23.284339,41.181907
2625,5ο ΕΝΙΑΙΟ ΛΥΚΕΙΟ ΣΕΡΡΩΝ,23.539243,41.087525
2626,4ο ΕΝΙΑΙΟ ΛΥΚΕΙΟ ΣΕΡΡΩΝ,23.542778,41.078882
2627,17ο ΕΝΙΑΙΟ ΛΥΚΕΙΟ ΘΕΣΣΑΛΟΝΙΚΗΣ,22.945403,40.634022
2628,2ο ΕΝΙΑΙΟ ΛΥΚΕΙΟ ΘΕΡΜΑΪΚΟΥ,,
2629,19ο ΕΝΙΑΙΟ ΛΥΚΕΙΟ ΘΕΣΣΑΛΟΝΙΚΗΣ,22.953539,40.598256
2630,21ο ΕΝΙΑΙΟ ΛΥΚΕΙΟ ΘΕΣΣΑΛΟΝΙΚΗΣ,22.950755,40.59423
2631,1ο ΕΝΙΑΙΟ ΛΥΚΕΙΟ ΘΕΣΣΑΛΟΝΙΚΗΣ ΕΣΠΕΡΙΝΟ,22.946894,40.626559
2632,5ο ΕΝΙΑΙΟ ΛΥΚΕΙΟ ΚΑΛΑΜΑΡΙΑΣ,22.963606,40.583671
2633,ΕΝΙΑΙΟ ΛΥΚΕΙΟ ΝΕΟΥ ΣΚΟΠΟΥ ΣΕΡΡΩΝ,23.611093,41.024548
2634,ΕΝΙΑΙΟ ΛΥΚΕΙΟ ΝΕΩΝ ΕΠΙΒΑΤΩΝ,22.911438,40.496202
2635,ΕΝΙΑΙΟ ΛΥΚΕΙΟ ΠΡΩΤΗΣ ΣΕΡΡΩΝ,24.006781,40.941935
2636,1ο ΕΝΙΑΙΟ ΛΥΚΕΙΟ ΝΕΑΣ ΜΗΧΑΝΙΩΝΑΣ,22.866213,40.464196
2637,31ο ΕΝΙΑΙΟ ΛΥΚΕΙΟ ΘΕΣΣΑΛΟΝΙΚΗΣ,22.971383,40.598263
2638,1ο ΕΝΙΑΙΟ ΛΥΚΕΙΟ ΒΑΣΙΛΙΚΩΝ,23.133668,40.479452
2639,2ο ΕΝΙΑΙΟ ΛΥΚΕΙΟ ΠΥΛΑΙΑΣ,22.997805,40.606323
2640,"ΕΝΙΑΙΟ ΛΥΚΕΙΟ ΕΞΑΠΛΑΤΑΝΟΥ ""ΜΕΝΕΛΑΟΣ ΛΟΥΝΤΕΜΗΣ""",22.132192,40.976616
2641,3ο ΕΝΙΑΙΟ ΛΥΚΕΙΟ ΣΕΡΡΩΝ,23.562669,41.086134
2642,ΕΝΙΑΙΟ ΛΥΚΕΙΟ ΚΡΥΑΣ ΒΡΥΣΗΣ,22.307172,40.685424
2643,30ο ΕΝΙΑΙΟ ΛΥΚΕΙΟ ΘΕΣΣΑΛΟΝΙΚΗΣ,22.964269,40.604666
2644,32ο ΕΝΙΑΙΟ ΛΥΚΕΙΟ ΘΕΣΣΑΛΟΝΙΚΗΣ,22.967176,40.597514
2645,33ο ΕΝΙΑΙΟ ΛΥΚΕΙΟ ΘΕΣΣΑΛΟΝΙΚΗΣ,22.964269,40.604666
2646,"2ο ΕΝΙΑΙΟ ΛΥΚΕΙΟ ΕΔΕΣΣΑΣ ""ΠΑΥΛΟΣ ΧΑΡΤΟΜΑΤΖΙΔΗΣ""",22.040814,40.802482
2647,ΕΝΙΑΙΟ ΛΥΚΕΙΟ ΣΚΥΔΡΑΣ,22.159982,40.767111
2648,20ο ΕΝΙΑΙΟ ΛΥΚΕΙΟ ΘΕΣΣΑΛΟΝΙΚΗΣ,22.962647,40.611649
2649,ΕΝΙΑΙΟ ΛΥΚΕΙΟ ΝΙΓΡΙΤΑΣ,23.504042,40.905929
2650,ΕΝΙΑΙΟ ΛΥΚΕΙΟ ΑΛΙΣΤΡΑΤΗΣ,23.958486,41.064379
2651,1ο ΕΝΙΑΙΟ ΛΥΚΕΙΟ ΣΕΡΡΩΝ,23.558535,41.092424
2652,2ο ΕΝΙΑΙΟ ΛΥΚΕΙΟ ΣΕΡΡΩΝ,23.537753,41.081002
2653,ΕΝΙΑΙΟ ΛΥΚΕΙΟ ΝΕΑΣ ΖΙΧΝΗΣ,23.831088,41.029864
2654,ΕΝΙΑΙΟ ΛΥΚΕΙΟ ΚΑΤΩ ΠΟΡΟΪΩΝ,23.01514,41.279434
2655,2ο ΕΝΙΑΙΟ ΛΥΚΕΙΟ ΘΕΣΣΑΛΟΝΙΚΗΣ ΠΕΙΡΑΜΑΤΙΚΟ,22.948737,40.601092
2656,ΠΑΛΛΑΤΙΔΕΙΟ ΕΝΙΑΙΟ ΛΥΚΕΙΟ ΣΙΔΗΡΟΚΑΣΤΡΟΥ ΣΕΡΡΩΝ,23.392969,41.232721
2657,ΕΝΙΑΙΟ ΛΥΚΕΙΟ ΡΟΔΟΛΙΒΟΥΣ,23.977115,40.919217
2658,6ο ΕΝΙΑΙΟ ΛΥΚΕΙΟ ΘΕΣΣΑΛΟΝΙΚΗΣ,22.95911,40.61552
2659,1ο ΕΝΙΑΙΟ ΛΥΚΕΙΟ ΑΡΙΔΑΙΑΣ,22.063339,40.972797
2660,23ο ΕΝΙΑΙΟ ΛΥΚΕΙΟ ΘΕΣΣΑΛΟΝΙΚΗΣ,22.940065,40.641339
2661,ΤΕΕ ΗΡΑΚΛΕΙΑΣ ΣΕΡΡΩΝ,23.284339,41.181907
2662,2ο ΤΕΕ ΓΙΑΝΝΙΤΣΩΝ,22.414651,40.804823
2663,2ο ΤΕΕ ΕΔΕΣΣΑΣ,22.036397,40.802922
2664,10ο ΤΕΕ ΘΕΣΣΑΛΟΝΙΚΗΣ,22.957221,40.61632
2665,1ο ΤΕΕ ΓΙΑΝΝΙΤΣΩΝ,22.41513,40.805196
2666,15ο ΤΕΕ ΘΕΣΣΑΛΟΝΙΚΗΣ,22.957221,40.61632
2667,1ο ΤΕΕ ΝΙΓΡΙΤΑΣ,23.504042,40.905929
2668,2ο ΤΕΕ ΣΕΡΡΩΝ,23.538862,41.074908
2669,1ο ΤΕΕ ΕΔΕΣΣΑΣ,22.038118,40.802289
2670,1ο ΤΕΕ ΚΡΥΑΣ ΒΡΥΣΗΣ,,
2671,2ο ΤΕΕ ΠΥΛΑΙΑΣ,22.98908,40.598886
2672,14ο ΤΕΕ ΘΕΣΣΑΛΟΝΙΚΗΣ ΕΣΠΕΡΙΝΟ,22.957221,40.61632
2673,1ο ΤΕΕ ΝΕΑΣ ΖΙΧΝΗΣ,23.831088,41.029864
2674,1ο ΤΕΕ ΠΥΛΑΙΑΣ,22.977707,40.561
2675,ΤΕΕ ΣΙΔΗΡΟΚΑΣΤΡΟΥ,23.392969,41.232721
2676,3ο ΤΕΕ ΣΕΡΡΩΝ,23.524185,41.083969
2677,5ο ΤΕΕ ΘΕΣΣΑΛΟΝΙΚΗΣ,22.913794,40.648229
2678,1ο ΤΕΕ ΚΑΛΑΜΑΡΙΑΣ,22.978059,40.560459
2679,1ο ΤΕΕ ΘΕΣΣΑΛΟΝΙΚΗΣ,22.932392,40.636318
2680,11ο ΤΕΕ ΘΕΣΣΑΛΟΝΙΚΗΣ,22.957221,40.61632
2681,12ο ΤΕΕ ΘΕΣΣΑΛΟΝΙΚΗΣ,22.914065,40.648487
2682,6ο ΤΕΕ ΘΕΣΣΑΛΟΝΙΚΗΣ ΕΣΠΕΡΙΝΟ,22.957221,40.61632
2683,ΤΕΕ ΘΕΣΣΑΛΟΝΙΚΗΣ ΕΙΔΙΚΟ ΚΩΦΩΝ ΚΑΙ ΒΑΡΗΚΟΩΝ ,22.978203,40.5604
2684,4ο ΤΕΕ ΘΕΣΣΑΛΟΝΙΚΗΣ,22.914177,40.648007
2685,3ο ΤΕΕ ΘΕΣΣΑΛΟΝΙΚΗΣ,22.914293,40.648139
2686,1ο ΤΕΕ ΑΡΙΔΑΙΑΣ,22.063463,40.973026
2687,2ο ΤΕΕ ΑΡΙΔΑΙΑΣ,22.063574,40.97254
2688,2ο ΤΕΕ ΘΕΣΣΑΛΟΝΙΚΗΣ,22.932338,40.63647
2689,ΤΕΕ ΒΑΣΙΛΙΚΩΝ,23.134816,40.479022
2690,4ο ΤΕΕ ΣΕΡΡΩΝ ΕΣΠΕΡΙΝΟ,23.524287,41.083882
2691,7ο ΤΕΕ ΘΕΣΣΑΛΟΝΙΚΗΣ,22.957221,40.61632
2692,8ο ΤΕΕ ΘΕΣΣΑΛΟΝΙΚΗΣ,22.957221,40.61632
2693,9ο ΤΕΕ ΘΕΣΣΑΛΟΝΙΚΗΣ,22.914408,40.648289
2694,ΤΕΕ ΘΕΡΜΑΙΚΟΥ,,
2695,13ο ΤΕΕ ΘΕΣΣΑΛΟΝΙΚΗΣ ΕΣΠΕΡΙΝΟ,22.913909,40.648365
2696,1ο ΤΕΕ ΣΕΡΡΩΝ,23.524258,41.083933
2697,ΤΕΕ ΡΟΔΟΠΟΛΗΣ,23.003007,41.259693
2698,1ο ΤΕΕ ΘΕΣΣΑΛΟΝΙΚΗΣ ΕΙΔΙΚΟ,,
2699,9ο ΣΕΚ Α' ΘΕΣΣΑΛΟΝΙΚΗΣ,22.930384,40.637319
2700,2ο ΣΕΚ ΘΕΣΣΑΛΟΝΙΚΗΣ,22.914903,40.647978
2701,3ο ΣΕΚ ΘΕΣΣΑΛΟΝΙΚΗΣ,22.957221,40.61632
2702,1ο ΣΕΚ ΣΙΔΗΡΟΚΑΣΤΡΟΥ,23.392969,41.232721
2703,2ο ΣΕΚ ΠΕΛΛΑΣ (ΓΙΑΝΝΙΤΣΩΝ),22.414655,40.804789
2704,4ο ΣΕΚ ΘΕΣΣΑΛΟΝΙΚΗΣ,22.957221,40.61632
2705,7ο ΣΕΚ ΘΕΣΣΑΛΟΝΙΚΗΣ (ΠΥΛΑΙΑΣ),22.977836,40.56049
2706,1ο ΣΕΚ ΝΙΓΡΙΤΑΣ,23.504042,40.905929
2707,1ο ΣΕΚ ΣΕΡΡΩΝ,23.524258,41.083933
2708,1ο ΣΕΚ ΠΕΛΛΑΣ (ΕΔΕΣΣΑΣ),22.037946,40.802282
2709,1ο ΣΕΚ ΘΕΣΣΑΛΟΝΙΚΗΣ,22.914385,40.647897
2710,1ο ΣΕΚ ΠΕΛΛΑΣ (ΓΙΑΝΝΙΤΣΩΝ),,
2711,1ο ΣΕΚ ΑΡΙΔΑΙΑΣ,22.063519,40.973027
2712,Α' ΣΥΜΒΟΥΛΕΥΤΙΚΟΣ ΣΤΑΘΜΟΣ ΝΕΩΝ ΘΕΣΣΑΛΟΝΙΚΗΣ,22.951662,40.637377
2713,ΔΗΜΟΤΙΚΟ ΣΧΟΛΕΙΟ ΘΕΡΜΩΝ,23.557445,40.89488
2714,2ο ΔΗΜΟΤΙΚΟ ΣΧΟΛΕΙΟ ΝΙΓΡΙΤΑΣ,23.50293,40.905954
2715,ΔΗΜΟΤΙΚΟ ΣΧΟΛΕΙΟ ΝΙΚΟΚΛΕΙΑΣ,23.428992,40.932877
2716,1ο ΔΗΜΟΤΙΚΟ ΣΧΟΛΕΙΟ ΝΙΓΡΙΤΑΣ,23.502929,40.905958
2717,ΔΗΜΟΤΙΚΟ ΣΧΟΛΕΙΟ ΙΒΗΡΩΝ,23.697041,40.894841
2718,ΔΗΜΟΤΙΚΟ ΣΧΟΛΕΙΟ ΑΓΙΑΣ ΠΑΡΑΣΚΕΥΗΣ,23.458991,40.948811
2719,ΔΗΜΟΤΙΚΟ ΣΧΟΛΕΙΟ ΞΗΡΟΤΟΠΟΥ ΣΕΡΡΩΝ,,
2720,15ο ΔΗΜΟΤΙΚΟ ΣΧΟΛΕΙΟ ΣΕΡΡΩΝ,23.542456,41.088435
2721,1ο ΔΗΜΟΤΙΚΟ ΣΧΟΛΕΙΟ ΗΡΑΚΛΕΙΑΣ ΣΕΡΡΩΝ,23.28291,41.181771
2722,11ο ΔΗΜΟΤΙΚΟ ΣΧΟΛΕΙΟ ΣΕΡΡΩΝ,23.534674,41.084699
2723,12ο ΔΗΜΟΤΙΚΟ ΣΧΟΛΕΙΟ ΣΕΡΡΩΝ,23.531267,41.079163
2724,13ο ΔΗΜΟΤΙΚΟ ΣΧΟΛΕΙΟ ΣΕΡΡΩΝ,23.533846,41.081303
2725,ΔΗΜΟΤΙΚΟ ΣΧΟΛΕΙΟ ΠΡΟΒΑΤΑ ΣΕΡΡΩΝ,23.388762,41.066756
2726,9ο ΔΗΜΟΤΙΚΟ ΣΧΟΛΕΙΟ ΣΕΡΡΩΝ,23.545235,41.090258
2727,ΔΗΜΟΤΙΚΟ ΣΧΟΛΕΙΟ ΛΕΥΚΩΝΟΣ ΣΕΡΡΩΝ,23.493843,41.099381
2728,ΔΗΜΟΤΙΚΟ ΣΧΟΛΕΙΟ ΧΡΥΣΟΥ ΣΕΡΡΩΝ,23.652948,41.055783
2729,ΔΗΜΟΤΙΚΟ ΣΧΟΛΕΙΟ ΨΥΧΙΚΟΥ ΣΕΡΡΩΝ,23.631312,41.003658
2730,ΔΗΜΟΤΙΚΟ ΣΧΟΛΕΙΟ ΚΑΤΩ ΜΗΤΡΟΥΣΙΟΥ ΣΕΡΡΩΝ,23.460087,41.069899
2731,10ο ΔΗΜΟΤΙΚΟ ΣΧΟΛΕΙΟ ΣΕΡΡΩΝ,23.537517,41.085148
2732,ΔΗΜΟΤΙΚΟ ΣΧΟΛΕΙΟ ΠΑΛΑΙΟΚΑΣΤΡΟΥ ΣΕΡΡΩΝ,23.413277,41.156005
2733,ΔΗΜΟΤΙΚΟ ΣΧΟΛΕΙΟ ΝΕΑΣ ΤΥΡΟΛΟΗΣ ΣΕΡΡΩΝ,23.376947,41.111318
2734,8ο ΔΗΜΟΤΙΚΟ ΣΧΟΛΕΙΟ ΣΕΡΡΩΝ,23.547854,41.082348
2735,ΔΗΜΟΤΙΚΟ ΣΧΟΛΕΙΟ ΚΑΡΠΕΡΗΣ ΣΕΡΡΩΝ,23.306389,41.131356
2736,ΔΗΜΟΤΙΚΟ ΣΧΟΛΕΙΟ ΚΑΛΩΝ ΔΕΝΔΡΩΝ ΣΕΡΡΩΝ,23.425343,41.09841
2737,ΔΗΜΟΤΙΚΟ ΣΧΟΛΕΙΟ ΧΡΥΣΟΧΩΡΑΦΩΝ ΣΕΡΡΩΝ,23.236431,41.179484
2738,ΔΗΜΟΤΙΚΟ ΣΧΟΛΕΙΟ ΛΙΘΟΤΟΠΟΥ ΣΕΡΡΩΝ,23.220203,41.134112
2739,ΔΗΜΟΤΙΚΟ ΣΧΟΛΕΙΟ ΚΟΥΜΑΡΙΑΣ ΣΕΡΡΩΝ,23.434606,41.015138
2740,ΔΗΜΟΤΙΚΟ ΣΧΟΛΕΙΟ ΣΚΟΥΤΑΡΗΣ ΣΕΡΡΩΝ,23.518929,41.015886
2741,18ο ΔΗΜΟΤΙΚΟ ΣΧΟΛΕΙΟ ΣΕΡΡΩΝ,23.535614,41.077007
2742,ΔΗΜΟΤΙΚΟ ΣΧΟΛΕΙΟ ΠΕΡΙΚΛΕΙΑΣ,22.267599,41.098002
2743,2ο ΔΗΜΟΤΙΚΟ ΣΧΟΛΕΙΟ ΑΓΙΟΥ ΠΑΥΛΟΥ,22.967121,40.635745
2744,ΔΗΜΟΤΙΚΟ ΣΧΟΛΕΙΟ ΑΓΙΟΥ ΛΟΥΚΑ ΓΙΑΝΝΙΤΣΩΝ,22.296619,40.718433
2745,ΔΗΜΟΤΙΚΟ ΣΧΟΛΕΙΟ ΕΣΩΒΑΛΤΩΝ ΓΙΑΝΝΙΤΣΩΝ,22.264121,40.705793
2746,ΔΗΜΟΤΙΚΟ ΣΧΟΛΕΙΟ ΣΤΑΥΡΟΔΡΟΜΙΟΥ ΓΙΑΝΝΙΤ,,
2747,ΔΗΜΟΤΙΚΟ ΣΧΟΛΕΙΟ ΓΑΛΑΤΑΔΩΝ ΓΙΑΝΝΙΤΣΩΝ,22.284884,40.75413
2748,ΔΗΜΟΤΙΚΟ ΣΧΟΛΕΙΟ ΜΕΛΙΣΣΙΟΥ ΓΙΑΝΝΙΤΣΩΝ,22.353755,40.772892
2749,ΔΗΜΟΤΙΚΟ ΣΧΟΛΕΙΟ ΚΑΛΥΒΙΩΝ,22.219989,40.753231
2750,ΑΡΣΑΚΕΙΟ ΔΗΜΟΤΙΚΟ ΘΕΣΣΑΛΟΝΙΚΗΣ,,
2751,ΔΗΜΟΤΙΚΟ ΣΧΟΛΕΙΟ ΑΚΡΟΛΙΜΝΗΣ ΓΙΑΝΝΙΤΣΩΝ,22.267432,40.679368
2752,1ο ΔΗΜΟΤΙΚΟ ΣΧΟΛΕΙΟ ΠΕΡΑΙΑΣ,22.928619,40.496564
2753,ΔΗΜΟΤΙΚΟ ΣΧΟΛΕΙΟ ΠΕΛΛΑΣ ΓΙΑΝΝΙΤΣΩΝ,,
2754,ΔΗΜΟΤΙΚΟ ΣΧΟΛΕΙΟ ΤΙΤΑΝΗΣ ΚΟΡΙΝΘΙΑΣ,,
2755,ΔΗΜΟΤΙΚΟ ΣΧΟΛΕΙΟ ΝΕΑΣ ΠΕΛΛΑΣ ΓΙΑΝΝΙΤΣΩΝ,,
2756,1ο ΔΗΜΟΤΙΚΟ ΣΧΟΛΕΙΟ ΓΙΑΝΝΙΤΣΩΝ,22.408834,40.793864
2757,2ο ΔΗΜΟΤΙΚΟ ΣΧΟΛΕΙΟ ΓΙΑΝΝΙΤΣΩΝ,22.415902,40.794517
2758,3ο ΔΗΜΟΤΙΚΟ ΣΧΟΛΕΙΟ ΓΙΑΝΝΙΤΣΩΝ ΑΓΑΘΟΒΟΥΛΕΙΟ,22.405735,40.788289
2759,4ο ΔΗΜΟΤΙΚΟ ΣΧΟΛΕΙΟ ΓΙΑΝΝΙΤΣΩΝ,22.412432,40.802095
2760,5ο ΔΗΜΟΤΙΚΟ ΣΧΟΛΕΙΟ ΓΙΑΝΝΙΤΣΩΝ,22.417738,40.790548
2761,ΔΗΜΟΤΙΚΟ ΣΧΟΛΕΙΟ ΣΤΥΜΦΑΛΙΑΣ,22.463457,37.874207
2762,ΔΗΜΟΤΙΚΟ ΣΧΟΛΕΙΟ ΑΞΟΥ ΓΙΑΝΝΙΤΣΩΝ,22.363427,40.800737
2763,7ο ΔΗΜΟΤΙΚΟ ΣΧΟΛΕΙΟ ΓΙΑΝΝΙΤΣΩΝ,22.401641,40.790262
2764,ΔΗΜΟΤΙΚΟ ΣΧΟΛΕΙΟ ΔΑΜΙΑΝΟΥ ΓΙΑΝΝΙΤΣΩΝ,,
2765,ΔΗΜΟΤΙΚΟ ΣΧΟΛΕΙΟ ΜΕΣΙΑΝΟΥ ΓΙΑΝΝΙΤΣΩΝ,,
2766,ΔΗΜΟΤΙΚΟ ΣΧΟΛΕΙΟ ΠΕΝΤΑΠΛΑΤΑΝΟΥ ΓΙΑΝΝΙΤΣΩΝ,,
2767,ΔΗΜΟΤΙΚΟ ΣΧΟΛΕΙΟ ΔΑΦΝΗΣ ΙΣΤΙΑΙΑΣ,,
2768,ΔΗΜΟΤΙΚΟ ΣΧΟΛΕΙΟ ΠΛΑΓΙΑΡΙΟΥ ΓΙΑΝΝΙΤΣΩΝ,22.279899,40.851535
2769,ΔΗΜΟΤΙΚΟ ΣΧΟΛΕΙΟ ΛΙΠΑΡΟΥ ΓΙΑΝΝΙΤΣΩΝ,22.246191,40.744945
2770,ΔΗΜΟΤΙΚΟ ΣΧΟΛΕΙΟ ΙΔΑΣ,22.178475,41.008004
2771,ΔΗΜΟΤΙΚΟ ΣΧΟΛΕΙΟ ΦΟΥΣΤΑΝΗΣ,22.176426,41.052745
2772,ΔΗΜΟΤΙΚΟ ΣΧΟΛΕΙΟ ΘΗΡΙΟΠΕΤΡΑΣ,22.162203,41.054159
2773,ΔΗΜΟΤΙΚΟ ΣΧΟΛΕΙΟ ΒΟΥΤΑ ΙΣΤΙΑΙΑΣ,23.218197,38.91133
2774,ΔΗΜΟΤΙΚΟ ΣΧΟΛΕΙΟ ΘΕΟΔΩΡΑΚΕΙΟΥ,22.193244,40.946894
2775,6ο ΔΗΜΟΤΙΚΟ ΣΧΟΛΕΙΟ ΓΙΑΝΝΙΤΣΩΝ,22.41446,40.786572
2776,ΔΗΜΟΤΙΚΟ ΣΧΟΛΕΙΟ ΕΞΑΠΛΑΤΑΝΟΥ,22.131576,40.974861
2777,ΔΗΜΟΤΙΚΟ ΣΧΟΛΕΙΟ ΚΑΣΤΡΑΚΙΟΥ ΚΟΡΙΝΘΙΑΣ,,
2778,ΔΗΜΟΤΙΚΟ ΣΧΟΛΕΙΟ ΛΑΥΚΑΣ,,
2779,ΔΗΜΟΤΙΚΟ ΣΧΟΛΕΙΟ ΑΡΧΑΓΓΕΛΟΥ,22.280498,41.07913
2780,ΔΗΜΟΤΙΚΟ ΣΧΟΛΕΙΟ ΚΩΝΣΤΑΝΤΙΑΣ,22.17748,40.995436
2781,2ο ΔΗΜΟΤΙΚΟ ΣΧΟΛΕΙΟ ΑΡΙΔΑΙΑΣ,22.059523,40.968607
2782,1ο ΔΗΜΟΤΙΚΟ ΣΧΟΛΕΙΟ ΑΡΙΔΑΙΑΣ,22.055538,40.973269
2783,ΔΗΜΟΤΙΚΟ ΣΧΟΛΕΙΟ ΜΑΝΝΑΣ,,
2784,ΔΗΜΟΤΙΚΟ ΣΧΟΛΕΙΟ ΑΓΡΙΟΒΟΤΑΝΟΥ ΙΣΤΙΑΙΑΣ,,
2785,ΔΗΜΟΤΙΚΟ ΣΧΟΛΕΙΟ ΒΑΤΟΛΑΚΚΟΥ ΓΡΕΒΕΝΩΝ,21.482633,40.151002
2786,ΔΗΜΟΤΙΚΟ ΣΧΟΛΕΙΟ ΑΜΥΓΔΑΛΕΩΝ ΓΡΕΒΕΝΩΝ,21.375598,40.154323
2787,114ο ΔΗΜΟΤΙΚΟ ΣΧΟΛΕΙΟ ΘΕΣΣΑΛΟΝΙΚΗΣ,22.972477,40.607204
2788,ΔΗΜΟΤΙΚΟ ΣΧΟΛΕΙΟ ΑΓΙΟΥ ΓΕΩΡΓΙΟΥ,,
2789,ΔΗΜΟΤΙΚΟ ΣΧΟΛΕΙΟ ΝΕΟΥ ΜΥΛΟΤΟΠΟΥ ΓΙΑΝΝΙΤ,22.355369,40.816938
2790,ΔΗΜΟΤΙΚΟ ΣΧΟΛΕΙΟ ΠΑΛΑΙΟΥ ΜΥΛΟΤΟΠΟΥ ΓΙΑΝΝΙΤ,22.326027,40.799628
2791,ΔΗΜΟΤΙΚΟ ΣΧΟΛΕΙΟ ΠΟΛΥΜΥΛΟΥ,22.068585,40.368806
2792,ΔΗΜΟΤΙΚΟ ΣΧΟΛΕΙΟ ΑΜΠΕΛΕΙΩΝ ΓΙΑΝΝΙΤΣΩΝ,22.388918,40.832711
2793,ΔΗΜΟΤΙΚΟ ΣΧΟΛΕΙΟ ΑΧΛΑΔΟΧΩΡΙΟΥ ΓΙΑΝΝΙΤΣΩΝ,22.343106,40.836634
2794,ΔΗΜΟΤΙΚΟ ΣΧΟΛΕΙΟ ΑΡΑΒΗΣΣΟΥ ΓΙΑΝΝΙΤΣΩΝ,22.303985,40.841957
2795,ΔΗΜΟΤΙΚΟ ΣΧΟΛΕΙΟ ΠΑΡΑΛΙΜΝΗΣ ΓΙΑΝΝΙΤΣΩΝ,,
2796,ΔΗΜΟΤΙΚΟ ΣΧΟΛΕΙΟ ΚΑΡΥΩΤΙΣΣΑΣ ΓΙΑΝΝΙΤΣΩΝ,22.314246,40.76642
2797,ΔΗΜΟΤΙΚΟ ΣΧΟΛΕΙΟ ΚΟΙΜΗΣΗΣ ΣΙΝΤΙΚΗΣ,23.304341,41.211488
2798,ΔΗΜΟΤΙΚΟ ΣΧΟΛΕΙΟ ΝΕΟΥ ΣΟΥΛΙΟΥ ΣΕΡΡΩΝ,23.64535,41.092488
2799,ΔΗΜΟΤΙΚΟ ΣΧΟΛΕΙΟ ΝΕΟΧΩΡΙΟΥ ΣΕΡΡΩΝ,23.580352,41.050848
2800,ΔΗΜΟΤΙΚΟ ΣΧΟΛΕΙΟ ΚΑΤΩ ΟΡΕΙΝΗΣ ΣΕΡΡΩΝ,23.593024,41.192634
2801,ΔΗΜΟΤΙΚΟ ΣΧΟΛΕΙΟ ΚΑΤΩ ΚΑΜΗΛΑΣ ΣΕΡΡΩΝ,23.483118,41.020554
2802,1ο ΔΗΜΟΤΙΚΟ ΣΧΟΛΕΙΟ ΣΙΔΗΡΟΚΑΣΤΡΟΥ,23.391366,41.232812
2803,2ο ΔΗΜΟΤΙΚΟ ΣΧΟΛΕΙΟ ΣΙΔΗΡΟΚΑΣΤΡΟΥ,23.39936,41.180787
2804,3ο ΔΗΜΟΤΙΚΟ ΣΧΟΛΕΙΟ ΣΙΔΗΡΟΚΑΣΤΡΟΥ,23.391366,41.232812
2805,ΔΗΜΟΤΙΚΟ ΣΧΟΛΕΙΟ ΜΑΥΡΟΠΗΓΗΣ ΕΟΡΔΑΙΑΣ,,
2806,ΔΗΜΟΤΙΚΟ ΣΧΟΛΕΙΟ ΜΟΝΟΒΡΥΣΗΣ ΣΕΡΡΩΝ,23.604438,41.0588
2807,ΔΗΜΟΤΙΚΟ ΣΧΟΛΕΙΟ ΒΥΡΩΝΕΙΑΣ ΣΙΝΤΙΚΗΣ,23.256709,41.261539
2808,ΔΗΜΟΤΙΚΟ ΣΧΟΛΕΙΟ ΚΑΜΑΡΩΤΟΥ ΣΙΝΤΙΚΗΣ,23.361493,41.195538
2809,ΔΗΜΟΤΙΚΟ ΣΧΟΛΕΙΟ ΑΣΒΕΣΤΟΠΕΤΡΑΣ ΕΟΡΔΑΙΑΣ,,
2810,ΔΗΜΟΤΙΚΟ ΣΧΟΛΕΙΟ ΑΓΙΑΣ ΕΛΕΝΗΣ ΣΕΡΡΩΝ,23.558816,41.001266
2811,ΔΗΜΟΤΙΚΟ ΣΧΟΛΕΙΟ ΧΑΡΟΠΟΥ ΣΙΝΤΙΚΗΣ,23.376492,41.262991
2812,ΔΗΜΟΤΙΚΟ ΣΧΟΛΕΙΟ ΚΡΗΝΙΔΑΣ ΦΥΛΛΙΔΑΣ,23.98469,40.992696
2813,ΔΗΜΟΤΙΚΟ ΣΧΟΛΕΙΟ ΜΑΥΡΟΛΟΦΟΥ ΦΥΛΛΙΔΑΣ,23.873646,40.91128
2814,ΔΗΜΟΤΙΚΟ ΣΧΟΛΕΙΟ ΜΕΓΑΛΟΧΩΡΙΟΥ ΣΙΝΤΙΚΗΣ,23.226124,41.24404
2815,ΔΗΜΟΤΙΚΟ ΣΧΟΛΕΙΟ ΚΑΣΤΑΝΟΥΣΗΣ ΣΙΝΤΙΚΗΣ,22.893957,41.276659
2816,ΔΗΜΟΤΙΚΟ ΣΧΟΛΕΙΟ ΧΟΡΤΕΡΟΥ ΣΙΝΤΙΚΗΣ,23.368951,41.219229
2817,ΔΗΜΟΤΙΚΟ ΣΧΟΛΕΙΟ ΠΑΡΑΛΙΜΝΙΟΥ ΣΕΡΡΩΝ,23.669986,40.984117
2818,ΔΗΜΟΤΙΚΟ ΣΧΟΛΕΙΟ ΡΟΔΟΠΟΛΗΣ ΣΙΝΤΙΚΗΣ,23.001867,41.260008
2819,ΔΗΜΟΤΙΚΟ ΣΧΟΛΕΙΟ ΠΟΝΤΙΣΜΕΝΟΥ ΣΙΝΤΙΚΗΣ,23.280726,41.204458
2820,ΔΗΜΟΤΙΚΟ ΣΧΟΛΕΙΟ ΛΙΜΝΟΧΩΡΙΟΥ ΣΙΝΤΙΚΗΣ,23.202713,41.203509
2821,ΔΗΜΟΤΙΚΟ ΣΧΟΛΕΙΟ ΛΙΒΑΔΙΑΣ-ΝΕΟΧΩΡΙΟΥ ΣΙΝΤΙΚΗΣ,23.078628,41.246134
2822,ΔΗΜΟΤΙΚΟ ΣΧΟΛΕΙΟ ΚΕΡΚΙΝΗΣ ΣΙΝΤΙΚΗΣ,23.086322,41.21875
2823,ΔΗΜΟΤΙΚΟ ΣΧΟΛΕΙΟ ΝΕΟΥ ΠΕΤΡΙΤΣΙΟΥ,23.295779,41.27357
2824,ΔΗΜΟΤΙΚΟ ΣΧΟΛΕΙΟ ΚΟΡΜΙΣΤΑΣ ΦΥΛΛΙΔΑΣ,24.058471,40.981059
2825,ΔΗΜΟΤΙΚΟ ΣΧΟΛΕΙΟ ΝΕΟΥ ΣΚΟΠΟΥ ΣΕΡΡΩΝ,23.611377,41.023254
2826,ΔΗΜΟΤΙΚΟ ΣΧΟΛΕΙΟ ΚΩΝΣΤΑΝΤΙΝΑΤΟΥ ΣΕΡΡΩΝ,23.543759,41.017048
2827,ΔΗΜΟΤΙΚΟ ΣΧΟΛΕΙΟ ΕΜΜ ΠΑΠΑ ΣΕΡΡΩΝ,23.711188,41.0823
2828,ΔΗΜΟΤΙΚΟ ΣΧΟΛΕΙΟ ΒΑΜΒΑΚΟΥΣΗΣ ΣΕΡΡΩΝ,23.490977,40.995247
2829,ΔΗΜΟΤΙΚΟ ΣΧΟΛΕΙΟ ΒΑΛΤΟΤΟΠΙΟΥ ΣΕΡΡΩΝ,23.596693,40.992551
2830,ΔΗΜΟΤΙΚΟ ΣΧΟΛΕΙΟ ΑΝΩ ΒΡΟΝΤΟΥΣ,,
2831,ΔΗΜΟΤΙΚΟ ΣΧΟΛΕΙΟ ΑΓΙΟΥ ΠΝΕΥΜΑΤΟΣ ΣΕΡΡΩΝ,23.681508,41.10099
2832,4ο ΔΗΜΟΤΙΚΟ ΣΧΟΛΕΙΟ ΣΕΡΡΩΝ,23.550847,41.086807
2833,5ο ΔΗΜΟΤΙΚΟ ΣΧΟΛΕΙΟ ΣΕΡΡΩΝ,23.558468,41.092317
2834,6ο ΔΗΜΟΤΙΚΟ ΣΧΟΛΕΙΟ ΣΕΡΡΩΝ,23.554732,41.085751
2835,20ο ΔΗΜΟΤΙΚΟ ΣΧΟΛΕΙΟ ΣΕΡΡΩΝ,23.5482,41.09268
2836,ΔΗΜΟΤΙΚΟ ΣΧΟΛΕΙΟ ΧΕΙΜΑΡΟΥ ΣΕΡΡΩΝ,23.258669,41.109331
2837,ΔΗΜΟΤΙΚΟ ΣΧΟΛΕΙΟ ΓΕΦΥΡΟΥΔΙΟΥ ΣΕΡΡΩΝ,23.362289,41.160884
2838,ΔΗΜΟΤΙΚΟ ΣΧΟΛΕΙΟ ΒΑΛΤΕΡΟΥ ΣΕΡΡΩΝ,23.321443,41.178436
2839,ΔΗΜΟΤΙΚΟ ΣΧΟΛΕΙΟ ΜΑΥΡΟΘΑΛΑΣΣΑΣ,23.746102,40.892795
2840,14ο ΔΗΜΟΤΙΚΟ ΣΧΟΛΕΙΟ ΑΓΙΟΥ ΙΩΑΝΝΗ ΣΕΡΡΩΝ,23.558731,41.09313
2841,ΔΗΜΟΤΙΚΟ ΣΧΟΛΕΙΟ ΣΙΤΟΧΩΡΙΟΥ,23.617355,40.880745
2842,ΔΗΜΟΤΙΚΟ ΣΧΟΛΕΙΟ ΝΕΩΝ ΚΕΡΔΥΛΙΩΝ,23.842355,40.794668
2843,ΔΗΜΟΤΙΚΟ ΣΧΟΛΕΙΟ ΔΗΜΗΤΡΙΤΣΙΟΥ,23.415605,40.984827
2844,ΔΗΜΟΤΙΚΟ ΣΧΟΛΕΙΟ ΤΕΡΠΝΗΣ,23.480536,40.916054
2845,ΔΗΜΟΤΙΚΟ ΣΧΟΛΕΙΟ ΕΥΚΑΡΠΙΑΣ,23.774575,40.860964
2846,ΔΗΜΟΤΙΚΟ ΣΧΟΛΕΙΟ ΑΧΙΝΟΥ,23.656013,40.919984
2847,ΔΗΜΟΤΙΚΟ ΣΧΟΛΕΙΟ ΒΕΡΓΗΣ,23.399551,40.953256
2848,ΔΗΜΟΤΙΚΟ ΣΧΟΛΕΙΟ ΑΝΘΗΣ,23.508702,40.943627
2849,3ο ΔΗΜΟΤΙΚΟ ΣΧΟΛΕΙΟ ΣΕΡΡΩΝ,23.552472,41.091782
2850,17ο ΔΗΜΟΤΙΚΟ ΣΧΟΛΕΙΟ ΣΕΡΡΩΝ,23.557996,41.085261
2851,ΔΗΜΟΤΙΚΟ ΣΧΟΛΕΙΟ ΣΤΡΥΜΟΝΙΚΟΥ ΣΕΡΡΩΝ,23.315134,41.041218
2852,ΔΗΜΟΤΙΚΟ ΣΧΟΛΕΙΟ ΦΛΑΜΠΟΥΡΟΥ,23.566734,40.930619
2853,19ο ΔΗΜΟΤΙΚΟ ΣΧΟΛΕΙΟ ΣΕΡΡΩΝ,23.555592,41.089138
2854,ΔΗΜΟΤΙΚΟ ΣΧΟΛΕΙΟ ΠΑΛΑΙΟΚΩΜΗΣ ΦΥΛΛΙΔΑΣ,23.900908,40.869608
2855,ΔΗΜΟΤΙΚΟ ΣΧΟΛΕΙΟ ΠΕΘΕΛΙΝΟΥ,,
2856,ΔΗΜΟΤΙΚΟ ΣΧΟΛΕΙΟ ΠΡΩΤΗΣ ΦΥΛΛΙΔΑΣ,24.005437,40.942638
2857,ΔΗΜΟΤΙΚΟ ΣΧΟΛΕΙΟ ΤΟΥΜΠΑΣ,23.707762,41.021872
2858,"ΔΗΜΟΤΙΚΟ ΣΧΟΛΕΙΟ ΡΟΔΟΛΙΒΟΥΣ ""ΟΡΦΕΑΣ""",23.975679,40.919553
2859,ΔΗΜΟΤΙΚΟ ΣΧΟΛΕΙΟ ΑΝΩ ΜΗΤΡΟΥΣΙΟΥ,23.460087,41.069896
2860,ΔΗΜΟΤΙΚΟ ΣΧΟΛΕΙΟ ΛΕΥΚΟΘΕΑΣ,23.91116,41.027975
2861,1ο ΔΗΜΟΤΙΚΟ ΣΧΟΛΕΙΟ ΣΕΡΡΩΝ ΕΙΔΙΚΟ,,
2862,7ο ΔΗΜΟΤΙΚΟ ΣΧΟΛΕΙΟ ΣΕΡΡΩΝ,23.545029,41.081569
2863,16ο ΔΗΜΟΤΙΚΟ ΣΧΟΛΕΙΟ ΣΕΡΡΩΝ,23.554661,41.085612
2864,2ο ΔΗΜΟΤΙΚΟ ΣΧΟΛΕΙΟ ΗΡΑΚΛΕΙΑΣ,23.282911,41.181772
2865,21ο ΔΗΜΟΤΙΚΟ ΣΧΟΛΕΙΟ ΣΕΡΡΩΝ,23.542498,41.0883
2866,22ο ΔΗΜΟΤΙΚΟ ΣΧΟΛΕΙΟ ΣΕΡΡΩΝ,23.553602,41.078969
2867,ΔΗΜΟΤΙΚΟ ΣΧΟΛΕΙΟ ΝΕΑΣ ΖΙΧΝΗΣ ΦΥΛΛΙΔΑΣ,23.830172,41.028871
2868,ΔΗΜΟΤΙΚΟ ΣΧΟΛΕΙΟ ΝΕΑΣ ΜΠΑΦΡΑΣ ΦΥΛΛΙΔΑΣ,24.019587,40.988011
2869,ΔΗΜΟΤΙΚΟ ΣΧΟΛΕΙΟ ΓΑΖΩΡΟΥ ΦΥΛΛΙΔΑΣ,23.77553,41.021441
2870,ΔΗΜΟΤΙΚΟ ΣΧΟΛΕΙΟ ΑΛΙΣΤΡΑΤΗΣ ΦΥΛΛΙΔΑΣ,23.957861,41.06445
2871,ΔΗΜΟΤΙΚΟ ΣΧΟΛΕΙΟ ΔΡΑΒΗΣΚΟΥ,23.872243,40.922546
2872,3ο ΔΗΜΟΤΙΚΟ ΣΧΟΛΕΙΟ ΝΙΓΡΙΤΑΣ,23.502927,40.905956
2873,3ο ΔΗΜΟΤΙΚΟ ΣΧΟΛΕΙΟ ΤΡΙΑΝΔΡΙΑΣ,22.976555,40.627286
2874,18ο ΔΗΜΟΤΙΚΟ ΣΧΟΛΕΙΟ ΘΕΣΣΑΛΟΝΙΚΗΣ,22.952506,40.608858
2875,15ο ΔΗΜΟΤΙΚΟ ΣΧΟΛΕΙΟ ΚΑΛΑΜΑΡΙΑΣ,22.942103,40.582513
2876,2ο ΔΗΜΟΤΙΚΟ ΣΧΟΛΕΙΟ ΘΕΡΜΗΣ,23.022088,40.548638
2877,1ο ΔΗΜΟΤΙΚΟ ΣΧΟΛΕΙΟ ΝΕΑΣ ΜΗΧΑΝΙΩΝΑΣ ΘΕΣΣΑΛ,22.861233,40.463364
2878,25ο ΔΗΜΟΤΙΚΟ ΣΧΟΛΕΙΟ ΣΕΡΡΩΝ,,
2879,ΔΗΜΟΤΙΚΟ ΣΧΟΛΕΙΟ ΜΙΚΡΟΚΑΣΤΡΟΥ ΒΟΙΟΥ,21.50478,40.264445
2880,1ο ΔΗΜΟΤΙΚΟ ΣΧΟΛΕΙΟ ΣΕΡΡΩΝ,23.544793,41.081622
2881,3ο ΔΗΜΟΤΙΚΟ ΣΧΟΛΕΙΟ ΕΠΑΝΟΜΗΣ,22.932477,40.42558
2882,23ο ΔΗΜΟΤΙΚΟ ΣΧΟΛΕΙΟ ΣΕΡΡΩΝ,23.548297,41.086968
2883,ΔΗΜΟΤΙΚΟ ΣΧΟΛΕΙΟ ΜΕΣΗΜΕΡΙΟΥ,22.026581,40.790705
2884,2ο ΔΗΜΟΤΙΚΟ ΣΧΟΛΕΙΟ ΘΕΣΣΑΛΟΝΙΚΗΣ ΠΕΙΡΑΜΑΤΙΚΟ,22.954318,40.61552
2885,ΔΗΜΟΤΙΚΟ ΣΧΟΛΕΙΟ ΑΜΜΟΥΔΙΑΣ ΣΕΡΡΩΝ,23.334541,41.142828
2886,ΔΗΜΟΤΙΚΟ ΣΧΟΛΕΙΟ ΤΟΞΟΥ,,
2887,ΔΗΜΟΤΙΚΟ ΣΧΟΛΕΙΟ ΕΛΑΤΟΧΩΡΙΟΥ,22.267643,40.318185
2888,ΔΗΜΟΤΙΚΟ ΣΧΟΛΕΙΟ ΚΑΤΑΛΩΝΙΩΝ,22.366376,40.349465
2889,ΔΗΜΟΤΙΚΟ ΣΧΟΛΕΙΟ ΣΚΟΤΟΥΣΗΣ ΣΕΡΡΩΝ,23.381638,41.126811
2890,ΔΗΜΟΤΙΚΟ ΣΧΟΛΕΙΟ ΒΑΜΒΑΚΙΑΣ ΣΕΡΡΩΝ,23.345085,41.082939
2891,ΔΗΜΟΤΙΚΟ ΣΧΟΛΕΙΟ ΠΕΠΟΝΙΑΣ ΣΕΡΡΩΝ,23.520766,40.986541
2892,ΔΗΜΟΤΙΚΟ ΣΧΟΛΕΙΟ ΑΝΥΔΡΟΥ ΓΙΑΝΝΙΤΣΩΝ,22.208991,40.832134
2893,16ο ΔΗΜΟΤΙΚΟ ΣΧΟΛΕΙΟ ΘΕΣΣΑΛΟΝΙΚΗΣ,22.962551,40.609273
2894,2ο ΔΗΜΟΤΙΚΟ ΣΧΟΛΕΙΟ ΠΑΝΟΡΑΜΑΤΟΣ,23.020683,40.579701
2895,ΔΗΜΟΤΙΚΟ ΣΧΟΛΕΙΟ ΠΕΝΤΑΠΟΛΗΣ ΣΕΡΡΩΝ,23.689517,41.048476
2896,3ο ΔΗΜΟΤΙΚΟ ΣΧΟΛΕΙΟ ΚΡΥΑΣ ΒΡΥΣΗΣ ΓΙΑΝΝΙΤ,22.307033,40.685645
2897,4ο ΔΗΜΟΤΙΚΟ ΣΧΟΛΕΙΟ ΤΡΙΑΝΔΡΙΑΣ,22.971906,40.626859
2898,3ο ΔΗΜΟΤΙΚΟ ΣΧΟΛΕΙΟ ΘΕΡΜΗΣ,23.022005,40.548846
2899,ΔΗΜΟΤΙΚΟ ΣΧΟΛΕΙΟ ΒΑΜΒΑΚΟΦΥΤΟΥ ΣΕΡΡΩΝ,23.39936,41.180787
2900,107ο ΔΗΜΟΤΙΚΟ ΣΧΟΛΕΙΟ ΘΕΣΣΑΛΟΝΙΚΗΣ,22.961865,40.605073
2901,10ο ΔΗΜΟΤΙΚΟ ΣΧΟΛΕΙΟ ΓΙΑΝΝΙΤΣΩΝ,,
2902,ΔΗΜΟΤΙΚΟ ΣΧΟΛΕΙΟ ΚΩΦΩΝ - ΒΑΡΗΚΟΩΝ ΕΙΔΙΚΟ,,
2903,ΝΗΠΙΑΓΩΓΕΙΟ ΘΕΣΣΑΛΟΝΙΚΗΣ ΕΙΔΙΚΟ,,
2904,72ο ΔΗΜΟΤΙΚΟ ΣΧΟΛΕΙΟ ΘΕΣΣΑΛΟΝΙΚΗΣ,22.968506,40.610278
2905,ΔΗΜΟΤΙΚΟ ΣΧΟΛΕΙΟ ΣΑΡΑΚΗΝΩΝ,21.953686,40.91394
2906,1ο ΔΗΜΟΤΙΚΟ ΣΧΟΛΕΙΟ ΤΡΙΑΝΔΡΙΑΣ,22.971906,40.626859
2907,ΔΗΜΟΤΙΚΟ ΣΧΟΛΕΙΟ ΑΝΩ ΚΑΜΗΛΑΣ ΣΕΡΡΩΝ,23.42393,41.055744
2908,31ο ΔΗΜΟΤΙΚΟ ΣΧΟΛΕΙΟ ΘΕΣΣΑΛΟΝΙΚΗΣ,22.962854,40.630139
2909,25ο ΔΗΜΟΤΙΚΟ ΣΧΟΛΕΙΟ ΘΕΣΣΑΛΟΝΙΚΗΣ,22.97354,40.61917
2910,24ο ΔΗΜΟΤΙΚΟ ΣΧΟΛΕΙΟ ΘΕΣΣΑΛΟΝΙΚΗΣ,22.97289,40.615851
2911,40ο ΔΗΜΟΤΙΚΟ ΣΧΟΛΕΙΟ ΘΕΣΣΑΛΟΝΙΚΗΣ,22.947188,40.628129
2912,23ο ΔΗΜΟΤΙΚΟ ΣΧΟΛΕΙΟ ΘΕΣΣΑΛΟΝΙΚΗΣ,22.974353,40.610811
2913,26ο ΔΗΜΟΤΙΚΟ ΣΧΟΛΕΙΟ ΘΕΣΣΑΛΟΝΙΚΗΣ,22.963507,40.615913
2914,69ο ΔΗΜΟΤΙΚΟ ΣΧΟΛΕΙΟ ΘΕΣΣΑΛΟΝΙΚΗΣ,22.965565,40.600556
2915,21ο ΔΗΜΟΤΙΚΟ ΣΧΟΛΕΙΟ ΘΕΣΣΑΛΟΝΙΚΗΣ,22.978444,40.609269
2916,85ο ΔΗΜΟΤΙΚΟ ΣΧΟΛΕΙΟ ΘΕΣΣΑΛΟΝΙΚΗΣ,22.955053,40.60286
2917,6ο ΔΗΜΟΤΙΚΟ ΣΧΟΛΕΙΟ ΘΕΣΣΑΛΟΝΙΚΗΣ,22.95616,40.606466
2918,17ο ΔΗΜΟΤΙΚΟ ΣΧΟΛΕΙΟ ΘΕΣΣΑΛΟΝΙΚΗΣ,22.956489,40.597729
2919,13ο ΔΗΜΟΤΙΚΟ ΣΧΟΛΕΙΟ ΚΑΛΑΜΑΡΙΑΣ,22.948352,40.57656
2920,7ο ΔΗΜΟΤΙΚΟ ΣΧΟΛΕΙΟ ΘΕΣΣΑΛΟΝΙΚΗΣ,22.954269,40.610407
2921,ΔΗΜΟΤΙΚΟ ΣΧΟΛΕΙΟ ΛΟΥΤΡΟΧΩΡΙΟΥ,,
2922,33ο ΔΗΜΟΤΙΚΟ ΣΧΟΛΕΙΟ ΘΕΣΣΑΛΟΝΙΚΗΣ,22.961124,40.603121
2923,45ο ΔΗΜΟΤΙΚΟ ΣΧΟΛΕΙΟ ΘΕΣΣΑΛΟΝΙΚΗΣ,22.948855,40.638207
2924,ΔΗΜΟΤΙΚΟ ΣΧΟΛΕΙΟ ΠΛΑΓΙΑΡΙΟΥ ΘΕΣΣΑΛΟΝΙΚΗΣ,22.958155,40.472589
2925,87ο ΔΗΜΟΤΙΚΟ ΣΧΟΛΕΙΟ ΘΕΣΣΑΛΟΝΙΚΗΣ,22.948225,40.597711
2926,22ο ΔΗΜΟΤΙΚΟ ΣΧΟΛΕΙΟ ΘΕΣΣΑΛΟΝΙΚΗΣ,22.975596,40.56211
2927,120ο ΔΗΜΟΤΙΚΟ ΣΧΟΛΕΙΟ ΘΕΣΑΛΟΝΙΚΗΣ,,
2928,1ο ΔΗΜΟΤΙΚΟ ΣΧΟΛΕΙΟ ΘΕΣΣΑΛΟΝΙΚΗΣ ΠΕΙΡΑΜΑΤΙΚΟ,22.944856,40.635616
2929,3ο ΔΗΜΟΤΙΚΟ ΣΧΟΛΕΙΟ ΘΕΣΣΑΛΟΝΙΚΗΣ,22.956489,40.597659
2930,ΔΗΜΟΤΙΚΟ ΣΧΟΛΕΙΟ ΑΝΑΓΕΝΝΗΣΗΣ ΣΕΡΡΩΝ,23.333084,41.107837
2931,4ο ΔΗΜΟΤΙΚΟ ΣΧΟΛΕΙΟ ΘΕΣΣΑΛΟΝΙΚΗΣ ΕΙΔΙΚΟ,22.914527,40.645624
2932,94ο ΔΗΜΟΤΙΚΟ ΣΧΟΛΕΙΟ ΘΕΣΣΑΛΟΝΙΚΗΣ,22.955695,40.594546
2933,12ο ΔΗΜΟΤΙΚΟ ΣΧΟΛΕΙΟ ΚΑΛΑΜΑΡΙΑΣ,22.958516,40.569048
2934,1ο ΔΗΜΟΤΙΚΟ ΣΧΟΛΕΙΟ ΕΔΕΣΣΑΣ,22.050532,40.796992
2935,61ο ΔΗΜΟΤΙΚΟ ΣΧΟΛΕΙΟ ΘΕΣΣΑΛΟΝΙΚΗΣ,22.936308,40.645819
2936,81ο ΔΗΜΟΤΙΚΟ ΣΧΟΛΕΙΟ ΘΕΣΣΑΛΟΝΙΚΗΣ,22.955656,40.602699
2937,60ο ΔΗΜΟΤΙΚΟ ΣΧΟΛΕΙΟ ΘΕΣΣΑΛΟΝΙΚΗΣ,22.936308,40.645819
2938,59ο ΔΗΜΟΤΙΚΟ ΣΧΟΛΕΙΟ ΘΕΣΣΑΛΟΝΙΚΗΣ,22.936305,40.645831
2939,50ο ΔΗΜΟΤΙΚΟ ΣΧΟΛΕΙΟ ΘΕΣΣΑΛΟΝΙΚΗΣ,22.956122,40.641263
2940,49ο ΔΗΜΟΤΙΚΟ ΣΧΟΛΕΙΟ ΘΕΣΣΑΛΟΝΙΚΗΣ,22.956141,40.64124
2941,4ο ΔΗΜΟΤΙΚΟ ΣΧΟΛΕΙΟ ΚΡΥΑΣ ΒΡΥΣΗΣ,,
2942,8ο ΔΗΜΟΤΙΚΟ ΣΧΟΛΕΙΟ ΚΑΛΑΜΑΡΙΑΣ,,
2943,9ο ΔΗΜΟΤΙΚΟ ΣΧΟΛΕΙΟ ΚΑΛΑΜΑΡΙΑΣ,22.972905,40.570227
2944,ΔΗΜΟΤΙΚΟ ΣΧΟΛΕΙΟ ΘΕΣΣΑΛΟΝΙΚΗΣ ΤΥΦΛΩΝ  ΕΙΔΙΚΟ,,
2945,3ο ΔΗΜΟΤΙΚΟ ΣΧΟΛΕΙΟ ΠΕΡΑΙΑΣ,22.928418,40.496562
2946,4ο ΔΗΜΟΤΙΚΟ ΣΧΟΛΕΙΟ ΠΕΡΑΙΑΣ,22.928214,40.496714
2947,10ο ΔΗΜΟΤΙΚΟ ΣΧΟΛΕΙΟ ΚΑΛΑΜΑΡΙΑΣ,22.961573,40.575139
2948,1ο ΔΗΜΟΤΙΚΟ ΣΧΟΛΕΙΟ ΚΑΛΑΜΑΡΙΑΣ,22.942044,40.587911
2949,11ο ΔΗΜΟΤΙΚΟ ΣΧΟΛΕΙΟ ΚΑΛΑΜΑΡΙΑΣ,,
2950,2ο ΔΗΜΟΤΙΚΟ ΣΧΟΛΕΙΟ ΚΑΛΑΜΑΡΙΑΣ,22.942082,40.582512
2951,1ο ΔΗΜΟΤΙΚΟ ΣΧΟΛΕΙΟ ΠΑΙΔ.ΑΚΑΔ ΘΕΣΣΑΛΟΝΙΚΗΣ,22.95433,40.615511
2952,9ο ΔΗΜΟΤΙΚΟ ΣΧΟΛΕΙΟ ΘΕΣΣΑΛΟΝΙΚΗΣ,22.954701,40.613389
2953,ΔΗΜΟΤΙΚΟ ΣΧΟΛΕΙΟ ΜΙΚΡΟΥ ΣΟΥΛΙΟΥ ΦΥΛΛΙΔΑΣ,23.942319,40.888463
2954,8ο ΔΗΜΟΤΙΚΟ ΣΧΟΛΕΙΟ ΘΕΣΣΑΛΟΝΙΚΗΣ,22.952506,40.608805
2955,89ο ΔΗΜΟΤΙΚΟ ΣΧΟΛΕΙΟ ΘΕΣΣΑΛΟΝΙΚΗΣ,22.949654,40.606218
2956,90ο ΔΗΜΟΤΙΚΟ ΣΧΟΛΕΙΟ ΘΕΣΣΑΛΟΝΙΚΗΣ,22.956003,40.606452
2957,91ο ΔΗΜΟΤΙΚΟ ΣΧΟΛΕΙΟ ΘΕΣΣΑΛΟΝΙΚΗΣ,22.962539,40.609308
2958,7ο ΔΗΜΟΤΙΚΟ ΣΧΟΛΕΙΟ ΚΑΛΑΜΑΡΙΑΣ,22.96504,40.581282
2959,83ο ΔΗΜΟΤΙΚΟ ΣΧΟΛΕΙΟ ΘΕΣΣΑΛΟΝΙΚΗΣ,22.963117,40.60942
2960,3ο ΔΗΜΟΤΙΚΟ ΣΧΟΛΕΙΟ ΚΑΛΑΜΑΡΙΑΣ,22.951185,40.578234
2961,100ο ΔΗΜΟΤΙΚΟ ΣΧΟΛΕΙΟ ΘΕΣΣΑΛΟΝΙΚΗΣ,22.97354,40.61917
2962,14ο ΔΗΜΟΤΙΚΟ ΣΧΟΛΕΙΟ ΘΕΣΣΑΛΟΝΙΚΗΣ,22.961876,40.605071
2963,53ο ΔΗΜΟΤΙΚΟ ΣΧΟΛΕΙΟ ΘΕΣΣΑΛΟΝΙΚΗΣ,22.940014,40.638131
2964,13ο ΔΗΜΟΤΙΚΟ ΣΧΟΛΕΙΟ ΘΕΣΣΑΛΟΝΙΚΗΣ,22.958251,40.614397
2965,12ο ΔΗΜΟΤΙΚΟ ΣΧΟΛΕΙΟ ΘΕΣΣΑΛΟΝΙΚΗΣ,22.951648,40.61621
2966,5ο ΔΗΜΟΤΙΚΟ ΣΧΟΛΕΙΟ ΚΑΛΑΜΑΡΙΑΣ,22.948329,40.576559
2967,51ο ΔΗΜΟΤΙΚΟ ΣΧΟΛΕΙΟ ΘΕΣΣΑΛΟΝΙΚΗΣ,22.943852,40.639091
2968,4ο ΔΗΜΟΤΙΚΟ ΣΧΟΛΕΙΟ ΚΑΛΑΜΑΡΙΑΣ,22.942096,40.582503
2969,106ο ΔΗΜΟΤΙΚΟ ΣΧΟΛΕΙΟ ΘΕΣΣΑΛΟΝΙΚΗΣ,22.973913,40.603626
2970,2ο ΔΗΜΟΤΙΚΟ ΣΧΟΛΕΙΟ ΣΕΡΡΩΝ,23.553799,41.079023
2971,ΔΗΜΟΤΙΚΟ ΣΧΟΛΕΙΟ ΑΝΩ ΠΟΡΟΙΩΝ ΣΙΝΤΙΚΗΣ,23.037508,41.284984
2972,34ο ΔΗΜΟΤΙΚΟ ΣΧΟΛΕΙΟ ΘΕΣΣΑΛΟΝΙΚΗΣ,22.946054,40.636022
2973,23ο ΔΗΜΟΤΙΚΟ ΣΧΟΛΕΙΟ ΚΑΛΑΜΑΡΙΑΣ,22.953595,40.588421
2974,57ο ΔΗΜΟΤΙΚΟ ΣΧΟΛΕΙΟ ΘΕΣΣΑΛΟΝΙΚΗΣ,22.93736,40.638669
2975,109ο ΔΗΜΟΤΙΚΟ ΣΧΟΛΕΙΟ ΘΕΣΣΑΛΟΝΙΚΗΣ,22.978461,40.609206
2976,11ο ΔΗΜΟΤΙΚΟ ΣΧΟΛΕΙΟ ΘΕΣΣΑΛΟΝΙΚΗΣ,22.953863,40.615924
2977,4ο ΔΗΜΟΤΙΚΟ ΣΧΟΛΕΙΟ ΘΕΣΣΑΛΟΝΙΚΗΣ,22.955071,40.60286
2978,1ο ΔΗΜΟΤΙΚΟ ΣΧΟΛΕΙΟ ΠΑΝΟΡΑΜΑΤΟΣ,23.03745,40.589591
2979,ΔΗΜΟΤΙΚΟ ΣΧΟΛΕΙΟ ΔΑΣΟΧΩΡΙΟΥ ΣΕΡΡΩΝ,23.269735,41.162857
2980,30ο ΔΗΜΟΤΙΚΟ ΣΧΟΛΕΙΟ ΘΕΣΣΑΛΟΝΙΚΗΣ,22.955721,40.6204
2981,38ο ΔΗΜΟΤΙΚΟ ΣΧΟΛΕΙΟ ΘΕΣΣΑΛΟΝΙΚΗΣ,22.947268,40.628378
2982,1ο ΔΗΜΟΤΙΚΟ ΣΧΟΛΕΙΟ ΘΕΣΣΑΛΟΝΙΚΗΣ,22.939156,40.641433
2983,6ο ΔΗΜΟΤΙΚΟ ΣΧΟΛΕΙΟ ΚΑΛΑΜΑΡΙΑΣ,22.957646,40.569609
2984,43ο ΔΗΜΟΤΙΚΟ ΣΧΟΛΕΙΟ ΘΕΣΣΑΛΟΝΙΚΗΣ,22.940829,40.629833
2985,54ο ΔΗΜΟΤΙΚΟ ΣΧΟΛΕΙΟ ΘΕΣΣΑΛΟΝΙΚΗΣ,22.940665,40.641613
2986,18ο ΔΗΜΟΤΙΚΟ ΣΧΟΛΕΙΟ ΚΑΛΑΜΑΡΙΑΣ,22.95763,40.569624
2987,17ο ΔΗΜΟΤΙΚΟ ΣΧΟΛΕΙΟ ΚΑΛΑΜΑΡΙΑΣ,22.963884,40.583763
2988,ΔΗΜΟΤΙΚΟ ΣΧΟΛΕΙΟ ΜΕΛΙΑΔΙΟΥ,,
2989,ΔΗΜΟΤΙΚΟ ΣΧΟΛΕΙΟ ΒΡΙΑΣ,22.281391,40.269294
2990,ΔΗΜΟΤΙΚΟ ΣΧΟΛΕΙΟ ΤΡΙΛΟΦΟΥ ΘΕΣΣΑΛΟΝΙΚΗΣ,22.972155,40.464852
2991,ΔΗΜΟΤΙΚΟ ΣΧΟΛΕΙΟ ΜΑΝΔΑΛΟΥ ΓΙΑΝΝΙΤΣΩΝ,22.212809,40.856745
2992,1ο ΔΗΜΟΤΙΚΟ ΣΧΟΛΕΙΟ ΘΕΡΜΗΣ,23.021943,40.548525
2993,ΔΗΜΟΤΙΚΟ ΣΧΟΛΕΙΟ ΠΑΛΑΙΦΥΤΟΥ ΓΙΑΝΝΙΤΣΩΝ,22.275924,40.781606
2994,ΔΗΜΟΤΙΚΟ ΣΧΟΛΕΙΟ ΚΑΡΔΙΑΣ ΘΕΣΣΑΛΟΝΙΚΗΣ,22.991656,40.464666
2995,ΔΗΜΟΤΙΚΟ ΣΧΟΛΕΙΟ ΠΑΛΙΟΣΤΑΝΗΣ,22.464035,40.418689
2996,ΔΗΜΟΤΙΚΟ ΣΧΟΛΕΙΟ ΜΗΛΙΑΣ,22.146376,40.991185
2997,ΔΗΜΟΤΙΚΟ ΣΧΟΛΕΙΟ ΛΙΠΟΧΩΡΙΟΥ,,
2998,6ο ΔΗΜΟΤΙΚΟ ΣΧΟΛΕΙΟ ΘΕΣΣΑΛΟΝΙΚΗΣ ΕΙΔΙΚΟ,,
2999,3ο ΔΗΜΟΤΙΚΟ ΣΧΟΛΕΙΟ ΕΔΕΣΣΑΣ,22.045761,40.801018
3000,2ο ΔΗΜΟΤΙΚΟ ΣΧΟΛΕΙΟ ΕΔΕΣΣΑΣ,22.04423,40.797153
3001,101ο ΔΗΜΟΤΙΚΟ ΣΧΟΛΕΙΟ ΘΕΣΣΑΛΟΝΙΚΗΣ,22.972525,40.607167
3002,ΔΗΜΟΤΙΚΟ ΣΧΟΛΕΙΟ ΚΑΛΗΣ ΓΙΑΝΝΙΤΣΩΝ,22.180362,40.818427
3003,ΔΗΜΟΤΙΚΟ ΣΧΟΛΕΙΟ ΠΟΛΥΚΑΡΠΗΣ,22.018722,40.925604
3004,ΔΗΜΟΤΙΚΟ ΣΧΟΛΕΙΟ ΚΩΦΩΝ ΣΕΡΡΩΝ ΕΙΔΙΚΟ,,
3005,ΔΗΜΟΤΙΚΟ ΣΧΟΛΕΙΟ ΑΓΡΑ,22.005636,40.804947
3006,ΔΗΜΟΤΙΚΟ ΣΧΟΛΕΙΟ ΣΑΛΠΗΣ ΚΟΜΟΤΗΝΗΣ,25.191827,41.051088
3007,ΔΗΜΟΤΙΚΟ ΣΧΟΛΕΙΟ ΕΚΚΛΗΣΟΧΩΡΙΟΥ,,
3008,4ο ΔΗΜΟΤΙΚΟ ΣΧΟΛΕΙΟ ΕΔΕΣΣΑΣ,22.038555,40.798342
3009,ΔΗΜΟΤΙΚΟ ΣΧΟΛΕΙΟ ΝΕΥΡΩΝ ΜΕΙΟΝΟΤΙΚΟ,,
3010,24ο ΔΗΜΟΤΙΚΟ ΣΧΟΛΕΙΟ ΣΕΡΡΩΝ,23.53764,41.085001
3011,7ο ΔΗΜΟΤΙΚΟ ΣΧΟΛΕΙΟ ΕΔΕΣΣΑΣ,22.048289,40.796561
3012,4ο ΔΗΜΟΤΙΚΟ ΣΧΟΛΕΙΟ ΑΡΙΔΑΙΑΣ,22.055855,40.973302
3013,ΔΗΜΟΤΙΚΟ ΣΧΟΛΕΙΟ ΛΑΚΚΑΣ ΓΙΑΝΝΙΤΣΩΝ,22.245493,40.855733
3014,ΔΗΜΟΤΙΚΟ ΣΧΟΛΕΙΟ ΣΤΡΟΦΗΣ ΜΕΙΟΝΟΤΙΚΟ,,
3015,ΔΗΜΟΤΙΚΟ ΣΧΟΛΕΙΟ ΝΙΚΗΤΩΝ ΜΕΙΟΝΟΤΙΚΟ,,
3016,ΔΗΜΟΤΙΚΟ ΣΧΟΛΕΙΟ ΠΡΟΦ ΗΛΙΟΥ,22.161356,40.814643
3017,2ο ΔΗΜΟΤΙΚΟ ΣΧΟΛΕΙΟ ΣΚΥΔΡΑΣ,22.1585,40.766576
3018,ΔΗΜΟΤΙΚΟ ΣΧΟΛΕΙΟ ΠΕΛΕΚΗΤΗΣ ΜΕΙΟΝΟΤΙΚΟ,,
3019,ΔΗΜΟΤΙΚΟ ΣΧΟΛΕΙΟ ΝΟΤΙΑΣ,22.210482,41.099601
3020,27ο ΔΗΜΟΤΙΚΟ ΣΧΟΛΕΙΟ ΘΕΣΣΑΛΟΝΙΚΗΣ,22.972308,40.609676
3021,ΔΗΜΟΤΙΚΟ ΣΧΟΛΕΙΟ ΣΩΤΗΡΑΣ,22.047094,40.855707
3022,19ο ΔΗΜΟΤΙΚΟ ΣΧΟΛΕΙΟ ΘΕΣΣΑΛΟΝΙΚΗΣ,22.968566,40.610292
3023,ΔΗΜΟΤΙΚΟ ΣΧΟΛΕΙΟ ΚΙΝΥΡΩΝ ΜΕΙΟΝΟΤΙΚΟ,,
3024,ΔΗΜΟΤΙΚΟ ΣΧΟΛΕΙΟ ΧΡΥΣΑΣ ΤΣΑΚΩΝ,22.118793,40.943667
3025,ΔΗΜΟΤΙΚΟ ΣΧΟΛΕΙΟ ΣΩΣΑΝΔΡΑΣ,22.038518,40.99474
3026,11ο ΔΗΜΟΤΙΚΟ ΣΧΟΛΕΙΟ ΘΕΣΣΑΛΟΝΙΚΗΣ ΕΙΔΙΚΟ,22.951917,40.632761
3027,4ο ΔΗΜΟΤΙΚΟ ΣΧΟΛΕΙΟ ΘΕΡΜΗΣ,23.02209,40.548526
3028,ΔΗΜΟΤΙΚΟ ΣΧΟΛΕΙΟ ΣΙΡΟΚΟΥ ΜΕΙΟΝΟΤΙΚΟ,,
3029,ΔΗΜΟΤΙΚΟ ΣΧΟΛΕΙΟ ΑΨΑΛΟΥ,22.057191,40.889549
3030,5ο ΔΗΜΟΤΙΚΟ ΣΧΟΛΕΙΟ ΘΕΣΣΑΛΟΝΙΚΗΣ,22.954491,40.605005
3031,77ο ΔΗΜΟΤΙΚΟ ΣΧΟΛΕΙΟ ΘΕΣΣΑΛΟΝΙΚΗΣ,22.977181,40.614707
3032,ΔΗΜΟΤΙΚΟ ΣΧΟΛΕΙΟ ΤΣΙΦΛΙΚΙΟΥ ΜΕΙΟΝΟΤΙΚΟ,,
3033,19ο ΔΗΜΟΤΙΚΟ ΣΧΟΛΕΙΟ ΚΑΛΑΜΑΡΙΑΣ,22.951208,40.578234
3034,ΔΗΜΟΤΙΚΟ ΣΧΟΛΕΙΟ ΔΙΑΠΟΛΙΤΙΣΜΙΚΗΣ ΕΚΠΑΙΔΕΥΣΗΣ ΘΕΣΣΑΛΟΝΙΚΗΣ,,
3035,ΔΗΜΟΤΙΚΟ ΣΧΟΛΕΙΟ ΠΕΡΙΣΤΕΡΑΣ ΘΕΣΣΑΛΟΝΙΚΗΣ,23.166738,40.547003
3036,1ο ΔΗΜΟΤΙΚΟ ΣΧΟΛΕΙΟ ΘΕΣΣΑΛΟΝΙΚΗΣ ΕΙΔΙΚΟ,22.95112,40.6137
3037,2ο ΔΗΜΟΤΙΚΟ ΣΧΟΛΕΙΟ ΘΕΣΣΑΛΟΝΙΚΗΣ ΕΙΔΙΚΟ,,
3038,92ο ΔΗΜΟΤΙΚΟ ΣΧΟΛΕΙΟ ΘΕΣΣΑΛΟΝΙΚΗΣ,22.967799,40.60564
3039,ΔΗΜΟΤΙΚΟ ΣΧΟΛΕΙΟ ΕΔΕΣΣΑΣ ΕΙΔΙΚΟ,22.045755,40.801215
3040,9ο ΔΗΜΟΤΙΚΟ ΣΧΟΛΕΙΟ ΕΔΕΣΣΑΣ,22.043364,40.793219
3041,3ο ΔΗΜΟΤΙΚΟ ΣΧΟΛΕΙΟ ΑΡΙΔΑΙΑΣ,22.059244,40.968574
3042,44ο ΔΗΜΟΤΙΚΟ ΣΧΟΛΕΙΟ ΘΕΣΣΑΛΟΝΙΚΗΣ,22.948544,40.635983
3043,36ο ΔΗΜΟΤΙΚΟ ΣΧΟΛΕΙΟ ΘΕΣΣΑΛΟΝΙΚΗΣ,22.945442,40.635448
3044,46ο ΔΗΜΟΤΙΚΟ ΣΧΟΛΕΙΟ ΘΕΣΣΑΛΟΝΙΚΗΣ,22.948863,40.63819
3045,67ο ΔΗΜΟΤΙΚΟ ΣΧΟΛΕΙΟ ΘΕΣΣΑΛΟΝΙΚΗΣ,22.926891,40.646283
3046,66ο ΔΗΜΟΤΙΚΟ ΣΧΟΛΕΙΟ ΘΕΣΣΑΛΟΝΙΚΗΣ,22.931487,40.646716
3047,1ο ΔΗΜΟΤΙΚΟ ΣΧΟΛΕΙΟ ΑΓΙΟΥ ΠΑΥΛΟΥ,22.968675,40.637862
3048,63ο ΔΗΜΟΤΙΚΟ ΣΧΟΛΕΙΟ ΘΕΣΣΑΛΟΝΙΚΗΣ,22.924273,40.6449
3049,55ο ΔΗΜΟΤΙΚΟ ΣΧΟΛΕΙΟ ΘΕΣΣΑΛΟΝΙΚΗΣ,22.938051,40.638731
3050,37ο ΔΗΜΟΤΙΚΟ ΣΧΟΛΕΙΟ ΘΕΣΣΑΛΟΝΙΚΗΣ,22.946038,40.636028
3051,65ο ΔΗΜΟΤΙΚΟ ΣΧΟΛΕΙΟ ΘΕΣΣΑΛΟΝΙΚΗΣ,22.924292,40.6449
3052,64ο ΔΗΜΟΤΙΚΟ ΣΧΟΛΕΙΟ ΘΕΣΣΑΛΟΝΙΚΗΣ,22.9147,40.645868
3053,ΔΗΜΟΤΙΚΟ ΣΧΟΛΕΙΟ ΑΡΧΟΝΤΙΚΟΥ,,
3054,8ο ΔΗΜΟΤΙΚΟ ΣΧΟΛΕΙΟ ΕΔΕΣΣΑΣ,22.043758,40.804431
3055,ΔΗΜΟΤΙΚΟ ΣΧΟΛΕΙΟ ΠΡΩΤΑΤΟΥ ΜΕΙΟΝΟΤΙΚΟ,,
3056,9ο ΔΗΜΟΤΙΚΟ ΣΧΟΛΕΙΟ ΘΕΣΣΑΛΟΝΙΚΗΣ ΕΙΔΙΚΟ,22.957085,40.612718
3057,41ο ΔΗΜΟΤΙΚΟ ΣΧΟΛΕΙΟ ΘΕΣΣΑΛΟΝΙΚΗΣ,22.943062,40.63154
3058,8ο ΔΗΜΟΤΙΚΟ ΣΧΟΛΕΙΟ ΓΙΑΝΝΙΤΣΩΝ,22.422079,40.79834
3059,ΔΗΜΟΤΙΚΟ ΣΧΟΛΕΙΟ ΡΙΖΟΧΩΡΙΟΥ,,
3060,ΔΗΜΟΤΙΚΟ ΣΧΟΛΕΙΟ ΠΡΟΔΡΟΜΟΥ,,
3061,2ο ΔΗΜΟΤΙΚΟ ΣΧΟΛΕΙΟ ΠΕΡΑΙΑΣ,22.928616,40.496717
3062,ΔΗΜΟΤΙΚΟ ΣΧΟΛΕΙΟ ΣΑΝΔΑΛΙΟΥ,,
3063,12ο ΔΗΜΟΤΙΚΟ ΣΧΟΛΕΙΟ ΘΕΣΣΑΛΟΝΙΚΗΣ ΕΙΔΙΚΟ,22.958855,40.628945
3064,ΔΗΜΟΤΙΚΟ ΣΧΟΛΕΙΟ ΑΓΙΟΥ ΑΝΤΩΝΙΟΥ ΘΕΣΣΑΛΟΝΙΚΗ,23.092979,40.431079
3065,ΔΗΜΟΤΙΚΟ ΣΧΟΛΕΙΟ ΜΟΙΡΑΝΩΝ ΜΕΙΟΝΟΤΙΚΟ,25.491506,40.998374
3066,ΔΗΜΟΤΙΚΟ ΣΧΟΛΕΙΟ ΑΓΓΕΛΟΧΩΡΙΟΥ ΘΕΣΣΑΛΟΝΙΚΗΣ,22.836397,40.495241
3067,ΔΗΜΟΤΙΚΟ ΣΧΟΛΕΙΟ ΤΑΓΑΡΑΔΩΝ,23.026156,40.48652
3068,9ο ΔΗΜΟΤΙΚΟ ΣΧΟΛΕΙΟ ΓΙΑΝΝΙΤΣΩΝ,22.405942,40.787865
3069,ΔΗΜΟΤΙΚΟ ΣΧΟΛΕΙΟ ΓΙΑΝΝΙΤΣΩΝ ΕΙΔΙΚΟ,22.41812,40.791066
3070,ΔΗΜΟΤΙΚΟ ΣΧΟΛΕΙΟ ΛΑΚΚΙΑΣ ΘΕΣΣΑΛΟΝΙΚΗΣ,23.141791,40.456458
3071,ΔΗΜΟΤΙΚΟ ΣΧΟΛΕΙΟ ΦΙΛΩΤΕΙΑΣ,22.155095,41.031927
3072,ΔΗΜΟΤΙΚΟ ΣΧΟΛΕΙΟ ΑΓΙΑΣ ΤΡΙΑΔΑΣ ΘΕΣΣΑΛΟΝΙΚΗΣ,22.877995,40.498571
3073,ΔΗΜΟΤΙΚΟ ΣΧΟΛΕΙΟ ΒΑΣΙΛΙΚΩΝ,23.132432,40.47919
3074,ΔΗΜΟΤΙΚΟ ΣΧΟΛΕΙΟ ΑΡΙΔΑΙΑΣ ΕΙΔΙΚΟ,22.059568,40.968353
3075,ΔΗΜΟΤΙΚΟ ΣΧΟΛΕΙΟ ΑΓΙΑΣ ΠΑΡΑΣΚΕΥΗΣ,23.044529,40.479041
3076,5ο ΔΗΜΟΤΙΚΟ ΣΧΟΛΕΙΟ ΕΔΕΣΣΑΣ,22.043761,40.792569
3077,1ο ΔΗΜΟΤΙΚΟ ΣΧΟΛΕΙΟ ΚΡΥΑΣ ΒΡΥΣΗΣ,22.307033,40.685645
3078,ΔΗΜΟΤΙΚΟ ΣΧΟΛΕΙΟ ΒΕΝΝΑΣ ΜΕΙΟΝΟΤΙΚΟ,,
3079,ΔΗΜΟΤΙΚΟ ΣΧΟΛΕΙΟ ΠΛΑΤΑΝΗΣ,22.052039,40.75876
3080,ΔΗΜΟΤΙΚΟ ΣΧΟΛΕΙΟ ΠΕΤΡΑΙΑΣ,22.145783,40.719892
3081,82ο ΔΗΜΟΤΙΚΟ ΣΧΟΛΕΙΟ ΘΕΣΣΑΛΟΝΙΚΗΣ,22.956476,40.597739
3082,ΔΗΜΟΤΙΚΟ ΣΧΟΛΕΙΟ ΑΡΝΙΣΣΑΣ,21.837851,40.794618
3083,ΔΗΜΟΤΙΚΟ ΣΧΟΛΕΙΟ ΣΑΛΜΩΝΗΣ ΜΕΙΟΝΟΤΙΚΟ,,
3084,ΔΗΜΟΤΙΚΟ ΣΧΟΛΕΙΟ ΜΕΣΗΜΕΡΙΟΥ,,
3085,1ο ΔΗΜΟΤΙΚΟ ΣΧΟΛΕΙΟ ΣΚΥΔΡΑΣ,,
3086,ΔΗΜΟΤΙΚΟ ΣΧΟΛΕΙΟ ΣΕΒΑΣΤΙΑΝΩΝ,,
3087,ΔΗΜΟΤΙΚΟ ΣΧΟΛΕΙΟ ΚΑΤΩ ΣΧΟΛΑΡΙΟΥ,23.029467,40.424256
3088,ΔΗΜΟΤΙΚΟ ΣΧΟΛΕΙΟ ΡΙΖΟΥ,,
3089,ΔΗΜΟΤΙΚΟ ΣΧΟΛΕΙΟ ΛΟΦΑΡΙΟΥ ΜΕΙΟΝΟΤΙΚΟ,25.574666,41.029204
3090,ΔΗΜΟΤΙΚΟ ΣΧΟΛΕΙΟ ΡΙΖΑΡΙΟΥ,22.088476,40.781753
3091,88ο ΔΗΜΟΤΙΚΟ ΣΧΟΛΕΙΟ ΘΕΣΣΑΛΟΝΙΚΗΣ,22.957093,40.601938
3092,2ο ΔΗΜΟΤΙΚΟ ΣΧΟΛΕΙΟ ΚΡΥΑΣ ΒΡΥΣΗΣ,22.307033,40.685645
3093,ΔΗΜΟΤΙΚΟ ΣΧΟΛΕΙΟ ΜΑΥΡΟΒΟΥΝΙΟΥ,,
3094,ΔΗΜΟΤΙΚΟ ΣΧΟΛΕΙΟ ΑΡΑΤΟΥ ΚΟΜΟΤΗΝΗΣ,25.553635,41.081213
3095,6ο ΔΗΜΟΤΙΚΟ ΣΧΟΛΕΙΟ ΕΔΕΣΣΑΣ,22.05338,40.80329
3096,2ο ΔΗΜΟΤΙΚΟ ΣΧΟΛΕΙΟ ΝΕΑΣ ΜΗΧΑΝΙΩΝΑΣ ΘΕΣΣΑΛ,22.869253,40.466423
3097,79ο ΔΗΜΟΤΙΚΟ ΣΧΟΛΕΙΟ ΘΕΣΣΑΛΟΝΙΚΗΣ,22.966986,40.601157
3098,84ο ΔΗΜΟΤΙΚΟ ΣΧΟΛΕΙΟ ΘΕΣΣΑΛΟΝΙΚΗΣ,22.967004,40.601082
3099,29ο ΔΗΜΟΤΙΚΟ ΣΧΟΛΕΙΟ ΘΕΣΣΑΛΟΝΙΚΗΣ,22.971101,40.595298
3100,2ο ΔΗΜΟΤΙΚΟ ΣΧΟΛΕΙΟ ΤΡΙΑΝΔΡΙΑΣ,22.976153,40.626125
3101,105ο ΔΗΜΟΤΙΚΟ ΣΧΟΛΕΙΟ ΘΕΣΣΑΛΟΝΙΚΗΣ,22.983884,40.610275
3102,10ο ΔΗΜΟΤΙΚΟ ΣΧΟΛΕΙΟ ΘΕΣΣΑΛΟΝΙΚΗΣ ΕΙΔΙΚΟ,22.955652,40.594601
3103,ΔΗΜΟΤΙΚΟ ΣΧΟΛΕΙΟ ΠΡΟΜΑΧΩΝ,22.004707,41.023886
3104,96ο ΔΗΜΟΤΙΚΟ ΣΧΟΛΕΙΟ ΘΕΣΣΑΛΟΝΙΚΗΣ,22.954598,40.604658
3105,28ο ΔΗΜΟΤΙΚΟ ΣΧΟΛΕΙΟ ΘΕΣΣΑΛΟΝΙΚΗΣ,22.963415,40.620158
3106,80ο ΔΗΜΟΤΙΚΟ ΣΧΟΛΕΙΟ ΘΕΣΣΑΛΟΝΙΚΗΣ,22.963413,40.6202
3107,2ο ΔΗΜΟΤΙΚΟ ΣΧΟΛΕΙΟ ΘΕΣΣΑΛΟΝΙΚΗΣ,,
3108,2ο ΔΗΜΟΤΙΚΟ ΣΧΟΛΕΙΟ ΕΠΑΝΟΜΗΣ ΘΕΣΣΑΛΟΝΙΚΗΣ,22.932129,40.425422
3109,ΔΗΜΟΤΙΚΟ ΣΧΟΛΕΙΟ ΝΕΑΣ ΡΑΙΔΕΣΤΟΥ,23.055796,40.523534
3110,ΔΗΜΟΤΙΚΟ ΣΧΟΛΕΙΟ ΝΕΩΝ ΕΠΙΒΑΤΩΝ ΔΙΑΠΟΛΙΤΙΣΜΙΚΗΣ ΕΚΠΑΙΔΕΥΣΗΣ,22.913088,40.49683
3111,1ο ΔΗΜΟΤΙΚΟ ΣΧΟΛΕΙΟ ΕΠΑΝΟΜΗΣ ΘΕΣΣΑΛΟΝΙΚΗΣ,22.932129,40.425422
3112,20ο ΔΗΜΟΤΙΚΟ ΣΧΟΛΕΙΟ ΚΑΛΑΜΑΡΙΑΣ,22.955134,40.578394
3113,ΔΗΜΟΤΙΚΟ ΣΧΟΛΕΙΟ ΛΟΥΤΡΑΚΙΟΥ,21.947442,40.969097
3114,ΔΗΜΟΤΙΚΟ ΣΧΟΛΕΙΟ ΒΡΑΓΙΟΥ ΜΕΙΟΝΟΤΙΚΟ,,
3115,ΔΙΕΥΘΥΝΣΗ Δ.Ε. Α ΘΕΣΣΑΛΟΝΙΚΗΣ,22.924069,40.641496
3116,ΔΙΕΥΘΥΝΣΗ Δ.Ε. ΠΕΛΛΑΣ,22.043152,40.792281
3117,ΔΙΕΥΘΥΝΣΗ Δ.Ε. ΣΕΡΡΩΝ,23.547858,41.082825
3118,1ο ΕΡΓΑΣΤΗΡΙΑΚΟ ΚΕΝΤΡΟ ΦΥΣΙΚΩΝ ΕΠΙΣΤΗΜΩΝ ΣΕΡΡΩΝ (ΣΕΡΡΕΣ),23.548836,41.090203
3119,1ο ΕΡΓΑΣΤΗΡΙΑΚΟ ΚΕΝΤΡΟ ΦΥΣΙΚΩΝ ΕΠΙΣΤΗΜΩΝ Α' ΘΕΣΣΑΛΟΝΙΚΗΣ (ΘΕΣΣΑΛΟΝΙΚΗ),22.951662,40.637377
3120,1ο ΕΡΓΑΣΤΗΡΙΑΚΟ ΚΕΝΤΡΟ ΦΥΣΙΚΩΝ ΕΠΙΣΤΗΜΩΝ ΠΕΛΛΑΣ (ΕΔΕΣΣΑ),22.040038,40.802404
3121,ΚΕΣΥΠ ΘΕΣΣΑΛΟΝΙΚΗΣ - 1,22.951061,40.631092
3122,ΚΕΣΥΠ ΣΕΡΡΩΝ,23.551599,41.086997
3123,ΚΕΣΥΠ ΠΕΛΛΑΣ,22.043286,40.79236
3124,ΚΕΣΥΠ ΘΕΡΜΗΣ,,
3125,ΚΕΣΥΠ ΘΕΡΜΑΪΚΟΥ,,
3126,3ο ΓΡΑΦΕΙΟ Δ.Ε. Α ΘΕΣΣΑΛΟΝΙΚΗΣ,22.951874,40.637158
3127,ΓΡΑΦΕΙΟ Δ.Ε. ΠΕΛΛΑΣ,22.417904,40.790865
3128,2ο ΓΡΑΦΕΙΟ Δ.Ε. Α ΘΕΣΣΑΛΟΝΙΚΗΣ,22.924069,40.641496
3129,1ο ΓΡΑΦΕΙΟ Δ.Ε. Α ΘΕΣΣΑΛΟΝΙΚΗΣ,22.924069,40.641496
3130,ΓΡΑΦΕΙΟ Δ.Ε. ΣΕΡΡΩΝ,23.547858,41.082825
3131,ΓΡΑΦΕΙΟ ΤΕΕ Α ΘΕΣΣΑΛΟΝΙΚΗΣ,22.924069,40.641496
3132,ΓΡΑΦΕΙΟ ΤΕΕ ΠΕΛΛΑΣ,,
3133,ΓΡΑΦΕΙΟ ΤΕΕ ΣΕΡΡΩΝ,23.547858,41.082825
3134,ΙΕΚ ΚΑΛΑΜΑΡΙΑΣ,,
3135,ΙΕΚ ΠΟΛΙΤΙΣΤΙΚΟ,,
3136,ΠΑΡΑΡΤΗΜΑ Ο.Ε.Ε.Κ. ΘΕΣΣΑΛΟΝΙΚΗΣ,,
3137,ΙΕΚ ΑΡΙΔΑΙΑΣ (ΠΑΡΑΡΤ. ΙΕΚ ΕΔΕΣΣΑΣ),,
3138,ΙΕΚ ΝΙΓΡΙΤΑΣ (ΠΑΡΑΡΤ. ΙΕΚ ΣΕΡΡΩΝ),,
3139,ΙΕΚ ΣΕΡΡΩΝ,,
3140,ΙΕΚ ΤΡΙΑΝΔΡΙΑΣ,,
3141,ΙΕΚ ΕΠΑΝΟΜΗΣ,,
3142,ΙΕΚ ΝΕΑΣ ΖΙΧΝΗΣ,,
3143,2ο ΙΕΚ ΘΕΣΣΑΛΟΝΙΚΗΣ,,
3144,ΙΕΚ ΓΙΑΝΝΙΤΣΩΝ (ΠΑΡΑΡΤ. ΙΕΚ ΕΔΕΣΣΑΣ),,
3145,1ο ΙΕΚ ΘΕΣΣΑΛΟΝΙΚΗΣ,,
3146,ΙΕΚ ΘΕΡΜΗΣ,,
3147,ΙΕΚ ΕΔΕΣΣΑΣ,,
3148,ΙΕΚ ΣΙΔΗΡΟΚΑΣΤΡΟΥ (ΠΑΡΑΡΤ. ΣΕΡΡΩΝ),,
3149,ΔΙΕΥΘΥΝΣΗ Π.Ε. ΣΕΡΡΩΝ,,
3150,ΔΙΕΥΘΥΝΣΗ Π.Ε. Α' ΘΕΣΣΑΛΟΝΙΚΗΣ,,
3151,ΔΙΕΥΘΥΝΣΗ Π.Ε. ΠΕΛΛΑΣ,22.043362,40.792252
3152,3ο ΓΡΑΦΕΙΟ Π.Ε. Α' ΘΕΣΣΑΛΟΝΙΚΗΣ,,
3153,4ο ΓΡΑΦΕΙΟ Π.Ε. ΣΕΡΡΩΝ,,
3154,2ο ΓΡΑΦΕΙΟ Π.Ε. ΣΕΡΡΩΝ,,
3155,2ο ΓΡΑΦΕΙΟ Π.Ε. ΠΕΛΛΑΣ,22.417711,40.790526
3156,6ο ΓΡΑΦΕΙΟ Π.Ε. Α' ΘΕΣΣΑΛΟΝΙΚΗΣ,,
3157,5ο ΓΡΑΦΕΙΟ Π.Ε. ΣΕΡΡΩΝ,,
3158,2ο ΓΡΑΦΕΙΟ Π.Ε. Α' ΘΕΣΣΑΛΟΝΙΚΗΣ,,
3159,1ο ΓΡΑΦΕΙΟ Π.Ε. Α' ΘΕΣΣΑΛΟΝΙΚΗΣ,,
3160,1ο ΓΡΑΦΕΙΟ Π.Ε. ΣΕΡΡΩΝ,,
3161,3ο ΓΡΑΦΕΙΟ Π.Ε. ΠΕΛΛΑΣ,,
3162,3ο ΓΡΑΦΕΙΟ Π.Ε. ΣΕΡΡΩΝ,,
3163,5ο ΓΡΑΦΕΙΟ Π.Ε. Α' ΘΕΣΣΑΛΟΝΙΚΗΣ,,
3164,1ο ΓΡΑΦΕΙΟ Π.Ε. ΠΕΛΛΑΣ,,
3165,4ο ΓΡΑΦΕΙΟ Π.Ε. Α' ΘΕΣΣΑΛΟΝΙΚΗΣ,,
3166,ΤΜΗΜΑ ΜΗΧΑΝΙΚΩΝ ΧΩΡΟΤΑΞΙΑΣ ΚΑΙ ΑΝΑΠΤΥΞΗΣ (ΒΕΡΟΙΑ),,
3167,1ο ΠΕΡΙΦΕΡΕΙΑΚΟ ΕΠΙΜΟΡΦΩΤΙΚΟ ΚΕΝΤΡΟ ΘΕΣΣΑΛΟΝΙΚΗΣ,,
3168,76ο ΝΗΠΙΑΓΩΓΕΙΟ ΘΕΣΣΑΛΟΝΙΚΗΣ,22.967554,40.600628
3169,10ο ΝΗΠΙΑΓΩΓΕΙΟ ΚΑΛΑΜΑΡΙΑΣ,22.950602,40.572824
3170,12ο ΝΗΠΙΑΓΩΓΕΙΟ ΚΑΛΑΜΑΡΙΑΣ,22.961548,40.575148
3171,77ο ΝΗΠΙΑΓΩΓΕΙΟ ΘΕΣΣΑΛΟΝΙΚΗΣ,22.971949,40.607551
3172,79ο ΝΗΠΙΑΓΩΓΕΙΟ ΘΕΣΣΑΛΟΝΙΚΗΣ,22.963447,40.615887
3173,92ο ΝΗΠΙΑΓΩΓΕΙΟ ΘΕΣΣΑΛΟΝΙΚΗΣ,22.972878,40.615847
3174,5ο ΝΗΠΙΑΓΩΓΕΙΟ ΠΥΛΑΙΑΣ,22.987397,40.604969
3175,3ο ΠΕΙΡΑΜΑΤΙΚΟ ΝΗΠΙΑΓΩΓΕΙΟ Τ.Ε.Π.Α.Ε.-Α.Π.Θ.,22.952419,40.616616
3176,117ο ΝΗΠΙΑΓΩΓΕΙΟ ΘΕΣΣΑΛΟΝΙΚΗΣ,22.956351,40.600254
3177,99ο ΝΗΠΙΑΓΩΓΕΙΟ ΘΕΣΣΑΛΟΝΙΚΗΣ,22.965565,40.600556
3178,116ο ΝΗΠΙΑΓΩΓΕΙΟ ΘΕΣΣΑΛΟΝΙΚΗΣ,22.955854,40.606428
3179,35ο ΝΗΠΙΑΓΩΓΕΙΟ ΘΕΣΣΑΛΟΝΙΚΗΣ,22.93805,40.638739
3180,37ο ΝΗΠΙΑΓΩΓΕΙΟ ΘΕΣΣΑΛΟΝΙΚΗΣ,22.930186,40.643817
3181,38ο ΝΗΠΙΑΓΩΓΕΙΟ ΘΕΣΣΑΛΟΝΙΚΗΣ,22.924858,40.643993
3182,39ο ΝΗΠΙΑΓΩΓΕΙΟ ΘΕΣΣΑΛΟΝΙΚΗΣ,22.938051,40.638731
3183,8ο ΝΗΠΙΑΓΩΓΕΙΟ ΚΑΛΑΜΑΡΙΑΣ,22.957178,40.581496
3184,115ο ΝΗΠΙΑΓΩΓΕΙΟ ΘΕΣΣΑΛΟΝΙΚΗΣ,22.972472,40.607303
3185,22ο ΝΗΠΙΑΓΩΓΕΙΟ ΚΑΛΑΜΑΡΙΑΣ,22.953595,40.58843
3186,5ο ΝΗΠΙΑΓΩΓΕΙΟ ΘΕΣΣΑΛΟΝΙΚΗΣ ΕΙΔΙΚΟ,22.957105,40.612682
3187,7ο ΝΗΠΙΑΓΩΓΕΙΟ ΘΕΣΣΑΛΟΝΙΚΗΣ ΕΙΔΙΚΟ,22.957114,40.612675
3188,2ο ΝΗΠΙΑΓΩΓΕΙΟ ΘΕΣΣΑΛΟΝΙΚΗΣ ΕΙΔΙΚΟ,22.951201,40.613692
3189,68ο ΝΗΠΙΑΓΩΓΕΙΟ ΘΕΣΣΑΛΟΝΙΚΗΣ,22.955854,40.606428
3190,113ο ΝΗΠΙΑΓΩΓΕΙΟ ΘΕΣΣΑΛΟΝΙΚΗΣ,22.983884,40.610264
3191,4ο ΝΗΠΙΑΓΩΓΕΙΟ ΘΕΣΣΑΛΟΝΙΚΗΣ ΕΙΔΙΚΟ,,
3192,5ο ΝΗΠΙΑΓΩΓΕΙΟ ΤΡΙΑΝΔΡΙΑΣ,22.976541,40.627263
3193,110ο ΝΗΠΙΑΓΩΓΕΙΟ ΘΕΣΣΑΛΟΝΙΚΗΣ,22.97196,40.607551
3194,112ο ΝΗΠΙΑΓΩΓΕΙΟ ΘΕΣΣΑΛΟΝΙΚΗΣ,22.978176,40.60909
3195,16ο ΝΗΠΙΑΓΩΓΕΙΟ ΚΑΛΑΜΑΡΙΑΣ,22.950743,40.587172
3196,78ο ΝΗΠΙΑΓΩΓΕΙΟ ΘΕΣΣΑΛΟΝΙΚΗΣ,22.955637,40.602699
3197,69ο ΝΗΠΙΑΓΩΓΕΙΟ ΘΕΣΣΑΛΟΝΙΚΗΣ,22.952447,40.608864
3198,114ο ΝΗΠΙΑΓΩΓΕΙΟ ΘΕΣΣΑΛΟΝΙΚΗΣ,22.972456,40.607302
3199,2ο ΝΗΠΙΑΓΩΓΕΙΟ ΠΑΝΟΡΑΜΑΤΟΣ,23.037352,40.587248
3200,61ο ΝΗΠΙΑΓΩΓΕΙΟ ΘΕΣΣΑΛΟΝΙΚΗΣ,22.948865,40.63817
3201,1ο ΝΗΠΙΑΓΩΓΕΙΟ ΠΕΡΙΣΤΕΡΑΣ,23.166691,40.546985
3202,2ο ΠΕΙΡΑΜΑΤΙΚΟ ΝΗΠΙΑΓΩΓΕΙΟ Τ.Ε.Π.Α.Ε.-Α.Π.Θ.,22.952419,40.616616
3203,30ο ΝΗΠΙΑΓΩΓΕΙΟ ΘΕΣΣΑΛΟΝΙΚΗΣ,22.943806,40.639115
3204,42ο ΝΗΠΙΑΓΩΓΕΙΟ ΘΕΣΣΑΛΟΝΙΚΗΣ,22.92482,40.643993
3205,49ο ΝΗΠΙΑΓΩΓΕΙΟ ΘΕΣΣΑΛΟΝΙΚΗΣ,22.936308,40.645819
3206,9ο ΝΗΠΙΑΓΩΓΕΙΟ ΚΑΛΑΜΑΡΙΑΣ,22.942087,40.582523
3207,10ο ΠΕΙΡΑΜΑΤΙΚΟ ΝΗΠΙΑΓΩΓΕΙΟ Τ.Ε.Π.Α.Ε.-Α.Π.Θ.,22.952419,40.616616
3208,73ο ΝΗΠΙΑΓΩΓΕΙΟ ΘΕΣΣΑΛΟΝΙΚΗΣ,22.953863,40.615924
3209,2ο ΝΗΠΙΑΓΩΓΕΙΟ ΝΕΑΣ ΜΗΧΑΝΙΩΝΑΣ,22.869268,40.466422
3210,1ο ΝΗΠΙΑΓΩΓΕΙΟ ΤΡΙΑΝΔΡΙΑΣ,22.971877,40.626858
3211,4ο ΝΗΠΙΑΓΩΓΕΙΟ ΤΡΙΑΝΔΡΙΑΣ,22.970808,40.624921
3212,ΝΗΠΙΑΓΩΓΕΙΟ ΝΕΟΥ ΡΥΣΙΟΥ,22.991274,40.491598
3213,2ο ΝΗΠΙΑΓΩΓΕΙΟ ΚΑΛΑΜΑΡΙΑΣ,22.947017,40.575697
3214,1ο ΝΗΠΙΑΓΩΓΕΙΟ ΚΑΛΑΜΑΡΙΑΣ,22.950273,40.583047
3215,13ο ΝΗΠΙΑΓΩΓΕΙΟ ΘΕΣΣΑΛΟΝΙΚΗΣ,22.963307,40.61962
3216,1ο ΝΗΠΙΑΓΩΓΕΙΟ ΠΑΝΟΡΑΜΑΤΟΣ,,
3217,23ο ΝΗΠΙΑΓΩΓΕΙΟ ΘΕΣΣΑΛΟΝΙΚΗΣ,22.977193,40.614692
3218,105ο ΝΗΠΙΑΓΩΓΕΙΟ ΘΕΣΣΑΛΟΝΙΚΗΣ,22.962966,40.603504
3219,106ο ΝΗΠΙΑΓΩΓΕΙΟ ΘΕΣΣΑΛΟΝΙΚΗΣ,22.949524,40.606593
3220,97ο ΝΗΠΙΑΓΩΓΕΙΟ ΘΕΣΣΑΛΟΝΙΚΗΣ,22.973913,40.603626
3221,17ο ΝΗΠΙΑΓΩΓΕΙΟ ΚΑΛΑΜΑΡΙΑΣ,22.958526,40.579808
3222,107ο ΝΗΠΙΑΓΩΓΕΙΟ ΘΕΣΣΑΛΟΝΙΚΗΣ,22.949535,40.606585
3223,95ο ΝΗΠΙΑΓΩΓΕΙΟ ΘΕΣΣΑΛΟΝΙΚΗΣ,22.9147,40.645868
3224,32ο ΝΗΠΙΑΓΩΓΕΙΟ ΘΕΣΣΑΛΟΝΙΚΗΣ,22.940035,40.638171
3225,ΝΗΠΙΑΓΩΓΕΙΟ ΜΕΣΗΜΕΡΙΟΥ,23.009562,40.410876
3226,29ο ΝΗΠΙΑΓΩΓΕΙΟ ΘΕΣΣΑΛΟΝΙΚΗΣ,22.943092,40.631581
3227,3ο ΝΗΠΙΑΓΩΓΕΙΟ ΚΑΛΑΜΑΡΙΑΣ,22.959245,40.567452
3228,4ο ΝΗΠΙΑΓΩΓΕΙΟ ΚΑΛΑΜΑΡΙΑΣ,,
3229,2ο ΝΗΠΙΑΓΩΓΕΙΟ ΠΥΛΑΙΑΣ,22.98531,40.591894
3230,15ο ΝΗΠΙΑΓΩΓΕΙΟ ΚΑΛΑΜΑΡΙΑΣ,22.942091,40.582514
3231,2ο ΝΗΠΙΑΓΩΓΕΙΟ ΝΕΟΥ ΜΥΛΟΤΟΠΟΥ,22.355373,40.81694
3232,21ο ΝΗΠΙΑΓΩΓΕΙΟ ΚΑΛΑΜΑΡΙΑΣ,22.964981,40.582374
3233,26ο ΝΗΠΙΑΓΩΓΕΙΟ ΚΑΛΑΜΑΡΙΑΣ,,
3234,1ο ΝΗΠΙΑΓΩΓΕΙΟ ΕΠΑΝΟΜΗΣ,22.932085,40.424962
3235,2ο ΝΗΠΙΑΓΩΓΕΙΟ ΕΠΑΝΟΜΗΣ,22.932083,40.425116
3236,101ο ΝΗΠΙΑΓΩΓΕΙΟ ΘΕΣΣΑΛΟΝΙΚΗΣ,22.956609,40.59318
3237,1ο ΝΗΠΙΑΓΩΓΕΙΟ ΒΑΣΙΛΙΚΩΝ,23.132425,40.479187
3238,ΝΗΠΙΑΓΩΓΕΙΟ ΣΩΤΗΡΑΣ,22.047102,40.855707
3239,ΝΗΠΙΑΓΩΓΕΙΟ ΠΕΙΡΑΜΑΤΙΚΟΥ ΣΧΟΛΕΙΟΥ ΑΠΘ,,
3240,70ο ΝΗΠΙΑΓΩΓΕΙΟ ΘΕΣΣΑΛΟΝΙΚΗΣ,22.952447,40.608864
3241,54ο ΝΗΠΙΑΓΩΓΕΙΟ ΘΕΣΣΑΛΟΝΙΚΗΣ,22.962848,40.630089
3242,55ο ΝΗΠΙΑΓΩΓΕΙΟ ΘΕΣΣΑΛΟΝΙΚΗΣ,22.976529,40.617192
3243,62ο ΝΗΠΙΑΓΩΓΕΙΟ ΘΕΣΣΑΛΟΝΙΚΗΣ,22.948865,40.638155
3244,2ο ΝΗΠΙΑΓΩΓΕΙΟ ΑΡΝΙΣΣΑΣ,21.837849,40.794619
3245,3ο ΝΗΠΙΑΓΩΓΕΙΟ ΤΡΙΑΝΔΡΙΑΣ,,
3246,ΝΗΠΙΑΓΩΓΕΙΟ ΠΕΠΟΝΙΑΣ ΣΕΡΡΩΝ,23.520765,40.98662
3247,3ο ΝΗΠΙΑΓΩΓΕΙΟ ΘΕΡΜΗΣ,22.991674,40.491755
3248,1ο ΝΗΠΙΑΓΩΓΕΙΟ ΣΕΡΡΩΝ,23.557248,41.084904
3249,2ο ΝΗΠΙΑΓΩΓΕΙΟ ΣΕΡΡΩΝ,,
3250,2ο ΝΗΠΙΑΓΩΓΕΙΟ ΠΕΡΑΙΑΣ,22.928425,40.496101
3251,3ο ΝΗΠΙΑΓΩΓΕΙΟ ΠΕΡΑΙΑΣ,22.928221,40.496253
3252,41ο ΝΗΠΙΑΓΩΓΕΙΟ ΘΕΣΣΑΛΟΝΙΚΗΣ,22.930215,40.643781
3253,"ΝΗΠΙΑΓΩΓΕΙΟ ΝΕΑΣ ΖΙΧΝΗΣ ""ΣΟΥΛΕΙΟ""",23.830172,41.028871
3254,ΝΗΠΙΑΓΩΓΕΙΟ ΑΓΙΟΥ ΙΩΑΝΝΗ ΣΕΡΡΩΝ,,
3255,ΝΗΠΙΑΓΩΓΕΙΟ ΑΧΛΑΔΟΧΩΡΙΟΥ ΣΙΝΤΙΚΗΣ,23.544828,41.318765
3256,2ο ΝΗΠΙΑΓΩΓΕΙΟ ΣΚΥΔΡΑΣ ΕΔΕΣΣΑΣ,22.1585,40.766576
3257,ΝΗΠΙΑΓΩΓΕΙΟ ΠΛΑΤΑΝΗΣ ΕΔΕΣΣΑΣ,22.052039,40.758742
3258,ΝΗΠΙΑΓΩΓΕΙΟ ΔΡΟΣΕΡΟΥ,22.253443,40.820806
3259,ΝΗΠΙΑΓΩΓΕΙΟ ΚΑΤΩ ΓΡΑΜΜΑΤΙΚΟΥ ΕΔΕΣΣΑΣ,21.894641,40.705959
3260,ΝΗΠΙΑΓΩΓΕΙΟ ΑΣΠΡΟΥ,22.214984,40.7358
3261,3ο ΝΗΠΙΑΓΩΓΕΙΟ ΣΚΥΔΡΑΣ ΕΔΕΣΣΑΣ,22.1585,40.766576
3262,ΝΗΠΙΑΓΩΓΕΙΟ ΡΙΖΑΡΙΟΥ ΕΔΕΣΣΑΣ,22.088473,40.781752
3263,1ο ΝΗΠΙΑΓΩΓΕΙΟ ΣΚΥΔΡΑΣ ΕΔΕΣΣΑΣ,22.1585,40.766576
3264,ΝΗΠΙΑΓΩΓΕΙΟ ΠΕΤΡΑΙΑΣ ΕΔΕΣΣΑΣ,22.145786,40.719791
3265,6ο ΝΗΠΙΑΓΩΓΕΙΟ ΕΔΕΣΣΑΣ,22.04671,40.795319
3266,ΝΗΠΙΑΓΩΓΕΙΟ ΡΙΖΟΥ ΕΔΕΣΣΑΣ,,
3267,5ο ΝΗΠΙΑΓΩΓΕΙΟ ΕΔΕΣΣΑΣ,22.043943,40.795701
3268,ΝΗΠΙΑΓΩΓΕΙΟ ΝΕΩΝ ΚΕΡΔΥΛΛΙΩΝ,23.84232,40.79458
3269,ΝΗΠΙΑΓΩΓΕΙΟ ΚΟΡΜΙΣΤΑΣ,24.058363,40.980978
3270,4ο ΝΗΠΙΑΓΩΓΕΙΟ ΣΙΔΗΡΟΚΑΣΤΡΟΥ,23.391366,41.232813
3271,ΝΗΠΙΑΓΩΓΕΙΟ ΞΗΡΟΤΟΠΟΥ,,
3272,ΝΗΠΙΑΓΩΓΕΙΟ ΑΡΣΕΝΙΟΥ ΕΔΕΣΣΑΣ,22.164788,40.712686
3273,ΝΗΠΙΑΓΩΓΕΙΟ ΜΕΣΗΜΕΡΙΟΥ ΕΔΕΣΣΑΣ,22.026582,40.790717
3274,51ο ΝΗΠΙΑΓΩΓΕΙΟ ΘΕΣΣΑΛΟΝΙΚΗΣ,22.948858,40.638186
3275,ΝΗΠΙΑΓΩΓΕΙΟ ΒΑΜΒΑΚΙΑΣ ΣΕΡΡΩΝ,23.345088,41.08294
3276,8ο ΝΗΠΙΑΓΩΓΕΙΟ ΘΕΣΣΑΛΟΝΙΚΗΣ ΕΙΔΙΚΟ (ΕΛΕΠΑΑΠ),,
3277,ΝΗΠΙΑΓΩΓΕΙΟ ΠΕΡΑΙΑΣ ΕΔΕΣΣΑΣ,21.824467,40.738743
3278,ΝΗΠΙΑΓΩΓΕΙΟ ΑΜΜΟΥΔΙΑΣ ΣΕΡΡΩΝ,23.334652,41.142913
3279,ΝΗΠΙΑΓΩΓΕΙΟ ΚΑΛΗΣ,22.180408,40.818447
3280,ΝΗΠΙΑΓΩΓΕΙΟ ΒΑΜΒΑΚΟΥΣΑΣ,,
3281,ΝΗΠΙΑΓΩΓΕΙΟ ΛΟΥΤΡΟΧΩΡΙΟΥ ΕΔΕΣΣΑΣ,,
3282,3ο ΝΗΠΙΑΓΩΓΕΙΟ ΘΕΣΣΑΛΟΝΙΚΗΣ ΠΕΙΡΑΜΑΤΙΚΟ ΤΕΠΑΕ,,
3283,ΝΗΠΙΑΓΩΓΕΙΟ ΝΗΣΙΟΥ ΕΔΕΣΣΑΣ,21.93418,40.820826
3284,ΝΗΠΙΑΓΩΓΕΙΟ ΛΙΠΟΧΩΡΙΟΥ,,
3285,ΝΗΠΙΑΓΩΓΕΙΟ ΚΑΡΥΔΙΑΣ,21.956882,40.844794
3286,9ο ΝΗΠΙΑΓΩΓΕΙΟ ΕΔΕΣΣΑΣ,22.044015,40.804471
3287,ΝΗΠΙΑΓΩΓΕΙΟ ΑΓΡΑ ΕΔΕΣΣΑΣ,22.005628,40.804959
3288,ΝΗΠΙΑΓΩΓΕΙΟ ΑΓΙΟΥ ΑΘΑΝΑΣΙΟΥ ΕΔΕΣΣΑΣ,21.771475,40.838858
3289,4ο ΝΗΠΙΑΓΩΓΕΙΟ ΕΔΕΣΣΑΣ,22.038372,40.798964
3290,2ο ΝΗΠΙΑΓΩΓΕΙΟ ΕΔΕΣΣΑΣ,22.043942,40.795737
3291,8ο ΝΗΠΙΑΓΩΓΕΙΟ ΕΔΕΣΣΑΣ,22.049343,40.804704
3292,10ο ΝΗΠΙΑΓΩΓΕΙΟ ΓΙΑΝΝΙΤΣΩΝ,22.407627,40.784385
3293,ΝΗΠΙΑΓΩΓΕΙΟ ΚΑΛΛΙΠΟΛΗΣ,22.234787,40.789079
3294,7ο ΝΗΠΙΑΓΩΓΕΙΟ ΕΔΕΣΣΑΣ,22.046004,40.799147
3295,ΝΗΠΙΑΓΩΓΕΙΟ ΒΡΥΤΩΝ ΕΔΕΣΣΑΣ,,
3296,1ο ΝΗΠΙΑΓΩΓΕΙΟ ΑΡΝΙΣΣΑΣ,21.837851,40.794618
3297,3ο ΝΗΠΙΑΓΩΓΕΙΟ ΕΔΕΣΣΑΣ,22.043775,40.799842
3298,ΝΗΠΙΑΓΩΓΕΙΟ ΠΛΕΥΡΩΜΑΤΟΣ,,
3299,ΝΗΠΙΑΓΩΓΕΙΟ ΡΑΧΩΝΗΣ,,
3300,ΝΗΠΙΑΓΩΓΕΙΟ ΑΓΡΟΣΥΚΕΑΣ,,
3301,ΝΗΠΙΑΓΩΓΕΙΟ ΠΡΟΦ ΗΛΙΟΥ ΕΔΕΣΣΑΣ,22.161373,40.814622
3302,ΝΗΠΙΑΓΩΓΕΙΟ ΛΑΚΚΑΣ,22.245498,40.855734
3303,ΝΗΠΙΑΓΩΓΕΙΟ ΖΕΡΒΗΣ ΕΔΕΣΣΑΣ,,
3304,ΝΗΠΙΑΓΩΓΕΙΟ ΜΑΝΔΑΛΟΥ,22.212943,40.856597
3305,ΝΗΠΙΑΓΩΓΕΙΟ ΟΡΜΗΣ,21.929432,40.947107
3306,ΝΗΠΙΑΓΩΓΕΙΟ ΜΕΓΑΠΛΑΤΑΝΟΥ,21.972914,40.93864
3307,ΝΗΠΙΑΓΩΓΕΙΟ ΠΑΛΑΙΦΥΤΟΥ,22.275922,40.781608
3308,19ο ΝΗΠΙΑΓΩΓΕΙΟ ΓΙΑΝΝΙΤΣΩΝ,22.41495,40.80025
3309,1ο ΝΗΠΙΑΓΩΓΕΙΟ ΕΛΕΠΑΠ ΕΙΔΙΚΟ,,
3310,4ο ΝΗΠΙΑΓΩΓΕΙΟ ΚΡΥΑΣ ΒΡΥΣΗΣ,,
3311,ΝΗΠΙΑΓΩΓΕΙΟ ΑΓΙΑΣ ΦΩΤΕΙΝΗΣ,,
3312,8ο ΝΗΠΙΑΓΩΓΕΙΟ ΓΙΑΝΝΙΤΣΩΝ,22.417177,40.801157
3313,ΝΗΠΙΑΓΩΓΕΙΟ ΔΩΡΟΘΕΑΣ,22.063554,40.994346
3314,10ο ΝΗΠΙΑΓΩΓΕΙΟ ΕΔΕΣΣΑΣ,22.036654,40.802239
3315,ΝΗΠΙΑΓΩΓΕΙΟ ΣΑΡΑΚΗΝΩΝ,21.953676,40.913946
3316,ΝΗΠΙΑΓΩΓΕΙΟ ΠΑΝΑΓΙΤΣΗΣ ΕΔΕΣΣΑΣ,21.849713,40.850061
3317,ΝΗΠΙΑΓΩΓΕΙΟ ΣΕΒΑΣΤΙΑΝΩΝ,,
3318,9ο ΝΗΠΙΑΓΩΓΕΙΟ ΓΙΑΝΝΙΤΣΩΝ,22.408681,40.794397
3319,53ο ΝΗΠΙΑΓΩΓΕΙΟ ΘΕΣΣΑΛΟΝΙΚΗΣ,22.948544,40.635983
3320,11ο ΝΗΠΙΑΓΩΓΕΙΟ ΓΙΑΝΝΙΤΣΩΝ,22.407881,40.789066
3321,4ο ΝΗΠΙΑΓΩΓΕΙΟ ΑΡΙΔΑΙΑΣ,22.061072,40.97567
3322,18ο ΝΗΠΙΑΓΩΓΕΙΟ ΓΙΑΝΝΙΤΣΩΝ,22.409602,40.782874
3323,ΝΗΠΙΑΓΩΓΕΙΟ ΕΚΚΛΗΣΟΧΩΡΙΟΥ,,
3324,ΝΗΠΙΑΓΩΓΕΙΟ ΧΡΥΣΗΣ,22.11878,40.943675
3325,3ο ΝΗΠΙΑΓΩΓΕΙΟ ΑΡΙΔΑΙΑΣ,22.059243,40.968602
3326,ΝΗΠΙΑΓΩΓΕΙΟ ΜΑΡΓΑΡΙΤΑΣ,,
3327,ΝΗΠΙΑΓΩΓΕΙΟ ΜΕΣΙΑΝΟΥ,,
3328,15ο ΝΗΠΙΑΓΩΓΕΙΟ ΓΙΑΝΝΙΤΣΩΝ,22.410509,40.788462
3329,ΝΗΠΙΑΓΩΓΕΙΟ ΔΥΤΙΚΟΥ ΓΙΑΝΝΙΤΣΩΝ,,
3330,14ο ΝΗΠΙΑΓΩΓΕΙΟ ΓΙΑΝΝΙΤΣΩΝ,22.408834,40.793864
3331,13ο ΝΗΠΙΑΓΩΓΕΙΟ ΓΙΑΝΝΙΤΣΩΝ,22.40871,40.794354
3332,ΝΗΠΙΑΓΩΓΕΙΟ ΓΥΨΟΧΩΡΙΟΥ,,
3333,16ο ΝΗΠΙΑΓΩΓΕΙΟ ΓΙΑΝΝΙΤΣΩΝ,22.407598,40.784427
3334,ΝΗΠΙΑΓΩΓΕΙΟ ΠΕΝΤΑΠΛΑΤΑΝΟΥ,,
3335,2ο ΝΗΠΙΑΓΩΓΕΙΟ ΠΕΛΛΑΣ,,
3336,17ο ΝΗΠΙΑΓΩΓΕΙΟ ΓΙΑΝΝΙΤΣΩΝ,22.408653,40.794375
3337,12ο ΝΗΠΙΑΓΩΓΕΙΟ ΕΔΕΣΣΑΣ,22.048482,40.802797
3338,11ο ΝΗΠΙΑΓΩΓΕΙΟ ΕΔΕΣΣΑΣ,22.043966,40.795738
3339,ΝΗΠΙΑΓΩΓΕΙΟ ΤΡΙΦΥΛΛΙΟΥ,22.263914,40.790493
3340,3ο ΝΗΠΙΑΓΩΓΕΙΟ ΠΥΛΑΙΑΣ,22.980364,40.588202
3341,25ο ΝΗΠΙΑΓΩΓΕΙΟ ΚΑΛΑΜΑΡΙΑΣ,22.945459,40.588084
3342,ΝΗΠΙΑΓΩΓΕΙΟ ΚΑΛΩΝ ΔΕΝΔΡΩΝ ΣΕΡΡΩΝ,23.42534,41.098415
3343,ΝΗΠΙΑΓΩΓΕΙΟ ΚΑΡΠΕΡΗΣ ΣΕΡΡΩΝ,23.3064,41.13135
3344,ΝΗΠΙΑΓΩΓΕΙΟ ΚΟΥΜΑΡΙΑΣ ΣΕΡΡΩΝ,23.434667,41.015255
3345,2ο ΝΗΠΙΑΓΩΓΕΙΟ ΠΛΑΓΙΑΡΙΟΥ,,
3346,1ο ΝΗΠΙΑΓΩΓΕΙΟ ΛΑΚΚΙΑΣ,23.142273,40.456097
3347,2ο ΝΗΠΙΑΓΩΓΕΙΟ ΝΕΩΝ ΕΠΙΒΑΤΩΝ,22.912637,40.496675
3348,4ο ΝΗΠΙΑΓΩΓΕΙΟ ΘΕΡΜΗΣ,23.022234,40.548752
3349,3ο ΝΗΠΙΑΓΩΓΕΙΟ ΝΕΑΣ ΜΗΧΑΝΙΩΝΑΣ,22.868098,40.464552
3350,23ο ΝΗΠΙΑΓΩΓΕΙΟ ΚΑΛΑΜΑΡΙΑΣ,22.953595,40.58843
3351,ΝΗΠΙΑΓΩΓΕΙΟ ΑΝΩ ΚΑΜΗΛΑΣ ΣΕΡΡΩΝ,23.42393,41.055744
3352,29ο ΝΗΠΙΑΓΩΓΕΙΟ ΣΕΡΡΩΝ,,
3353,2ο ΝΗΠΙΑΓΩΓΕΙΟ ΑΓΙΟΥ ΠΑΥΛΟΥ,,
3354,1ο ΝΗΠΙΑΓΩΓΕΙΟ ΑΓΙΟΥ ΑΝΤΩΝΙΟΥ,23.093116,40.430868
3355,1ο ΝΗΠΙΑΓΩΓΕΙΟ ΑΓΙΑΣ ΠΑΡΑΣΚΕΥΗΣ,23.043737,40.478978
3356,43ο ΝΗΠΙΑΓΩΓΕΙΟ ΘΕΣΣΑΛΟΝΙΚΗΣ,22.97354,40.61917
3357,ΝΗΠΙΑΓΩΓΕΙΟ ΔΑΣΟΧΩΡΙΟΥ ΣΕΡΡΩΝ,23.269734,41.162859
3358,ΝΗΠΙΑΓΩΓΕΙΟ ΒΑΛΤΕΡΟΥ ΣΕΡΡΩΝ,23.321443,41.178436
3359,14ο ΝΗΠΙΑΓΩΓΕΙΟ ΚΑΛΑΜΑΡΙΑΣ,22.958503,40.569069
3360,4ο ΝΗΠΙΑΓΩΓΕΙΟ ΠΥΛΑΙΑΣ,22.987397,40.604969
3361,50ο ΝΗΠΙΑΓΩΓΕΙΟ ΘΕΣΣΑΛΟΝΙΚΗΣ,22.945442,40.635448
3362,48ο ΝΗΠΙΑΓΩΓΕΙΟ ΘΕΣΣΑΛΟΝΙΚΗΣ,22.973839,40.613573
3363,46ο ΝΗΠΙΑΓΩΓΕΙΟ ΘΕΣΣΑΛΟΝΙΚΗΣ,22.956102,40.64121
3364,45ο ΝΗΠΙΑΓΩΓΕΙΟ ΘΕΣΣΑΛΟΝΙΚΗΣ,22.961124,40.603121
3365,44ο ΝΗΠΙΑΓΩΓΕΙΟ ΘΕΣΣΑΛΟΝΙΚΗΣ,22.961124,40.603135
3366,40ο ΝΗΠΙΑΓΩΓΕΙΟ ΘΕΣΣΑΛΟΝΙΚΗΣ,22.938051,40.638731
3367,1ο ΝΗΠΙΑΓΩΓΕΙΟ ΑΓΙΑΣ ΤΡΙΑΔΑΣ,22.878196,40.498573
3368,102ο ΝΗΠΙΑΓΩΓΕΙΟ ΘΕΣΣΑΛΟΝΙΚΗΣ,22.956561,40.597566
3369,86ο ΝΗΠΙΑΓΩΓΕΙΟ ΘΕΣΣΑΛΟΝΙΚΗΣ,22.972308,40.609676
3370,22ο ΝΗΠΙΑΓΩΓΕΙΟ ΘΕΣΣΑΛΟΝΙΚΗΣ,22.963307,40.619625
3371,1ο ΝΗΠΙΑΓΩΓΕΙΟ ΝΕΑΣ ΜΗΧΑΝΙΩΝΑΣ,22.868186,40.464575
3372,ΝΗΠΙΑΓΩΓΕΙΟ ΦΟΥΣΤΑΝΗΣ,22.176424,41.052745
3373,2ο ΝΗΠΙΑΓΩΓΕΙΟ ΘΕΡΜΗΣ,23.021793,40.548748
3374,1ο ΝΗΠΙΑΓΩΓΕΙΟ ΘΕΡΜΗΣ,23.022087,40.54875
3375,ΝΗΠΙΑΓΩΓΕΙΟ ΜΑΥΡΟΒΟΥΝΙΟΥ ΕΔΕΣΣΑΣ,,
3376,ΝΗΠΙΑΓΩΓΕΙΟ ΦΛΑΜΟΥΡΙΑΣ ΕΔΕΣΣΑΣ,22.017323,40.750452
3377,ΝΗΠΙΑΓΩΓΕΙΟ ΒΑΜΒΑΚΟΦΥΤΟΥ ΣΕΡΡΩΝ,23.399361,41.180676
3378,2ο ΝΗΠΙΑΓΩΓΕΙΟ ΣΚΟΥΤΑΡΗΣ,23.518928,41.015887
3379,ΝΗΠΙΑΓΩΓΕΙΟ ΑΛΙΣΤΡΑΤΗΣ ΦΥΛΛΙΔΑΣ,23.957729,41.06455
3380,119ο ΝΗΠΙΑΓΩΓΕΙΟ ΘΕΣΣΑΛΟΝΙΚΗΣ,22.972308,40.609676
3381,ΝΗΠΙΑΓΩΓΕΙΟ ΑΝΑΓΕΝΝΗΣΗΣ ΣΕΡΡΩΝ,23.332993,41.107731
3382,ΝΗΠΙΑΓΩΓΕΙΟ ΑΝΥΔΡΟΥ,22.208991,40.832134
3383,ΝΗΠΙΑΓΩΓΕΙΟ ΧΕΙΜΑΡΡΟΥ ΣΕΡΡΩΝ,23.258671,41.109335
3384,ΝΗΠΙΑΓΩΓΕΙΟ ΓΟΝΙΜΟΥ ΣΙΝΤΙΚΗΣ,23.248826,41.23436
3385,ΝΗΠΙΑΓΩΓΕΙΟ ΚΑΤΩ ΟΡΕΙΝΗΣ ΣΕΡΡΩΝ,23.593019,41.192635
3386,ΝΗΠΙΑΓΩΓΕΙΟ ΠΑΡΑΛΙΜΝΙΟΥ ΣΕΡΡΩΝ,23.669986,40.984113
3387,ΝΗΠΙΑΓΩΓΕΙΟ ΠΕΝΤΑΠΟΛΗΣ ΣΕΡΡΩΝ,23.689469,41.048613
3388,1ο ΝΗΠΙΑΓΩΓΕΙΟ ΣΙΔΗΡΟΚΑΣΤΡΟΥ,23.391366,41.232812
3389,2ο ΝΗΠΙΑΓΩΓΕΙΟ ΣΙΔΗΡΟΚΑΣΤΡΟΥ,23.391366,41.232813
3390,3ο ΝΗΠΙΑΓΩΓΕΙΟ ΣΙΔΗΡΟΚΑΣΤΡΟΥ,23.391367,41.232813
3391,ΝΗΠΙΑΓΩΓΕΙΟ ΑΓΚΙΣΤΡΟΥ ΣΙΝΤΙΚΗΣ,23.44523,41.374306
3392,ΝΗΠΙΑΓΩΓΕΙΟ ΝΕΟΥ ΠΕΤΡΙΤΣΙΟΥ,23.295764,41.273568
3393,1ο ΝΗΠΙΑΓΩΓΕΙΟ ΝΕΟΥ ΣΟΥΛΙΟΥ,23.645356,41.092466
3394,ΝΗΠΙΑΓΩΓΕΙΟ ΚΑΜΑΡΩΤΟΥ ΣΙΝΤΙΚΗΣ,23.361519,41.195603
3395,ΝΗΠΙΑΓΩΓΕΙΟ ΚΑΠΝΟΦΥΤΟΥ ΣΙΝΤΙΚΗΣ,23.502855,41.289486
3396,ΝΗΠΙΑΓΩΓΕΙΟ ΚΑΣΤΑΝΟΥΣΣΗΣ ΣΙΝΤΙΚΗΣ,22.894143,41.276803
3397,ΝΗΠΙΑΓΩΓΕΙΟ ΚΕΡΚΙΝΗΣ ΣΙΝΤΙΚΗΣ,23.08651,41.218751
3398,ΝΗΠΙΑΓΩΓΕΙΟ ΚΟΙΜΗΣΗΣ ΣΙΝΤΙΚΗΣ,23.304341,41.211495
3399,ΝΗΠΙΑΓΩΓΕΙΟ ΛΙΒΑΔΙΑΣ ΣΙΝΤΙΚΗΣ,23.078643,41.246389
3400,ΝΗΠΙΑΓΩΓΕΙΟ ΛΙΜΝΟΧΩΡΙΟΥ ΣΙΝΤΙΚΗΣ,23.202713,41.203511
3401,ΝΗΠΙΑΓΩΓΕΙΟ ΜΕΓΑΛΟΧΩΡΙΟΥ ΣΙΝΤΙΚΗΣ,23.225647,41.244394
3402,ΝΗΠΙΑΓΩΓΕΙΟ ΑΚΡΙΤΟΧΩΡΙΟΥ,23.179564,41.268689
3403,ΝΗΠΙΑΓΩΓΕΙΟ ΒΥΡΩΝΕΙΑΣ ΣΙΝΤΙΚΗΣ,23.256909,41.261372
3404,ΝΗΠΙΑΓΩΓΕΙΟ ΑΓΙΑΣ ΕΛΕΝΗΣ,23.558818,41.001266
3405,ΝΗΠΙΑΓΩΓΕΙΟ ΑΓΙΟΥ ΠΝΕΥΜΑΤΟΣ ΣΕΡΡΩΝ,23.681608,41.101104
3406,1ο ΝΗΠΙΑΓΩΓΕΙΟ ΑΓΓΕΛΟΧΩΡΙΟΥ,,
3407,4ο ΠΕΙΡΑΜΑΤΙΚΟ ΝΗΠΙΑΓΩΓΕΙΟ Τ.Ε.Π.Α.Ε.-Α.Π.Θ.,22.952419,40.616616
3408,ΝΗΠΙΑΓΩΓΕΙΟ ΒΑΛΤΟΤΟΠΙΟΥ ΣΕΡΡΩΝ,23.596696,40.99246
3409,ΝΗΠΙΑΓΩΓΕΙΟ ΕΜΜ ΠΑΠΑ ΣΕΡΡΩΝ,23.710873,41.082333
3410,ΝΗΠΙΑΓΩΓΕΙΟ ΝΕΟΧΩΡΙΟΥ ΣΕΡΡΩΝ,23.580526,41.050762
3411,ΝΗΠΙΑΓΩΓΕΙΟ ΜΟΝΟΒΡΥΣΗΣ ΣΕΡΡΩΝ,23.604438,41.0588
3412,ΝΗΠΙΑΓΩΓΕΙΟ ΝΕΟΥ ΣΚΟΠΟΥ ΣΕΡΡΩΝ,23.611378,41.023165
3413,ΝΗΠΙΑΓΩΓΕΙΟ ΚΑΤΩ ΚΑΜΗΛΑΣ ΣΕΡΡΩΝ,23.483116,41.020554
3414,ΝΗΠΙΑΓΩΓΕΙΟ ΑΝΩ ΠΟΡΟΙΩΝ ΣΙΝΤΙΚΗΣ,23.037506,41.284776
3415,ΝΗΠΙΑΓΩΓΕΙΟ ΠΟΝΤΙΣΜΕΝΟΥ,23.280693,41.204415
3416,ΝΗΠΙΑΓΩΓΕΙΟ ΡΟΔΟΠΟΛΗΣ ΣΙΝΤΙΚΗΣ,23.002054,41.260152
3417,ΝΗΠΙΑΓΩΓΕΙΟ ΚΑΤΩ ΠΟΡΟΙΩΝ ΣΙΝΤΙΚΗΣ,23.014392,41.27946
3418,ΝΗΠΙΑΓΩΓΕΙΟ ΧΑΡΟΠΟΥ ΣΙΝΤΙΚΗΣ,23.376491,41.263102
3419,ΝΗΠΙΑΓΩΓΕΙΟ ΧΟΡΤΕΡΟΥ ΣΙΝΤΙΚΗΣ,23.368953,41.219006
3420,ΝΗΠΙΑΓΩΓΕΙΟ ΝΕΟΧΩΡΙΟΥ ΣΙΝΤΙΚΗΣ,23.08968,41.260832
3421,ΝΗΠΙΑΓΩΓΕΙΟ ΚΡΗΝΙΔΑΣ ΦΥΛΛΙΔΑΣ,23.984504,40.992626
3422,ΝΗΠΙΑΓΩΓΕΙΟ ΜΑΥΡΟΛΟΦΟΥ ΦΥΛΛΙΔΑΣ,23.873646,40.91128
3423,ΝΗΠΙΑΓΩΓΕΙΟ ΤΟΥΜΠΑΣ,23.707981,41.021747
3424,ΝΗΠΙΑΓΩΓΕΙΟ ΓΙΑΝΝΙΤΣΩΝ ΕΙΔΙΚΟ,22.418176,40.791066
3425,ΝΗΠΙΑΓΩΓΕΙΟ ΝΕΑΣ ΜΠΑΦΡΑΣ ΦΥΛΛΙΔΑΣ,24.019587,40.988093
3426,ΝΗΠΙΑΓΩΓΕΙΟ ΠΑΛΑΙΟΚΩΜΗΣ ΦΥΛΛΙΔΑΣ,23.901049,40.869715
3427,ΝΗΠΙΑΓΩΓΕΙΟ ΠΕΘΕΛΙΝΟΥ,,
3428,ΝΗΠΙΑΓΩΓΕΙΟ ΡΟΔΟΛΙΒΟΥΣ ΦΥΛΛΙΔΑΣ,23.975772,40.919376
3429,1ο ΝΗΠΙΑΓΩΓΕΙΟ ΣΟΥΡΩΤΗΣ,23.089881,40.468435
3430,ΝΗΠΙΑΓΩΓΕΙΟ ΠΡΩΤΗΣ ΦΥΛΛΙΔΑΣ,24.005468,40.942626
3431,28ο ΝΗΠΙΑΓΩΓΕΙΟ ΣΕΡΡΩΝ,23.537546,41.08511
3432,20ο ΝΗΠΙΑΓΩΓΕΙΟ ΣΕΡΡΩΝ,23.544803,41.080194
3433,12ο ΝΗΠΙΑΓΩΓΕΙΟ ΣΕΡΡΩΝ,23.545433,41.083236
3434,13ο ΝΗΠΙΑΓΩΓΕΙΟ ΣΕΡΡΩΝ,23.542455,41.088527
3435,14ο ΝΗΠΙΑΓΩΓΕΙΟ ΣΕΡΡΩΝ,23.548117,41.09048
3436,15ο ΝΗΠΙΑΓΩΓΕΙΟ ΣΕΡΡΩΝ,23.5504,41.086884
3437,17ο ΝΗΠΙΑΓΩΓΕΙΟ ΣΕΡΡΩΝ,23.533879,41.081017
3438,16ο ΝΗΠΙΑΓΩΓΕΙΟ ΣΕΡΡΩΝ,,
3439,18ο ΝΗΠΙΑΓΩΓΕΙΟ ΣΕΡΡΩΝ,23.540813,41.084026
3440,19ο ΝΗΠΙΑΓΩΓΕΙΟ ΣΕΡΡΩΝ,23.555752,41.086002
3441,18ο ΝΗΠΙΑΓΩΓΕΙΟ ΚΑΛΑΜΑΡΙΑΣ,22.96498,40.582406
3442,ΝΗΠΙΑΓΩΓΕΙΟ ΜΟΝΟΚΚΛΗΣΙΑΣ,23.40055,41.056987
3443,21ο ΝΗΠΙΑΓΩΓΕΙΟ ΣΕΡΡΩΝ,23.545418,41.08333
3444,22ο ΝΗΠΙΑΓΩΓΕΙΟ ΣΕΡΡΩΝ,23.540854,41.083903
3445,23ο ΝΗΠΙΑΓΩΓΕΙΟ ΣΕΡΡΩΝ,23.550326,41.084171
3446,ΝΗΠΙΑΓΩΓΕΙΟ ΛΕΥΚΟΘΕΑΣ,23.911137,41.027918
3447,24ο ΝΗΠΙΑΓΩΓΕΙΟ ΣΕΡΡΩΝ,23.552598,41.09129
3448,25ο ΝΗΠΙΑΓΩΓΕΙΟ ΣΕΡΡΩΝ,23.550464,41.086861
3449,26ο ΝΗΠΙΑΓΩΓΕΙΟ ΣΕΡΡΩΝ,23.550354,41.084085
3450,ΝΗΠΙΑΓΩΓΕΙΟ ΣΕΡΡΩΝ ΕΙΔΙΚΟ,,
3451,27ο ΝΗΠΙΑΓΩΓΕΙΟ ΣΕΡΡΩΝ,23.542454,41.088651
3452,ΝΗΠΙΑΓΩΓΕΙΟ ΜΙΚΡΟΥ ΣΟΥΛΙΟΥ,23.942426,40.888498
3453,1ο ΝΗΠΙΑΓΩΓΕΙΟ ΑΓΙΟΥ ΠΑΥΛΟΥ,22.968568,40.637884
3454,2ο ΝΗΠΙΑΓΩΓΕΙΟ ΤΡΙΑΝΔΡΙΑΣ,,
3455,64ο ΝΗΠΙΑΓΩΓΕΙΟ ΘΕΣΣΑΛΟΝΙΚΗΣ,22.946054,40.636022
3456,1ο ΝΗΠΙΑΓΩΓΕΙΟ ΠΕΡΑΙΑΣ,22.928425,40.496101
3457,ΝΗΠΙΑΓΩΓΕΙΟ ΑΞΟΥ,22.363427,40.800738
3458,1ο ΝΗΠΙΑΓΩΓΕΙΟ ΤΑΓΑΡΑΔΩΝ,23.025953,40.486672
3459,ΝΗΠΙΑΓΩΓΕΙΟ ΠΛΑΓΙΑΡΙΟΥ,,
3460,1ο ΝΗΠΙΑΓΩΓΕΙΟ ΝΕΑΣ ΡΑΙΔΕΣΤΟΥ,23.055797,40.523537
3461,1ο ΝΗΠΙΑΓΩΓΕΙΟ ΚΑΤΩ ΣΧΟΛΑΡΙΟΥ,,
3462,ΝΗΠΙΑΓΩΓΕΙΟ ΓΕΦΥΡΟΥΔΙΟΥ ΣΕΡΡΩΝ,23.362177,41.160884
3463,57ο ΝΗΠΙΑΓΩΓΕΙΟ ΘΕΣΣΑΛΟΝΙΚΗΣ,22.936308,40.645819
3464,56ο ΝΗΠΙΑΓΩΓΕΙΟ ΘΕΣΣΑΛΟΝΙΚΗΣ,22.973839,40.613573
3465,6ο ΝΗΠΙΑΓΩΓΕΙΟ ΣΕΡΡΩΝ,,
3466,11ο ΝΗΠΙΑΓΩΓΕΙΟ ΣΕΡΡΩΝ,23.552555,41.091375
3467,2ο ΝΗΠΙΑΓΩΓΕΙΟ ΘΕΣΣΑΛΟΝΙΚΗΣ,22.952068,40.595007
3468,74ο ΝΗΠΙΑΓΩΓΕΙΟ ΘΕΣΣΑΛΟΝΙΚΗΣ,22.965565,40.600556
3469,ΝΗΠΙΑΓΩΓΕΙΟ ΨΥΧΙΚΟΥ ΣΕΡΡΩΝ,23.631198,41.003748
3470,1ο ΝΗΠΙΑΓΩΓΕΙΟ ΗΡΑΚΛΕΙΑΣ ΣΕΡΡΩΝ,23.282911,41.181772
3471,2ο ΝΗΠΙΑΓΩΓΕΙΟ ΗΡΑΚΛΕΙΑΣ ΣΕΡΡΩΝ,23.282911,41.181772
3472,9ο ΝΗΠΙΑΓΩΓΕΙΟ ΣΕΡΡΩΝ,23.534675,41.084531
3473,7ο ΝΗΠΙΑΓΩΓΕΙΟ ΣΕΡΡΩΝ,,
3474,8ο ΝΗΠΙΑΓΩΓΕΙΟ ΣΕΡΡΩΝ,23.538714,41.076766
3475,10ο ΝΗΠΙΑΓΩΓΕΙΟ ΣΕΡΡΩΝ,23.544739,41.091227
3476,2ο ΝΗΠΙΑΓΩΓΕΙΟ ΚΑΡΥΩΤΙΣΣΑΣ,,
3477,5ο ΝΗΠΙΑΓΩΓΕΙΟ ΑΡΙΔΑΙΑΣ,22.056781,40.97101
3478,4ο ΝΗΠΙΑΓΩΓΕΙΟ ΣΚΥΔΡΑΣ ΕΔΕΣΣΑΣ,,
3479,ΝΗΠΙΑΓΩΓΕΙΟ ΣΤΡΥΜΟΝΙΚΟΥ ΣΕΡΡΩΝ,23.31513,41.04121
3480,ΝΗΠΙΑΓΩΓΕΙΟ ΝΙΚΟΚΛΕΙΑΣ,23.428905,40.932852
3481,ΝΗΠΙΑΓΩΓΕΙΟ ΑΝΘΗΣ,23.508591,40.943627
3482,ΝΗΠΙΑΓΩΓΕΙΟ ΒΕΡΓΗΣ,23.399663,40.953219
3483,ΝΗΠΙΑΓΩΓΕΙΟ ΔΗΜΗΤΡΙΤΣΙΟΥ,23.415669,40.984814
3484,ΝΗΠΙΑΓΩΓΕΙΟ ΕΥΚΑΡΠΙΑΣ,23.774499,40.861171
3485,ΝΗΠΙΑΓΩΓΕΙΟ ΤΡΙΑΝΤΑΦΥΛΛΕΩΝ,23.358589,40.977207
3486,ΝΗΠΙΑΓΩΓΕΙΟ ΙΒΗΡΩΝ,23.696995,40.894941
3487,ΝΗΠΙΑΓΩΓΕΙΟ ΚΑΛΟΚΑΣΤΡΟΥ,,
3488,ΝΗΠΙΑΓΩΓΕΙΟ ΜΑΥΡΟΘΑΛΑΣΣΑΣ,23.746216,40.892795
3489,1ο ΝΗΠΙΑΓΩΓΕΙΟ ΝΙΓΡΙΤΑΣ,23.502929,40.905955
3490,3ο ΝΗΠΙΑΓΩΓΕΙΟ ΣΕΡΡΩΝ,23.543906,41.080298
3491,4ο ΝΗΠΙΑΓΩΓΕΙΟ ΣΕΡΡΩΝ,23.551795,41.078498
3492,ΝΗΠΙΑΓΩΓΕΙΟ ΣΙΤΟΧΩΡΙΟΥ,23.617445,40.880732
3493,ΝΗΠΙΑΓΩΓΕΙΟ ΤΕΡΠΝΗΣ,23.48061,40.91612
3494,ΝΗΠΙΑΓΩΓΕΙΟ ΦΛΑΜΠΟΥΡΟΥ,23.566706,40.930554
3495,ΝΗΠΙΑΓΩΓΕΙΟ ΘΕΡΜΩΝ,23.557583,40.89496
3496,ΝΗΠΙΑΓΩΓΕΙΟ ΛΙΒΑΔΟΧΩΡΙΟΥ,23.36372,41.024387
3497,ΝΗΠΙΑΓΩΓΕΙΟ ΑΓΙΑΣ ΠΑΡΑΣΚΕΥΗΣ,23.458979,40.948809
3498,2ο ΝΗΠΙΑΓΩΓΕΙΟ ΝΙΓΡΙΤΑΣ,23.502931,40.905956
3499,1ο ΝΗΠΙΑΓΩΓΕΙΟ ΣΚΟΥΤΑΡΗΣ,23.51893,41.015886
3500,ΝΗΠΙΑΓΩΓΕΙΟ ΟΙΝΟΥΣΑΣ ΣΕΡΡΩΝ,23.625173,41.101671
3501,5ο ΝΗΠΙΑΓΩΓΕΙΟ ΣΕΡΡΩΝ,23.531176,41.079358
3502,ΝΗΠΙΑΓΩΓΕΙΟ ΛΕΥΚΩΝΟΣ ΣΕΡΡΩΝ,23.493842,41.099379
3503,ΝΗΠΙΑΓΩΓΕΙΟ ΧΡΥΣΟΥ ΣΕΡΡΩΝ,23.652882,41.055505
3504,18ο ΝΗΠΙΑΓΩΓΕΙΟ ΘΕΣΣΑΛΟΝΙΚΗΣ,22.967554,40.600628
3505,ΝΗΠΙΑΓΩΓΕΙΟ ΓΑΖΩΡΟΥ ΦΥΛΛΙΔΑΣ,23.775531,41.021179
3506,ΝΗΠΙΑΓΩΓΕΙΟ ΝΕΑΣ ΤΥΡΟΛΟΗΣ,23.376834,41.111487
3507,ΝΗΠΙΑΓΩΓΕΙΟ ΑΝΩ ΜΗΤΡΟΥΣΙΟΥ ΣΕΡΡΩΝ,23.460086,41.0699
3508,ΝΗΠΙΑΓΩΓΕΙΟ ΣΚΟΤΟΥΣΗΣ ΣΕΡΡΩΝ,23.381645,41.12681
3509,ΝΗΠΙΑΓΩΓΕΙΟ ΧΡΙΣΤΟΥ,23.461197,41.119321
3510,ΝΗΠΙΑΓΩΓΕΙΟ ΧΡΥΣΟΧΩΡΑΦΩΝ ΣΕΡΡΩΝ,23.236463,41.179527
3511,ΝΗΠΙΑΓΩΓΕΙΟ ΛΙΘΟΤΟΠΟΥ ΣΕΡΡΩΝ,23.220327,41.134053
3512,ΝΗΠΙΑΓΩΓΕΙΟ ΠΡΟΒΑΤΑ ΣΕΡΡΩΝ,23.388753,41.066955
3513,ΝΗΠΙΑΓΩΓΕΙΟ ΚΑΤΩ ΜΗΤΡΟΥΣΙΟΥ ΣΕΡΡΩΝ,23.42393,41.055744
3514,ΝΗΠΙΑΓΩΓΕΙΟ ΔΑΦΝΗΣ,22.235785,40.770142
3515,20ο ΝΗΠΙΑΓΩΓΕΙΟ ΘΕΣΣΑΛΟΝΙΚΗΣ,22.97927,40.61127
3516,6ο ΝΗΠΙΑΓΩΓΕΙΟ ΘΕΣΣΑΛΟΝΙΚΗΣ,22.955869,40.60644
3517,ΝΗΠΙΑΓΩΓΕΙΟ ΜΕΛΙΣΣΙΟΥ,22.35377,40.772877
3518,ΝΗΠΙΑΓΩΓΕΙΟ ΛΙΠΑΡΟΥ,22.246053,40.74499
3519,1ο ΝΗΠΙΑΓΩΓΕΙΟ ΕΔΕΣΣΑΣ,22.046704,40.79532
3520,1ο ΝΗΠΙΑΓΩΓΕΙΟ ΑΡΙΔΑΙΑΣ,22.060975,40.97581
3521,31ο ΝΗΠΙΑΓΩΓΕΙΟ ΘΕΣΣΑΛΟΝΙΚΗΣ,22.940763,40.629878
3522,28ο ΝΗΠΙΑΓΩΓΕΙΟ ΘΕΣΣΑΛΟΝΙΚΗΣ,22.943092,40.631581
3523,1ο ΝΗΠΙΑΓΩΓΕΙΟ ΤΡΙΑΔΙΟΥ,,
3524,1ο ΝΗΠΙΑΓΩΓΕΙΟ ΕΘΝΙΚΟΥ ΙΔΡΥΜΑΤΟΣ ΠΡΟΣΤΑΣΙΑΣ ΚΩΦΑΛΑΛΩΝ,,
3525,6ο ΝΗΠΙΑΓΩΓΕΙΟ ΠΕΡΑΙΑΣ,22.928418,40.496562
3526,ΝΗΠΙΑΓΩΓΕΙΟ ΑΛΩΡΟΥ,22.093436,40.92531
3527,1ο ΝΗΠΙΑΓΩΓΕΙΟ ΕΞΑΠΛΑΤΑΝΟΥ,22.131576,40.974862
3528,1ο ΝΗΠΙΑΓΩΓΕΙΟ ΚΡΥΑΣ ΒΡΥΣΗΣ,22.307033,40.685645
3529,3ο ΝΗΠΙΑΓΩΓΕΙΟ ΚΡΥΑΣ ΒΡΥΣΗΣ,22.307027,40.685885
3530,ΝΗΠΙΑΓΩΓΕΙΟ ΝΕΑΣ ΠΕΛΛΑΣ,,
3531,1ο ΝΗΠΙΑΓΩΓΕΙΟ ΠΕΛΛΑΣ,,
3532,ΝΗΠΙΑΓΩΓΕΙΟ ΚΑΛΥΒΙΩΝ,22.219853,40.753331
3533,7ο ΝΗΠΙΑΓΩΓΕΙΟ ΓΙΑΝΝΙΤΣΩΝ,22.403988,40.784975
3534,ΝΗΠΙΑΓΩΓΕΙΟ ΠΑΡΑΛΙΜΝΗΣ,,
3535,ΝΗΠΙΑΓΩΓΕΙΟ ΙΔΑΣ,22.178479,41.008005
3536,2ο ΝΗΠΙΑΓΩΓΕΙΟ ΑΡΙΔΑΙΑΣ,22.059568,40.968324
3537,ΝΗΠΙΑΓΩΓΕΙΟ ΥΔΡΑΙΑΣ,,
3538,ΝΗΠΙΑΓΩΓΕΙΟ ΑΡΧΑΓΓΕΛΟΥ,22.280486,41.079106
3539,ΝΗΠΙΑΓΩΓΕΙΟ ΒΟΡΕΙΝΟΥ,22.08363,41.025497
3540,ΝΗΠΙΑΓΩΓΕΙΟ ΝΕΟΧΩΡΙΟΥ,,
3541,ΝΗΠΙΑΓΩΓΕΙΟ ΓΑΡΕΦΕΙΟΥ,22.045011,41.029707
3542,2ο ΝΗΠΙΑΓΩΓΕΙΟ ΕΞΑΠΛΑΤΑΝΟΥ,22.131575,40.974863
3543,ΝΗΠΙΑΓΩΓΕΙΟ ΘΗΡΙΟΠΕΤΡΑΣ,22.162362,41.054184
3544,ΝΗΠΙΑΓΩΓΕΙΟ ΔΑΜΙΑΝΟΝ,,
3545,ΝΗΠΙΑΓΩΓΕΙΟ ΚΩΝΣΤΑΝΤΙΑΣ,22.177489,40.995438
3546,2ο ΝΗΠΙΑΓΩΓΕΙΟ ΓΙΑΝΝΙΤΣΩΝ,22.413178,40.794373
3547,3ο ΝΗΠΙΑΓΩΓΕΙΟ ΓΙΑΝΝΙΤΣΩΝ,22.406035,40.791028
3548,1ο ΝΗΠΙΑΓΩΓΕΙΟ ΓΙΑΝΝΙΤΣΩΝ,22.408653,40.794396
3549,5ο ΝΗΠΙΑΓΩΓΕΙΟ ΓΙΑΝΝΙΤΣΩΝ,22.413103,40.791638
3550,6ο ΝΗΠΙΑΓΩΓΕΙΟ ΓΙΑΝΝΙΤΣΩΝ,22.41382,40.788678
3551,ΝΗΠΙΑΓΩΓΕΙΟ ΑΡΑΒΗΣΣΟΣ,22.303986,40.841958
3552,ΝΗΠΙΑΓΩΓΕΙΟ ΚΕΡΑΣΙΑΣ,,
3553,ΝΗΠΙΑΓΩΓΕΙΟ ΘΕΟΔΩΡΑΚΕΙΟΥ,22.193243,40.946895
3554,14ο ΝΗΠΙΑΓΩΓΕΙΟ ΘΕΣΣΑΛΟΝΙΚΗΣ,22.953863,40.615924
3555,ΝΗΠΙΑΓΩΓΕΙΟ ΠΑΛΑΙΟΥ ΜΥΛΟΤΟΠΟΥ,22.326028,40.799627
3556,ΝΗΠΙΑΓΩΓΕΙΟ ΑΓΙΟΥ ΓΕΩΡΓΙΟΥ,,
3557,6ο ΝΗΠΙΑΓΩΓΕΙΟ ΚΑΛΑΜΑΡΙΑΣ,,
3558,ΝΗΠΙΑΓΩΓΕΙΟ ΓΑΛΑΤΑΔΩΝ,22.284885,40.75413
3559,1ο ΝΗΠΙΑΓΩΓΕΙΟ ΝΕΟΥ ΜΥΛΟΤΟΠΟΥ,22.355375,40.816941
3560,4ο ΝΗΠΙΑΓΩΓΕΙΟ ΓΙΑΝΝΙΤΣΩΝ,22.414983,40.800037
3561,ΝΗΠΙΑΓΩΓΕΙΟ ΑΘΥΡΩΝ,,
3562,ΝΗΠΙΑΓΩΓΕΙΟ ΚΑΡΥΩΤΙΣΣΑΣ,22.314249,40.76642
3563,ΝΗΠΙΑΓΩΓΕΙΟ ΑΚΡΟΛΙΜΝΗΣ,22.267434,40.679285
3564,ΝΗΠΙΑΓΩΓΕΙΟ ΑΓΙΟΥ ΛΟΥΚΑ,22.296623,40.718266
3565,ΝΗΠΙΑΓΩΓΕΙΟ ΕΣΩΒΑΛΤΑ,22.264121,40.705793
3566,ΝΗΠΙΑΓΩΓΕΙΟ ΣΤΑΥΡΟΔΡΟΜΙΟΥ,,
3567,16ο ΝΗΠΙΑΓΩΓΕΙΟ ΘΕΣΣΑΛΟΝΙΚΗΣ,22.962966,40.603504
3568,15ο ΝΗΠΙΑΓΩΓΕΙΟ ΘΕΣΣΑΛΟΝΙΚΗΣ,22.958251,40.614381
3569,5ο ΝΗΠΙΑΓΩΓΕΙΟ ΘΕΣΣΑΛΟΝΙΚΗΣ,22.95426,40.610466
3570,11ο ΝΗΠΙΑΓΩΓΕΙΟ ΚΑΛΑΜΑΡΙΑΣ,22.959571,40.581642
3571,90ο ΝΗΠΙΑΓΩΓΕΙΟ ΘΕΣΣΑΛΟΝΙΚΗΣ,22.931493,40.646661
3572,13ο ΝΗΠΙΑΓΩΓΕΙΟ ΚΑΛΑΜΑΡΙΑΣ,22.963755,40.583955
3573,ΝΗΠΙΑΓΩΓΕΙΟ ΔΡΑΒΗΣΚΟΥ ΦΥΛΛΙΔΑΣ,23.872243,40.922546
3574,2ο ΝΗΠΙΑΓΩΓΕΙΟ ΤΡΙΛΟΦΟΥ,22.972156,40.464852
3575,5ο ΝΗΠΙΑΓΩΓΕΙΟ ΚΑΛΑΜΑΡΙΑΣ,22.943051,40.587067
3576,ΝΗΠΙΑΓΩΓΕΙΟ ΔΑΦΝΟΥΔΙΟΥ ΦΥΛΛΙΔΑΣ,23.757171,41.059592
3577,11ο ΝΗΠΙΑΓΩΓΕΙΟ ΘΕΣΣΑΛΟΝΙΚΗΣ,,
3578,10ο ΝΗΠΙΑΓΩΓΕΙΟ ΘΕΣΣΑΛΟΝΙΚΗΣ,22.961293,40.608405
3579,9ο ΝΗΠΙΑΓΩΓΕΙΟ ΘΕΣΣΑΛΟΝΙΚΗΣ,22.958251,40.614397
3580,60ο ΝΗΠΙΑΓΩΓΕΙΟ ΘΕΣΣΑΛΟΝΙΚΗΣ,22.956118,40.641244
3581,26ο ΝΗΠΙΑΓΩΓΕΙΟ ΘΕΣΣΑΛΟΝΙΚΗΣ,22.947346,40.628367
3582,25ο ΝΗΠΙΑΓΩΓΕΙΟ ΘΕΣΣΑΛΟΝΙΚΗΣ,22.97114,40.595197
3583,24ο ΝΗΠΙΑΓΩΓΕΙΟ ΘΕΣΣΑΛΟΝΙΚΗΣ,22.97196,40.607538
3584,3ο ΝΗΠΙΑΓΩΓΕΙΟ ΘΕΣΣΑΛΟΝΙΚΗΣ,22.956341,40.600261
3585,17ο ΝΗΠΙΑΓΩΓΕΙΟ ΘΕΣΣΑΛΟΝΙΚΗΣ,22.967544,40.60062
3586,19ο ΝΗΠΙΑΓΩΓΕΙΟ ΘΕΣΣΑΛΟΝΙΚΗΣ,22.963112,40.609448
3587,7ο ΝΗΠΙΑΓΩΓΕΙΟ ΘΕΣΣΑΛΟΝΙΚΗΣ,22.955869,40.60644
3588,103ο ΝΗΠΙΑΓΩΓΕΙΟ ΘΕΣΣΑΛΟΝΙΚΗΣ,22.969997,40.604855
3589,7ο ΝΗΠΙΑΓΩΓΕΙΟ ΣΧΟΛΗΣ ΘΕΣΣΑΛΟΝΙΚΗΣ,,
3590,12ο ΝΗΠΙΑΓΩΓΕΙΟ ΘΕΣΣΑΛΟΝΙΚΗΣ,,
3591,ΝΗΠΙΑΓΩΓΕΙΟ ΑΨΑΛΟΥ,22.057191,40.889551
3592,ΝΗΠΙΑΓΩΓΕΙΟ ΠΑΛΑΙΟΚΑΣΤΡΟΥ,23.413299,41.155885
3593,2ο ΝΗΠΙΑΓΩΓΕΙΟ ΚΡΥΑΣ ΒΡΥΣΗΣ,22.307027,40.685885
3594,3ο ΝΗΠΙΑΓΩΓΕΙΟ ΠΑΝΟΡΑΜΑΤΟΣ,23.037378,40.587268
3595,120ο ΝΗΠΙΑΓΩΓΕΙΟ ΘΕΣΣΑΛΟΝΙΚΗΣ,22.973913,40.603626
3596,118ο ΝΗΠΙΑΓΩΓΕΙΟ ΘΕΣΣΑΛΟΝΙΚΗΣ,22.977193,40.614692
3597,ΝΗΠΙΑΓΩΓΕΙΟ ΤΡΙΛΟΦΟΥ,22.972153,40.464852
3598,33ο ΝΗΠΙΑΓΩΓΕΙΟ ΘΕΣΣΑΛΟΝΙΚΗΣ,,
3599,2ο ΝΗΠΙΑΓΩΓΕΙΟ ΤΡΙΑΔΙΟΥ-ΘΕΡΜΗΣ,,
3600,8ο ΝΗΠΙΑΓΩΓΕΙΟ ΣΧΟΛΗΣ ΘΕΣΣΑΛΟΝΙΚΗΣ,,
3601,1ο ΠΕΙΡΑΜΑΤΙΚΟ ΝΗΠΙΑΓΩΓΕΙΟ Τ.Ε.Π.Α.Ε.-Α.Π.Θ.,22.952415,40.616613
3602,7ο ΝΗΠΙΑΓΩΓΕΙΟ ΚΑΛΑΜΑΡΙΑΣ,,
3603,8ο ΝΗΠΙΑΓΩΓΕΙΟ ΘΕΣΣΑΛΟΝΙΚΗΣ,22.956587,40.593197
3604,72ο ΝΗΠΙΑΓΩΓΕΙΟ ΘΕΣΣΑΛΟΝΙΚΗΣ,22.95426,40.610466
3605,93ο ΝΗΠΙΑΓΩΓΕΙΟ ΘΕΣΣΑΛΟΝΙΚΗΣ,22.948258,40.597695
3606,67ο ΝΗΠΙΑΓΩΓΕΙΟ ΘΕΣΣΑΛΟΝΙΚΗΣ,22.955638,40.602685
3607,1ο ΝΗΠΙΑΓΩΓΕΙΟ ΝΕΩΝ ΕΠΙΒΑΤΩΝ,22.912836,40.49683
3608,47ο ΝΗΠΙΑΓΩΓΕΙΟ ΘΕΣΣΑΛΟΝΙΚΗΣ,22.936308,40.645819
3609,5ο ΝΗΠΙΑΓΩΓΕΙΟ ΣΧΟΛΗΣ ΘΕΣΣΑΛΟΝΙΚΗΣ,,
3610,4ο ΝΗΠΙΑΓΩΓΕΙΟ ΠΕΡΑΙΑΣ,22.928624,40.496257
3611,11ο ΝΗΠΙΑΓΩΓΕΙΟ ΣΧΟΛΗΣ ΘΕΣΣΑΛΟΝΙΚΗΣ,,
3612,66ο ΝΗΠΙΑΓΩΓΕΙΟ ΘΕΣΣΑΛΟΝΙΚΗΣ,22.952058,40.595007
3613,4ο ΝΗΠΙΑΓΩΓΕΙΟ ΘΕΣΣΑΛΟΝΙΚΗΣ,22.95475,40.61345
3614,9ο ΝΗΠΙΑΓΩΓΕΙΟ ΣΧΟΛΗΣ ΘΕΣΣΑΛΟΝΙΚΗΣ,,
3615,98ο ΝΗΠΙΑΓΩΓΕΙΟ ΘΕΣΣΑΛΟΝΙΚΗΣ,22.963108,40.609438
3616,ΝΗΠΙΑΓΩΓΕΙΟ ΝΕΑΣ ΚΕΡΑΣΙΑΣ,22.870755,40.474306
3617,82ο ΝΗΠΙΑΓΩΓΕΙΟ ΘΕΣΣΑΛΟΝΙΚΗΣ,22.956062,40.597591
3618,83ο ΝΗΠΙΑΓΩΓΕΙΟ ΘΕΣΣΑΛΟΝΙΚΗΣ,22.963103,40.609448
3619,20ο ΝΗΠΙΑΓΩΓΕΙΟ ΓΙΑΝΝΙΤΣΩΝ,,
3620,ΝΗΠΙΑΓΩΓΕΙΟ ΚΑΡΔΙΑΣ,22.991671,40.46464
3621,5ο ΝΗΠΙΑΓΩΓΕΙΟ ΠΕΡΑΙΑΣ,22.928423,40.496255
3622,21ο ΝΗΠΙΑΓΩΓΕΙΟ ΘΕΣΣΑΛΟΝΙΚΗΣ,22.955505,40.620279
3623,84ο ΝΗΠΙΑΓΩΓΕΙΟ ΘΕΣΣΑΛΟΝΙΚΗΣ,22.9646,40.613583
3624,2ο ΝΗΠΙΑΓΩΓΕΙΟ ΒΑΣΙΛΙΚΩΝ,23.132423,40.479188
3625,81ο ΝΗΠΙΑΓΩΓΕΙΟ ΘΕΣΣΑΛΟΝΙΚΗΣ,22.968544,40.610284
3626,85ο ΝΗΠΙΑΓΩΓΕΙΟ ΘΕΣΣΑΛΟΝΙΚΗΣ,22.955519,40.620279
3627,1ο ΝΗΠΙΑΓΩΓΕΙΟ ΘΕΣΣΑΛΟΝΙΚΗΣ,22.956587,40.593197
3628,6ο ΝΗΠΙΑΓΩΓΕΙΟ ΘΕΣΣΑΛΟΝΙΚΗΣ ΕΙΔΙΚΟ ΤΥΦΛΩΝ,22.950998,40.613181
3629,ΝΗΠΙΑΓΩΓΕΙΟ ΛΥΚΟΣΤΟΜΟΥ,21.985064,40.988084
3630,ΝΗΠΙΑΓΩΓΕΙΟ ΛΟΥΤΡΑΚΙΟΥ,21.947442,40.969098
3631,ΝΗΠΙΑΓΩΓΕΙΟ ΧΡΥΣΑΣ ΤΣΑΚΩΝ,22.043243,40.953961
3632,ΝΗΠΙΑΓΩΓΕΙΟ ΣΩΣΑΝΔΡΑΣ,22.038562,40.994776
3633,ΝΗΠΙΑΓΩΓΕΙΟ ΜΗΛΕΑΣ,22.14637,40.991178
3634,ΝΗΠΙΑΓΩΓΕΙΟ ΝΟΤΙΑΣ,22.210493,41.099595
3635,ΝΗΠΙΑΓΩΓΕΙΟ ΠΕΡΙΚΛΕΙΑΣ,22.267595,41.098005
3636,ΝΗΠΙΑΓΩΓΕΙΟ ΠΙΠΕΡΙΑΣ,22.018669,40.968998
3637,ΝΗΠΙΑΓΩΓΕΙΟ ΠΟΛΥΚΑΡΠΙΟΥ,,
3638,7ο ΝΗΠΙΑΓΩΓΕΙΟ ΠΕΡΑΙΑΣ,,
3639,4ο ΝΗΠΙΑΓΩΓΕΙΟ ΝΕΑΣ ΜΗΧΑΝΙΩΝΑΣ,22.866399,40.464966
3640,5ο ΝΗΠΙΑΓΩΓΕΙΟ ΘΕΡΜΗΣ,22.991271,40.491751
3641,1ο ΝΗΠΙΑΓΩΓΕΙΟ ΠΥΛΑΙΑΣ,22.985255,40.591976
3642,27ο ΝΗΠΙΑΓΩΓΕΙΟ ΚΑΛΑΜΑΡΙΑΣ,22.947017,40.575679
3643,3ο ΝΗΠΙΑΓΩΓΕΙΟ ΑΓΙΟΥ ΠΑΥΛΟΥ,22.968553,40.637872
3644,3ο ΝΗΠΙΑΓΩΓΕΙΟ ΕΠΑΝΟΜΗΣ,22.932083,40.425116
3645,2ο ΝΗΠΙΑΓΩΓΕΙΟ ΝΕΟΥ ΣΟΥΛΙΟΥ,23.64534,41.092428
3646,32ο ΝΗΠΙΑΓΩΓΕΙΟ ΣΕΡΡΩΝ,23.537592,41.085058
3647,33ο ΝΗΠΙΑΓΩΓΕΙΟ ΣΕΡΡΩΝ,23.559639,41.090498
3648,31ο ΝΗΠΙΑΓΩΓΕΙΟ ΣΕΡΡΩΝ,23.546776,41.09334
3649,30ο ΝΗΠΙΑΓΩΓΕΙΟ ΣΕΡΡΩΝ,23.538968,41.076619
3650,12ο ΝΗΠΙΑΓΩΓΕΙΟ ΓΙΑΝΝΙΤΣΩΝ,22.418623,40.792354
3651,ΝΗΠΙΑΓΩΓΕΙΟ ΛΕΠΤΟΚΑΡΥΑΣ,,
3652,ΝΗΠΙΑΓΩΓΕΙΟ ΠΛΑΓΙΑΡΙΟΥ 1/θ,,
3653,ΝΗΠΙΑΓΩΓΕΙΟ ΞΙΦΙΑΝΗΣ,22.081904,40.929846
3654,ΝΗΠΙΑΓΩΓΕΙΟ ΑΜΠΕΛΕΙΩΝ,22.388918,40.83271
3655,34ο ΝΗΠΙΑΓΩΓΕΙΟ ΣΕΡΡΩΝ,,
3656,2ο ΝΗΠΙΑΓΩΓΕΙΟ ΝΕΑΣ ΡΑΙΔΕΣΤΟΥ,,
3657,ΝΗΠΙΑΓΩΓΕΙΟ ΡΙΖΟΧΩΡΙΟΥ,,
3658,ΝΗΠΙΑΓΩΓΕΙΟ ΠΡΟΜΑΧΩΝ,22.004648,41.023673
3659,ΝΗΠΙΑΓΩΓΕΙΟ ΦΙΛΩΤΕΙΑΣ,22.155322,41.031844
3660,2ο ΙΔΙΩΤΙΚΟ ΓΥΜΝΑΣΙΟ «ΑΜΕΡΙΚΑΝΙΚΟ ΚΟΛΕΓΙΟ ΑΝΑΤΟΛΙΑ»,,
3661,"ΙΔΙΩΤΙΚΟ ΓΥΜΝΑΣΙΟ ""ΕΛΛΗΝΟΓΑΛΛΙΚΗ ΣΧΟΛΗ ΚΑΛΑΜΑΡΙ""",22.974572,40.565353
3662,"ΙΔΙΩΤΙΚΟ ΓΥΜΝΑΣΙΟ ""ΓΕΡΜΑΝΙΚΗ ΣΧΟΛΗ ΘΕΣΣΑΛΟΝΙΚΗΣ""",,
3663,"ΙΔΙΩΤΙΚΟ ΓΥΜΝΑΣΙΟ ""ΕΛΛΗΝΙΚΟ ΚΟΛΛΕΓΙΟ ΘΕΣΣΑΛΟΝΙΚΗΣ""",22.985706,40.55187
3664,"ΙΔΙΩΤΙΚΟ ΓΥΜΝΑΣΙΟ ""ΔΕΛΑΣΑΛ""",,
3665,"ΙΔΙΩΤΙΚΟ ΓΥΜΝΑΣΙΟ ""ΕΚΠΑΙΔΕΥΤΗΡΙΑ ΚΟΡΑΗΣ""",,
3666,"ΙΔΙΩΤΙΚΟ ΓΥΜΝΑΣΙΟ ""ΑΜΕΡΙΚΑΝΙΚΟ ΚΟΛΕΓΙΟ ΑΝΑΤΟΛΙΑ""",,
3667,"ΙΔΙΩΤΙΚΟ ΓΥΜΝΑΣΙΟ ""ΑΡΙΣΤΟΤΕΛΕΙΟ ΚΟΛΕΓΙΟ""",23.016237,40.557357
3668,"ΙΔΙΩΤΙΚΟ ΓΥΜΝΑΣΙΟ ""ΑΡΙΣΤΟΤΕΛΕΙΟ ΕΚΠΑΙΔΕΥΤΗΡΙΟ""",,
3669,"2ο ΙΔΙΩΤΙΚΟ ΓΥΜΝΑΣΙΟ ""Ο ΑΠΟΣΤΟΛΟΣ ΠΑΥΛΟΣ""",23.02894,40.595563
3670,"ΙΔΙΩΤΙΚΟ ΓΥΜΝΑΣΙΟ ""ΕΚΠΑΙΔΕΥΤΗΡΙΑ Ε. ΜΑΝΤΟΥΛΙΔΗ""",22.981711,40.549685
3671,"1ο ΙΔΙΩΤΙΚΟ ΓΥΜΝΑΣΙΟ ""Ο ΑΠΟΣΤΟΛΟΣ ΠΑΥΛΟΣ""",23.028822,40.595471
3672,"ΙΔΙΩΤΙΚΟ ΓΥΜΝΑΣΙΟ ""ΕΚΠΑΙΔΕΥΤΗΡΙΑ ΒΑΣΙΛΕΙΑΔΗ""",22.986099,40.552488
3673,"ΙΔΙΩΤΙΚΟ ΕΝΙΑΙΟ ΛΥΚΕΙΟ ""ΑΜΕΡΙΚΑΝΙΚΟ ΚΟΛΕΓΙΟ ΑΝΑΤΟΛΙΑ""",,
3674,2ο ΙΔΙΩΤΙΚΟ ΕΝΙΑΙΟ ΛΥΚΕΙΟ «ΑΜΕΡΙΚΑΝΙΚΟ ΚΟΛΕΓΙΟ ΑΝΑΤΟΛΙΑ»,,
3675,"ΙΔΙΩΤΙΚΟ ΕΝΙΑΙΟ ΛΥΚΕΙΟ ""ΑΡΙΣΤΟΤΕΛΕΙΟ ΚΟΛΛΕΓΙΟ""",23.015825,40.557968
3676,"ΙΔΙΩΤΙΚΟ ΕΝΙΑΙΟ ΛΥΚΕΙΟ ""Ο ΑΠΟΣΤΟΛΟΣ ΠΑΥΛΟΣ""",23.02894,40.595563
3677,"ΙΔΙΩΤΙΚΟ ΕΝΙΑΙΟ ΛΥΚΕΙΟ ""ΑΡΙΣΤΟΤΕΛΕΙΟ ΕΚΠΑΙΔΕΥΤΗΡΙΟ""",,
3678,"ΙΔΙΩΤΙΚΟ ΕΝΙΑΙΟ ΛΥΚΕΙΟ ""ΓΕΡΜΑΝΙΚΗ ΣΧΟΛΗ ΘΕΣΣΑΛΟΝΙΚΗΣ""",,
3679,"ΙΔΙΩΤΙΚΟ ΕΝΙΑΙΟ ΛΥΚΕΙΟ ""ΕΚΠΑΙΔΕΥΤΗΡΙΑ ΚΟΡΑΗΣ""",,
3680,"ΙΔΙΩΤΙΚΟ ΕΝΙΑΙΟ ΛΥΚΕΙΟ ""ΕΛΛΗΝΙΚΟ ΚΟΛΛΕΓΙΟ ΘΕΣΣΑΛΟΝΙΚΗΣ""",22.986516,40.55157
3681,"ΙΔΙΩΤΙΚΟ ΕΝΙΑΙΟ ΛΥΚΕΙΟ ""ΕΚΠΑΙΔΕΥΤΗΡΙΑ Ε. ΜΑΝΤΟΥΛΙΔΗ""",22.980901,40.549985
3682,"ΙΔΙΩΤΙΚΟ ΕΝΙΑΙΟ ΛΥΚΕΙΟ ""ΕΚΠΑΙΔΕΥΤΗΡΙΑ ΒΑΣΙΛΕΙΑΔΗ""",22.986507,40.552185
3683,"ΙΔΙΩΤΙΚΟ ΕΝΙΑΙΟ ΛΥΚΕΙΟ ""ΔΕΛΑΣΑΛ""",,
3684,"ΙΔΙΩΤΙΚΟ ΕΝΙΑΙΟ ΛΥΚΕΙΟ ""ΕΛΛΗΝΟΓΑΛΛΙΚΗ ΣΧΟΛΗ ΚΑΛΑΜΑΡΙ""",22.974452,40.565259
3685,"ΙΔΙΩΤΙΚΟ ΤΕΕ ΑΙΣΘΗΤΙΚΗΣ - ΚΟΜΜΩΤΙΚΗΣ ""Δ. ΚΟΡΜΑΝΟΥ"" ΘΕΣΣΑΛΟΝΙΚΗΣΗ",,
3686,"ΙΔΙΩΤΙΚΟ ΤΕΕ ""Ε. ΒΑΡΩΣΗ"" ΘΕΣΣΑΛΟΝΙΚΗΣ",,
3687,"ΙΔΙΩΤΙΚΟ ΣΕ-ΤΕΕ ""Ε.ΒΑΡΩΣΗ"" ΘΕΣΣΑΛΟΝΙΚΗΣ",,
3688,"ΙΔΙΩΤΙΚΟ ΣΕ-ΤΕΕ ""ΓΑΛΗΝΟΣ - Σ. ΠΙΣΣΑΛΙΔΟΥ"" ΘΕΣΣΑΛΟΝΙΚΗΣ",,
3689,"ΙΔΙΩΤΙΚΟ ΣΕ-ΤΕΕ ""ΑΜΕΡΙΚΑΝΙΚΗΣ ΓΕΩΡΓΙΚΗΣ ΣΧΟΛΗΣ"" ΘΕΣΣΑΛΟΝΙΚΗΣ",,
3690,ΙΔΙΩΤΙΚΟ ΤΕΕ ΑΕΡΟΤΕΧΝΙΚΗΣ-ΑΛΚΗΣ ΘΕΣΣΑΛΟΝΙΚΗΣ,,
3691,"ΙΔΙΩΤΙΚΟ ΤΕΕ ""ΣΧΟΛΗΣ ΞΥΝΗ"" ΜΑΚΕΔΟΝΙΑΣ",,
3692,"ΙΔΙΩΤΙΚΟ ΣΕ-ΤΕΕ ""ΠΥΘΑΓΟΡΑΣ"" ΘΕΣΣΑΛΟΝΙΚΗΣ",,
3693,ΙΔΙΩΤΙΚΟ ΤΕΕ ΓΑΛΗΝΟΣ-Σ.ΠΙΣΣΑΛΙΔΟΥ ΘΕΣΣΑΛΟΝΙΚΗΣ,,
3694,ΙΔΙΩΤΙΚΟ ΤΕΕ ΠΥΘΑΓΟΡΑΣ ΘΕΣΣΑΛΟΝΙΚΗΣ,,
3695,"ΙΔΙΩΤΙΚΟ ΤΕΕ ""Μ.Ε.ΔΙΑ"" ΘΕΣΣΑΛΟΝΙΚΗΣ",,
3696,"ΙΔΙΩΤΙΚΟ ΣΕ-ΤΕΕ ""ΑΕΡΟΤΕΧΝΙΚΗ-ΑΛΚΗ"" ΘΕΣΣΑΛΟΝΙΚΗ",,
3697,ΚΕΝΤΡΟ ΠΕΡΙΒΑΛΛΟΝΤΙΚΗΣ ΕΚΠΑΙΔΕΥΣΗΣ ΠΟΡΟΙΩΝ ΣΕΡΡΩΝ,,
3698,ΚΕΝΤΡΟ ΠΕΡΙΒΑΛΛΟΝΤΙΚΗΣ ΕΚΠΑΙΔΕΥΣΗΣ ΕΔΕΣΣΑΣ,,
3699,ΣΧΟΛΕΙΟ ΔΕΥΤΕΡΗΣ ΕΥΚΑΙΡΙΑΣ ΓΙΑΝΝΙΤΣΩΝ,,
3700,2ο ΣΧΟΛΕΙΟ ΔΕΥΤΕΡΗΣ ΕΥΚΑΙΡΙΑΣ ΘΕΣΣΑΛΟΝΙΚΗΣ,,
3701,ΣΧΟΛΕΙΟ ΔΕΥΤΕΡΗΣ ΕΥΚΑΙΡΙΑΣ ΣΕΡΡΩΝ,,
3702,ΔΗΜΟΣΙΑ ΒΙΒΛΙΟΘΗΚΗ ΕΔΕΣΣΑΣ,,
3703,ΤΜΗΜΑ ΚΕΝΤΡΙΚΗΣ ΒΙΒΛΙΟΘΗΚΗΣ. ΒΙΒΛΙΟΘΗΚΗ ΕΡΕΥΝΑΣ-ΑΝΑΓΝΩΣΤΗΡΙΟ ΘΕΣΣΑΛΟΝΙΚΗΣ,,
3704,ΠΡΟΤΥΠΗ ΣΧΟΛΙΚΗ ΒΙΒΛΙΟΘΗΚΗ ΘΕΣΣΑΛΟΝΙΚΗΣ,,
3705,ΠΕΡΙΦΕΡΕΙΑΚΗ ΒΙΒΛΙΟΘΗΚΗ 40 ΕΚΚΛΗΣΙΩΝ,,
3706,ΠΕΡΙΦΕΡΕΙΑΚΗ ΒΙΒΛΙΟΘΗΚΗ ’ΝΩ ΤΟΥΜΠΑΣ,,
3707,ΠΕΡΙΦΕΡΕΙΑΚΗ ΒΙΒΛΙΟΘΗΚΗ ΧΑΡΙΛΑΟΥ,,
3708,ΔΗΜΟΣΙΑ ΒΙΒΛΙΟΘΗΚΗ ΣΕΡΡΩΝ ΚΕΝΤΡΙΚΗ,,
3709,ΓΕΝΙΚΑ ΑΡΧΕΙΑ ΤΟΥ ΚΡΑΤΟΥΣ-ΑΡΧΕΙΑ Ν. ΣΕΡΡΩΝ,,
3710,ΓΕΝΙΚΑ ΑΡΧΕΙΑ ΤΟΥ ΚΡΑΤΟΥΣ-ΑΡΧΕΙΑ Ν. ΠΕΛΛΑΣ,,
3711,ΓΕΝΙΚΑ ΑΡΧΕΙΑ ΤΟΥ ΚΡΑΤΟΥΣ-ΙΣΤΟΡΙΚΑ ΑΡΧΕΙΑ ΜΑΚΕΔΟΝΙΑΣ,,
3712,1ο ΕΕΕΕΚ ΔΗΜΟΥ ΘΕΡΜΗΣ,,
3713,ΕΙΔΙΚΟ ΕΡΓΑΣΤΗΡΙΟ ΕΠΑΓΓΕΛΜΑΤΙΚΗΣ ΕΚΠΑΙΔΕΥΣΗΣ ΚΑΙ ΚΑΤΑΡΤΙΣΗΣ ΣΕΡΡΩΝ,,
3714,ΕΙΔΙΚΟ ΕΡΓΑΣΤΗΡΙΟ ΕΠΑΓΓΕΛΜΑΤΙΚΗΣ ΕΚΠΑΙΔΕΥΣΗΣ ΚΑΙ ΚΑΤΑΡΤΙΣΗΣ ΕΔΕΣΣΑΣ,,
3715,ΕΙΔΙΚΟ ΕΡΓΑΣΤΗΡΙΟ ΕΠΑΓΓΕΛΜΑΤΙΚΗΣ ΕΚΠΑΙΔΕΥΣΗΣ ΚΑΙ ΚΑΤΑΡΤΙΣΗΣ ΓΙΑΝΝΙΤΣΩΝ,,
3716,1ο ΕΕΕΕΚ ΔΗΜΟΥ ΠΑΝΟΡΑΜΑΤΟΣ,23.04728,40.590814
3717,ΙΔΙΩΤΙΚΟ ΔΗΜΟΤΙΚΟ ΣΧΟΛΕΙΟ ΔΕΛΑΣΑΛ,,
3718,"ΙΔΙΩΤΙΚΟ ΔΗΜΟΤΙΚΟ ΣΧΟΛΕΙΟ ""ΕΚΠΑΙΔΕΥΤΗΡΙΑ ΑΔΑΜΑΝΤΙΟΣ ΣΧΟΛΗ""",,
3719,ΑΡΣΑΚΕΙΟ ΝΗΠΙΑΓΩΓΕΙΟ ΘΕΣΣΑΛΟΝΙΚΗΣ,,
3720,ΤΜΗΜΑ ΕΠΙΣΤΗΜΗΣ ΦΥΣΙΚΗΣ ΑΓΩΓΗΣ ΚΑΙ ΑΘΛΗΤΙΣΜΟΥ ΣΕΡΡΩΝ,,
3721,ΓΡΑΦΕΙΟ ΠΕΡΙΒΑΛΛΟΝΤΙΚΗΣ ΕΚΠΑΙΔΕΥΣΗΣ ΣΕΡΡΩΝ,,
3722,ΓΡΑΦΕΙΟ ΠΕΡΙΒΑΛΛΟΝΤΙΚΗΣ ΕΚΠΑΙΔΕΥΣΗΣ ΠΕΛΛΑΣ,,
3723,ΓΡΑΦΕΙΟ ΠΕΡΙΒΑΛΛΟΝΤΙΚΗΣ ΕΚΠΑΙΔΕΥΣΗΣ Α' ΘΕΣΣΑΛΟΝΙΚΗΣ,,
3724,ΚΕΝΤΡΟ ΔΙΑΓΝΩΣΗΣ ΑΞΙΟΛΟΓΗΣΗΣ ΚΑΙ ΥΠΟΣΤΗΡΙΞΗΣ ΑΤΟΜΩΝ ΜΕ ΕΙΔΙΚΕΣ ΕΚΠΑΙΔΕΥΤΙΚΕΣ ΑΝΑΓΚΕΣ ΣΕΡΡΩΝ,,
3725,ΚΕΝΤΡΟ ΔΙΑΓΝΩΣΗΣ ΑΞΙΟΛΟΓΗΣΗΣ ΚΑΙ ΥΠΟΣΤΗΡΙΞΗΣ ΑΤΟΜΩΝ ΜΕ ΕΙΔΙΚΕΣ ΕΚΠΑΙΔΕΥΤΙΚΕΣ ΑΝΑΓΚΕΣ ΠΕΛΛΑΣ,,
3726,ΚΕΝΤΡΟ ΔΙΑΓΝΩΣΗΣ ΑΞΙΟΛΟΓΗΣΗΣ ΚΑΙ ΥΠΟΣΤΗΡΙΞΗΣ ΑΤΟΜΩΝ ΜΕ ΕΙΔΙΚΕΣ ΕΚΠΑΙΔΕΥΤΙΚΕΣ ΑΝΑΓΚΕΣ ΘΕΣΣΑΛΟΝΙΚΗΣ,,
3727,ΠΕΡΙΦΕΡΕΙΑΚΗ ΔΙΕΥΘΥΝΣΗ ΕΚΠΑΙΔΕΥΣΗΣ ΚΕΝΤΡΙΚΗΣ ΜΑΚΕΔΟΝΙΑΣ,,
3728,Β' ΕΝΩΣΗ ΛΕΙΤΟΥΡΓΩΝ ΜΕΣΗΣ ΕΚΠΑΙΔΕΥΣΗΣ ΠΕΛΛΑΣ,,
3729,ΚΟΜΒΟΣ ΔΙΑΝΟΜΗΣ ΠΣΔ ΝΟΜΟΥ ΘΕΣΣΑΛΟΝΙΚΗΣ,,
3730,ΚΟΜΒΟΣ ΔΙΑΝΟΜΗΣ ΠΣΔ ΝΟΜΟΥ ΣΕΡΡΩΝ,,
3731,ΚΟΜΒΟΣ ΔΙΑΝΟΜΗΣ ΠΣΔ ΝΟΜΟΥ ΠΕΛΛΑΣ,,
3732,HELPDESK ΑΡΙΣΤΟΤΕΛΕΙΟΥ ΠΑΝΕΠΙΣΤΗΜΙΟΥ ΘΕΣΣΑΛΟΝΙΚΗΣ,,
3733,ΚΕΝΤΡΟ ΕΚΠΑΙΔΕΥΣΗΣ ΕΝΗΛΙΚΩΝ ΠΕΛΛΑΣ,,
3734,ΚΕΝΤΡΟ ΕΚΠΑΙΔΕΥΣΗΣ ΕΝΗΛΙΚΩΝ ΘΕΣΣΑΛΟΝΙΚΗΣ,,
3735,ΚΕΝΤΡΟ ΕΚΠΑΙΔΕΥΣΗΣ ΕΝΗΛΙΚΩΝ ΣΕΡΡΩΝ,,
3736,2ο ΓΥΜΝΑΣΙΟ ΛΑΥΡΙΟΥ ,24.05789,37.71535
3737,2ο ΓΥΜΝΑΣΙΟ ΑΧΑΡΝΩΝ ΔΙΑΠΟΛΙΤΙΣΜΙΚΗΣ ΕΚΠΑΙΔΕΥΣΗΣ,23.723629,38.091546
3738,ΓΥΜΝΑΣΙΟ ΚΡΥΟΝΕΡΙΟΥ ΑΤΤΙΚΗΣ,,
3739,2ο ΓΥΜΝΑΣΙΟ ΓΛΥΚΩΝ ΝΕΡΩΝ,,
3740,53ο ΓΥΜΝΑΣΙΟ ΑΘΗΝΑΣ,23.714221,38.008022
3741,2ο ΓΥΜΝΑΣΙΟ ΥΜΗΤΤΟΥ,23.741161,37.945908
3742,4ο ΓΥΜΝΑΣΙΟ ΝΕΑΣ ΦΙΛΑΔΕΛΦΕΙΑΣ,23.734631,38.045468
3743,2ο ΓΥΜΝΑΣΙΟ ΚΑΙΣΑΡΙΑΝΗΣ,23.758863,37.962101
3744,5ο ΓΥΜΝΑΣΙΟ ΑΘΗΝΑΣ,23.732217,37.984928
3745,1ο ΓΥΜΝΑΣΙΟ ΚΑΙΣΑΡΙΑΝΗΣ,23.758865,37.962176
3746,5ο ΓΥΜΝΑΣΙΟ ΗΛΙΟΥΠΟΛΗΣ,23.741094,37.921924
3747,3ο ΓΥΜΝΑΣΙΟ ΠΑΛΛΗΝΗΣ,,
3748,1ο ΓΥΜΝΑΣΙΟ ΥΜΗΤΤΟΥ,23.743314,37.946674
3749,7ο ΓΥΜΝΑΣΙΟ ΖΩΓΡΑΦΟΥ,23.771808,37.976893
3750,ΓΥΜΝΑΣΙΟ ΡΟΔΟΠΟΛΗΣ ΑΝ. ΑΤΤΙΚΗΣ,23.874528,38.111895
3751,2ο ΓΥΜΝΑΣΙΟ ΝΕΑΣ ΦΙΛΑΔΕΛΦΕΙΑΣ,23.729043,38.032387
3752,3ο ΓΥΜΝΑΣΙΟ ΓΑΛΑΤΣΙΟΥ,23.755894,38.018538
3753,10ο ΓΥΜΝΑΣΙΟ ΑΧΑΡΝΩΝ,23.734667,38.07961
3754,2ο ΓΥΜΝΑΣΙΟ ΤΑΥΡΟΥ,23.695314,37.96526
3755,52ο ΓΥΜΝΑΣΙΟ ΑΘΗΝΑΣ,23.709932,37.994325
3756,72ο ΓΥΜΝΑΣΙΟ ΑΘΗΝΑΣ,23.747707,38.006911
3757,1ο ΓΥΜΝΑΣΙΟ ΤΑΥΡΟΥ,23.695314,37.96526
3758,8ο ΓΥΜΝΑΣΙΟ ΗΛΙΟΥΠΟΛΗΣ,23.742689,37.920928
3759,49ο ΓΥΜΝΑΣΙΟ ΑΘΗΝΑΣ,23.724174,38.020767
3760,4ο ΓΥΜΝΑΣΙΟ ΗΛΙΟΥΠΟΛΗΣ,23.748453,37.942526
3761,4ο ΓΥΜΝΑΣΙΟ ΖΩΓΡΑΦΟΥ,23.773077,37.969884
3762,3ο ΓΥΜΝΑΣΙΟ ΗΛΙΟΥΠΟΛΗΣ,23.748684,37.935208
3763,2ο ΓΥΜΝΑΣΙΟ ΗΛΙΟΥΠΟΛΗΣ,23.757076,37.924131
3764,3ο ΓΥΜΝΑΣΙΟ ΝΕΑΣ ΦΙΛΑΔΕΛΦΕΙΑΣ,23.734631,38.045468
3765,ΓΥΜΝΑΣΙΟ Ν. ΧΑΛΚΗΔΟΝΑΣ,23.720353,38.022262
3766,3ο ΓΥΜΝΑΣΙΟ ΖΩΓΡΑΦΟΥ,23.771808,37.976893
3767,14ο ΓΥΜΝΑΣΙΟ ΑΘΗΝΑΣ,23.719586,37.962509
3768,1ο ΓΥΜΝΑΣΙΟ ΝΕΑΣ ΦΙΛΑΔΕΛΦΕΙΑΣ,23.729043,38.032387
3769,3ο ΓΥΜΝΑΣΙΟ ΥΜΗΤΤΟΥ,23.748413,37.949629
3770,2ο ΓΥΜΝΑΣΙΟ ΒΑΡΗΣ,23.8082,37.82471
3771,1ο ΓΥΜΝΑΣΙΟ ΣΚΑΛΑΣ ΩΡΩΠΟΥ,23.778399,38.315997
3772,ΓΥΜΝΑΣΙΟ ΒΟΥΛΙΑΓΜΕΝΗΣ,23.777652,37.815625
3773,1ο ΓΥΜΝΑΣΙΟ ΒΑΡΗΣ,23.8082,37.82471
3774,1ο ΓΥΜΝΑΣΙΟ ΒΟΥΛΑΣ,23.75958,37.845569
3775,2ο ΓΥΜΝΑΣΙΟ ΒΟΥΛΑΣ,23.764962,37.851786
3776,ΓΥΜΝΑΣΙΟ ΚΕΡΑΤΕΑΣ,23.969572,37.803394
3777,ΓΥΜΝΑΣΙΟ ΝΕΑΣ ΜΑΚΡΗΣ,23.970978,38.08325
3778,6ο ΓΥΜΝΑΣΙΟ ΑΧΑΡΝΩΝ,23.72655,38.0594
3779,5ο ΓΥΜΝΑΣΙΟ ΑΧΑΡΝΩΝ,23.720097,38.077954
3780,ΓΥΜΝΑΣΙΟ ΚΑΛΥΒΙΩΝ ΘΟΡΙΚΟΥ,23.993435,37.958291
3781,ΓΥΜΝΑΣΙΟ ΑΝΑΒΥΣΣΟΥ,23.940738,37.732908
3782,ΓΥΜΝΑΣΙΟ ΡΑΦΗΝΑΣ,24.002861,38.014762
3783,2ο ΓΥΜΝΑΣΙΟ ΠΑΛΛΗΝΗΣ,23.88348,38.003954
3784,1ο ΓΥΜΝΑΣΙΟ ΗΛΙΟΥΠΟΛΗΣ,23.756015,37.93416
3785,2ο ΓΥΜΝΑΣΙΟ ΑΘΗΝΑΣ ΕΣΠΕΡΙΝΟ,23.750371,37.985346
3786,ΓΥΜΝΑΣΙΟ ΚΑΛΑΜΟΥ,23.864254,38.284744
3787,7ο ΓΥΜΝΑΣΙΟ ΑΘΗΝΑΣ ΕΣΠΕΡΙΝΟ,23.720653,37.990178
3788,ΓΥΜΝΑΣΙΟ ΣΠΑΤΩΝ,23.91315,37.955881
3789,6ο ΓΥΜΝΑΣΙΟ ΖΩΓΡΑΦΟΥ,23.765874,37.969947
3790,5ο ΓΥΜΝΑΣΙΟ ΖΩΓΡΑΦΟΥ,23.773582,37.981685
3791,63ο ΓΥΜΝΑΣΙΟ ΑΘΗΝΑΣ,23.699883,37.97559
3792,ΓΥΜΝΑΣΙΟ ΑΘΗΝΑΣ ΠΕΙΡΑΜΑΤΙΚΟ ΠΑΝΕΠΙΣΤΗΜΙΟΥ,23.734598,37.978632
3793,61ο ΓΥΜΝΑΣΙΟ ΑΘΗΝΑΣ,23.735429,38.011689
3794,ΓΥΜΝΑΣΙΟ ΔΡΟΣΙΑΣ,23.860147,38.111653
3795,2ο ΓΥΜΝΑΣΙΟ ΑΧΑΡΝΩΝ,23.743608,38.087879
3796,"ΓΥΜΝΑΣΙΟ ΣΤΟ ΝΟΣΟΚΟΜΕΙΟ ΠΑΙΔΩΝ ""ΑΓΙΑ ΣΟΦΙΑ""",23.764163,37.983458
3797,ΓΥΜΝΑΣΙΟ ΘΡΑΚΟΜΑΚΕΔΟΝΩΝ,23.752712,38.125814
3798,ΓΥΜΝΑΣΙΟ ΜΑΡΚΟΠΟΥΛΟΥ,23.936889,37.884212
3799,1ο ΓΥΜΝΑΣΙΟ ΛΑΥΡΙΟΥ,24.057806,37.715311
3800,2ο ΓΥΜΝΑΣΙΟ ΚΟΡΩΠΙΟΥ,23.874063,37.899502
3801,4ο ΓΥΜΝΑΣΙΟ ΓΑΛΑΤΣΙΟΥ,23.755894,38.018538
3802,3ο ΓΥΜΝΑΣΙΟ ΑΘΗΝΑΣ ΕΣΠΕΡΙΝΟ,23.743388,37.968106
3803,1ο ΓΥΜΝΑΣΙΟ ΓΕΡΑΚΑ,23.860599,38.009006
3804,4ο ΓΥΜΝΑΣΙΟ ΒΥΡΩΝΑ,23.753079,37.952204
3805,1ο ΓΥΜΝΑΣΙΟ ΚΟΡΩΠΙΟΥ,23.874063,37.899502
3806,6ο ΓΥΜΝΑΣΙΟ ΓΑΛΑΤΣΙΟΥ,23.753314,38.023003
3807,1ο ΓΥΜΝΑΣΙΟ ΑΘΗΝΑΣ ΕΣΠΕΡΙΝΟ,23.727873,38.007585
3808,30ο ΓΥΜΝΑΣΙΟ ΑΘΗΝΑΣ,23.743239,38.003295
3809,5ο ΓΥΜΝΑΣΙΟ ΒΥΡΩΝΑ,23.753079,37.952204
3810,ΓΥΜΝΑΣΙΟ ΜΑΡΑΘΩΝΑ,23.957143,38.153547
3811,3ο ΓΥΜΝΑΣΙΟ ΑΧΑΡΝΩΝ,23.737908,38.089398
3812,60ο ΓΥΜΝΑΣΙΟ ΑΘΗΝΑΣ,23.734315,37.997615
3813,7ο ΓΥΜΝΑΣΙΟ ΑΧΑΡΝΩΝ,23.74256,38.074201
3814,ΓΥΜΝΑΣΙΟ ΑΧΑΡΝΩΝ ΕΣΠΕΡΙΝΟ,23.729495,38.077465
3815,1ο ΓΥΜΝΑΣΙΟ ΓΑΛΑΤΣΙΟΥ,23.73685,38.013208
3816,1ο ΓΥΜΝΑΣΙΟ ΖΩΓΡΑΦΟΥ,23.778976,37.969557
3817,4ο ΓΥΜΝΑΣΙΟ ΑΧΑΡΝΩΝ,23.732266,38.052352
3818,8ο ΓΥΜΝΑΣΙΟ ΑΧΑΡΝΩΝ,23.729495,38.077465
3819,11ο ΓΥΜΝΑΣΙΟ ΑΧΑΡΝΩΝ,,
3820,2ο ΓΥΜΝΑΣΙΟ ΚΑΛΥΒΙΩΝ,23.927619,37.838945
3821,4ο ΓΥΜΝΑΣΙΟ ΔΑΦΝΗΣ ΑΘΗΝΑΣ,23.72603,37.944024
3822,1ο ΓΥΜΝΑΣΙΟ ΑΧΑΡΝΩΝ,23.729495,38.077465
3823,ΓΥΜΝΑΣΙΟ ΑΝΟΙΞΗΣ,23.854412,38.132799
3824,13ο ΓΥΜΝΑΣΙΟ ΑΘΗΝΑΣ,23.740124,37.956682
3825,ΓΥΜΝΑΣΙΟ ΠΑΛΛΗΝΗΣ ΕΣΠΕΡΙΝΟ,23.88348,38.003954
3826,7ο ΓΥΜΝΑΣΙΟ ΑΘΗΝΑΣ,23.74374,37.968065
3827,48ο ΓΥΜΝΑΣΙΟ ΑΘΗΝΑΣ,23.71997,38.006114
3828,1ο ΓΥΜΝΑΣΙΟ ΑΘΗΝΑΣ ΠΕΙΡΑΜΑΤΙΚΟ,23.734311,37.979095
3829,2ο ΓΥΜΝΑΣΙΟ ΑΘΗΝΑΣ,23.72294,37.987914
3830,2ο ΓΥΜΝΑΣΙΟ ΓΕΡΑΚΑ,23.860599,38.009006
3831,45ο ΓΥΜΝΑΣΙΟ ΑΘΗΝΑΣ,23.733118,37.979942
3832,1ο ΓΥΜΝΑΣΙΟ ΔΑΦΝΗΣ,23.735931,37.949366
3833,9ο ΓΥΜΝΑΣΙΟ ΑΘΗΝΑΣ,23.710607,37.971938
3834,34ο ΓΥΜΝΑΣΙΟ ΑΘΗΝΑΣ,23.710619,37.971777
3835,1ο ΓΥΜΝΑΣΙΟ ΠΑΛΛΗΝΗΣ,23.88348,38.003954
3836,62ο ΓΥΜΝΑΣΙΟ ΑΘΗΝΑΣ,23.700557,37.966948
3837,4ο ΓΥΜΝΑΣΙΟ ΑΘΗΝΑΣ,23.71816,37.988982
3838,2ο ΓΥΜΝΑΣΙΟ ΓΑΛΑΤΣΙΟΥ,23.73685,38.013202
3839,1ο ΓΥΜΝΑΣΙΟ ΑΥΛΩΝΑΣ,23.710391,38.250116
3840,8ο ΓΥΜΝΑΣΙΟ ΑΘΗΝΑΣ,23.727873,38.007585
3841,12ο ΓΥΜΝΑΣΙΟ ΑΘΗΝΑΣ,23.707239,37.972864
3842,36ο ΓΥΜΝΑΣΙΟ ΑΘΗΝΑΣ,23.728073,37.962785
3843,2ο ΓΥΜΝΑΣΙΟ ΑΘΗΝΑΣ ΠΕΙΡΑΜΑΤΙΚΟ,23.750248,37.985599
3844,41ο ΓΥΜΝΑΣΙΟ ΑΘΗΝΑΣ,23.729346,38.002503
3845,"ΓΥΜΝΑΣΙΟ ΔΙΟΝΥΣΟΥ ""ΦΩΤΗΣ ΚΟΝΤΟΓΛΟΥ""",23.909385,38.099647
3846,50ο ΓΥΜΝΑΣΙΟ ΑΘΗΝΑΣ,23.708621,38.003155
3847,5ο ΓΥΜΝΑΣΙΟ ΓΑΛΑΤΣΙΟΥ,23.744017,38.020019
3848,ΓΥΜΝΑΣΙΟ ΓΛΥΚΩΝ ΝΕΡΩΝ,23.84719,37.981862
3849,ΓΥΜΝΑΣΙΟ ΑΓΙΟΥ ΣΤΕΦΑΝΟΥ,23.85431,38.144169
3850,6ο ΓΥΜΝΑΣΙΟ ΑΘΗΝΑΣ ΕΣΠΕΡΙΝΟ,23.72294,37.987914
3851,27ο ΓΥΜΝΑΣΙΟ ΑΘΗΝΑΣ,23.7078,37.986871
3852,16ο ΓΥΜΝΑΣΙΟ ΑΘΗΝΑΣ,23.758623,37.99239
3853,2ο ΓΥΜΝΑΣΙΟ ΣΚΑΛΑΣ ΩΡΩΠΟΥ,23.778399,38.315997
3854,23ο ΓΥΜΝΑΣΙΟ ΑΘΗΝΑΣ,23.750975,37.990035
3855,ΓΥΜΝΑΣΙΟ ΚΑΠΑΝΔΡΙΤΙΟΥ,23.880226,38.214117
3856,1ο ΓΥΜΝΑΣΙΟ ΑΡΤΕΜΙΔΑΣ ΛΟΥΤΣΑΣ,24.007084,37.931919
3857,56ο ΓΥΜΝΑΣΙΟ ΑΘΗΝΑΣ,23.759652,37.989103
3858,9ο ΓΥΜΝΑΣΙΟ ΑΧΑΡΝΩΝ,23.742521,38.102613
3859,39ο ΓΥΜΝΑΣΙΟ ΑΘΗΝΑΣ,23.743239,38.003295
3860,ΓΥΜΝΑΣΙΟ ΠΑΛΛΗΝΗΣ ΜΟΥΣΙΚΟ ΠΕΙΡΑΜΑΤΙΚΟ,23.88348,38.003954
3861,20ο ΓΥΜΝΑΣΙΟ ΑΘΗΝΑΣ,23.7234,38.009402
3862,6ο ΓΥΜΝΑΣΙΟ ΑΘΗΝΑΣ,23.728073,37.962785
3863,43ο ΓΥΜΝΑΣΙΟ ΑΘΗΝΑΣ,23.723169,37.952694
3864,51ο ΓΥΜΝΑΣΙΟ ΑΘΗΝΑΣ,23.7078,37.986871
3865,ΓΥΜΝΑΣΙΟ ΗΛΙΟΥΠΟΛΗΣ ΕΙΔΙΚΟ,23.750412,37.934171
3866,4ο ΓΥΜΝΑΣΙΟ ΑΘΗΝΑΣ ΕΣΠΕΡΙΝΟ,23.728073,37.962785
3867,ΓΥΜΝΑΣΙΟ ΓΕΡΑΚΑ ΚΑΛΛΙΤΕΧΝΙΚΟ,23.860479,38.009028
3868,70ο ΓΥΜΝΑΣΙΟ ΑΘΗΝΑΣ,23.723169,37.952694
3869,2ο ΓΥΜΝΑΣΙΟ ΠΑΙΑΝΙΑΣ,23.852374,37.957883
3870,ΓΥΜΝΑΣΙΟ ΚΑΡΕΑ,23.7632,37.946727
3871,54ο ΓΥΜΝΑΣΙΟ ΑΘΗΝΑΣ,23.7168,38.007349
3872,1ο ΓΥΜΝΑΣΙΟ ΠΑΙΑΝΙΑΣ,23.852374,37.957883
3873,37ο ΓΥΜΝΑΣΙΟ ΑΘΗΝΑΣ,23.746025,37.968836
3874,ΑΡΜΕΝΙΚΟΣ ΚΥΑΝΟΥΣ ΣΤΑΥΡΟΣ ΓΥΜΝΑΣΙΟ,23.717989,37.951212
3875,2ο ΓΥΜΝΑΣΙΟ ΖΩΓΡΑΦΟΥ,23.778976,37.969557
3876,46ο ΓΥΜΝΑΣΙΟ ΑΘΗΝΑΣ,23.74303,37.987229
3877,15ο ΓΥΜΝΑΣΙΟ ΑΘΗΝΑΣ,23.734315,37.997615
3878,47ο ΓΥΜΝΑΣΙΟ ΑΘΗΝΑΣ,23.728076,38.003629
3879,59ο ΓΥΜΝΑΣΙΟ ΑΘΗΝΑΣ,23.734439,38.024902
3880,17ο ΓΥΜΝΑΣΙΟ ΑΘΗΝΑΣ,23.737278,37.965122
3881,21ο ΓΥΜΝΑΣΙΟ ΑΘΗΝΑΣ,23.735429,38.011689
3882,7ο ΓΥΜΝΑΣΙΟ ΗΛΙΟΥΠΟΛΗΣ,23.748591,37.931531
3883,8ο ΓΥΜΝΑΣΙΟ ΑΘΗΝΑΣ ΕΣΠΕΡΙΝΟ,23.730388,37.983736
3884,1ο ΓΥΜΝΑΣΙΟ ΒΑΡΥΜΠΟΜΠΗΣ ΔΙΑΠΟΛΙΤΙΣΜΙΚΗΣ ΕΚΠΑΙΔΕΥΣΗΣ,23.734761,38.083694
3885,6ο ΓΥΜΝΑΣΙΟ ΗΛΙΟΥΠΟΛΗΣ,23.748453,37.942526
3886,28ο ΓΥΜΝΑΣΙΟ ΑΘΗΝΑΣ,23.744993,37.973103
3887,22ο ΓΥΜΝΑΣΙΟ ΑΘΗΝΑΣ,23.735429,38.011689
3888,38ο ΓΥΜΝΑΣΙΟ ΑΘΗΝΑΣ,23.740876,37.995296
3889,19ο ΓΥΜΝΑΣΙΟ ΑΘΗΝΑΣ,23.724112,38.000727
3890,33ο ΓΥΜΝΑΣΙΟ ΑΘΗΝΑΣ,23.717011,37.961022
3891,68ο ΓΥΜΝΑΣΙΟ ΑΘΗΝΑΣ,23.740924,38.024137
3892,42ο ΓΥΜΝΑΣΙΟ ΑΘΗΝΑΣ,23.721756,37.989138
3893,1ο ΓΥΜΝΑΣΙΟ ΒΥΡΩΝΑ,23.755815,37.960091
3894,40ο ΓΥΜΝΑΣΙΟ ΑΘΗΝΑΣ,23.737559,38.010994
3895,2ο ΓΥΜΝΑΣΙΟ ΒΥΡΩΝΑ,23.755305,37.960236
3896,3ο ΓΥΜΝΑΣΙΟ ΒΥΡΩΝΑ,23.753079,37.952204
3897,67ο ΓΥΜΝΑΣΙΟ ΑΘΗΝΑΣ,23.71769,38.001657
3898,5ο ΓΥΜΝΑΣΙΟ ΑΘΗΝΑΣ ΕΣΠΕΡΙΝΟ,23.7078,37.986871
3899,18ο ΓΥΜΝΑΣΙΟ ΑΘΗΝΑΣ,23.7295,38.0207
3900,26ο ΓΥΜΝΑΣΙΟ ΑΘΗΝΑΣ,23.743053,37.976255
3901,65ο ΓΥΜΝΑΣΙΟ ΑΘΗΝΑΣ,23.718069,38.015794
3902,57ο ΓΥΜΝΑΣΙΟ ΑΘΗΝΑΣ,23.766586,37.992696
3903,32ο ΓΥΜΝΑΣΙΟ ΑΘΗΝΑΣ,23.727873,38.007585
3904,66ο ΓΥΜΝΑΣΙΟ ΑΘΗΝΑΣ,23.700982,37.993118
3905,3ο ΓΥΜΝΑΣΙΟ ΓΕΡΑΚΑ,23.860573,38.009102
3906,2ο ΓΥΜΝΑΣΙΟ ΑΥΛΩΝΑΣ,,
3907,ΓΥΜΝΑΣΙΟ ΠΙΚΕΡΜΙΟΥ,23.943161,38.003192
3908,24ο ΓΥΜΝΑΣΙΟ ΑΘΗΝΑΣ,23.752262,37.99517
3909,ΓΥΜΝΑΣΙΑΚΟ ΠΑΡΑΡΤΗΜΑ ΑΥΛΩΝΑΣ,,
3910,8ο ΕΝΙΑΙΟ ΛΥΚΕΙΟ ΑΘΗΝΑΣ,23.727873,38.007585
3911,61ο ΕΝΙΑΙΟ ΛΥΚΕΙΟ ΑΘΗΝΑΣ,23.735427,38.0137
3912,51ο ΕΝΙΑΙΟ ΛΥΚΕΙΟ ΑΘΗΝΑΣ,23.7078,37.986871
3913,ΕΝΙΑΙΟ ΛΥΚΕΙΟ ΠΑΛΛΗΝΗΣ ΜΟΥΣΙΚΟ ΠΕΙΡΑΜΑΤΙΚΟ,23.88348,38.003954
3914,4ο ΕΝΙΑΙΟ ΛΥΚΕΙΟ ΑΘΗΝΑΣ,23.718049,37.990289
3915,ΕΝΙΑΙΟ ΛΥΚΕΙΟ ΣΚΑΛΑΣ ΩΡΩΠΟΥ,23.778399,38.315997
3916,39ο ΕΝΙΑΙΟ ΛΥΚΕΙΟ ΑΘΗΝΑΣ,23.743239,38.003295
3917,ΕΝΙΑΙΟ ΛΥΚΕΙΟ ΘΡΑΚΟΜΑΚΕΔΟΝΩΝ,23.753999,38.123005
3918,1ο ΕΝΙΑΙΟ ΛΥΚΕΙΟ ΥΜΗΤΤΟΥ,23.743314,37.946674
3919,ΕΝΙΑΙΟ ΛΥΚΕΙΟ ΛΑΥΡΙΟΥ,24.057806,37.715311
3920,6ο ΕΝΙΑΙΟ ΛΥΚΕΙΟ ΑΘΗΝΑΣ ΕΣΠΕΡΙΝΟ,23.72294,37.987914
3921,5ο ΕΝΙΑΙΟ ΛΥΚΕΙΟ ΑΘΗΝΑΣ,23.734364,37.982122
3922,ΕΝΙΑΙΟ ΛΥΚΕΙΟ ΑΓΙΟΥ ΣΤΕΦΑΝΟΥ,23.85463,38.144201
3923,4ο ΕΝΙΑΙΟ ΛΥΚΕΙΟ ΑΘΗΝΑΣ ΕΣΠΕΡΙΝΟ,23.728073,37.962785
3924,ΕΝΙΑΙΟ ΛΥΚΕΙΟ ΠΑΙΑΝΙΑΣ ΔΗΜΟΣΘΕΝΕΙΟ,23.852374,37.957883
3925,2ο ΕΝΙΑΙΟ ΛΥΚΕΙΟ ΓΛΥΚΩΝ ΝΕΡΩΝ,,
3926,ΕΝΙΑΙΟ ΛΥΚΕΙΟ ΑΥΛΩΝΑΣ,23.710391,38.250116
3927,ΕΝΙΑΙΟ ΛΥΚΕΙΟ ΡΑΦΗΝΑΣ,24.003304,38.014762
3928,ΕΝΙΑΙΟ ΛΥΚΕΙΟ ΚΕΡΑΤΕΑΣ,23.969687,37.803358
3929,ΕΝΙΑΙΟ ΛΥΚΕΙΟ ΝΕΑΣ ΜΑΚΡΗΣ,23.969908,38.083088
3930,2ο ΕΝΙΑΙΟ ΛΥΚΕΙΟ ΠΑΛΛΗΝΗΣ,,
3931,ΕΝΙΑΙΟ ΛΥΚΕΙΟ ΔΡΟΣΙΑΣ,23.860147,38.111653
3932,ΕΝΙΑΙΟ ΛΥΚΕΙΟ ΑΝΑΒΥΣΣΟΥ,23.940738,37.732908
3933,ΕΝΙΑΙΟ ΛΥΚΕΙΟ ΚΑΠΑΝΔΡΙΤΙΟΥ,23.880226,38.214117
3934,4ο ΕΝΙΑΙΟ ΛΥΚΕΙΟ ΑΧΑΡΝΩΝ,23.722944,38.080843
3935,50ο ΕΝΙΑΙΟ ΛΥΚΕΙΟ ΑΘΗΝΑΣ,23.708621,38.003155
3936,52ο ΕΝΙΑΙΟ ΛΥΚΕΙΟ ΑΘΗΝΑΣ,23.709932,37.994325
3937,3ο ΕΝΙΑΙΟ ΛΥΚΕΙΟ ΑΧΑΡΝΩΝ,23.748569,38.16117
3938,2ο ΕΝΙΑΙΟ ΛΥΚΕΙΟ ΑΧΑΡΝΩΝ,23.743608,38.087879
3939,60ο ΕΝΙΑΙΟ ΛΥΚΕΙΟ ΑΘΗΝΑΣ,23.734315,37.997615
3940,ΕΝΙΑΙΟ ΛΥΚΕΙΟ ΚΑΛΥΒΙΩΝ ΘΟΡΙΚΟΥ,23.927619,37.838945
3941,2ο ΕΝΙΑΙΟ ΛΥΚΕΙΟ ΒΟΥΛΑΣ,23.765588,37.851843
3942,ΕΝΙΑΙΟ ΛΥΚΕΙΟ ΒΑΡΥΜΠΟΜΠΗΣΔΙΑΠΟΛΙΤΙΣΜΙΚΗΣ ΕΚΠΑΙΔΕΥΣΗΣ,23.734761,38.083694
3943,1ο ΕΝΙΑΙΟ ΛΥΚΕΙΟ ΒΟΥΛΑΣ,23.757981,37.846591
3944,ΕΝΙΑΙΟ ΛΥΚΕΙΟ ΜΑΡΑΘΩΝΑ,23.957053,38.153506
3945,"ΕΝΙΑΙΟ ΛΥΚΕΙΟ ΔΙΟΝΥΣΟΥ ""ΦΩΤΗΣ ΚΟΝΤΟΓΛΟΥ""",23.909385,38.099647
3946,ΕΝΙΑΙΟ ΛΥΚΕΙΟ ΜΑΡΚΟΠΟΥΛΟΥ,23.936889,37.884212
3947,ΕΝΙΑΙΟ ΛΥΚΕΙΟ ΒΟΥΛΙΑΓΜΕΝΗΣ,23.771074,37.819844
3948,ΕΝΙΑΙΟ ΛΥΚΕΙΟ ΑΝΟΙΞΗΣ,23.85466,38.132881
3949,ΕΝΙΑΙΟ ΛΥΚΕΙΟ ΑΡΤΕΜΙΔΑΣ,24.002235,37.940554
3950,ΕΝΙΑΙΟ ΛΥΚΕΙΟ ΑΧΑΡΝΩΝ ΕΣΠΕΡΙΝΟ,23.729495,38.077465
3951,ΕΝΙΑΙΟ ΛΥΚΕΙΟ ΚΡΥΟΝΕΡΙΟΥ,,
3952,ΕΝΙΑΙΟ ΛΥΚΕΙΟ  ΟΘΗΣΗ,,
3953,2ο ΕΝΙΑΙΟ ΛΥΚΕΙΟ ΥΜΗΤΤΟΥ,23.741161,37.945908
3954,54ο ΕΝΙΑΙΟ ΛΥΚΕΙΟ ΑΘΗΝΑΣ,23.7168,38.007349
3955,3ο ΕΝΙΑΙΟ ΛΥΚΕΙΟ ΑΘΗΝΑΣ ΕΣΠΕΡΙΝΟ,23.743529,37.968064
3956,9ο ΕΝΙΑΙΟ ΛΥΚΕΙΟ ΑΘΗΝΑΣ,23.710607,37.971938
3957,1ο ΕΝΙΑΙΟ ΛΥΚΕΙΟ ΑΧΑΡΝΩΝ,23.729495,38.077465
3958,1ο ΕΝΙΑΙΟ ΛΥΚΕΙΟ ΓΕΡΑΚΑ,23.860599,38.009006
3959,ΕΝΙΑΙΟ ΛΥΚΕΙΟ ΒΑΡΗΣ,23.8082,37.82471
3960,2ο ΕΝΙΑΙΟ ΛΥΚΕΙΟ ΑΘΗΝΑΣ ΠΕΙΡΑΜΑΤΙΚΟ,23.750371,37.985346
3961,"1ο ΕΝΙΑΙΟ ΛΥΚΕΙΟ ΠΑΛΛΗΝΗΣ ""PIERRE DE COUBERTIN""",23.88348,38.003954
3962,ΕΝΙΑΙΟ ΛΥΚΕΙΟ ΣΠΑΤΩΝ,23.913625,37.955746
3963,7ο ΕΝΙΑΙΟ ΛΥΚΕΙΟ ΑΘΗΝΑΣ ΕΣΠΕΡΙΝΟ,23.720068,37.990077
3964,2ο ΕΝΙΑΙΟ ΛΥΚΕΙΟ ΖΩΓΡΑΦΟΥ,23.778976,37.969557
3965,ΕΝΙΑΙΟ ΛΥΚΕΙΟ ΚΑΡΕΑ,23.7632,37.946727
3966,2ο ΕΝΙΑΙΟ ΛΥΚΕΙΟ ΗΛΙΟΥΠΟΛΗΣ,23.748684,37.935208
3967,4ο ΕΝΙΑΙΟ ΛΥΚΕΙΟ ΖΩΓΡΑΦΟΥ,23.772878,37.969719
3968,20ο ΕΝΙΑΙΟ ΛΥΚΕΙΟ ΑΘΗΝΑΣ,23.7234,38.009402
3969,4ο ΕΝΙΑΙΟ ΛΥΚΕΙΟ ΓΑΛΑΤΣΙΟΥ,23.753314,38.023003
3970,6ο ΕΝΙΑΙΟ ΛΥΚΕΙΟ ΖΩΓΡΑΦΟΥ,23.765874,37.969947
3971,5ο ΕΝΙΑΙΟ ΛΥΚΕΙΟ ΖΩΓΡΑΦΟΥ,23.773592,37.981601
3972,41ο ΕΝΙΑΙΟ ΛΥΚΕΙΟ ΑΘΗΝΑΣ,23.729346,38.002503
3973,7ο ΕΝΙΑΙΟ ΛΥΚΕΙΟ ΖΩΓΡΑΦΟΥ,23.771808,37.976893
3974,15ο ΕΝΙΑΙΟ ΛΥΚΕΙΟ ΑΘΗΝΑΣ,23.734315,37.997615
3975,1ο ΕΝΙΑΙΟ ΛΥΚΕΙΟ ΒΥΡΩΝΑ,23.755815,37.960091
3976,33ο ΕΝΙΑΙΟ ΛΥΚΕΙΟ ΑΘΗΝΑΣ,23.717011,37.961022
3977,6ο ΕΝΙΑΙΟ ΛΥΚΕΙΟ ΑΘΗΝΑΣ,23.728073,37.962785
3978,21ο ΕΝΙΑΙΟ ΛΥΚΕΙΟ ΑΘΗΝΑΣ,23.756941,38.01221
3979,3ο ΕΝΙΑΙΟ ΛΥΚΕΙΟ ΒΥΡΩΝΑ,23.753079,37.952204
3980,19ο ΕΝΙΑΙΟ ΛΥΚΕΙΟ ΑΘΗΝΑΣ,23.724112,38.000727
3981,22ο ΕΝΙΑΙΟ ΛΥΚΕΙΟ ΑΘΗΝΑΣ,23.756941,38.01221
3982,1ο ΕΝΙΑΙΟ ΛΥΚΕΙΟ ΑΘΗΝΑΣ ΕΣΠΕΡΙΝΟ,23.727873,38.007585
3983,37ο ΕΝΙΑΙΟ ΛΥΚΕΙΟ ΑΘΗΝΑΣ,23.750168,37.96947
3984,28ο ΕΝΙΑΙΟ ΛΥΚΕΙΟ ΑΘΗΝΑΣ,23.743722,37.968079
3985,12ο ΕΝΙΑΙΟ ΛΥΚΕΙΟ ΑΘΗΝΑΣ,23.707239,37.972864
3986,57ο ΕΝΙΑΙΟ ΛΥΚΕΙΟ ΑΘΗΝΑΣ,23.766586,37.992696
3987,56ο ΕΝΙΑΙΟ ΛΥΚΕΙΟ ΑΘΗΝΑΣ,23.753728,37.987589
3988,17ο ΕΝΙΑΙΟ ΛΥΚΕΙΟ ΑΘΗΝΑΣ,23.737296,37.965094
3989,18ο ΕΝΙΑΙΟ ΛΥΚΕΙΟ ΑΘΗΝΑΣ,23.7295,38.0207
3990,32ο ΕΝΙΑΙΟ ΛΥΚΕΙΟ ΑΘΗΝΑΣ,23.727873,38.007585
3991,42ο ΕΝΙΑΙΟ ΛΥΚΕΙΟ ΑΘΗΝΑΣ,23.720653,37.990178
3992,1ο ΕΝΙΑΙΟ ΛΥΚΕΙΟ ΔΑΦΝΗΣ,23.735931,37.949366
3993,3ο ΕΝΙΑΙΟ ΛΥΚΕΙΟ ΔΑΦΝΗΣ,23.72603,37.944024
3994,ΕΝΙΑΙΟ ΛΥΚΕΙΟ ΗΛΙΟΥΠΟΛΗΣ ΕΙΔΙΚΟ,23.750412,37.934171
3995,3ο ΕΝΙΑΙΟ ΛΥΚΕΙΟ ΗΛΙΟΥΠΟΛΗΣ,23.75418,37.919974
3996,5ο ΕΝΙΑΙΟ ΛΥΚΕΙΟ ΑΘΗΝΑΣ ΕΣΠΕΡΙΝΟ,23.7078,37.986871
3997,2ο ΕΝΙΑΙΟ ΛΥΚΕΙΟ ΝΕΑΣ ΦΙΛΑΔΕΛΦΕΙΑΣ,23.729043,38.032387
3998,5ο ΕΝΙΑΙΟ ΛΥΚΕΙΟ ΒΥΡΩΝΑ,23.753079,37.952204
3999,1ο ΕΝΙΑΙΟ ΛΥΚΕΙΟ ΖΩΓΡΑΦΟΥ,23.778976,37.969557
4000,3ο ΕΝΙΑΙΟ ΛΥΚΕΙΟ ΥΜΗΤΤΟΥ,23.748413,37.949629
4001,16ο ΕΝΙΑΙΟ ΛΥΚΕΙΟ ΑΘΗΝΑΣ,23.758623,37.99239
4002,43ο ΕΝΙΑΙΟ ΛΥΚΕΙΟ ΑΘΗΝΑΣ,23.723169,37.952694
4003,4ο ΕΝΙΑΙΟ ΛΥΚΕΙΟ ΗΛΙΟΥΠΟΛΗΣ,23.748453,37.942526
4004,ΕΝΙΑΙΟ ΛΥΚΕΙΟ ΠΕΙΡΑΜΑΤΙΚΟ ΠΑΝΕΠΙΣΤΗΜΙΟΥ ΑΘΗΝΑΣ,23.734598,37.978632
4005,65ο ΕΝΙΑΙΟ ΛΥΚΕΙΟ ΑΘΗΝΑΣ,23.720404,38.013687
4006,5ο ΕΝΙΑΙΟ ΛΥΚΕΙΟ ΗΛΙΟΥΠΟΛΗΣ,23.742576,37.919638
4007,2ο ΕΝΙΑΙΟ ΛΥΚΕΙΟ ΚΑΙΣΑΡΙΑΝΗΣ,23.758865,37.962176
4008,1ο ΕΝΙΑΙΟ ΛΥΚΕΙΟ ΝΕΑΣ ΦΙΛΑΔΕΛΦΕΙΑΣ,23.729043,38.032387
4009,ΕΝΙΑΙΟ ΛΥΚΕΙΟ ΝΕΑΣ ΧΑΛΚΗΔΟΝΑΣ,23.720353,38.022262
4010,14ο ΕΝΙΑΙΟ ΛΥΚΕΙΟ ΑΘΗΝΑΣ,23.719586,37.962509
4011,24ο ΕΝΙΑΙΟ ΛΥΚΕΙΟ ΑΘΗΝΑΣ,23.752262,37.99517
4012,49ο ΕΝΙΑΙΟ ΛΥΚΕΙΟ ΑΘΗΝΑΣ,23.725544,38.021018
4013,38ο ΕΝΙΑΙΟ ΛΥΚΕΙΟ ΑΘΗΝΑΣ,23.740876,37.995296
4014,3ο ΕΝΙΑΙΟ ΛΥΚΕΙΟ ΓΑΛΑΤΣΙΟΥ,23.744017,38.020019
4015,70ο ΕΝΙΑΙΟ ΛΥΚΕΙΟ ΑΘΗΝΑΣ,23.723169,37.952694
4016,1ο ΕΝΙΑΙΟ ΛΥΚΕΙΟ ΓΑΛΑΤΣΙΟΥ,23.73685,38.013202
4017,34ο ΕΝΙΑΙΟ ΛΥΚΕΙΟ ΑΘΗΝΑΣ,23.710619,37.971777
4018,40ο ΕΝΙΑΙΟ ΛΥΚΕΙΟ ΑΘΗΝΑΣ,23.737559,38.010994
4019,36ο ΕΝΙΑΙΟ ΛΥΚΕΙΟ ΑΘΗΝΑΣ,23.728073,37.962785
4020,53ο ΕΝΙΑΙΟ ΛΥΚΕΙΟ ΑΘΗΝΑΣ,23.714221,38.008022
4021,1ο ΕΝΙΑΙΟ ΛΥΚΕΙΟ ΑΘΗΝΑΣ ΠΕΙΡΑΜΑΤΙΚΟ ΓΕΝΝΑΔΕΙΟΣ,23.727704,37.973516
4022,1ο ΕΝΙΑΙΟ ΛΥΚΕΙΟ ΚΑΙΣΑΡΙΑΝΗΣ,23.758865,37.962176
4023,1ο ΕΝΙΑΙΟ ΛΥΚΕΙΟ ΤΑΥΡΟΥ,23.696259,37.964528
4024,1ο ΕΝΙΑΙΟ ΛΥΚΕΙΟ ΗΛΙΟΥΠΟΛΗΣ,23.756015,37.93416
4025,2ο ΕΝΙΑΙΟ ΛΥΚΕΙΟ ΑΘΗΝΑΣ,23.722952,37.987976
4026,"3ο ΕΝΙΑΙΟ ΛΥΚΕΙΟ ΝΕΑΣ ΦΙΛΑΔΕΛΦΕΙΑΣ ""ΜΙΛΤΟΣ ΚΟΥΝΤΟΥΡΑΣ""",23.736183,38.047558
4027,13ο ΕΝΙΑΙΟ ΛΥΚΕΙΟ ΑΘΗΝΑΣ,23.740112,37.956669
4028,30ο ΕΝΙΑΙΟ ΛΥΚΕΙΟ ΑΘΗΝΑΣ,23.743239,38.003295
4029,7ο ΕΝΙΑΙΟ ΛΥΚΕΙΟ ΑΘΗΝΑΣ,23.743722,37.968051
4030,27ο ΕΝΙΑΙΟ ΛΥΚΕΙΟ ΑΘΗΝΑΣ,23.7078,37.986871
4031,2ο ΕΝΙΑΙΟ ΛΥΚΕΙΟ ΑΘΗΝΑΣ ΕΣΠΕΡΙΝΟ,23.750371,37.985346
4032,3ο ΕΝΙΑΙΟ ΛΥΚΕΙΟ ΖΩΓΡΑΦΟΥ,23.771808,37.976893
4033,ΕΝΙΑΙΟ ΛΥΚΕΙΟ ΑΘΗΝΑΣ ΕΚΚΛΗΣΙΑΣΤΙΚΟ,23.741234,37.978915
4034,4ο ΕΝΙΑΙΟ ΛΥΚΕΙΟ ΒΥΡΩΝΑ,23.753079,37.952204
4035,67ο ΕΝΙΑΙΟ ΛΥΚΕΙΟ ΑΘΗΝΑΣ,23.724248,37.997135
4036,2ο ΕΝΙΑΙΟ ΛΥΚΕΙΟ ΓΑΛΑΤΣΙΟΥ,23.736859,38.013204
4037,2ο ΕΝΙΑΙΟ ΛΥΚΕΙΟ ΒΥΡΩΝΑ,23.755507,37.960139
4038,26ο ΕΝΙΑΙΟ ΛΥΚΕΙΟ ΑΘΗΝΑΣ,23.743049,37.976279
4039,59ο ΕΝΙΑΙΟ ΛΥΚΕΙΟ ΑΘΗΝΑΣ,23.734439,38.024902
4040,46ο ΕΝΙΑΙΟ ΛΥΚΕΙΟ ΑΘΗΝΑΣ,23.74303,37.987229
4041,ΕΝΙΑΙΟ ΛΥΚΕΙΟ ΠΑΛΛΗΝΗΣ ΕΣΠΕΡΙΝΟ,,
4042,2ο ΕΝΙΑΙΟ ΛΥΚΕΙΟ ΓΕΡΑΚΑ,,
4043,ΕΝΙΑΙΟ ΛΥΚΕΙΟ ΓΛΥΚΩΝ ΝΕΡΩΝ,23.84719,37.981862
4044,2ο ΕΝΙΑΙΟ ΛΥΚΕΙΟ ΤΑΥΡΟΥ,23.696259,37.964528
4045,5ο ΕΝΙΑΙΟ ΛΥΚΕΙΟ ΑΧΑΡΝΩΝ,,
4046,63ο ΕΝΙΑΙΟ ΛΥΚΕΙΟ ΑΘΗΝΑΣ,23.698305,37.975754
4047,ΕΝΙΑΙΟ ΛΥΚΕΙΟ ΚΟΡΩΠΙΟΥ,23.874063,37.899502
4048,1ο ΤΕΕ ΔΑΦΝΗΣ,23.735931,37.949366
4049,1ο ΤΕΕ ΡΑΦΗΝΑΣ,23.999798,38.020025
4050,2ο ΤΕΕ ΚΑΙΣΑΡΙΑΝΗΣ,23.758865,37.962176
4051,12ο ΤΕΕ ΑΘΗΝΑΣ,23.714104,37.984085
4052,3ο ΤΕE ΓΑΛΑΤΣΙΟΥ,23.735427,38.0137
4053,2ο ΤΕΕ ΓΑΛΑΤΣΙΟΥ,23.735427,38.0137
4054,2ο ΤΕΕ Ν. ΦΙΛΑΔΕΛΦΕΙΑΣ,23.736183,38.047558
4055,1ο ΤΕΕ ΑΧΑΡΝΩΝ ΕΣΠΕΡΙΝΟ,23.723479,38.094422
4056,4ο ΤΕΕ ΑΘΗΝΑΣ,23.729776,38.020203
4057,ΤΕΕ ΕΙΔΙΚΗΣ ΑΓΩΓΗΣ Α' ΒΑΘΜΙΔΑΣ ΑΧΑΡΝΩΝ,,
4058,1ο ΤΕΕ ΚΑΙΣΑΡΙΑΝΗΣ,23.758865,37.962176
4059,1ο ΤΕΕ ΚΟΡΩΠΙΟΥ,23.874063,37.899502
4060,10ο ΤΕΕ ΑΘΗΝΑΣ,23.7493,37.96449
4061,1ο ΤΕΕ ΓΑΛΑΤΣΙΟΥ,23.735427,38.0137
4062,1ο ΤΕΕ Ν. ΦΙΛΑΔΕΛΦΕΙΑΣ,23.736183,38.047558
4063,1ο ΤΕΕ ΤΑΥΡΟΥ ΕΣΠΕΡΙΝΟ,23.697867,37.96526
4064,1ο ΤΕΕ ΑΘΗΝΑΣ,23.71407,37.984201
4065,6ο ΤΕΕ ΑΘΗΝΑΣ,23.750251,37.984212
4066,3ο ΤΕΕ Ν. ΦΙΛΑΔΕΛΦΕΙΑΣ ΕΣΠΕΡΙΝΟ,23.736183,38.047558
4067,7ο ΤΕΕ ΑΘΗΝΑΣ ΕΣΠΕΡΙΝΟ,23.750258,37.98415
4068,2ο ΤΕΕ ΑΘΗΝΑΣ,23.727417,37.983813
4069,9ο ΤΕΕ ΑΘΗΝΑΣ,23.71344,38.007831
4070,2ο ΤΕΕ ΡΑΦΗΝΑΣ,23.993924,38.019313
4071,1ο ΤΕΕ ΒΑΡΗΣ,23.8082,37.82471
4072,1ο ΤΕΕ ΖΩΓΡΑΦΟΥ,23.77315,37.979428
4073,5ο ΤΕΕ ΑΘΗΝΑΣ ΕΣΠΕΡΙΝΟ,23.730388,37.983736
4074,2ο ΤΕΕ ΑΧΑΡΝΩΝ,23.723479,38.094422
4075,ΤΕΕ ΚΡΥΟΝΕΡΙΟΥ,23.831171,38.139252
4076,2ο ΤΕΕ ΑΧΑΡΝΩΝ ΕΣΠΕΡΙΝΟ,23.74337,38.094411
4077,1ο ΤΕΕ ΚΟΡΩΠΙΟΥ ΕΣΠΕΡΙΝΟ,23.874063,37.899502
4078,1ο ΤΕΕ ΠΑΛΛΗΝΗΣ,,
4079,1ο ΤΕΕ ΑΧΑΡΝΩΝ,23.735325,38.083205
4080,1ο ΤΕΕ ΗΛΙΟΥΠΟΛΗΣ,23.740512,37.922248
4081,3ο ΤΕΕ ΑΘΗΝΑΣ,23.703306,37.989416
4082,1ο ΤΕΕ ΛΑΥΡΙΟΥ,24.057806,37.715311
4083,1ο ΤΕΕ ΩΡΩΠΟΥ,23.778399,38.315997
4084,1ο ΤΕΕ ΥΜΗΤΤΟΥ,23.743722,37.954809
4085,2ο ΤΕΕ ΖΩΓΡΑΦΟΥ,23.77315,37.979428
4086,3ο ΤΕΕ ΤΑΥΡΟΥ,23.697867,37.96526
4087,4ο ΤΕΕ ΝΕΑΣ ΦΙΛΑΔΕΛΦΕΙΑΣ,23.736183,38.047558
4088,2ο ΤΕΕ ΗΛΙΟΥΠΟΛΗΣ,23.740982,37.922262
4089,7ο ΣΕΚ Α' ΑΘΗΝΑΣ (ΖΩΓΡΑΦΟΥ),23.77315,37.979428
4090,4ο ΣΕΚ ΑΝΑΤΟΛΙΚΗΣ ΑΤΤΙΚΗΣ (ΒΑΡΗΣ),23.8082,37.82471
4091,1ο ΣΕΚ Α' ΑΘΗΝΑΣ (ΑΜΠΕΛΟΚΗΠΩΝ),23.750371,37.985346
4092,3ο ΣΕΚ ΑΝΑΤΟΛΙΚΗΣ ΑΤΤΙΚΗΣ (ΡΑΦΗΝΑΣ),23.993924,38.019313
4093,2ο ΣΕΚ Α' ΑΘΗΝΑΣ (ΥΜΗΤΤΟΥ),23.743722,37.954809
4094,8ο ΣΕΚ Α' ΑΘΗΝΑΣ (ΤΑΥΡΟΥ),23.697867,37.96526
4095,2ο ΣΕΚ ΑΝΑΤΟΛΙΚΗΣ ΑΤΤΙΚΗΣ (ΚΟΡΩΠΙΟΥ),23.874063,37.899502
4096,5ο ΣΕΚ ΑΝΑΤΟΛΙΚΗΣ ΑΤΤΙΚΗΣ (ΑΧΑΡΝΩΝ),23.74337,38.094411
4097,5ο ΣΕΚ Α' ΑΘΗΝΑΣ (ΝΕΑΣ ΦΙΛΑΔΕΛΦΕΙΑΣ),23.736183,38.047558
4098,6ο ΣΕΚ Α' ΑΘΗΝΑΣ (ΓΑΛΑΤΣΙΟΥ),23.735427,38.0137
4099,3ο ΣΕΚ Α' ΑΘΗΝΑΣ (ΗΛΙΟΥΠΟΛΗΣ),23.741491,37.922254
4100,1ο ΣΕΚ ΑΝΑΤΟΛΙΚΗΣ ΑΤΤΙΚΗΣ (ΑΧΑΡΝΩΝ),23.737885,38.09421
4101,4ο ΣΕΚ Α' ΑΘΗΝΑΣ (ΜΕΤΑΞΟΥΡΓΕΙΟΥ),23.714075,37.984315
4102,ΣΥΜΒΟΥΛΕΥΤΙΚΟΣ ΣΤΑΘΜΟΣ ΝΕΩΝ Α' ΑΘΗΝΑΣ,,
4103,ΣΥΜΒΟΥΛΕΥΤΙΚΟΣ ΣΤΑΘΜΟΣ ΝΕΩΝ ΑΝΑΤΟΛΙΚΗΣ ΑΤΤΙΚΗΣ,,
4104,103ο ΔΗΜΟΤΙΚΟ ΣΧΟΛΕΙΟ ΑΘΗΝΑΣ,23.718017,37.952566
4105,163ο ΔΗΜΟΤΙΚΟ ΣΧΟΛΕΙΟ ΑΘΗΝΑΣ,23.706003,38.001589
4106,16ο ΔΗΜΟΤΙΚΟ ΣΧΟΛΕΙΟ ΓΑΛΑΤΣΙΟΥ,23.756258,38.011146
4107,164ο ΔΗΜΟΤΙΚΟ ΣΧΟΛΕΙΟ ΑΘΗΝΑΣ,23.724298,37.997274
4108,ΔΗΜΟΤΙΚΟ ΣΧΟΛΕΙΟ ΒΟΥΛΙΑΓΜΕΝΗΣ,23.778548,37.815612
4109,2ο ΔΗΜΟΤΙΚΟ ΣΧΟΛΕΙΟ ΑΡΤΕΜΙΔΑΣ,,
4110,8ο ΔΗΜΟΤΙΚΟ ΣΧΟΛΕΙΟ ΑΧΑΡΝΩΝ,23.730996,38.089754
4111,16ο ΔΗΜΟΤΙΚΟ ΣΧΟΛΕΙΟ ΒΥΡΩΝΑ,23.763667,37.947294
4112,155ο ΔΗΜΟΤΙΚΟ ΣΧΟΛΕΙΟ ΑΘΗΝΑΣ,23.753478,37.986968
4113,2ο ΔΗΜΟΤΙΚΟ ΣΧΟΛΕΙΟ ΒΟΥΛΑΣ,23.759438,37.849025
4114,1ο ΔΗΜΟΤΙΚΟ ΣΧΟΛΕΙΟ ΒΟΥΛΑΣ,23.765097,37.842423
4115,15ο ΔΗΜΟΤΙΚΟ ΣΧΟΛΕΙΟ ΓΑΛΑΤΣΙΟΥ,23.752108,38.023496
4116,156ο ΔΗΜΟΤΙΚΟ ΣΧΟΛΕΙΟ ΑΘΗΝΑΣ,23.713224,37.981837
4117,19ο ΔΗΜΟΤΙΚΟ ΣΧΟΛΕΙΟ ΑΧΑΡΝΩΝ,,
4118,162ο ΔΗΜΟΤΙΚΟ ΣΧΟΛΕΙΟ ΑΘΗΝΑΣ,23.706749,37.993452
4119,ΔΗΜΟΤΙΚΟ ΣΧΟΛΕΙΟ ΠΟΛΥΔΕΝΔΡΙΟΥ,23.851927,38.215269
4120,159ο ΔΗΜΟΤΙΚΟ ΣΧΟΛΕΙΟ ΑΘΗΝΑΣ,23.720009,37.998907
4121,160ο ΔΗΜΟΤΙΚΟ ΣΧΟΛΕΙΟ ΑΘΗΝΑΣ,23.720406,37.986096
4122,166ο ΔΗΜΟΤΙΚΟ ΣΧΟΛΕΙΟ ΑΘΗΝΑΣ,23.752188,37.994293
4123,9ο ΔΗΜΟΤΙΚΟ ΣΧΟΛΕΙΟ ΝΕΑΣ ΦΙΛΑΔΕΛΦΕΙΑΣ,23.733532,38.04237
4124,165ο ΔΗΜΟΤΙΚΟ ΣΧΟΛΕΙΟ ΑΘΗΝΑΣ,23.72868,38.003557
4125,161ο ΔΗΜΟΤΙΚΟ ΣΧΟΛΕΙΟ ΑΘΗΝΑΣ,23.702295,38.000337
4126,ΔΗΜΟΤΙΚΟ ΣΧΟΛΕΙΟ ΑΝΘΟΥΣΑΣ,,
4127,170ο ΔΗΜΟΤΙΚΟ ΣΧΟΛΕΙΟ ΑΘΗΝΑΣ,23.721644,38.002071
4128,12ο ΔΗΜΟΤΙΚΟ ΣΧΟΛΕΙΟ ΑΘΗΝΑΣ,23.766203,37.992245
4129,2ο ΔΗΜΟΤΙΚΟ ΣΧΟΛΕΙΟ ΔΙΟΝΥΣΟΥ,,
4130,104ο ΔΗΜΟΤΙΚΟ ΣΧΟΛΕΙΟ ΑΘΗΝΑΣ,23.75829,37.992705
4131,ΔΗΜΟΤΙΚΟ ΣΧΟΛΕΙΟ ΩΡΩΠΟΥ,23.752155,38.297357
4132,1ο ΔΗΜΟΤΙΚΟ ΣΧΟΛΕΙΟ ΝΕΑΣ ΜΑΚΡΗΣ ΕΙΔΙΚΟ ΠΑΜΜΑΚΑΡΙΣΤΟΥ,,
4133,51ο ΔΗΜΟΤΙΚΟ ΣΧΟΛΕΙΟ ΑΘΗΝΑΣ,23.720392,37.986255
4134,1ο ΔΗΜΟΤΙΚΟ ΣΧΟΛΕΙΟ ΔΙΟΝΥΣΟΥ,,
4135,ΔΗΜΟΤΙΚΟ ΣΧΟΛΕΙΟ ΑΝΟΙΞΗΣ,23.855571,38.13289
4136,ΔΗΜΟΤΙΚΟ ΣΧΟΛΕΙΟ ΑΘΗΝΑΣ ΠΕΙΡΑΜΑΤΙΚΟ ΠΑΝΕΠΙΣΤΗΜΙΟΥ ΑΘΗΝΑΣ ΕΞΑΘΕΣΙΟ,23.734595,37.978718
4137,6ο ΔΗΜΟΤΙΚΟ ΣΧΟΛΕΙΟ ΝΕΑΣ ΦΙΛΑΔΕΛΦΕΙΑΣ,23.739382,38.050414
4138,25ο ΔΗΜΟΤΙΚΟ ΣΧΟΛΕΙΟ ΑΘΗΝΑΣ,23.74461,38.021546
4139,32ο ΔΗΜΟΤΙΚΟ ΣΧΟΛΕΙΟ ΑΘΗΝΑΣ,23.724923,37.990325
4140,2ο ΔΗΜΟΤΙΚΟ ΣΧΟΛΕΙΟ ΑΘΗΝΑΣ,23.745487,37.96494
4141,1ο ΔΗΜΟΤΙΚΟ ΣΧΟΛΕΙΟ ΒΥΡΩΝΑ,23.750416,37.960287
4142,2ο ΔΗΜΟΤΙΚΟ ΣΧΟΛΕΙΟ ΖΩΓΡΑΦΟΥ,23.773986,37.9758
4143,112ο ΔΗΜΟΤΙΚΟ ΣΧΟΛΕΙΟ ΑΘΗΝΑΣ,23.735281,38.012199
4144,6ο ΔΗΜΟΤΙΚΟ ΣΧΟΛΕΙΟ ΖΩΓΡΑΦΟΥ,23.762457,37.973972
4145,34ο ΔΗΜΟΤΙΚΟ ΣΧΟΛΕΙΟ ΑΘΗΝΑΣ,23.744817,38.028549
4146,113ο ΔΗΜΟΤΙΚΟ ΣΧΟΛΕΙΟ ΑΘΗΝΑΣ,23.742191,38.023523
4147,30ο ΔΗΜΟΤΙΚΟ ΣΧΟΛΕΙΟ ΑΘΗΝΑΣ,23.739413,38.000393
4148,84ο ΔΗΜΟΤΙΚΟ ΣΧΟΛΕΙΟ ΑΘΗΝΑΣ,23.71274,37.962925
4149,10ο ΔΗΜΟΤΙΚΟ ΣΧΟΛΕΙΟ ΒΥΡΩΝΑ,23.748073,37.955578
4150,9ο ΔΗΜΟΤΙΚΟ ΣΧΟΛΕΙΟ ΖΩΓΡΑΦΟΥ,23.7788,37.969113
4151,116ο ΔΗΜΟΤΙΚΟ ΣΧΟΛΕΙΟ ΑΘΗΝΑΣ,23.736069,37.981605
4152,115ο ΔΗΜΟΤΙΚΟ ΣΧΟΛΕΙΟ ΑΘΗΝΑΣ,23.76619,37.992363
4153,13ο ΔΗΜΟΤΙΚΟ ΣΧΟΛΕΙΟ ΗΛΙΟΥΠΟΛΗΣ,23.742553,37.920622
4154,20ο ΔΗΜΟΤΙΚΟ ΣΧΟΛΕΙΟ ΑΘΗΝΑΣ,23.724305,37.997169
4155,110ο ΔΗΜΟΤΙΚΟ ΣΧΟΛΕΙΟ ΑΘΗΝΑΣ,23.736398,38.001924
4156,3ο ΔΗΜΟΤΙΚΟ ΣΧΟΛΕΙΟ ΚΟΡΩΠΙΟΥ,23.873719,37.898572
4157,26ο ΔΗΜΟΤΙΚΟ ΣΧΟΛΕΙΟ ΑΘΗΝΑΣ,23.736023,38.001597
4158,37ο ΔΗΜΟΤΙΚΟ ΣΧΟΛΕΙΟ ΑΘΗΝΑΣ,23.729418,37.984975
4159,28ο ΔΗΜΟΤΙΚΟ ΣΧΟΛΕΙΟ ΑΘΗΝΑΣ,23.735408,37.991996
4160,3ο ΔΗΜΟΤΙΚΟ ΣΧΟΛΕΙΟ ΓΛΥΚΩΝ ΝΕΡΩΝ,23.847268,37.982089
4161,101ο ΔΗΜΟΤΙΚΟ ΣΧΟΛΕΙΟ ΑΘΗΝΑΣ,23.739609,38.015593
4162,102ο ΔΗΜΟΤΙΚΟ ΣΧΟΛΕΙΟ ΑΘΗΝΑΣ,23.747614,37.996298
4163,1ο ΔΗΜΟΤΙΚΟ ΣΧΟΛΕΙΟ ΘΡΑΚΟΜΑΚΕΔΟΝΩΝ,23.74876,38.117883
4164,19ο ΔΗΜΟΤΙΚΟ ΣΧΟΛΕΙΟ ΑΘΗΝΑΣ,23.760135,37.989009
4165,18ο ΔΗΜΟΤΙΚΟ ΣΧΟΛΕΙΟ ΑΘΗΝΑΣ,23.759774,37.989234
4166,3ο ΔΗΜΟΤΙΚΟ ΣΧΟΛΕΙΟ ΛΑΥΡΙΟΥ,24.057439,37.714939
4167,17ο ΔΗΜΟΤΙΚΟ ΣΧΟΛΕΙΟ ΑΘΗΝΑΣ,23.753595,37.98724
4168,4ο ΔΗΜΟΤΙΚΟ ΣΧΟΛΕΙΟ ΤΑΥΡΟΥ,23.69294,37.962576
4169,56ο ΔΗΜΟΤΙΚΟ ΣΧΟΛΕΙΟ ΑΘΗΝΑΣ,23.706591,37.986747
4170,40ο ΔΗΜΟΤΙΚΟ ΣΧΟΛΕΙΟ ΑΘΗΝΑΣ,23.746873,37.98942
4171,42ο ΔΗΜΟΤΙΚΟ ΣΧΟΛΕΙΟ ΑΘΗΝΑΣ,23.741993,37.99023
4172,10ο ΔΗΜΟΤΙΚΟ ΣΧΟΛΕΙΟ ΑΘΗΝΑΣ,23.765076,37.987984
4173,ΔΗΜΟΤΙΚΟ ΣΧΟΛΕΙΟ ΑΘΗΝΑΣ ΠΕΙΡΑΜΑΤΙΚΟ ΜΑΡΑΣΛΕΙΟ ΜΟΝΟΘΕΣΙΟ,23.742584,37.977469
4174,1ο ΔΗΜΟΤΙΚΟ ΣΧΟΛΕΙΟ ΜΑΡΑΣΛΕΙΟΥ,23.742584,37.977469
4175,9ο ΔΗΜΟΤΙΚΟ ΣΧΟΛΕΙΟ ΑΘΗΝΑΣ,23.752757,37.971889
4176,4ο ΔΗΜΟΤΙΚΟ ΣΧΟΛΕΙΟ ΑΘΗΝΑΣ,23.745782,37.96909
4177,1ο ΔΗΜΟΤΙΚΟ ΣΧΟΛΕΙΟ ΥΜΗΤΤΟΥ,23.744222,37.954462
4178,10ο ΔΗΜΟΤΙΚΟ ΣΧΟΛΕΙΟ ΗΛΙΟΥΠΟΛΗΣ,23.74009,37.937425
4179,7ο ΔΗΜΟΤΙΚΟ ΣΧΟΛΕΙΟ ΑΘΗΝΑΣ,23.743423,37.968674
4180,5ο ΔΗΜΟΤΙΚΟ ΣΧΟΛΕΙΟ ΑΘΗΝΑΣ,23.745724,37.964803
4181,38ο ΔΗΜΟΤΙΚΟ ΣΧΟΛΕΙΟ ΑΘΗΝΑΣ,23.74269,38.00813
4182,3ο ΔΗΜΟΤΙΚΟ ΣΧΟΛΕΙΟ ΖΩΓΡΑΦΟΥ,23.77858,37.969286
4183,5ο ΔΗΜΟΤΙΚΟ ΣΧΟΛΕΙΟ ΖΩΓΡΑΦΟΥ,23.762331,37.974132
4184,4ο ΔΗΜΟΤΙΚΟ ΣΧΟΛΕΙΟ ΖΩΓΡΑΦΟΥ,23.773796,37.981643
4185,3ο ΔΗΜΟΤΙΚΟ ΣΧΟΛΕΙΟ ΑΘΗΝΑΣ,23.738324,37.965493
4186,100ο ΔΗΜΟΤΙΚΟ ΣΧΟΛΕΙΟ ΑΘΗΝΑΣ,23.715246,37.955548
4187,7ο ΔΗΜΟΤΙΚΟ ΣΧΟΛΕΙΟ ΖΩΓΡΑΦΟΥ,23.774262,37.969885
4188,8ο ΔΗΜΟΤΙΚΟ ΣΧΟΛΕΙΟ ΒΥΡΩΝΑ,23.759323,37.952841
4189,98ο ΔΗΜΟΤΙΚΟ ΣΧΟΛΕΙΟ ΑΘΗΝΑΣ,23.720001,37.956006
4190,97ο ΔΗΜΟΤΙΚΟ ΣΧΟΛΕΙΟ ΑΘΗΝΑΣ,23.72728,37.957028
4191,1ο ΔΗΜΟΤΙΚΟ ΣΧΟΛΕΙΟ ΑΘΗΝΑΣ,23.743399,37.968566
4192,71ο ΔΗΜΟΤΙΚΟ ΣΧΟΛΕΙΟ ΑΘΗΝΑΣ,23.712719,37.962941
4193,93ο ΔΗΜΟΤΙΚΟ ΣΧΟΛΕΙΟ ΑΘΗΝΑΣ,23.728666,37.96109
4194,13ο ΔΗΜΟΤΙΚΟ ΣΧΟΛΕΙΟ ΑΘΗΝΑΣ,23.737694,37.965155
4195,70ο ΔΗΜΟΤΙΚΟ ΣΧΟΛΕΙΟ ΑΘΗΝΑΣ,23.723039,37.968105
4196,8ο ΔΗΜΟΤΙΚΟ ΣΧΟΛΕΙΟ ΑΘΗΝΑΣ ΕΙΔΙΚΟ,23.739001,38.022333
4197,1ο ΔΗΜΟΤΙΚΟ ΣΧΟΛΕΙΟ ΗΛΙΟΥΠΟΛΗΣ,23.752452,37.936645
4198,2ο ΔΗΜΟΤΙΚΟ ΣΧΟΛΕΙΟ ΓΕΡΑΚΑ,23.861009,38.008571
4199,137ο ΔΗΜΟΤΙΚΟ ΣΧΟΛΕΙΟ ΑΘΗΝΑΣ,23.699158,37.966581
4200,13ο ΔΗΜΟΤΙΚΟ ΣΧΟΛΕΙΟ ΑΧΑΡΝΩΝ,23.742765,38.081451
4201,12ο ΔΗΜΟΤΙΚΟ ΣΧΟΛΕΙΟ ΑΧΑΡΝΩΝ,23.734628,38.07359
4202,3ο ΔΗΜΟΤΙΚΟ ΣΧΟΛΕΙΟ ΠΑΛΛΗΝΗΣ,23.884152,38.003154
4203,14ο ΔΗΜΟΤΙΚΟ ΣΧΟΛΕΙΟ ΗΛΙΟΥΠΟΛΗΣ,23.752465,37.936776
4204,ΔΗΜΟΤΙΚΟ ΣΧΟΛΕΙΟ ΠΙΚΕΡΜΙΟΥ,23.943155,38.002953
4205,14ο ΔΗΜΟΤΙΚΟ ΣΧΟΛΕΙΟ ΑΧΑΡΝΩΝ,23.735549,38.061218
4206,12ο ΔΗΜΟΤΙΚΟ ΣΧΟΛΕΙΟ ΓΑΛΑΤΣΙΟΥ,23.742779,38.013775
4207,11ο ΔΗΜΟΤΙΚΟ ΣΧΟΛΕΙΟ ΖΩΓΡΑΦΟΥ,23.762331,37.974145
4208,136ο ΔΗΜΟΤΙΚΟ ΣΧΟΛΕΙΟ ΑΘΗΝΑΣ,23.711702,37.986119
4209,4ο ΔΗΜΟΤΙΚΟ ΣΧΟΛΕΙΟ ΥΜΗΤΤΟΥ,23.741752,37.946038
4210,134ο ΔΗΜΟΤΙΚΟ ΣΧΟΛΕΙΟ ΑΘΗΝΑΣ,23.744928,37.997658
4211,131ο ΔΗΜΟΤΙΚΟ ΣΧΟΛΕΙΟ ΑΘΗΝΑΣ,23.736184,38.00181
4212,130ο ΔΗΜΟΤΙΚΟ ΣΧΟΛΕΙΟ ΑΘΗΝΑΣ,23.720082,38.01321
4213,125ο ΔΗΜΟΤΙΚΟ ΣΧΟΛΕΙΟ ΑΘΗΝΑΣ,23.75862,37.992332
4214,94ο ΔΗΜΟΤΙΚΟ ΣΧΟΛΕΙΟ ΑΘΗΝΑΣ,23.719838,37.956188
4215,129ο ΔΗΜΟΤΙΚΟ ΣΧΟΛΕΙΟ ΑΘΗΝΑΣ,23.735144,38.028198
4216,20ο ΔΗΜΟΤΙΚΟ ΣΧΟΛΕΙΟ ΗΛΙΟΥΠΟΛΗΣ,23.758016,37.934119
4217,13ο ΔΗΜΟΤΙΚΟ ΣΧΟΛΕΙΟ ΒΥΡΩΝΑ,23.75042,37.960287
4218,149ο ΔΗΜΟΤΙΚΟ ΣΧΟΛΕΙΟ ΑΘΗΝΑΣ,23.698727,37.968314
4219,127ο ΔΗΜΟΤΙΚΟ ΣΧΟΛΕΙΟ ΑΘΗΝΑΣ,23.711836,37.997111
4220,65ο ΔΗΜΟΤΙΚΟ ΣΧΟΛΕΙΟ ΑΘΗΝΑΣ,23.735282,38.01195
4221,7ο ΔΗΜΟΤΙΚΟ ΣΧΟΛΕΙΟ ΓΑΛΑΤΣΙΟΥ,23.752108,38.023508
4222,ΔΗΜΟΤΙΚΟ ΣΧΟΛΕΙΟ ΠΑΛΑΙΑΣ ΦΩΚΑΙΑΣ,23.948355,37.717114
4223,5ο ΔΗΜΟΤΙΚΟ ΣΧΟΛΕΙΟ ΤΑΥΡΟΥ,23.692942,37.962787
4224,138ο ΔΗΜΟΤΙΚΟ ΣΧΟΛΕΙΟ ΑΘΗΝΑΣ ΠΕΤΡΑΛΩΝΩΝ,23.704681,37.966381
4225,117ο ΔΗΜΟΤΙΚΟ ΣΧΟΛΕΙΟ ΑΘΗΝΑΣ,23.717863,37.952275
4226,128ο ΔΗΜΟΤΙΚΟ ΣΧΟΛΕΙΟ ΑΘΗΝΑΣ,23.712827,38.007078
4227,11ο ΔΗΜΟΤΙΚΟ ΣΧΟΛΕΙΟ ΑΘΗΝΑΣ,23.720864,38.00675
4228,142ο ΔΗΜΟΤΙΚΟ ΣΧΟΛΕΙΟ ΑΘΗΝΑΣ,23.73638,38.019431
4229,7ο ΔΗΜΟΤΙΚΟ ΣΧΟΛΕΙΟ ΝΕΑΣ ΦΙΛΑΔΕΛΦΕΙΑΣ,23.731235,38.044484
4230,141ο ΔΗΜΟΤΙΚΟ ΣΧΟΛΕΙΟ ΑΘΗΝΑΣ,23.725406,38.020371
4231,140ο ΔΗΜΟΤΙΚΟ ΣΧΟΛΕΙΟ ΑΘΗΝΑΣ,23.729331,38.019328
4232,15ο ΔΗΜΟΤΙΚΟ ΣΧΟΛΕΙΟ ΗΛΙΟΥΠΟΛΗΣ,23.750736,37.917056
4233,ΔΗΜΟΤΙΚΟ ΣΧΟΛΕΙΟ ΑΘΗΝΑΣ ΠΕΙΡΑΜΑΤΙΚΟ ΜΑΡΑΣΛΕΙΟ ΤΡΙΘΕΣΙΟ,23.742592,37.977458
4234,11ο ΔΗΜΟΤΙΚΟ ΣΧΟΛΕΙΟ ΑΧΑΡΝΩΝ,23.742548,38.102418
4235,ΔΗΜΟΤΙΚΟ ΣΧΟΛΕΙΟ ΕΛΕΠΑΠ,23.746336,37.969313
4236,1ο ΔΗΜΟΤΙΚΟ ΣΧΟΛΕΙΟ ΤΑΥΡΟΥ,23.68744,37.96646
4237,48ο ΔΗΜΟΤΙΚΟ ΣΧΟΛΕΙΟ ΑΘΗΝΑΣ,23.728445,38.010301
4238,14ο ΔΗΜΟΤΙΚΟ ΣΧΟΛΕΙΟ ΖΩΓΡΑΦΟΥ,23.773986,37.975813
4239,49ο ΔΗΜΟΤΙΚΟ ΣΧΟΛΕΙΟ ΑΘΗΝΑΣ,23.715348,37.978886
4240,74ο ΔΗΜΟΤΙΚΟ ΣΧΟΛΕΙΟ ΑΘΗΝΑΣ,23.726149,37.97263
4241,10ο ΔΗΜΟΤΙΚΟ ΣΧΟΛΕΙΟ ΑΧΑΡΝΩΝ,23.727819,38.087533
4242,ΔΗΜΟΤΙΚΟ ΣΧΟΛΕΙΟ ΔΙΛΟΦΟΥ ΒΑΡΗΣ,23.783322,37.835735
4243,36ο ΔΗΜΟΤΙΚΟ ΣΧΟΛΕΙΟ ΑΘΗΝΑΣ,23.735333,37.988588
4244,29ο ΔΗΜΟΤΙΚΟ ΣΧΟΛΕΙΟ ΑΘΗΝΑΣ,23.740705,37.998531
4245,27ο ΔΗΜΟΤΙΚΟ ΣΧΟΛΕΙΟ ΑΘΗΝΑΣ,23.739404,38.000393
4246,3ο ΔΗΜΟΤΙΚΟ ΣΧΟΛΕΙΟ ΚΕΡΑΤΕΑΣ,23.969622,37.806472
4247,35ο ΔΗΜΟΤΙΚΟ ΣΧΟΛΕΙΟ ΑΘΗΝΑΣ,23.729212,37.985144
4248,ΔΗΜΟΤΙΚΟ ΣΧΟΛΕΙΟ ΣΑΡΩΝΙΔΑΣ,23.914657,37.7516
4249,3ο ΔΗΜΟΤΙΚΟ ΣΧΟΛΕΙΟ ΜΑΡΚΟΠΟΥΛΟΥ,,
4250,4ο ΔΗΜΟΤΙΚΟ ΣΧΟΛΕΙΟ ΚΟΡΩΠΙΟΥ,,
4251,2ο ΔΗΜΟΤΙΚΟ ΣΧΟΛΕΙΟ ΝΕΑΣ ΧΑΛΚΗΔΟΝΟΣ,23.725128,38.024592
4252,99ο ΔΗΜΟΤΙΚΟ ΣΧΟΛΕΙΟ ΑΘΗΝΑΣ,23.721431,37.996342
4253,69ο ΔΗΜΟΤΙΚΟ ΣΧΟΛΕΙΟ ΑΘΗΝΑΣ,23.721037,38.008067
4254,82ο ΔΗΜΟΤΙΚΟ ΣΧΟΛΕΙΟ ΑΘΗΝΑΣ,23.702925,37.970434
4255,120ο ΔΗΜΟΤΙΚΟ ΣΧΟΛΕΙΟ ΑΘΗΝΑΣ,23.742852,38.008229
4256,60ο ΔΗΜΟΤΙΚΟ ΣΧΟΛΕΙΟ ΑΘΗΝΑΣ,23.706749,37.993442
4257,58ο ΔΗΜΟΤΙΚΟ ΣΧΟΛΕΙΟ ΑΘΗΝΑΣ,23.702295,38.000357
4258,57ο ΔΗΜΟΤΙΚΟ ΣΧΟΛΕΙΟ ΑΘΗΝΑΣ,23.710185,37.994392
4259,6ο ΔΗΜΟΤΙΚΟ ΣΧΟΛΕΙΟ ΓΑΛΑΤΣΙΟΥ,23.742779,38.013775
4260,15ο ΔΗΜΟΤΙΚΟ ΣΧΟΛΕΙΟ ΑΧΑΡΝΩΝ,23.742765,38.081493
4261,121ο ΔΗΜΟΤΙΚΟ ΣΧΟΛΕΙΟ ΑΘΗΝΑΣ,23.747692,37.996604
4262,66ο ΔΗΜΟΤΙΚΟ ΣΧΟΛΕΙΟ ΑΘΗΝΑΣ,23.711983,37.986205
4263,118ο ΔΗΜΟΤΙΚΟ ΣΧΟΛΕΙΟ ΑΘΗΝΑΣ,23.745794,37.969296
4264,2ο ΔΗΜΟΤΙΚΟ ΣΧΟΛΕΙΟ ΤΑΥΡΟΥ,23.690415,37.971087
4265,122ο ΔΗΜΟΤΙΚΟ ΣΧΟΛΕΙΟ ΑΘΗΝΑΣ,23.741311,38.003118
4266,81ο ΔΗΜΟΤΙΚΟ ΣΧΟΛΕΙΟ ΑΘΗΝΑΣ,23.702925,37.970434
4267,67ο ΔΗΜΟΤΙΚΟ ΣΧΟΛΕΙΟ ΑΘΗΝΑΣ,23.712197,37.989743
4268,2ο ΔΗΜΟΤΙΚΟ ΣΧΟΛΕΙΟ ΠΑΛΛΗΝΗΣ,23.884111,38.003698
4269,ΔΗΜΟΤΙΚΟ ΣΧΟΛΕΙΟ ΚΙΤΣΙΟΥ,23.843685,37.854479
4270,11ο ΔΗΜΟΤΙΚΟ ΣΧΟΛΕΙΟ ΓΑΛΑΤΣΙΟΥ,23.74807,38.018277
4271,18ο ΔΗΜΟΤΙΚΟ ΣΧΟΛΕΙΟ ΗΛΙΟΥΠΟΛΗΣ,23.748505,37.931383
4272,61ο ΔΗΜΟΤΙΚΟ ΣΧΟΛΕΙΟ ΑΘΗΝΑΣ,23.71001,37.994699
4273,64ο ΔΗΜΟΤΙΚΟ ΣΧΟΛΕΙΟ ΑΘΗΝΑΣ,23.712872,37.981704
4274,77ο ΔΗΜΟΤΙΚΟ ΣΧΟΛΕΙΟ ΑΘΗΝΑΣ,23.70973,37.970242
4275,76ο ΔΗΜΟΤΙΚΟ ΣΧΟΛΕΙΟ ΑΘΗΝΑΣ ΠΕΤΡΑΛΩΝΩΝ,23.704682,37.966206
4276,73ο ΔΗΜΟΤΙΚΟ ΣΧΟΛΕΙΟ ΑΘΗΝΑΣ,23.710042,37.970949
4277,72ο ΔΗΜΟΤΙΚΟ ΣΧΟΛΕΙΟ ΑΘΗΝΑΣ,23.713254,37.976154
4278,152ο ΔΗΜΟΤΙΚΟ ΣΧΟΛΕΙΟ ΑΘΗΝΑΣ,23.718887,38.01558
4279,87ο ΔΗΜΟΤΙΚΟ ΣΧΟΛΕΙΟ ΑΘΗΝΑΣ ΔΙΑΠΟΛΙΤΙΣΜΙΚΗΣ ΕΚΠΑΙΔΕΥΣΗΣ,23.704854,37.976292
4280,5ο ΔΗΜΟΤΙΚΟ ΣΧΟΛΕΙΟ ΝΕΑΣ ΦΙΛΑΔΕΛΦΕΙΑΣ,23.735903,38.047043
4281,96ο ΔΗΜΟΤΙΚΟ ΣΧΟΛΕΙΟ ΑΘΗΝΑΣ,23.722024,37.960512
4282,95ο ΔΗΜΟΤΙΚΟ ΣΧΟΛΕΙΟ ΑΘΗΝΑΣ,23.728691,37.960917
4283,2ο ΔΗΜΟΤΙΚΟ ΣΧΟΛΕΙΟ ΝΕΑΣ ΦΙΛΑΔΕΛΦΕΙΑΣ,23.730076,38.034704
4284,1ο ΔΗΜΟΤΙΚΟ ΣΧΟΛΕΙΟ ΝΕΑΣ ΦΙΛΑΔΕΛΦΕΙΑΣ,23.73154,38.03078
4285,3ο ΔΗΜΟΤΙΚΟ ΣΧΟΛΕΙΟ ΝΕΑΣ ΦΙΛΑΔΕΛΦΕΙΑΣ,23.73354,38.04237
4286,39ο ΔΗΜΟΤΙΚΟ ΣΧΟΛΕΙΟ ΑΘΗΝΑΣ,23.725233,38.020409
4287,22ο ΔΗΜΟΤΙΚΟ ΣΧΟΛΕΙΟ ΑΘΗΝΑΣ,23.730098,38.007855
4288,4ο ΔΗΜΟΤΙΚΟ ΣΧΟΛΕΙΟ ΓΑΛΑΤΣΙΟΥ,23.750312,38.011722
4289,2ο ΔΗΜΟΤΙΚΟ ΣΧΟΛΕΙΟ ΚΕΡΑΤΕΑΣ,23.983334,37.801407
4290,5ο ΔΗΜΟΤΙΚΟ ΣΧΟΛΕΙΟ ΓΑΛΑΤΣΙΟΥ,23.743701,38.019716
4291,45ο ΔΗΜΟΤΙΚΟ ΣΧΟΛΕΙΟ ΑΘΗΝΑΣ,23.741351,38.003007
4292,1ο ΔΗΜΟΤΙΚΟ ΣΧΟΛΕΙΟ ΚΕΡΑΤΕΑΣ,,
4293,4ο ΔΗΜΟΤΙΚΟ ΣΧΟΛΕΙΟ ΝΕΑΣ ΦΙΛΑΔΕΛΦΕΙΑΣ,23.736048,38.046962
4294,1ο ΔΗΜΟΤΙΚΟ ΣΧΟΛΕΙΟ ΝΕΑΣ ΧΑΛΚΗΔΟΝΟΣ,23.725072,38.025282
4295,21ο ΔΗΜΟΤΙΚΟ ΣΧΟΛΕΙΟ ΑΘΗΝΑΣ,23.730069,38.003468
4296,"109ο ΔΗΜΟΤΙΚΟ ΣΧΟΛΕΙΟ ΑΘΗΝΑΣ ""ΟΔΥΣΣΕΑΣ ΕΛΥΤΗΣ""",23.729436,38.016095
4297,108ο ΔΗΜΟΤΙΚΟ ΣΧΟΛΕΙΟ ΑΘΗΝΑΣ,23.721644,38.002064
4298,50ο ΔΗΜΟΤΙΚΟ ΣΧΟΛΕΙΟ ΑΘΗΝΑΣ,23.719999,37.998787
4299,1ο ΔΗΜΟΤΙΚΟ ΣΧΟΛΕΙΟ ΑΧΑΡΝΩΝ,23.734014,38.079375
4300,9ο ΔΗΜΟΤΙΚΟ ΣΧΟΛΕΙΟ ΑΧΑΡΝΩΝ,23.726595,38.059553
4301,ΔΗΜΟΤΙΚΟ ΣΧΟΛΕΙΟ ΚΡΥΟΝΕΡΙΟΥ,23.834051,38.135724
4302,ΔΗΜΟΤΙΚΟ ΣΧΟΛΕΙΟ ΜΑΡΚΟΠΟΥΛΟΥ ΩΡΩΠΟΥ,23.82462,38.290019
4303,2ο ΔΗΜΟΤΙΚΟ ΣΧΟΛΕΙΟ ΑΧΑΡΝΩΝ,23.734546,38.079692
4304,ΔΗΜΟΤΙΚΟ ΣΧΟΛΕΙΟ ΜΑΛΑΚΑΣΑΣ,23.797035,38.236463
4305,7ο ΔΗΜΟΤΙΚΟ ΣΧΟΛΕΙΟ ΑΧΑΡΝΩΝ,23.743619,38.070158
4306,ΔΗΜΟΤΙΚΟ ΣΧΟΛΕΙΟ ΚΑΠΑΝΔΡΙΤΙΟΥ,23.880246,38.213334
4307,ΔΗΜΟΤΙΚΟ ΣΧΟΛΕΙΟ ΚΑΛΑΜΟΥ,23.864264,38.284518
4308,ΔΗΜΟΤΙΚΟ ΣΧΟΛΕΙΟ ΑΓΙΩΝ ΑΠΟΣΤΟΛΩΝ,,
4309,ΔΗΜΟΤΙΚΟ ΣΧΟΛΕΙΟ ΔΡΟΣΙΑΣ,,
4310,ΔΗΜΟΤΙΚΟ ΣΧΟΛΕΙΟ ΒΑΡΝΑΒΑ,23.924299,38.223837
4311,ΔΗΜΟΤΙΚΟ ΣΧΟΛΕΙΟ ΑΦΙΔΝΩΝ,23.837347,38.204852
4312,ΔΗΜΟΤΙΚΟ ΣΧΟΛΕΙΟ ΜΗΛΕΣΙ,,
4313,90ο ΔΗΜΟΤΙΚΟ ΣΧΟΛΕΙΟ ΑΘΗΝΑΣ,23.733966,37.958888
4314,5ο ΔΗΜΟΤΙΚΟ ΣΧΟΛΕΙΟ ΑΧΑΡΝΩΝ,23.736415,38.082868
4315,4ο ΔΗΜΟΤΙΚΟ ΣΧΟΛΕΙΟ ΑΧΑΡΝΩΝ,23.738899,38.077968
4316,3ο ΔΗΜΟΤΙΚΟ ΣΧΟΛΕΙΟ ΑΧΑΡΝΩΝ,23.729976,38.077488
4317,ΔΗΜΟΤΙΚΟ ΣΧΟΛΕΙΟ ΑΥΛΩΝΑΣ,,
4318,1ο ΔΗΜΟΤΙΚΟ ΣΧΟΛΕΙΟ ΜΑΡΑΘΩΝΑ,23.960483,38.15493
4319,1ο ΔΗΜΟΤΙΚΟ ΣΧΟΛΕΙΟ ΓΛΥΚΩΝ ΝΕΡΩΝ,23.847299,37.981766
4320,2ο ΔΗΜΟΤΙΚΟ ΣΧΟΛΕΙΟ ΡΑΦΗΝΑΣ,,
4321,1ο ΔΗΜΟΤΙΚΟ ΣΧΟΛΕΙΟ ΡΑΦΗΝΑΣ,,
4322,1ο ΔΗΜΟΤΙΚΟ ΣΧΟΛΕΙΟ ΓΕΡΑΚΑ,23.861061,38.007968
4323,ΔΗΜΟΤΙΚΟ ΣΧΟΛΕΙΟ ΑΝΑΤΟΛΗΣ,,
4324,ΔΗΜΟΤΙΚΟ ΣΧΟΛΕΙΟ ΠΟΡΤΟ ΡΑΦΤΗ,,
4325,2ο ΔΗΜΟΤΙΚΟ ΣΧΟΛΕΙΟ ΜΑΡΚΟΠΟΥΛΟΥ,,
4326,1ο ΔΗΜΟΤΙΚΟ ΣΧΟΛΕΙΟ ΣΠΑΤΩΝ,23.913594,37.957374
4327,ΔΗΜΟΤΙΚΟ ΣΧΟΛΕΙΟ ΚΑΤΩ ΣΟΥΛΙΟΥ,,
4328,ΔΗΜΟΤΙΚΟ ΣΧΟΛΕΙΟ ΚΟΥΒΑΡΑ,23.968801,37.828072
4329,1ο ΔΗΜΟΤΙΚΟ ΣΧΟΛΕΙΟ ΚΑΛΥΒΙΩΝ,,
4330,1ο ΔΗΜΟΤΙΚΟ ΣΧΟΛΕΙΟ ΝΕΑΣ ΜΑΚΡΗΣ,23.970139,38.087889
4331,1ο ΔΗΜΟΤΙΚΟ ΣΧΟΛΕΙΟ ΒΑΡΗΣ,23.80784,37.824411
4332,ΔΗΜΟΤΙΚΟ ΣΧΟΛΕΙΟ ΒΑΡΚΙΖΑΣ,,
4333,1ο ΔΗΜΟΤΙΚΟ ΣΧΟΛΕΙΟ ΜΑΡΚΟΠΟΥΛΟΥ,,
4334,16ο ΔΗΜΟΤΙΚΟ ΣΧΟΛΕΙΟ ΑΘΗΝΑΣ,23.749793,37.985333
4335,89ο ΔΗΜΟΤΙΚΟ ΣΧΟΛΕΙΟ ΑΘΗΝΑΣ ΝΕΟΥ ΚΟΣΜΟΥ ΠΗΓΑΣΟΣ,23.730727,37.957667
4336,2ο ΔΗΜΟΤΙΚΟ ΣΧΟΛΕΙΟ ΜΑΡΑΣΛΕΙΟΥ,23.742584,37.977469
4337,107ο ΔΗΜΟΤΙΚΟ ΣΧΟΛΕΙΟ ΑΘΗΝΑΣ,23.760085,37.999125
4338,15ο ΔΗΜΟΤΙΚΟ ΣΧΟΛΕΙΟ ΑΘΗΝΑΣ,23.742507,37.977612
4339,14ο ΔΗΜΟΤΙΚΟ ΣΧΟΛΕΙΟ ΑΘΗΝΑΣ,23.735982,37.98151
4340,111ο ΔΗΜΟΤΙΚΟ ΣΧΟΛΕΙΟ ΑΘΗΝΑΣ,23.750806,37.990135
4341,106ο ΔΗΜΟΤΙΚΟ ΣΧΟΛΕΙΟ ΑΘΗΝΑΣ,23.75998,37.982712
4342,105ο ΔΗΜΟΤΙΚΟ ΣΧΟΛΕΙΟ ΑΘΗΝΑΣ,23.752189,37.994303
4343,ΔΗΜΟΤΙΚΟ ΣΧΟΛΕΙΟ ΧΑΛΚΟΥΤΣΙΟΥ,,
4344,ΔΗΜΟΤΙΚΟ ΣΧΟΛΕΙΟ ΣΚΑΛΑΣ ΩΡΩΠΟΥ - ΝΕΩΝ ΠΑΛΑΤΙΩΝ,23.795696,38.316526
4345,4ο ΔΗΜΟΤΙΚΟ ΣΧΟΛΕΙΟ ΛΑΥΡΙΟΥ,24.057438,37.714703
4346,2ο ΔΗΜΟΤΙΚΟ ΣΧΟΛΕΙΟ ΣΠΑΤΩΝ,23.909947,37.962554
4347,3ο ΔΗΜΟΤΙΚΟ ΣΧΟΛΕΙΟ ΤΑΥΡΟΥ,23.698161,37.963353
4348,2ο ΔΗΜΟΤΙΚΟ ΣΧΟΛΕΙΟ ΛΑΥΡΙΟΥ,24.057439,37.715175
4349,ΔΗΜΟΤΙΚΟ ΣΧΟΛΕΙΟ ΤΥΜΒΟΥ ΜΑΡΑΘΩΝΑ,,
4350,2ο ΔΗΜΟΤΙΚΟ ΣΧΟΛΕΙΟ ΚΟΡΩΠΙΟΥ,23.873672,37.89901
4351,1ο ΔΗΜΟΤΙΚΟ ΣΧΟΛΕΙΟ ΑΡΤΕΜΙΔΑΣ,,
4352,1ο ΔΗΜΟΤΙΚΟ ΣΧΟΛΕΙΟ ΚΟΡΩΠΙΟΥ,23.873625,37.899485
4353,ΔΗΜΟΤΙΚΟ ΣΧΟΛΕΙΟ ΑΓΙΑΣ ΜΑΡΙΝΑΣ ΝΕΑΣ ΜΑΚΡΗΣ,23.977132,38.058718
4354,ΔΗΜΟΤΙΚΟ ΣΧΟΛΕΙΟ ΓΡΑΜΜΑΤΙΚΟΥ,23.971003,38.201193
4355,41ο ΔΗΜΟΤΙΚΟ ΣΧΟΛΕΙΟ ΑΘΗΝΑΣ,23.74183,37.990386
4356,ΔΗΜΟΤΙΚΟ ΣΧΟΛΕΙΟ ΠΛΑΚΑΣ ΚΕΡΑΤΕΑΣ,,
4357,9ο ΔΗΜΟΤΙΚΟ ΣΧΟΛΕΙΟ ΒΥΡΩΝΑ,23.763795,37.94749
4358,6ο ΔΗΜΟΤΙΚΟ ΣΧΟΛΕΙΟ ΚΑΙΣΑΡΙΑΝΗΣ,23.758474,37.962586
4359,7ο ΔΗΜΟΤΙΚΟ ΣΧΟΛΕΙΟ ΒΥΡΩΝΑ,23.758856,37.956649
4360,4ο ΔΗΜΟΤΙΚΟ ΣΧΟΛΕΙΟ ΒΥΡΩΝΑ,23.747307,37.958691
4361,3ο ΔΗΜΟΤΙΚΟ ΣΧΟΛΕΙΟ ΚΑΙΣΑΡΙΑΝΗΣ,23.758475,37.962555
4362,4ο ΔΗΜΟΤΙΚΟ ΣΧΟΛΕΙΟ ΚΑΙΣΑΡΙΑΝΗΣ,23.75324,37.971809
4363,54ο ΔΗΜΟΤΙΚΟ ΣΧΟΛΕΙΟ ΑΘΗΝΑΣ,23.721165,37.989002
4364,85ο ΔΗΜΟΤΙΚΟ ΣΧΟΛΕΙΟ ΑΘΗΝΑΣ,23.704097,37.980245
4365,3ο ΔΗΜΟΤΙΚΟ ΣΧΟΛΕΙΟ ΓΑΛΑΤΣΙΟΥ,23.750137,38.01178
4366,2ο ΔΗΜΟΤΙΚΟ ΣΧΟΛΕΙΟ ΓΑΛΑΤΣΙΟΥ,23.754187,38.019591
4367,1ο ΔΗΜΟΤΙΚΟ ΣΧΟΛΕΙΟ ΓΑΛΑΤΣΙΟΥ,23.742779,38.013763
4368,46ο ΔΗΜΟΤΙΚΟ ΣΧΟΛΕΙΟ ΑΘΗΝΑΣ,23.735353,38.011645
4369,62ο ΔΗΜΟΤΙΚΟ ΣΧΟΛΕΙΟ ΑΘΗΝΑΣ,23.712929,38.007427
4370,52ο ΔΗΜΟΤΙΚΟ ΣΧΟΛΕΙΟ ΑΘΗΝΑΣ,23.717743,38.00155
4371,9ο ΔΗΜΟΤΙΚΟ ΣΧΟΛΕΙΟ ΔΑΦΝΗΣ,23.724678,37.947919
4372,55ο ΔΗΜΟΤΙΚΟ ΣΧΟΛΕΙΟ ΑΘΗΝΑΣ,23.721423,37.989393
4373,33ο ΔΗΜΟΤΙΚΟ ΣΧΟΛΕΙΟ ΑΘΗΝΑΣ,23.746605,38.006993
4374,53ο ΔΗΜΟΤΙΚΟ ΣΧΟΛΕΙΟ ΑΘΗΝΑΣ,23.721318,37.995764
4375,24ο ΔΗΜΟΤΙΚΟ ΣΧΟΛΕΙΟ ΑΘΗΝΑΣ,23.729369,38.019202
4376,23ο ΔΗΜΟΤΙΚΟ ΣΧΟΛΕΙΟ ΑΘΗΝΑΣ,23.729867,38.007259
4377,2ο ΔΗΜΟΤΙΚΟ ΣΧΟΛΕΙΟ ΚΑΙΣΑΡΙΑΝΗΣ,23.761681,37.965765
4378,59ο ΔΗΜΟΤΙΚΟ ΣΧΟΛΕΙΟ ΑΘΗΝΑΣ,23.709472,38.002996
4379,4ο ΔΗΜΟΤΙΚΟ ΣΧΟΛΕΙΟ ΔΑΦΝΗΣ,23.725629,37.94401
4380,5ο ΔΗΜΟΤΙΚΟ ΣΧΟΛΕΙΟ ΥΜΗΤΤΟΥ,23.741732,37.946037
4381,7ο ΔΗΜΟΤΙΚΟ ΣΧΟΛΕΙΟ ΗΛΙΟΥΠΟΛΗΣ,23.748021,37.941631
4382,6ο ΔΗΜΟΤΙΚΟ ΣΧΟΛΕΙΟ ΗΛΙΟΥΠΟΛΗΣ,23.743991,37.942075
4383,5ο ΔΗΜΟΤΙΚΟ ΣΧΟΛΕΙΟ ΗΛΙΟΥΠΟΛΗΣ,23.757977,37.9343
4384,2ο ΔΗΜΟΤΙΚΟ ΣΧΟΛΕΙΟ ΗΛΙΟΥΠΟΛΗΣ,23.748505,37.931383
4385,3ο ΔΗΜΟΤΙΚΟ ΣΧΟΛΕΙΟ ΒΥΡΩΝΑ,23.750421,37.960286
4386,9ο ΔΗΜΟΤΙΚΟ ΣΧΟΛΕΙΟ ΗΛΙΟΥΠΟΛΗΣ,23.748252,37.949781
4387,8ο ΔΗΜΟΤΙΚΟ ΣΧΟΛΕΙΟ ΔΑΦΝΗΣ,23.729363,37.953118
4388,7ο ΔΗΜΟΤΙΚΟ ΣΧΟΛΕΙΟ ΔΑΦΝΗΣ,23.733883,37.952526
4389,6ο ΔΗΜΟΤΙΚΟ ΣΧΟΛΕΙΟ ΔΑΦΝΗΣ,23.733889,37.952664
4390,2ο ΔΗΜΟΤΙΚΟ ΣΧΟΛΕΙΟ ΔΑΦΝΗΣ,23.727272,37.946784
4391,1ο ΔΗΜΟΤΙΚΟ ΣΧΟΛΕΙΟ ΔΑΦΝΗΣ,23.731769,37.948828
4392,8ο ΔΗΜΟΤΙΚΟ ΣΧΟΛΕΙΟ ΑΘΗΝΑΣ,23.759764,37.982487
4393,2ο ΔΗΜΟΤΙΚΟ ΣΧΟΛΕΙΟ ΒΥΡΩΝΑ,23.750413,37.960292
4394,6ο ΔΗΜΟΤΙΚΟ ΣΧΟΛΕΙΟ ΒΥΡΩΝΑ,23.75886,37.956651
4395,1ο ΔΗΜΟΤΙΚΟ ΣΧΟΛΕΙΟ ΚΑΙΣΑΡΙΑΝΗΣ,23.761286,37.965827
4396,8ο ΔΗΜΟΤΙΚΟ ΣΧΟΛΕΙΟ ΗΛΙΟΥΠΟΛΗΣ,23.75736,37.924855
4397,5ο ΔΗΜΟΤΙΚΟ ΣΧΟΛΕΙΟ ΔΑΦΝΗΣ,23.724284,37.952923
4398,4ο ΔΗΜΟΤΙΚΟ ΣΧΟΛΕΙΟ ΗΛΙΟΥΠΟΛΗΣ,23.749093,37.930158
4399,3ο ΔΗΜΟΤΙΚΟ ΣΧΟΛΕΙΟ ΗΛΙΟΥΠΟΛΗΣ,23.755124,37.94351
4400,2ο ΔΗΜΟΤΙΚΟ ΣΧΟΛΕΙΟ ΥΜΗΤΤΟΥ,23.744236,37.954358
4401,91ο ΔΗΜΟΤΙΚΟ ΣΧΟΛΕΙΟ ΑΘΗΝΑΣ,23.73855,37.960036
4402,9ο ΔΗΜΟΤΙΚΟ ΣΧΟΛΕΙΟ ΑΘΗΝΑΣ ΕΙΔΙΚΟ,23.760107,37.982658
4403,2ο ΔΗΜΟΤΙΚΟ ΣΧΟΛΕΙΟ ΝΕΑΣ ΜΑΚΡΗΣ,23.970121,38.08787
4404,22ο ΔΗΜΟΤΙΚΟ ΣΧΟΛΕΙΟ ΑΧΑΡΝΩΝ,23.73769,38.089519
4405,21ο ΔΗΜΟΤΙΚΟ ΣΧΟΛΕΙΟ ΑΧΑΡΝΩΝ,23.736423,38.103786
4406,ΔΗΜΟΤΙΚΟ ΣΧΟΛΕΙΟ ΑΘΗΝΑΣ ΝΟΣΟΚΟΜΕΙΟΥ ΠΑΙΔΩΝ ΑΓΛΑΙΑΣ ΚΥΡΙΑΚΟΥ,23.763678,37.983947
4407,4ο ΔΗΜΟΤΙΚΟ ΣΧΟΛΕΙΟ ΠΑΛΛΗΝΗΣ,23.884068,38.00405
4408,20ο ΔΗΜΟΤΙΚΟ ΣΧΟΛΕΙΟ ΑΧΑΡΝΩΝ,23.726117,38.083343
4409,7ο ΔΗΜΟΤΙΚΟ ΣΧΟΛΕΙΟ ΚΑΙΣΑΡΙΑΝΗΣ,23.761661,37.965765
4410,151ο ΔΗΜΟΤΙΚΟ ΣΧΟΛΕΙΟ ΑΘΗΝΑΣ,23.715684,38.001233
4411,17ο ΔΗΜΟΤΙΚΟ ΣΧΟΛΕΙΟ ΓΑΛΑΤΣΙΟΥ,23.756259,38.011134
4412,1ο ΔΗΜΟΤΙΚΟ ΣΧΟΛΕΙΟ ΖΩΓΡΑΦΟΥ,23.771017,37.97727
4413,3ο ΔΗΜΟΤΙΚΟ ΣΧΟΛΕΙΟ ΣΠΑΤΩΝ,23.921061,37.963407
4414,12ο ΔΗΜΟΤΙΚΟ ΣΧΟΛΕΙΟ ΒΥΡΩΝΑ,23.747307,37.958685
4415,12ο ΔΗΜΟΤΙΚΟ ΣΧΟΛΕΙΟ ΖΩΓΡΑΦΟΥ-Στρατηγός Γιάννης Μακρυγιάννης,23.774184,37.969724
4416,150ο ΔΗΜΟΤΙΚΟ ΣΧΟΛΕΙΟ ΑΘΗΝΑΣ,23.731877,37.995124
4417,147ο ΔΗΜΟΤΙΚΟ ΣΧΟΛΕΙΟ ΑΘΗΝΑΣ,23.721579,37.96029
4418,ΔΗΜΟΤΙΚΟ ΣΧΟΛΕΙΟ ΕΙΔΙΚΟ ΜΑΡΑΣΛΕΙΟΥ ΠΑΙΔΑΓΩΓΙΚΗΣ ΑΚΑΔΗΜΙΑΣ,23.742584,37.977469
4419,146ο ΔΗΜΟΤΙΚΟ ΣΧΟΛΕΙΟ ΑΘΗΝΑΣ,23.712609,38.007344
4420,9ο ΔΗΜΟΤΙΚΟ ΣΧΟΛΕΙΟ ΓΑΛΑΤΣΙΟΥ,23.752225,38.016698
4421,19ο ΔΗΜΟΤΙΚΟ ΣΧΟΛΕΙΟ ΖΩΓΡΑΦΟΥ,23.771017,37.97727
4422,5ο ΔΗΜΟΤΙΚΟ ΣΧΟΛΕΙΟ ΠΑΛΛΗΝΗΣ,,
4423,15ο ΔΗΜΟΤΙΚΟ ΣΧΟΛΕΙΟ ΖΩΓΡΑΦΟΥ,23.774184,37.969736
4424,ΔΗΜΟΤΙΚΟ ΣΧΟΛΕΙΟ ΑΓΙΑΣ ΜΑΡΙΝΑΣ ΚΟΡΩΠΙΟΥ,,
4425,3ο ΔΗΜΟΤΙΚΟ ΣΧΟΛΕΙΟ ΓΕΡΑΚΑ,23.861152,38.007147
4426,13ο ΔΗΜΟΤΙΚΟ ΣΧΟΛΕΙΟ ΓΑΛΑΤΣΙΟΥ,23.752473,38.016641
4427,2ο ΔΗΜΟΤΙΚΟ ΣΧΟΛΕΙΟ ΓΛΥΚΩΝ ΝΕΡΩΝ,23.847301,37.981407
4428,10ο ΔΗΜΟΤΙΚΟ ΣΧΟΛΕΙΟ ΖΩΓΡΑΦΟΥ,23.773796,37.981631
4429,133ο ΔΗΜΟΤΙΚΟ ΣΧΟΛΕΙΟ ΑΘΗΝΑΣ,23.735644,37.997374
4430,135ο ΔΗΜΟΤΙΚΟ ΣΧΟΛΕΙΟ ΑΘΗΝΑΣ,23.743792,37.989693
4431,11ο ΔΗΜΟΤΙΚΟ ΣΧΟΛΕΙΟ ΗΛΙΟΥΠΟΛΗΣ,23.747047,37.933824
4432,2ο ΔΗΜΟΤΙΚΟ ΣΧΟΛΕΙΟ ΑΓΙΟΥ ΣΤΕΦΑΝΟΥ,23.852374,38.147706
4433,16ο ΔΗΜΟΤΙΚΟ ΣΧΟΛΕΙΟ ΖΩΓΡΑΦΟΥ,23.774169,37.969723
4434,86ο ΔΗΜΟΤΙΚΟ ΣΧΟΛΕΙΟ ΑΘΗΝΑΣ,23.735629,37.997374
4435,79ο ΔΗΜΟΤΙΚΟ ΣΧΟΛΕΙΟ ΑΘΗΝΑΣ,23.727706,38.007387
4436,23ο ΔΗΜΟΤΙΚΟ ΣΧΟΛΕΙΟ ΑΧΑΡΝΩΝ,23.736906,38.077755
4437,12ο ΔΗΜΟΤΙΚΟ ΣΧΟΛΕΙΟ ΗΛΙΟΥΠΟΛΗΣ,23.760774,37.942171
4438,4ο ΔΗΜΟΤΙΚΟ ΣΧΟΛΕΙΟ ΠΑΙΑΝΙΑΣ,23.852513,37.957329
4439,3ο ΔΗΜΟΤΙΚΟ ΣΧΟΛΕΙΟ ΠΑΙΑΝΙΑΣ,23.852468,37.956013
4440,1ο ΔΗΜΟΤΙΚΟ ΣΧΟΛΕΙΟ ΠΑΙΑΝΙΑΣ,23.852514,37.956652
4441,2ο ΔΗΜΟΤΙΚΟ ΣΧΟΛΕΙΟ ΠΑΙΑΝΙΑΣ,23.852515,37.95805
4442,14ο ΔΗΜΟΤΙΚΟ ΣΧΟΛΕΙΟ ΓΑΛΑΤΣΙΟΥ,23.742794,38.013763
4443,22ο ΔΗΜΟΤΙΚΟ ΣΧΟΛΕΙΟ ΗΛΙΟΥΠΟΛΗΣ,23.742513,37.92096
4444,21ο ΔΗΜΟΤΙΚΟ ΣΧΟΛΕΙΟ ΗΛΙΟΥΠΟΛΗΣ,23.748223,37.941903
4445,18ο ΔΗΜΟΤΙΚΟ ΣΧΟΛΕΙΟ ΑΧΑΡΝΩΝ,23.726087,38.09312
4446,132ο ΔΗΜΟΤΙΚΟ ΣΧΟΛΕΙΟ ΑΘΗΝΑΣ,23.73528,38.012546
4447,92ο ΔΗΜΟΤΙΚΟ ΣΧΟΛΕΙΟ ΑΘΗΝΑΣ,23.727217,37.957206
4448,2ο ΔΗΜΟΤΙΚΟ ΣΧΟΛΕΙΟ ΚΑΛΥΒΙΩΝ ΘΟΡΙΚΟΥ,,
4449,16ο ΔΗΜΟΤΙΚΟ ΣΧΟΛΕΙΟ ΗΛΙΟΥΠΟΛΗΣ,23.755111,37.943591
4450,3ο ΔΗΜΟΤΙΚΟ ΣΧΟΛΕΙΟ ΡΑΦΗΝΑΣ,,
4451,8ο ΔΗΜΟΤΙΚΟ ΣΧΟΛΕΙΟ ΓΑΛΑΤΣΙΟΥ,23.754348,38.019557
4452,139ο ΔΗΜΟΤΙΚΟ ΣΧΟΛΕΙΟ ΑΘΗΝΑΣ,23.733096,38.021208
4453,5ο ΔΗΜΟΤΙΚΟ ΣΧΟΛΕΙΟ ΒΥΡΩΝΑ,23.752458,37.952592
4454,80ο ΔΗΜΟΤΙΚΟ ΣΧΟΛΕΙΟ ΑΘΗΝΑΣ,23.7649,37.987877
4455,24ο ΔΗΜΟΤΙΚΟ ΣΧΟΛΕΙΟ ΑΧΑΡΝΩΝ,23.726164,38.093107
4456,ΜΟΝΟΘΕΣΙΟ ΔΗΜΟΤΙΚΟ ΠΕΙΡΑΜΑΤΙΚΟ ΣΧΟΛΕΙΟ ΠΑΝΕΠΙΣΤΗΜΙΟΥ ΑΘΗΝΩΝ,23.734596,37.978678
4457,3ο ΔΗΜΟΤΙΚΟ ΣΧΟΛΕΙΟ ΑΡΤΕΜΙΔΑΣ,,
4458,174ο ΔΗΜΟΤΙΚΟ ΣΧΟΛΕΙΟ ΑΘΗΝΩΝ,23.744424,38.021449
4459,3ο ΔΗΜΟΤΙΚΟ ΣΧΟΛΕΙΟ ΚΑΛΥΒΙΩΝ,,
4460,1ο ΔΗΜΟΤΙΚΟ ΣΧΟΛΕΙΟ ΑΧΑΡΝΩΝ ΕΙΔΙΚΟ,23.723918,38.080826
4461,3ο ΔΗΜΟΤΙΚΟ ΣΧΟΛΕΙΟ ΒΟΥΛΑΣ,23.775904,37.852992
4462,11ο ΔΗΜΟΤΙΚΟ ΣΧΟΛΕΙΟ ΒΥΡΩΝΑ,23.752458,37.952592
4463,17ο ΔΗΜΟΤΙΚΟ ΣΧΟΛΕΙΟ ΑΧΑΡΝΩΝ,23.719964,38.084808
4464,16ο ΔΗΜΟΤΙΚΟ ΣΧΟΛΕΙΟ ΑΧΑΡΝΩΝ,23.730013,38.077401
4465,17ο ΔΗΜΟΤΙΚΟ ΣΧΟΛΕΙΟ ΖΩΓΡΑΦΟΥ,23.762457,37.973984
4466,4ο ΔΗΜΟΤΙΚΟ ΣΧΟΛΕΙΟ ΓΕΡΑΚΑ,23.861094,38.007507
4467,78ο ΔΗΜΟΤΙΚΟ ΣΧΟΛΕΙΟ ΑΘΗΝΑΣ,23.746649,38.006899
4468,88ο ΔΗΜΟΤΙΚΟ ΣΧΟΛΕΙΟ ΑΘΗΝΑΣ,23.745089,38.028449
4469,17ο ΔΗΜΟΤΙΚΟ ΣΧΟΛΕΙΟ ΗΛΙΟΥΠΟΛΗΣ,23.756833,37.925075
4470,ΔΗΜΟΤΙΚΟ ΣΧΟΛΕΙΟ ΒΟΥΛΑΣ ΕΙΔΙΚΟ,,
4471,123ο ΔΗΜΟΤΙΚΟ ΣΧΟΛΕΙΟ ΑΘΗΝΑΣ,23.736488,37.955552
4472,144ο ΔΗΜΟΤΙΚΟ ΣΧΟΛΕΙΟ ΑΘΗΝΑΣ,23.706138,38.001456
4473,31ο ΔΗΜΟΤΙΚΟ ΣΧΟΛΕΙΟ ΑΘΗΝΑΣ,23.720407,38.006767
4474,6ο ΔΗΜΟΤΙΚΟ ΣΧΟΛΕΙΟ ΑΘΗΝΑΣ ΕΙΔΙΚΟ,23.745758,37.968883
4475,44ο ΔΗΜΟΤΙΚΟ ΣΧΟΛΕΙΟ ΑΘΗΝΑΣ,23.718769,38.015615
4476,145ο ΔΗΜΟΤΙΚΟ ΣΧΟΛΕΙΟ ΑΘΗΝΑΣ,23.713091,38.007193
4477,ΔΗΜΟΤΙΚΟ ΣΧΟΛΕΙΟ ΣΤΑΜΑΤΑΣ,,
4478,ΔΗΜΟΤΙΚΟ ΣΧΟΛΕΙΟ ΡΟΔΟΠΟΛΗΣ,23.874527,38.112196
4479,ΔΗΜΟΤΙΚΟ ΣΧΟΛΕΙΟ ΣΥΚΑΜΙΝΟΥ,23.729326,38.300486
4480,8ο ΔΗΜΟΤΙΚΟ ΣΧΟΛΕΙΟ ΝΕΑΣ ΦΙΛΑΔΕΛΦΕΙΑΣ,23.730232,38.034697
4481,3ο ΔΗΜΟΤΙΚΟ ΣΧΟΛΕΙΟ ΥΜΗΤΤΟΥ,23.748167,37.94968
4482,1ο ΔΗΜΟΤΙΚΟ ΣΧΟΛΕΙΟ ΑΓΙΟΥ ΣΤΕΦΑΝΟΥ,23.857783,38.141287
4483,8ο ΔΗΜΟΤΙΚΟ ΣΧΟΛΕΙΟ ΖΩΓΡΑΦΟΥ,23.774262,37.969885
4484,ΔΗΜΟΤΙΚΟ ΣΧΟΛΕΙΟ ΒΑΡΥΜΠΟΠΗΣ,23.744326,38.119537
4485,2ο ΔΗΜΟΤΙΚΟ ΣΧΟΛΕΙΟ ΕΛΕΠΑΠ ΕΙΔΙΚΟ,23.746323,37.969373
4486,75ο ΔΗΜΟΤΙΚΟ ΣΧΟΛΕΙΟ ΑΘΗΝΑΣ,23.720792,38.006547
4487,1ο ΔΗΜΟΤΙΚΟ ΣΧΟΛΕΙΟ ΛΑΥΡΙΟΥ,24.057444,37.715416
4488,148ο ΔΗΜΟΤΙΚΟ ΣΧΟΛΕΙΟ ΑΘΗΝΑΣ,23.742191,38.023523
4489,126ο ΔΗΜΟΤΙΚΟ ΣΧΟΛΕΙΟ ΑΘΗΝΑΣ,23.738314,37.959923
4490,124ο ΔΗΜΟΤΙΚΟ ΣΧΟΛΕΙΟ ΑΘΗΝΑΣ,23.76619,37.992363
4491,ΔΗΜΟΤΙΚΟ ΣΧΟΛΕΙΟ ΚΑΠΟΤΑ,,
4492,7ο ΔΗΜΟΤΙΚΟ ΣΧΟΛΕΙΟ ΠΑΛΛΗΝΗΣ,,
4493,2ο ΔΗΜΟΤΙΚΟ ΣΧΟΛΕΙΟ ΒΑΡΗΣ,,
4494,ΔΗΜΟΤΙΚΟ ΣΧΟΛΕΙΟ ΕΙΔΙΚΟ ΜΑΡΑΣΛΕΙΟΥ ΔΙΔΑΣΚΑΛΕΙΟΥ,23.742584,37.977469
4495,2ο ΔΗΜΟΤΙΚΟ ΣΧΟΛΕΙΟ ΘΡΑΚΟΜΑΚΕΔΟΝΩΝ,23.748777,38.136202
4496,25ο ΔΗΜΟΤΙΚΟ ΣΧΟΛΕΙΟ ΑΧΑΡΝΩΝ,23.739722,38.09446
4497,ΔΗΜΟΤΙΚΟ ΣΧΟΛΕΙΟ ΑΥΛΩΝΑΣ ΣΩΦΡΟΝΙΣΤΙΚΟ ΑΝΗΛΙΚΩΝ,,
4498,4ο ΔΗΜΟΤΙΚΟ ΣΧΟΛΕΙΟ ΑΘΗΝΑΣ ΕΙΔΙΚΟ,23.721781,37.999131
4499,"63ο ΔΗΜΟΤΙΚΟ ΣΧΟΛΕΙΟ ΑΘΗΝΑΣ ""ΓΙΑΝΝΗΣ ΡΙΤΣΟΣ""",23.720376,38.006577
4500,4ο ΔΗΜΟΤΙΚΟ ΣΧΟΛΕΙΟ ΒΟΥΛΑΣ,23.771236,37.831065
4501,4ο ΔΗΜΟΤΙΚΟ ΣΧΟΛΕΙΟ ΑΡΤΕΜΙΔΑΣ,,
4502,ΔΗΜΟΤΙΚΟ ΣΧΟΛΕΙΟ ΑΝΑΒΥΣΣΟΥ,23.940904,37.732806
4503,2ο ΔΗΜΟΤΙΚΟ ΣΧΟΛΕΙΟ ΠΟΡΤΟ ΡΑΦΤΗ,,
4504,5ο ΔΗΜΟΤΙΚΟ ΣΧΟΛΕΙΟ ΑΡΤΕΜΙΔΑΣ,,
4505,1ο ΔΗΜΟΤΙΚΟ ΣΧΟΛΕΙΟ ΠΑΛΛΗΝΗΣ,23.884133,38.003396
4506,2ο ΔΗΜΟΤΙΚΟ ΣΧΟΛΕΙΟ ΚΡΥΟΝΕΡΙΟΥ,,
4507,173ο ΔΗΜΟΤΙΚΟ ΣΧΟΛΕΙΟ ΑΘΗΝΩΝ,23.730631,38.025737
4508,5ο ΔΗΜΟΤΙΚΟ ΣΧΟΛΕΙΟ ΓΕΡΑΚΑ,,
4509,172ο ΔΗΜΟΤΙΚΟ ΣΧΟΛΕΙΟ ΑΘΗΝΩΝ,,
4510,ΔΗΜΟΤΙΚΟ ΣΧΟΛΕΙΟ ΑΘΗΝΑΣ ΝΟΣΟΚΟΜΕΙΟΥ ΠΑΙΔΩΝ ΑΓΙΑ ΣΟΦΙΑ,23.764044,37.983579
4511,"6ο ΔΗΜΟΤΙΚΟ ΣΧΟΛΕΙΟ ΑΧΑΡΝΩΝ ""ΟΙ ΤΡΕΙΣ ΙΕΡΑΡΧΕΣ""",23.734606,38.073624
4512,ΔΗΜΟΤΙΚΟ ΣΧΟΛΕΙΟ ΝΤΑΟΥ ΠΕΝΤΕΛΗΣ ΕΙΔΙΚΟ,,
4513,ΔΙΕΥΘΥΝΣΗ Δ.Ε. Α ΑΘΗΝΑΣ,23.724616,37.982278
4514,ΔΙΕΥΘΥΝΣΗ Δ.Ε. ΑΝΑΤΟΛΙΚΗΣ ΑΤΤΙΚΗΣ,23.88348,38.003954
4515,4ο ΕΡΓΑΣΤΗΡΙΑΚΟ ΚΕΝΤΡΟ ΦΥΣΙΚΩΝ ΕΠΙΣΤΗΜΩΝ Α' ΑΘΗΝΑΣ (ΗΛΙΟΥΠΟΛΗ),23.740678,37.931191
4516,2ο ΕΡΓΑΣΤΗΡΙΑΚΟ ΚΕΝΤΡΟ ΦΥΣΙΚΩΝ ΕΠΙΣΤΗΜΩΝ ΑΝΑΤ. ΑΤΤΙΚΗΣ (ΑΧΑΡΝΕΣ),,
4517,1ο ΕΡΓΑΣΤΗΡΙΑΚΟ ΚΕΝΤΡΟ ΦΥΣΙΚΩΝ ΕΠΙΣΤΗΜΩΝ ΑΝΑΤ. ΑΤΤΙΚΗΣ (ΠΑΛΛΗΝΗ),23.860599,38.009006
4518,2ο ΕΡΓΑΣΤΗΡΙΑΚΟ ΚΕΝΤΡΟ ΦΥΣΙΚΩΝ ΕΠΙΣΤΗΜΩΝ Α' ΑΘΗΝΑΣ (ΟΜΟΝΟΙΑ),23.721667,37.982891
4519,1ο ΕΡΓΑΣΤΗΡΙΑΚΟ ΚΕΝΤΡΟ ΦΥΣΙΚΩΝ ΕΠΙΣΤΗΜΩΝ Α' ΑΘΗΝΑΣ (ΑΜΠΕΛΟΚΗΠΟΙ),23.750518,37.984938
4520,3ο ΕΡΓΑΣΤΗΡΙΑΚΟ ΚΕΝΤΡΟ ΦΥΣΙΚΩΝ ΕΠΙΣΤΗΜΩΝ Α' ΑΘΗΝΑΣ (Ν. ΦΙΛΑΔΕΛΦΕΙΑΣ),23.736183,38.047558
4521,ΚΕΣΥΠ ΑΝΑΤΟΛΙΚΗΣ ΑΤΤΙΚΗΣ,23.88348,38.003954
4522,ΚΕΣΥΠ ΑΘΗΝΑΣ - Α2,23.742245,37.919044
4523,ΚΕΣΥΠ ΑΘΗΝΑΣ - Α1,,
4524,ΚΕΝΤΡΟ ΣΥΜΒΟΥΛΕΥΤΙΚΗΣ ΠΡΟΣΑΝΑΤΟΛΙΣΜΟΥ ΑΧΑΡΝΩΝ,,
4525,7ο ΓΡΑΦΕΙΟ Δ.Ε. Α ΑΘΗΝΑΣ,23.724616,37.982278
4526,1ο ΓΡΑΦΕΙΟ Δ.Ε. ΑΝΑΤΟΛΙΚΗΣ ΑΤΤΙΚΗΣ,23.88348,38.003954
4527,3ο ΓΡΑΦΕΙΟ Δ.Ε. ΑΝΑΤΟΛΙΚΗΣ ΑΤΤΙΚΗΣ,23.773409,37.845965
4528,4ο ΓΡΑΦΕΙΟ Δ.Ε. Α ΑΘΗΝΑΣ,23.724616,37.982278
4529,2ο ΓΡΑΦΕΙΟ Δ.Ε. ΑΝΑΤΟΛΙΚΗΣ ΑΤΤΙΚΗΣ,23.723479,38.094422
4530,2ο ΓΡΑΦΕΙΟ Δ.Ε. Α ΑΘΗΝΑΣ,23.724616,37.982278
4531,3ο ΓΡΑΦΕΙΟ Δ.Ε. Α ΑΘΗΝΑΣ,23.724616,37.982278
4532,1ο ΓΡΑΦΕΙΟ Δ.Ε. Α ΑΘΗΝΑΣ,23.724616,37.982278
4533,6ο ΓΡΑΦΕΙΟ Δ.Ε. Α ΑΘΗΝΑΣ,23.724616,37.982278
4534,5ο ΓΡΑΦΕΙΟ Δ.Ε. Α ΑΘΗΝΑΣ,23.724616,37.982278
4535,ΓΡΑΦΕΙΟ ΤΕΕ ΑΝΑΤΟΛΙΚΗΣ ΑΤΤΙΚΗΣ,,
4536,ΓΡΑΦΕΙΟ ΤΕΕ Α ΑΘΗΝΑΣ,23.726671,37.980234
4537,ΙΕΚ ΜΑΡΚΟΠΟΥΛΟΥ,,
4538,ΙΕΚ ΓΑΛΑΤΣΙΟΥ,23.736854,38.013168
4539,ΙΕΚ ΑΧΑΡΝΩΝ,,
4540,ΙΕΚ ΗΛΙΟΥΠΟΛΗΣ,,
4541,ΙΕΚ ΑΓΙΟΥ ΣΤΕΦΑΝΟΥ,,
4542,ΙΕΚ ΒΑΡΗΣ,,
4543,ΔΙΕΥΘΥΝΣΗ Π.Ε. ΑΝΑΤΟΛΙΚΗΣ ΑΤΤΙΚΗΣ,,
4544,ΔΙΕΥΘΥΝΣΗ Π.Ε. Α' ΑΘΗΝΑΣ,23.721327,37.981839
4545,7ο ΓΡΑΦΕΙΟ Π.Ε. Α' ΑΘΗΝΑΣ,,
4546,1ο ΓΡΑΦΕΙΟ Π.Ε. Α' ΑΘΗΝΑΣ,23.720923,37.980652
4547,4ο ΓΡΑΦΕΙΟ Π.Ε. ΑΝΑΤΟΛΙΚΗΣ ΑΤΤΙΚΗΣ,,
4548,3ο ΓΡΑΦΕΙΟ Π.Ε. ΑΝΑΤΟΛΙΚΗΣ ΑΤΤΙΚΗΣ,,
4549,1ο ΓΡΑΦΕΙΟ Π.Ε. ΑΝΑΤΟΛΙΚΗΣ ΑΤΤΙΚΗΣ,,
4550,2ο ΓΡΑΦΕΙΟ Π.Ε. ΑΝΑΤΟΛΙΚΗΣ ΑΤΤΙΚΗΣ,,
4551,2ο ΓΡΑΦΕΙΟ Π.Ε. Α' ΑΘΗΝΑΣ,,
4552,3ο ΓΡΑΦΕΙΟ Π.Ε. Α' ΑΘΗΝΑΣ,23.722282,37.980071
4553,5ο ΓΡΑΦΕΙΟ Π.Ε. Α' ΑΘΗΝΑΣ,23.730511,38.004225
4554,4ο ΓΡΑΦΕΙΟ Π.Ε. Α' ΑΘΗΝΑΣ,23.730511,38.004225
4555,6ο ΓΡΑΦΕΙΟ Π.Ε. Α' ΑΘΗΝΑΣ,,
4556,ΔΙΔΑΣΚΑΛΙΚΗ ΟΜΟΣΠΟΝΔΙΑ ΕΛΛΑΔΑΣ,,
4557,1ο ΠΕΡΙΦΕΡΕΙΑΚΟ ΕΠΙΜΟΡΦΩΤΙΚΟ ΚΕΝΤΡΟ ΑΘΗΝΑΣ,,
4558,ΓΡΑΦΕΙΟ ΦΥΣΙΚΗΣ ΑΓΩΓΗΣ Α' ΑΘΗΝΑΣ,23.724884,37.985564
4559,ΓΡΑΦΕΙΟ ΦΥΣΙΚΗΣ ΑΓΩΓΗΣ ΑΝΑΤΟΛΙΚΗΣ ΑΤΤΙΚΗΣ,,
4560,2ο ΝΗΠΙΑΓΩΓΕΙΟ ΔΙΟΝΥΣΟΥ,,
4561,4ο ΝΗΠΙΑΓΩΓΕΙΟ ΒΥΡΩΝΑ,23.74737,37.958609
4562,2ο ΝΗΠΙΑΓΩΓΕΙΟ ΝΕΑΣ ΦΙΛΑΔΕΛΦΕΙΑΣ,23.731706,38.030692
4563,143ο ΝΗΠΙΑΓΩΓΕΙΟ ΑΘΗΝΩΝ,23.744012,38.020642
4564,4ο ΝΗΠΙΑΓΩΓΕΙΟ ΔΑΦΝΗΣ,23.734546,37.950008
4565,56ο ΝΗΠΙΑΓΩΓΕΙΟ ΑΘΗΝΑΣ,23.71807,37.952483
4566,44ο ΝΗΠΙΑΓΩΓΕΙΟ ΑΘΗΝΑΣ,23.738799,37.959835
4567,3ο ΝΗΠΙΑΓΩΓΕΙΟ ΥΜΗΤΤΟΥ,23.736486,37.953312
4568,22ο ΝΗΠΙΑΓΩΓΕΙΟ ΑΘΗΝΑΣ,23.718579,38.004126
4569,32ο ΝΗΠΙΑΓΩΓΕΙΟ ΑΘΗΝΑΣ,23.712599,38.007224
4570,37ο ΝΗΠΙΑΓΩΓΕΙΟ ΑΘΗΝΑΣ,23.730204,38.003482
4571,2ο ΝΗΠΙΑΓΩΓΕΙΟ ΡΑΦΗΝΑΣ,,
4572,2ο ΝΗΠΙΑΓΩΓΕΙΟ ΓΕΡΑΚΑ,,
4573,7ο ΝΗΠΙΑΓΩΓΕΙΟ ΑΧΑΡΝΩΝ,,
4574,3ο ΝΗΠΙΑΓΩΓΕΙΟ ΚΟΡΩΠΙΟΥ,,
4575,45ο ΝΗΠΙΑΓΩΓΕΙΟ ΑΘΗΝΑΣ,23.728795,37.960895
4576,2ο ΝΗΠΙΑΓΩΓΕΙΟ ΛΑΥΡΙΟΥ,,
4577,11ο ΝΗΠΙΑΓΩΓΕΙΟ ΗΛΙΟΥΠΟΛΗΣ,23.745314,37.93268
4578,1ο ΝΗΠΙΑΓΩΓΕΙΟ ΛΑΥΡΙΟΥ,,
4579,115ο ΝΗΠΙΑΓΩΓΕΙΟ ΑΘΗΝΑΣ,23.705602,37.993884
4580,60ο ΝΗΠΙΑΓΩΓΕΙΟ ΑΘΗΝΑΣ,23.712367,37.993017
4581,61ο ΝΗΠΙΑΓΩΓΕΙΟ ΑΘΗΝΑΣ,23.702363,38.000221
4582,64ο ΝΗΠΙΑΓΩΓΕΙΟ ΑΘΗΝΑΣ,23.7199,38.006628
4583,77ο ΝΗΠΙΑΓΩΓΕΙΟ ΑΘΗΝΑΣ,23.758164,37.9927
4584,2ο ΝΗΠΙΑΓΩΓΕΙΟ ΝΕΩΝ ΠΑΛΑΤΙΩΝ,23.795696,38.316526
4585,141ο ΝΗΠΙΑΓΩΓΕΙΟ ΑΘΗΝΑΣ,23.709487,38.002991
4586,27ο ΝΗΠΙΑΓΩΓΕΙΟ ΑΧΑΡΝΩΝ,,
4587,2ο ΝΗΠΙΑΓΩΓΕΙΟ ΒΑΡΗΣ,,
4588,4ο ΝΗΠΙΑΓΩΓΕΙΟ ΛΑΥΡΙΟΥ,,
4589,4ο ΝΗΠΙΑΓΩΓΕΙΟ ΒΟΥΛΑΣ,23.771507,37.83023
4590,ΝΗΠΙΑΓΩΓΕΙΟ ΒΟΥΛΑΣ ΕΙΔΙΚΟ,,
4591,3ο ΝΗΠΙΑΓΩΓΕΙΟ ΒΟΥΛΑΣ,23.766294,37.851825
4592,79ο ΝΗΠΙΑΓΩΓΕΙΟ ΑΘΗΝΑΣ,23.710296,38.004711
4593,ΝΗΠΙΑΓΩΓΕΙΟ ΔΙΛΟΦΟΥ,,
4594,6ο ΝΗΠΙΑΓΩΓΕΙΟ ΑΧΑΡΝΩΝ,23.741117,38.074543
4595,2ο ΝΗΠΙΑΓΩΓΕΙΟ ΜΑΡΚΟΠΟΥΛΟΥ,,
4596,3ο ΝΗΠΙΑΓΩΓΕΙΟ ΚΕΡΑΤΕΑΣ,23.975286,37.803822
4597,29ο ΝΗΠΙΑΓΩΓΕΙΟ ΑΘΗΝΑΣ,23.736709,37.991358
4598,ΝΗΠΙΑΓΩΓΕΙΟ ΒΑΡΚΙΖΑΣ,,
4599,34ο ΝΗΠΙΑΓΩΓΕΙΟ ΑΘΗΝΑΣ,23.720306,37.986046
4600,9ο ΝΗΠΙΑΓΩΓΕΙΟ ΗΛΙΟΥΠΟΛΗΣ,23.755834,37.945659
4601,3ο ΝΗΠΙΑΓΩΓΕΙΟ ΓΑΛΑΤΣΙΟΥ,23.75053,38.017203
4602,28ο ΝΗΠΙΑΓΩΓΕΙΟ ΑΘΗΝΑΣ,23.735562,37.997273
4603,7ο ΝΗΠΙΑΓΩΓΕΙΟ ΑΘΗΝΑΣ,23.738352,37.965571
4604,2ο ΝΗΠΙΑΓΩΓΕΙΟ ΒΥΡΩΝΑ,23.758946,37.956532
4605,10ο ΝΗΠΙΑΓΩΓΕΙΟ ΖΩΓΡΑΦΟΥ,23.769272,37.977751
4606,3ο ΝΗΠΙΑΓΩΓΕΙΟ ΚΑΙΣΑΡΙΑΝΗΣ,23.764497,37.96229
4607,25ο ΝΗΠΙΑΓΩΓΕΙΟ ΑΘΗΝΑΣ,23.752068,37.994257
4608,4ο ΝΗΠΙΑΓΩΓΕΙΟ ΗΛΙΟΥΠΟΛΗΣ,23.740757,37.925141
4609,59ο ΝΗΠΙΑΓΩΓΕΙΟ ΑΘΗΝΑΣ,23.719816,37.95619
4610,63ο ΝΗΠΙΑΓΩΓΕΙΟ ΑΘΗΝΑΣ,23.724288,37.997254
4611,ΝΗΠΙΑΓΩΓΕΙΟ ΕΙΔΙΚΟ 1/ΘΕΣΙΟ ΜΑΡΑΣΛΕΙΟ ΔΙΔΑΣΚΑΛΕΙΟ ΔΗΜ. ΕΚΠΑΙΔΕΥΣΗΣ (Μ.Δ.Δ.Ε.),,
4612,3ο ΝΗΠΙΑΓΩΓΕΙΟ ΗΛΙΟΥΠΟΛΗΣ,23.755296,37.940735
4613,102ο ΝΗΠΙΑΓΩΓΕΙΟ ΑΘΗΝΑΣ,23.764897,37.987941
4614,3ο ΝΗΠΙΑΓΩΓΕΙΟ ΔΑΦΝΗΣ,23.726225,37.94531
4615,2ο ΝΗΠΙΑΓΩΓΕΙΟ ΔΑΦΝΗΣ,23.736346,37.945047
4616,107ο ΝΗΠΙΑΓΩΓΕΙΟ ΑΘΗΝΑΣ,23.742051,38.00713
4617,106ο ΝΗΠΙΑΓΩΓΕΙΟ ΑΘΗΝΑΣ,23.721068,37.989149
4618,105ο ΝΗΠΙΑΓΩΓΕΙΟ ΑΘΗΝΑΣ,23.719899,38.006699
4619,16ο ΝΗΠΙΑΓΩΓΕΙΟ ΑΧΑΡΝΩΝ,,
4620,15ο ΝΗΠΙΑΓΩΓΕΙΟ ΑΧΑΡΝΩΝ,23.74196,38.086728
4621,2ο ΝΗΠΙΑΓΩΓΕΙΟ ΓΛΥΚΩΝ ΝΕΡΩΝ,,
4622,108ο ΝΗΠΙΑΓΩΓΕΙΟ ΑΘΗΝΑΣ,23.747648,37.996343
4623,80ο ΝΗΠΙΑΓΩΓΕΙΟ ΑΘΗΝΑΣ,23.720978,37.996111
4624,82ο ΝΗΠΙΑΓΩΓΕΙΟ ΑΘΗΝΑΣ,23.735547,37.988628
4625,41ο ΝΗΠΙΑΓΩΓΕΙΟ ΑΘΗΝΑΣ,23.764897,37.987941
4626,42ο ΝΗΠΙΑΓΩΓΕΙΟ ΑΘΗΝΑΣ,23.76623,37.992127
4627,85ο ΝΗΠΙΑΓΩΓΕΙΟ ΑΘΗΝΑΣ,23.712986,37.981788
4628,83ο ΝΗΠΙΑΓΩΓΕΙΟ ΑΘΗΝΑΣ,23.706558,37.986815
4629,17ο ΝΗΠΙΑΓΩΓΕΙΟ ΑΧΑΡΝΩΝ,23.739027,38.053452
4630,2ο ΝΗΠΙΑΓΩΓΕΙΟ ΑΥΛΩΝΑΣ,,
4631,131ο ΝΗΠΙΑΓΩΓΕΙΟ ΑΘΗΝΑΣ,23.717609,38.012936
4632,132ο ΝΗΠΙΑΓΩΓΕΙΟ ΑΘΗΝΑΣ,23.759887,37.982563
4633,133ο ΝΗΠΙΑΓΩΓΕΙΟ ΑΘΗΝΑΣ,23.744758,38.028371
4634,13ο ΝΗΠΙΑΓΩΓΕΙΟ ΒΥΡΩΝΑ,23.758964,37.956523
4635,24ο ΝΗΠΙΑΓΩΓΕΙΟ ΗΛΙΟΥΠΟΛΗΣ,23.743984,37.94214
4636,2ο ΝΗΠΙΑΓΩΓΕΙΟ ΝΕΑΣ ΜΑΚΡΗΣ,23.970996,38.080976
4637,ΝΗΠΙΑΓΩΓΕΙΟ ΛΕΓΡΑΙΝΩΝ,,
4638,8ο ΝΗΠΙΑΓΩΓΕΙΟ ΠΑΛΛΗΝΗΣ,,
4639,"ΝΗΠΙΑΓΩΓΕΙΟ ΝΟΣΟΚΟΜΕΙΟΥ ΠΑΙΔΩΝ ""ΑΓΙΑ ΣΟΦΙΑ""",23.764045,37.983566
4640,1ο ΝΗΠΙΑΓΩΓΕΙΟ ΒΟΥΛΑΣ,23.766217,37.841153
4641,12ο ΝΗΠΙΑΓΩΓΕΙΟ ΒΥΡΩΝΑ,23.748016,37.955617
4642,2ο ΝΗΠΙΑΓΩΓΕΙΟ ΑΡΤΕΜΙΔΑΣ,,
4643,130ο ΝΗΠΙΑΓΩΓΕΙΟ ΑΘΗΝΑΣ,23.705634,37.993767
4644,129ο ΝΗΠΙΑΓΩΓΕΙΟ ΑΘΗΝΑΣ,23.723637,38.004038
4645,ΝΗΠΙΑΓΩΓΕΙΟ ΑΝΘΟΥΣΑΣ,,
4646,62ο ΝΗΠΙΑΓΩΓΕΙΟ ΑΘΗΝΑΣ,23.728561,38.008526
4647,9ο ΝΗΠΙΑΓΩΓΕΙΟ ΖΩΓΡΑΦΟΥ,23.779601,37.969485
4648,8ο ΝΗΠΙΑΓΩΓΕΙΟ ΖΩΓΡΑΦΟΥ,23.774697,37.969693
4649,142ο ΝΗΠΙΑΓΩΓΕΙΟ ΑΘΗΝΩΝ,,
4650,ΝΗΠΙΑΓΩΓΕΙΟ ΚΩΦΩΝ-ΒΑΡΙΚΟΩΝ Ε.Ι.Κ. ΕΙΔΙΚΟ 2/Θ,,
4651,2ο ΝΗΠΙΑΓΩΓΕΙΟ ΕΛΕΠΑΠ ΕΙΔΙΚΟ,,
4652,ΝΗΠΙΑΓΩΓΕΙΟ ΡΟΔΟΠΟΛΗΣ,23.874527,38.112196
4653,11ο ΝΗΠΙΑΓΩΓΕΙΟ ΑΘΗΝΑΣ,23.736168,37.963282
4654,4ο ΝΗΠΙΑΓΩΓΕΙΟ ΓΕΡΑΚΑ,,
4655,1ο ΝΗΠΙΑΓΩΓΕΙΟ ΓΛΥΚΩΝ ΝΕΡΩΝ,,
4656,1ο ΝΗΠΙΑΓΩΓΕΙΟ ΠΟΡΤΟ ΡΑΦΤΗ,,
4657,2ο ΝΗΠΙΑΓΩΓΕΙΟ ΒΟΥΛΑΣ,23.759287,37.849568
4658,84ο ΝΗΠΙΑΓΩΓΕΙΟ ΑΘΗΝΑΣ,23.715364,37.978943
4659,2ο ΝΗΠΙΑΓΩΓΕΙΟ ΚΑΛΥΒΙΩΝ,,
4660,81ο ΝΗΠΙΑΓΩΓΕΙΟ ΑΘΗΝΑΣ,23.735259,38.011992
4661,2ο ΝΗΠΙΑΓΩΓΕΙΟ ΗΛΙΟΥΠΟΛΗΣ,23.748449,37.931323
4662,5ο ΝΗΠΙΑΓΩΓΕΙΟ ΗΛΙΟΥΠΟΛΗΣ,23.757837,37.934191
4663,8ο ΝΗΠΙΑΓΩΓΕΙΟ ΑΘΗΝΑΣ,23.745448,37.964873
4664,6ο ΝΗΠΙΑΓΩΓΕΙΟ ΗΛΙΟΥΠΟΛΗΣ,23.744311,37.940761
4665,1ο ΝΗΠΙΑΓΩΓΕΙΟ ΗΛΙΟΥΠΟΛΗΣ,23.753048,37.936143
4666,1ο ΝΗΠΙΑΓΩΓΕΙΟ ΔΑΦΝΗΣ,23.724959,37.948735
4667,10ο ΝΗΠΙΑΓΩΓΕΙΟ ΑΘΗΝΑΣ,23.736168,37.963268
4668,3ο ΝΗΠΙΑΓΩΓΕΙΟ ΠΑΛΛΗΝΗΣ,,
4669,8ο ΝΗΠΙΑΓΩΓΕΙΟ ΑΧΑΡΝΩΝ,23.731717,38.091993
4670,6ο ΝΗΠΙΑΓΩΓΕΙΟ ΑΘΗΝΑΣ,23.74572,37.970668
4671,1ο ΝΗΠΙΑΓΩΓΕΙΟ ΖΩΓΡΑΦΟΥ,23.779202,37.97066
4672,10ο ΝΗΠΙΑΓΩΓΕΙΟ ΑΧΑΡΝΩΝ,23.735648,38.086459
4673,4ο ΝΗΠΙΑΓΩΓΕΙΟ ΥΜΗΤΤΟΥ,23.739281,37.945767
4674,74ο ΝΗΠΙΑΓΩΓΕΙΟ ΑΘΗΝΑΣ,23.729515,38.019118
4675,ΝΗΠΙΑΓΩΓΕΙΟ ΔΡΟΣΙΑΣ,,
4676,ΝΗΠΙΑΓΩΓΕΙΟ ΒΑΡΥΜΠΟΠΗΣ,23.744326,38.119537
4677,75ο ΝΗΠΙΑΓΩΓΕΙΟ ΑΘΗΝΑΣ,23.730753,38.017143
4678,13ο ΝΗΠΙΑΓΩΓΕΙΟ ΓΑΛΑΤΣΙΟΥ,23.754282,38.019641
4679,2ο ΝΗΠΙΑΓΩΓΕΙΟ ΠΑΛΛΗΝΗΣ,,
4680,16ο ΝΗΠΙΑΓΩΓΕΙΟ ΖΩΓΡΑΦΟΥ,23.770533,37.972579
4681,17ο ΝΗΠΙΑΓΩΓΕΙΟ ΖΩΓΡΑΦΟΥ,23.773797,37.981547
4682,128ο ΝΗΠΙΑΓΩΓΕΙΟ ΑΘΗΝΑΣ,23.715899,37.951157
4683,145ο ΝΗΠΙΑΓΩΓΕΙΟ ΑΘΗΝΩΝ,23.744401,38.021391
4684,5ο ΝΗΠΙΑΓΩΓΕΙΟ ΚΑΙΣΑΡΙΑΝΗΣ,23.758721,37.962479
4685,5ο ΝΗΠΙΑΓΩΓΕΙΟ ΔΑΦΝΗΣ,23.731636,37.948828
4686,7ο ΝΗΠΙΑΓΩΓΕΙΟ ΝΕΑΣ ΦΙΛΑΔΕΛΦΕΙΑΣ,23.730028,38.040908
4687,2ο ΝΗΠΙΑΓΩΓΕΙΟ ΝΕΑΣ ΧΑΛΚΗΔΟΝΟΣ,23.725154,38.024422
4688,119ο ΝΗΠΙΑΓΩΓΕΙΟ ΑΘΗΝΑΣ,23.739565,38.000154
4689,120ο ΝΗΠΙΑΓΩΓΕΙΟ ΑΘΗΝΑΣ,23.75058,37.990422
4690,121ο ΝΗΠΙΑΓΩΓΕΙΟ ΑΘΗΝΑΣ,23.742303,38.023656
4691,122ο ΝΗΠΙΑΓΩΓΕΙΟ ΑΘΗΝΑΣ,23.747036,38.007034
4692,123ο ΝΗΠΙΑΓΩΓΕΙΟ ΑΘΗΝΑΣ,23.746975,38.007138
4693,103ο ΝΗΠΙΑΓΩΓΕΙΟ ΑΘΗΝΑΣ,23.743378,37.968479
4694,11ο ΝΗΠΙΑΓΩΓΕΙΟ ΑΧΑΡΝΩΝ,23.733197,38.073017
4695,18ο ΝΗΠΙΑΓΩΓΕΙΟ ΑΧΑΡΝΩΝ,23.726112,38.083347
4696,ΝΗΠΙΑΓΩΓΕΙΟ ΜΗΛΕΣΙΟΥ,,
4697,ΝΗΠΙΑΓΩΓΕΙΟ ΑΘΗΝΑΣ ΕΙΔΙΚΟ ΕΘΝΙΚΟΥ ΙΔΡΥΜΑΤΟΣ ΠΡΟΣΤΑΣΙΑΣ ΚΩΦΑΛΑΛΩΝ,,
4698,ΝΗΠΙΑΓΩΓΕΙΟ ΣΤΑΜΑΤΑΣ,,
4699,ΝΗΠΙΑΓΩΓΕΙΟ ΜΑΛΑΚΑΣΑΣ,23.797035,38.236463
4700,9ο ΝΗΠΙΑΓΩΓΕΙΟ ΝΕΑΣ ΦΙΛΑΔΕΛΦΕΙΑΣ,23.727829,38.037889
4701,13ο ΝΗΠΙΑΓΩΓΕΙΟ ΑΧΑΡΝΩΝ,23.743125,38.086365
4702,10ο ΝΗΠΙΑΓΩΓΕΙΟ ΓΑΛΑΤΣΙΟΥ,23.752214,38.02387
4703,5ο ΝΗΠΙΑΓΩΓΕΙΟ ΤΑΥΡΟΥ,23.69367,37.967553
4704,139ο ΝΗΠΙΑΓΩΓΕΙΟ ΑΘΗΝΑΣ,23.736232,38.001679
4705,15ο ΝΗΠΙΑΓΩΓΕΙΟ ΓΑΛΑΤΣΙΟΥ,23.750239,38.011832
4706,14ο ΝΗΠΙΑΓΩΓΕΙΟ ΖΩΓΡΑΦΟΥ,23.774697,37.969693
4707,ΝΗΠΙΑΓΩΓΕΙΟ ΚΡΥΟΝΕΡΙΟΥ,23.835607,38.13959
4708,116ο ΝΗΠΙΑΓΩΓΕΙΟ ΑΘΗΝΑΣ,23.710217,37.994479
4709,117ο ΝΗΠΙΑΓΩΓΕΙΟ ΑΘΗΝΑΣ,23.722841,38.009653
4710,118ο ΝΗΠΙΑΓΩΓΕΙΟ ΑΘΗΝΑΣ,23.717598,38.013027
4711,10ο ΝΗΠΙΑΓΩΓΕΙΟ ΗΛΙΟΥΠΟΛΗΣ,23.7458,37.936981
4712,138ο ΝΗΠΙΑΓΩΓΕΙΟ ΑΘΗΝΑΣ,23.752068,37.994266
4713,3ο ΝΗΠΙΑΓΩΓΕΙΟ ΓΕΡΑΚΑ,,
4714,5ο ΝΗΠΙΑΓΩΓΕΙΟ ΠΑΛΛΗΝΗΣ,,
4715,23ο ΝΗΠΙΑΓΩΓΕΙΟ ΑΧΑΡΝΩΝ,23.729161,38.089318
4716,2ο ΝΗΠΙΑΓΩΓΕΙΟ ΑΝΑΒΥΣΟΥ,23.940915,37.73281
4717,3ο ΝΗΠΙΑΓΩΓΕΙΟ ΑΡΤΕΜΙΔΑΣ,,
4718,ΝΗΠΙΑΓΩΓΕΙΟ ΣΑΡΩΝΙΔΑΣ,,
4719,134ο ΝΗΠΙΑΓΩΓΕΙΟ ΑΘΗΝΑΣ,23.71168,37.986215
4720,4ο ΝΗΠΙΑΓΩΓΕΙΟ ΠΑΛΛΗΝΗΣ,,
4721,135ο ΝΗΠΙΑΓΩΓΕΙΟ ΑΘΗΝΑΣ,23.721844,37.960311
4722,18ο ΝΗΠΙΑΓΩΓΕΙΟ ΖΩΓΡΑΦΟΥ,23.779185,37.970719
4723,ΝΗΠΙΑΓΩΓΕΙΟ ΑΝΑΤΟΛΗΣ ΝΕΑΣ ΜΑΚΡΗΣ,,
4724,146ο ΝΗΠΙΑΓΩΓΕΙΟ ΑΘΗΝΑΣ 2/Θ,,
4725,8ο ΝΗΠΙΑΓΩΓΕΙΟ ΝΕΑΣ ΦΙΛΑΔΕΛΦΕΙΑΣ,23.739391,38.050411
4726,ΝΗΠΙΑΓΩΓΕΙΟ ΠΙΚΕΡΜΙΟΥ,23.943161,38.00296
4727,ΝΗΠΙΑΓΩΓΕΙΟ ΑΓΙΑΣ ΜΑΡΙΝΑΣ ΚΟΡΩΠΙΟΥ,,
4728,4ο ΝΗΠΙΑΓΩΓΕΙΟ ΑΡΤΕΜΙΔΑΣ,,
4729,2ο ΝΗΠΙΑΓΩΓΕΙΟ ΠΟΡΤΟ-ΡΑΦΤΗ,,
4730,5ο ΝΗΠΙΑΓΩΓΕΙΟ ΒΟΥΛΑΣ,23.771694,37.830211
4731,3ο ΝΗΠΙΑΓΩΓΕΙΟ ΜΑΡΚΟΠΟΥΛΟΥ,,
4732,2ο ΝΗΠΙΑΓΩΓΕΙΟ ΑΝΟΙΞΗΣ,,
4733,26ο ΝΗΠΙΑΓΩΓΕΙΟ ΑΧΑΡΝΩΝ,,
4734,2ο ΝΗΠΙΑΓΩΓΕΙΟ ΜΑΡΑΘΩΝΑ,,
4735,53ο ΝΗΠΙΑΓΩΓΕΙΟ ΑΘΗΝΑΣ,23.70492,37.976278
4736,2ο ΝΗΠΙΑΓΩΓΕΙΟ ΑΓΙΟΥ ΣΤΕΦΑΝΟΥ,23.853033,38.137845
4737,ΝΗΠΙΑΓΩΓΕΙΟ ΑΘΗΝΑΣ ΠΕΙΡΑΜΑΤΙΚΟ ΠΑΝΕΠΙΣΤΗΜΙΟΥ ΑΘΗΝΑΣ,,
4738,67ο ΝΗΠΙΑΓΩΓΕΙΟ ΑΘΗΝΑΣ,23.745448,37.964873
4739,68ο ΝΗΠΙΑΓΩΓΕΙΟ ΑΘΗΝΑΣ,23.736073,37.95723
4740,69ο ΝΗΠΙΑΓΩΓΕΙΟ ΑΘΗΝΑΣ,23.745728,37.970575
4741,70ο ΝΗΠΙΑΓΩΓΕΙΟ ΑΘΗΝΑΣ,23.730751,37.957402
4742,71ο ΝΗΠΙΑΓΩΓΕΙΟ ΑΘΗΝΑΣ,23.71282,37.962877
4743,3ο ΝΗΠΙΑΓΩΓΕΙΟ ΓΛΥΚΩΝ ΝΕΡΩΝ,,
4744,4ο ΝΗΠΙΑΓΩΓΕΙΟ ΡΑΦΗΝΑΣ,,
4745,24ο ΝΗΠΙΑΓΩΓΕΙΟ ΑΧΑΡΝΩΝ,23.736412,38.103779
4746,25ο ΝΗΠΙΑΓΩΓΕΙΟ ΑΧΑΡΝΩΝ,23.723563,38.080768
4747,140ο ΝΗΠΙΑΓΩΓΕΙΟ ΑΘΗΝΑΣ,23.706932,38.000828
4748,ΝΗΠΙΑΓΩΓΕΙΟ ΑΓΙΩΝ ΑΠΟΣΤΟΛΩΝ,,
4749,5ο ΝΗΠΙΑΓΩΓΕΙΟ ΓΕΡΑΚΑ,,
4750,6ο ΝΗΠΙΑΓΩΓΕΙΟ ΠΑΛΛΗΝΗΣ,,
4751,3ο ΝΗΠΙΑΓΩΓΕΙΟ ΣΠΑΤΩΝ,23.921585,37.963134
4752,46ο ΝΗΠΙΑΓΩΓΕΙΟ ΑΘΗΝΑΣ,23.726063,37.972736
4753,96ο ΝΗΠΙΑΓΩΓΕΙΟ ΑΘΗΝΑΣ,23.703334,37.967315
4754,87ο ΝΗΠΙΑΓΩΓΕΙΟ ΑΘΗΝΑΣ,23.704567,37.966164
4755,78ο ΝΗΠΙΑΓΩΓΕΙΟ ΑΘΗΝΑΣ,23.727566,37.956733
4756,104ο ΝΗΠΙΑΓΩΓΕΙΟ ΑΘΗΝΑΣ,23.712681,38.007177
4757,12ο ΝΗΠΙΑΓΩΓΕΙΟ ΖΩΓΡΑΦΟΥ,23.763945,37.973784
4758,ΝΗΠΙΑΓΩΓΕΙΟ ΕΛΛΕΠΑΠ,,
4759,89ο ΝΗΠΙΑΓΩΓΕΙΟ ΑΘΗΝΑΣ,23.712681,38.007183
4760,90ο ΝΗΠΙΑΓΩΓΕΙΟ ΑΘΗΝΑΣ,23.721747,38.00202
4761,91ο ΝΗΠΙΑΓΩΓΕΙΟ ΑΘΗΝΑΣ,23.728711,38.00311
4762,92ο ΝΗΠΙΑΓΩΓΕΙΟ ΑΘΗΝΑΣ,23.721716,37.998824
4763,93ο ΝΗΠΙΑΓΩΓΕΙΟ ΑΘΗΝΑΣ,23.739545,38.00025
4764,94ο ΝΗΠΙΑΓΩΓΕΙΟ ΑΘΗΝΑΣ,23.735543,37.988661
4765,86ο ΝΗΠΙΑΓΩΓΕΙΟ ΑΘΗΝΑΣ,23.730797,37.957215
4766,97ο ΝΗΠΙΑΓΩΓΕΙΟ ΑΘΗΝΑΣ,23.725405,38.020278
4767,98ο ΝΗΠΙΑΓΩΓΕΙΟ ΑΘΗΝΑΣ,23.742336,38.023745
4768,101ο ΝΗΠΙΑΓΩΓΕΙΟ ΑΘΗΝΑΣ,23.759879,37.982593
4769,13ο ΝΗΠΙΑΓΩΓΕΙΟ ΖΩΓΡΑΦΟΥ,23.770444,37.972594
4770,11ο ΝΗΠΙΑΓΩΓΕΙΟ ΖΩΓΡΑΦΟΥ,23.761828,37.974486
4771,14ο ΝΗΠΙΑΓΩΓΕΙΟ ΗΛΙΟΥΠΟΛΗΣ,23.757812,37.925663
4772,99ο ΝΗΠΙΑΓΩΓΕΙΟ ΑΘΗΝΑΣ,23.740761,38.021521
4773,95ο ΝΗΠΙΑΓΩΓΕΙΟ ΑΘΗΝΑΣ,23.729273,37.985052
4774,21ο ΝΗΠΙΑΓΩΓΕΙΟ ΑΧΑΡΝΩΝ,23.725633,38.093082
4775,22ο ΝΗΠΙΑΓΩΓΕΙΟ ΑΧΑΡΝΩΝ,23.723552,38.080765
4776,15ο ΝΗΠΙΑΓΩΓΕΙΟ ΗΛΙΟΥΠΟΛΗΣ,23.750733,37.91712
4777,16ο ΝΗΠΙΑΓΩΓΕΙΟ ΗΛΙΟΥΠΟΛΗΣ,23.757837,37.934191
4778,100ο ΝΗΠΙΑΓΩΓΕΙΟ ΑΘΗΝΑΣ,23.733092,38.020951
4779,ΝΗΠΙΑΓΩΓΕΙΟ ΚΙΤΣΙΟΥ,,
4780,3ο ΝΗΠΙΑΓΩΓΕΙΟ ΠΑΙΑΝΙΑΣ,,
4781,4ο ΝΗΠΙΑΓΩΓΕΙΟ ΠΑΙΑΝΙΑΣ,,
4782,3ο ΝΗΠΙΑΓΩΓΕΙΟ ΡΑΦΗΝΑΣ,,
4783,1ο ΝΗΠΙΑΓΩΓΕΙΟ ΘΡΑΚΟΜΑΚΕΔΟΝΩΝ,23.752589,38.12418
4784,ΝΗΠΙΑΓΩΓΕΙΟ ΧΑΛΚΟΥΤΣΙΟΥ,,
4785,26ο ΝΗΠΙΑΓΩΓΕΙΟ ΑΘΗΝΑΣ,23.739534,38.000314
4786,14ο ΝΗΠΙΑΓΩΓΕΙΟ ΑΧΑΡΝΩΝ,23.735522,38.061056
4787,66ο ΝΗΠΙΑΓΩΓΕΙΟ ΑΘΗΝΑΣ,23.72096,37.996295
4788,7ο ΝΗΠΙΑΓΩΓΕΙΟ ΗΛΙΟΥΠΟΛΗΣ,23.749474,37.941056
4789,8ο ΝΗΠΙΑΓΩΓΕΙΟ ΓΑΛΑΤΣΙΟΥ,23.756192,38.011058
4790,13ο ΝΗΠΙΑΓΩΓΕΙΟ ΗΛΙΟΥΠΟΛΗΣ,23.744757,37.918319
4791,12ο ΝΗΠΙΑΓΩΓΕΙΟ ΑΧΑΡΝΩΝ,23.740671,38.080407
4792,144ο ΝΗΠΙΑΓΩΓΕΙΟ ΑΘΗΝΩΝ,23.744012,38.020642
4793,9ο ΝΗΠΙΑΓΩΓΕΙΟ ΓΑΛΑΤΣΙΟΥ,23.75053,38.017203
4794,23ο ΝΗΠΙΑΓΩΓΕΙΟ ΑΘΗΝΑΣ,23.724283,37.997288
4795,3ο ΝΗΠΙΑΓΩΓΕΙΟ ΚΑΛΥΒΙΩΝ,,
4796,24ο ΝΗΠΙΑΓΩΓΕΙΟ ΑΘΗΝΑΣ,23.736306,38.001751
4797,1ο ΝΗΠΙΑΓΩΓΕΙΟ ΠΑΙΑΝΙΑΣ,,
4798,7ο ΝΗΠΙΑΓΩΓΕΙΟ ΠΑΛΛΗΝΗΣ,,
4799,31ο ΝΗΠΙΑΓΩΓΕΙΟ ΑΘΗΝΑΣ,23.724957,37.990397
4800,1ο ΝΗΠΙΑΓΩΓΕΙΟ ΑΝΟΙΞΗΣ,,
4801,38ο ΝΗΠΙΑΓΩΓΕΙΟ ΑΘΗΝΑΣ,23.735254,38.012103
4802,4ο ΝΗΠΙΑΓΩΓΕΙΟ ΑΧΑΡΝΩΝ,23.737488,38.08554
4803,5ο ΝΗΠΙΑΓΩΓΕΙΟ ΑΧΑΡΝΩΝ,23.736421,38.08288
4804,9ο ΝΗΠΙΑΓΩΓΕΙΟ ΑΧΑΡΝΩΝ,23.72625,38.059671
4805,4ο ΝΗΠΙΑΓΩΓΕΙΟ ΓΑΛΑΤΣΙΟΥ,23.750805,38.011769
4806,6ο ΝΗΠΙΑΓΩΓΕΙΟ ΓΑΛΑΤΣΙΟΥ,23.742925,38.013753
4807,ΝΗΠΙΑΓΩΓΕΙΟ ΠΑΛΑΙΑΣ ΦΩΚΑΙΑΣ,23.948355,37.717114
4808,30ο ΝΗΠΙΑΓΩΓΕΙΟ ΑΘΗΝΑΣ,23.744643,38.021424
4809,ΝΗΠΙΑΓΩΓΕΙΟ ΠΟΛΥΔΕΝΔΡΙΟΥ,,
4810,4ο ΝΗΠΙΑΓΩΓΕΙΟ ΚΟΡΩΠΙΟΥ,,
4811,1ο ΝΗΠΙΑΓΩΓΕΙΟ ΜΑΡΑΘΩΝΑ,23.960474,38.154916
4812,23ο ΝΗΠΙΑΓΩΓΕΙΟ ΗΛΙΟΥΠΟΛΗΣ,23.759452,37.940058
4813,ΝΗΠΙΑΓΩΓΕΙΟ ΓΡΑΜΜΑΤΙΚΟΥ,23.970986,38.201106
4814,1ο ΝΗΠΙΑΓΩΓΕΙΟ ΚΟΡΩΠΙΟΥ,,
4815,2ο ΝΗΠΙΑΓΩΓΕΙΟ ΚΟΡΩΠΙΟΥ,,
4816,1ο ΝΗΠΙΑΓΩΓΕΙΟ ΣΠΑΤΩΝ,23.920312,37.962879
4817,3ο ΝΗΠΙΑΓΩΓΕΙΟ ΛΑΥΡΙΟΥ,,
4818,2ο ΝΗΠΙΑΓΩΓΕΙΟ ΣΠΑΤΩΝ,23.911525,37.957981
4819,1ο ΝΗΠΙΑΓΩΓΕΙΟ ΑΝΑΒΥΣΣΟΥ,23.940915,37.73281
4820,1ο ΝΗΠΙΑΓΩΓΕΙΟ ΒΑΡΗΣ,,
4821,1ο ΝΗΠΙΑΓΩΓΕΙΟ ΚΑΛΥΒΙΩΝ,,
4822,ΝΗΠΙΑΓΩΓΕΙΟ ΚΟΥΒΑΡΑ,,
4823,11ο ΝΗΠΙΑΓΩΓΕΙΟ ΓΑΛΑΤΣΙΟΥ,23.75222,38.023894
4824,1ο ΝΗΠΙΑΓΩΓΕΙΟ ΑΡΤΕΜΙΔΑΣ,24.00089,37.940027
4825,1ο ΝΗΠΙΑΓΩΓΕΙΟ ΚΕΡΑΤΕΑΣ,23.977925,37.798613
4826,6ο ΝΗΠΙΑΓΩΓΕΙΟ ΔΑΦΝΗΣ,23.736383,37.951598
4827,6ο ΝΗΠΙΑΓΩΓΕΙΟ ΝΕΑΣ ΦΙΛΑΔΕΛΦΕΙΑΣ,23.735943,38.046952
4828,40ο ΝΗΠΙΑΓΩΓΕΙΟ ΑΘΗΝΑΣ,23.76007,37.989134
4829,ΝΗΠΙΑΓΩΓΕΙΟ ΩΡΩΠΟΥ,23.752177,38.297365
4830,1ο ΝΗΠΙΑΓΩΓΕΙΟ ΥΜΗΤΤΟΥ,23.741007,37.946018
4831,2ο ΝΗΠΙΑΓΩΓΕΙΟ ΥΜΗΤΤΟΥ,23.744149,37.954444
4832,1ο ΝΗΠΙΑΓΩΓΕΙΟ ΜΑΡΚΟΠΟΥΛΟΥ,,
4833,1ο ΝΗΠΙΑΓΩΓΕΙΟ ΝΕΑΣ ΜΑΚΡΗΣ,23.967485,38.078666
4834,1ο ΝΗΠΙΑΓΩΓΕΙΟ ΓΕΡΑΚΑ,,
4835,33ο ΝΗΠΙΑΓΩΓΕΙΟ ΑΘΗΝΑΣ,23.749796,37.985249
4836,27ο ΝΗΠΙΑΓΩΓΕΙΟ ΑΘΗΝΑΣ,23.723191,37.968098
4837,72ο ΝΗΠΙΑΓΩΓΕΙΟ ΑΘΗΝΑΣ,23.727565,37.956733
4838,9ο ΝΗΠΙΑΓΩΓΕΙΟ ΑΘΗΝΑΣ,23.71282,37.962877
4839,88ο ΝΗΠΙΑΓΩΓΕΙΟ ΑΘΗΝΑΣ,23.736219,37.957221
4840,2ο ΝΗΠΙΑΓΩΓΕΙΟ ΑΘΗΝΑΣ,23.744664,38.028451
4841,3ο ΝΗΠΙΑΓΩΓΕΙΟ ΑΘΗΝΑΣ,23.737858,38.015071
4842,4ο ΝΗΠΙΑΓΩΓΕΙΟ ΚΑΙΣΑΡΙΑΝΗΣ,23.756998,37.963533
4843,65ο ΝΗΠΙΑΓΩΓΕΙΟ ΑΘΗΝΑΣ,23.721732,37.998943
4844,4ο ΝΗΠΙΑΓΩΓΕΙΟ ΑΘΗΝΑΣ,23.742045,38.007175
4845,48ο ΝΗΠΙΑΓΩΓΕΙΟ ΑΘΗΝΑΣ,23.71327,37.976034
4846,1ο ΝΗΠΙΑΓΩΓΕΙΟ ΒΥΡΩΝΑ,23.750563,37.960479
4847,43ο ΝΗΠΙΑΓΩΓΕΙΟ ΑΘΗΝΑΣ,23.721721,37.96023
4848,6ο ΝΗΠΙΑΓΩΓΕΙΟ ΚΑΙΣΑΡΙΑΝΗΣ,23.761987,37.965724
4849,1ο ΝΗΠΙΑΓΩΓΕΙΟ ΚΑΙΣΑΡΙΑΝΗΣ,23.761987,37.965724
4850,1ο ΝΗΠΙΑΓΩΓΕΙΟ ΑΓΙΟΥ ΣΤΕΦΑΝΟΥ,23.852985,38.137768
4851,ΝΗΠΙΑΓΩΓΕΙΟ ΒΟΥΛΙΑΓΜΕΝΗΣ,23.780161,37.811128
4852,ΝΗΠΙΑΓΩΓΕΙΟ ΚΑΛΑΜΟΥ,23.864264,38.284518
4853,ΝΗΠΙΑΓΩΓΕΙΟ ΚΑΠΑΝΔΡΙΤΙΟΥ,23.880246,38.213334
4854,ΝΗΠΙΑΓΩΓΕΙΟ ΜΑΡΚΟΠΟΥΛΟΥ ΩΡΩΠΟΥ,23.82462,38.290019
4855,ΝΗΠΙΑΓΩΓΕΙΟ ΣΚΑΛΑΣ ΩΡΩΠΟΥ,23.778451,38.315225
4856,ΝΗΠΙΑΓΩΓΕΙΟ ΒΑΡΝΑΒΑ,23.924299,38.223837
4857,1ο ΝΗΠΙΑΓΩΓΕΙΟ ΑΧΑΡΝΩΝ,23.740616,38.080378
4858,2ο ΝΗΠΙΑΓΩΓΕΙΟ ΑΧΑΡΝΩΝ,,
4859,3ο ΝΗΠΙΑΓΩΓΕΙΟ ΑΧΑΡΝΩΝ,23.734728,38.076941
4860,1ο ΝΗΠΙΑΓΩΓΕΙΟ ΑΥΛΩΝΑΣ,,
4861,ΝΗΠΙΑΓΩΓΕΙΟ ΑΦΙΔΝΩΝ,23.837347,38.204852
4862,2ο ΝΗΠΙΑΓΩΓΕΙΟ ΓΑΛΑΤΣΙΟΥ,23.75421,38.019547
4863,21ο ΝΗΠΙΑΓΩΓΕΙΟ ΑΘΗΝΑΣ,23.742109,37.990339
4864,2ο ΝΗΠΙΑΓΩΓΕΙΟ ΚΕΡΑΤΕΑΣ,23.983331,37.801383
4865,5ο ΝΗΠΙΑΓΩΓΕΙΟ ΑΘΗΝΑΣ,23.747627,37.996293
4866,1ο ΝΗΠΙΑΓΩΓΕΙΟ ΑΘΗΝΑΣ,23.735171,38.028306
4867,5ο ΝΗΠΙΑΓΩΓΕΙΟ ΒΥΡΩΝΑ,23.750529,37.960424
4868,1ο ΝΗΠΙΑΓΩΓΕΙΟ ΓΑΛΑΤΣΙΟΥ,23.742925,38.013753
4869,20ο ΝΗΠΙΑΓΩΓΕΙΟ ΑΘΗΝΑΣ,23.758493,37.999903
4870,6ο ΝΗΠΙΑΓΩΓΕΙΟ ΒΥΡΩΝΑ,23.75939,37.952914
4871,3ο ΝΗΠΙΑΓΩΓΕΙΟ ΒΥΡΩΝΑ,23.763686,37.947273
4872,5ο ΝΗΠΙΑΓΩΓΕΙΟ ΝΕΑΣ ΦΙΛΑΔΕΛΦΕΙΑΣ,23.73281,38.049609
4873,1ο ΝΗΠΙΑΓΩΓΕΙΟ ΝΕΑΣ ΦΙΛΑΔΕΛΦΕΙΑΣ,23.730243,38.034789
4874,2ο ΝΗΠΙΑΓΩΓΕΙΟ ΠΑΙΑΝΙΑΣ,,
4875,22ο ΝΗΠΙΑΓΩΓΕΙΟ ΗΛΙΟΥΠΟΛΗΣ,23.748741,37.945219
4876,1ο ΝΗΠΙΑΓΩΓΕΙΟ ΠΑΛΛΗΝΗΣ,,
4877,3ο ΝΗΠΙΑΓΩΓΕΙΟ ΝΕΑΣ ΦΙΛΑΔΕΛΦΕΙΑΣ,23.731542,38.040927
4878,18ο ΝΗΠΙΑΓΩΓΕΙΟ ΑΘΗΝΑΣ,23.76007,37.989134
4879,19ο ΝΗΠΙΑΓΩΓΕΙΟ ΑΘΗΝΑΣ,23.747007,37.989653
4880,1ο ΝΗΠΙΑΓΩΓΕΙΟ ΡΑΦΗΝΑΣ,24.008436,38.014168
4881,15ο ΝΗΠΙΑΓΩΓΕΙΟ ΑΘΗΝΑΣ,23.74242,37.977803
4882,16ο ΝΗΠΙΑΓΩΓΕΙΟ ΑΘΗΝΑΣ,23.758164,37.9927
4883,17ο ΝΗΠΙΑΓΩΓΕΙΟ ΑΘΗΝΑΣ,23.752599,37.98777
4884,20ο ΝΗΠΙΑΓΩΓΕΙΟ ΑΧΑΡΝΩΝ,23.734639,38.073548
4885,2ο ΝΗΠΙΑΓΩΓΕΙΟ ΘΡΑΚΟΜΑΚΕΔΟΝΩΝ,23.752589,38.124201
4886,73ο ΝΗΠΙΑΓΩΓΕΙΟ ΑΘΗΝΑΣ,23.728953,37.960905
4887,9ο ΝΗΠΙΑΓΩΓΕΙΟ ΒΥΡΩΝΑ,23.750653,37.960546
4888,10ο ΝΗΠΙΑΓΩΓΕΙΟ ΒΥΡΩΝΑ,23.752464,37.95248
4889,111ο ΝΗΠΙΑΓΩΓΕΙΟ ΑΘΗΝΑΣ,23.747014,37.989653
4890,112ο ΝΗΠΙΑΓΩΓΕΙΟ ΑΘΗΝΑΣ,23.719895,37.956101
4891,21ο ΝΗΠΙΑΓΩΓΕΙΟ ΗΛΙΟΥΠΟΛΗΣ,23.757796,37.92577
4892,ΝΗΠΙΑΓΩΓΕΙΟ ΑΘΗΝΑΣ ΝΟΣΟΚΟΜΕΙΟΥ ΠΑΙΔΩΝ ΑΓΛΑΙΑ ΚΥΡΙΑΚΟΥ,23.76368,37.983925
4893,127ο ΝΗΠΙΑΓΩΓΕΙΟ ΑΘΗΝΑΣ,23.742109,37.990348
4894,126ο ΝΗΠΙΑΓΩΓΕΙΟ ΑΘΗΝΑΣ,23.735542,37.997231
4895,125ο ΝΗΠΙΑΓΩΓΕΙΟ ΑΘΗΝΑΣ,23.71236,37.993063
4896,11ο ΝΗΠΙΑΓΩΓΕΙΟ ΒΥΡΩΝΑ,23.752466,37.952415
4897,124ο ΝΗΠΙΑΓΩΓΕΙΟ ΑΘΗΝΑΣ,23.752588,37.987761
4898,20ο ΝΗΠΙΑΓΩΓΕΙΟ ΗΛΙΟΥΠΟΛΗΣ,23.752448,37.936507
4899,19ο ΝΗΠΙΑΓΩΓΕΙΟ ΗΛΙΟΥΠΟΛΗΣ,23.749463,37.92481
4900,12ο ΝΗΠΙΑΓΩΓΕΙΟ ΗΛΙΟΥΠΟΛΗΣ,23.760763,37.942254
4901,1ο ΝΗΠΙΑΓΩΓΕΙΟ ΣΥΚΑΜΙΝΟΥ,23.729371,38.300482
4902,54ο ΝΗΠΙΑΓΩΓΕΙΟ ΑΘΗΝΑΣ,23.70335,37.976813
4903,5ο ΝΗΠΙΑΓΩΓΕΙΟ ΥΜΗΤΤΟΥ,23.748281,37.949613
4904,113ο ΝΗΠΙΑΓΩΓΕΙΟ ΑΘΗΝΑΣ,23.735255,38.012054
4905,12ο ΝΗΠΙΑΓΩΓΕΙΟ ΓΑΛΑΤΣΙΟΥ,23.752151,38.015738
4906,2ο ΝΗΠΙΑΓΩΓΕΙΟ ΤΑΥΡΟΥ,23.69041,37.970957
4907,4ο ΝΗΠΙΑΓΩΓΕΙΟ ΤΑΥΡΟΥ,23.69298,37.96249
4908,3ο ΝΗΠΙΑΓΩΓΕΙΟ ΖΩΓΡΑΦΟΥ,23.774648,37.969725
4909,2ο ΝΗΠΙΑΓΩΓΕΙΟ ΖΩΓΡΑΦΟΥ,23.769312,37.977697
4910,109ο ΝΗΠΙΑΓΩΓΕΙΟ ΑΘΗΝΑΣ,23.735562,37.997273
4911,8ο ΝΗΠΙΑΓΩΓΕΙΟ ΒΥΡΩΝΑ,23.750621,37.960516
4912,110ο ΝΗΠΙΑΓΩΓΕΙΟ ΑΘΗΝΑΣ,23.718887,38.015504
4913,1ο ΝΗΠΙΑΓΩΓΕΙΟ ΝΕΩΝ ΠΑΛΑΤΙΩΝ,23.795696,38.316526
4914,6ο ΝΗΠΙΑΓΩΓΕΙΟ ΖΩΓΡΑΦΟΥ,23.763945,37.973846
4915,1ο ΝΗΠΙΑΓΩΓΕΙΟ ΤΑΥΡΟΥ,23.687509,37.96658
4916,39ο ΝΗΠΙΑΓΩΓΕΙΟ ΑΘΗΝΑΣ,23.71231,37.992982
4917,76ο ΝΗΠΙΑΓΩΓΕΙΟ ΑΘΗΝΑΣ,23.730062,38.007225
4918,7ο ΝΗΠΙΑΓΩΓΕΙΟ ΒΥΡΩΝΑ,23.759417,37.952871
4919,114ο ΝΗΠΙΑΓΩΓΕΙΟ ΑΘΗΝΑΣ,23.7389,37.959968
4920,19ο ΝΗΠΙΑΓΩΓΕΙΟ ΑΧΑΡΝΩΝ,23.742547,38.108663
4921,12ο ΝΗΠΙΑΓΩΓΕΙΟ ΑΘΗΝΑΣ,23.759869,37.982626
4922,4ο ΝΗΠΙΑΓΩΓΕΙΟ ΖΩΓΡΑΦΟΥ,23.773797,37.981547
4923,7ο ΝΗΠΙΑΓΩΓΕΙΟ ΖΩΓΡΑΦΟΥ,23.778794,37.969865
4924,2ο ΝΗΠΙΑΓΩΓΕΙΟ ΚΑΙΣΑΡΙΑΝΗΣ,23.762009,37.965707
4925,1ο ΝΗΠΙΑΓΩΓΕΙΟ ΝΕΑΣ ΧΑΛΚΗΔΟΝΟΣ,23.725086,38.02517
4926,5ο ΝΗΠΙΑΓΩΓΕΙΟ ΖΩΓΡΑΦΟΥ,23.761837,37.974434
4927,57ο ΝΗΠΙΑΓΩΓΕΙΟ ΑΘΗΝΑΣ,23.76623,37.992127
4928,58ο ΝΗΠΙΑΓΩΓΕΙΟ ΑΘΗΝΑΣ,23.736178,37.981231
4929,6ο ΝΗΠΙΑΓΩΓΕΙΟ ΓΕΡΑΚΑ,,
4930,52ο ΝΗΠΙΑΓΩΓΕΙΟ ΑΘΗΝΑΣ,23.702741,37.97046
4931,1ο ΝΗΠΙΑΓΩΓΕΙΟ ΔΙΟΝΥΣΟΥ,,
4932,51ο ΝΗΠΙΑΓΩΓΕΙΟ ΑΘΗΝΑΣ,23.702741,37.970535
4933,50ο ΝΗΠΙΑΓΩΓΕΙΟ ΑΘΗΝΑΣ,23.704547,37.966089
4934,49ο ΝΗΠΙΑΓΩΓΕΙΟ ΑΘΗΝΑΣ,23.708458,37.970415
4935,36ο ΝΗΠΙΑΓΩΓΕΙΟ ΑΘΗΝΑΣ,23.729025,38.019412
4936,55ο ΝΗΠΙΑΓΩΓΕΙΟ ΑΘΗΝΑΣ,23.710185,37.994562
4937,35ο ΝΗΠΙΑΓΩΓΕΙΟ ΑΘΗΝΑΣ,23.721068,37.989149
4938,13ο ΝΗΠΙΑΓΩΓΕΙΟ ΑΘΗΝΑΣ,23.746626,37.971896
4939,14ο ΝΗΠΙΑΓΩΓΕΙΟ ΑΘΗΝΑΣ,23.736222,37.981712
4940,3ο ΝΗΠΙΑΓΩΓΕΙΟ ΤΑΥΡΟΥ,23.698068,37.963323
4941,4ο ΝΗΠΙΑΓΩΓΕΙΟ ΝΕΑΣ ΦΙΛΑΔΕΛΦΕΙΑΣ,23.72704,38.03023
4942,47ο ΝΗΠΙΑΓΩΓΕΙΟ ΑΘΗΝΑΣ,23.708502,37.970557
4943,8ο ΝΗΠΙΑΓΩΓΕΙΟ ΗΛΙΟΥΠΟΛΗΣ,23.757886,37.925818
4944,ΝΗΠΙΑΓΩΓΕΙΟ ΚΑΤΩ ΣΟΥΛΙΟΥ,,
4945,18ο ΝΗΠΙΑΓΩΓΕΙΟ ΗΛΙΟΥΠΟΛΗΣ,23.758777,37.944521
4946,17ο ΝΗΠΙΑΓΩΓΕΙΟ ΗΛΙΟΥΠΟΛΗΣ,23.740076,37.937451
4947,ΝΗΠΙΑΓΩΓΕΙΟ ΤΥΜΒΟΥ ΜΑΡΑΘΩΝΑ,,
4948,ΝΗΠΙΑΓΩΓΕΙΟ ΑΓΙΑΣ ΜΑΡΙΝΑΣ ΝΕΑΣ ΜΑΚΡΗΣ,,
4949,"ΙΔΙΩΤΙΚΟ ΓΥΜΝΑΣΙΟ ""Η ΘΕΟΜΗΤΩΡ""",,
4950,"ΙΔΙΩΤΙΚΟ ΓΥΜΝΑΣΙΟ ""ΣΥΓΧΡΟΝΗ ΠΑΙΔΕΙΑ"" ΧΑΡΑΛΑΜΠΟΥ ΚΥΡΑΙΛΙΔΗ",,
4951,"ΙΔΙΩΤΙΚΟ ΓΥΜΝΑΣΙΟ ""ΑΡΜΕΝΙΚΟΣ ΚΥΑΝΟΥΣ ΣΤΑΥΡΟΣ""",,
4952,"ΙΔΙΩΤΙΚΟ ΓΥΜΝΑΣΙΟ ""ΑΘΗΝΑΙΟΝ""",,
4953,ΕΚΠΑΙΔΕΥΤΙΚΗ ΑΝΑΓΕΝΝΗΣΗ ΙΔΙΩΤΙΚΟ ΓΥΜΝΑΣΙΟ ΕΚΠΑΙΔΕΥΤΗΡΙΑ ΑΝΤΩΝΟΠΟΥΛΟΥ,,
4954,ΙΔΙΩΤΙΚΟ ΛΕΟΝΤΕΙΟ ΓΥΜΝΑΣΙΟ ΠΑΤΗΣΙΩΝ,,
4955,"ΙΔΙΩΤΙΚΟ ΓΥΜΝΑΣΙΟ ""ΕΚΠΑΙΔΕΥΤΗΡΙΑ ΖΗΡΙΔΗ ΛΥΚΕΙΟΝ Η ΑΘΗΝΑ""",,
4956,"ΙΔΙΩΤΙΚΟ ΓΥΜΝΑΣΙΟ ""ΕΚΠΑΙΔΕΥΤΗΡΙΑ ΚΑΙΣΑΡΗ""",,
4957,"ΙΔΙΩΤΙΚΟ ΓΥΜΝΑΣΙΟ ""Β' ΤΟΣΙΤΣΕΙΟ ΑΡΣΑΚΕΙΟ ΕΚΑΛΗΣ""",,
4958,"ΙΔΙΩΤΙΚΟ ΓΥΜΝΑΣΙΟ ""Α' ΤΟΣΙΤΣΕΙΟ ΑΡΣΑΚΕΙΟ ΕΚΑΛΗΣ""",,
4959,"ΙΔΙΩΤΙΚΟ ΔΗΜΟΤΙΚΟ ΣΧΟΛΕΙΟ ""ΣΥΓΧΡΟΝΗ ΠΑΙΔΕΙΑ"" ΑΦΟΙ ΒΑΘΕΙΑ-ΚΥΡΑΪΛΙΔΗ",,
4960,"ΙΔΙΩΤΙΚΟ ΓΥΜΝΑΣΙΟ ""ΣΧΟΛΗ Ι.Μ. ΠΑΝΑΓΙΩΤΟΠΟΥΛΟΥ""",,
4961,"ΙΔΙΩΤΙΚΟ ΓΥΜΝΑΣΙΟ ""ΠΛΑΤΩΝ""",,
4962,"ΙΔΙΩΤΙΚΟ ΓΥΜΝΑΣΙΟ ""ΕΚΠΑΙΔΕΥΤΗΡΙΑ ΚΩΣΤΕΑ-ΓΕΙΤΟΝΑ""",,
4963,"ΙΔΙΩΤΙΚΟ ΓΥΜΝΑΣΙΟ ""ΕΚΠΑΙΔΕΥΤΗΡΙΑ ΓΕΙΤΟΝΑ""",,
4964,"ΙΔΙΩΤΙΚΟ ΓΥΜΝΑΣΙΟ ""ΑΘΗΝΑΙΟΝ"" ΕΣΠΕΡΙΝΟ",,
4965,"ΙΔΙΩΤΙΚΟ ΓΥΜΝΑΣΙΟ ""ΕΡΑΣΜΕΙΟΣ ΕΛΛΗΝΟΓΕΡΜΑΝΙΚΗ ΣΧΟΛΗ - Π. ΒΟΣΣΟΥ""",,
4966,"ΙΔΙΩΤΙΚΟ ΓΥΜΝΑΣΙΟ ""ΕΛΛΗΝΟΓΕΡΜΑΝΙΚΗ ΑΓΩΓΗ ΣΧΟΛΗ ΠΑΝΑΓΕΑ-ΣΑΒΒΑ""",,
4967,ΙΔΙΩΤΙΚΟ ΛΕΟΝΤΕΙΟ ΛΥΚΕΙΟ ΠΑΤΗΣΙΩΝ ,,
4968,"ΙΔΙΩΤΙΚΟ ΕΝΙΑΙΟ ΛΥΚΕΙΟ ""ΕΚΠΑΙΔΕΥΤΗΡΙΑ Ο ΠΛΑΤΩΝ""",,
4969,"ΙΔΙΩΤΙΚΟ ΕΝΙΑΙΟ ΛΥΚΕΙΟ ""ΕΞΑΡΧΟΠΟΥΛΟΣ ΘΕΟΔΩΡΟΣ"" ΕΣΠΕΡΙΝΟ",,
4970,"ΙΔΙΩΤΙΚΟ ΕΝΙΑΙΟ ΛΥΚΕΙΟ ""ΕΛΛΗΝΟΓΕΡΜΑΝΙΚΗ ΑΓΩΓΗ ΣΧΟΛΗ ΠΑΝΑΓΕΑ-ΣΑΒΒΑ""",,
4971,ΕΚΠΑΙΔΕΥΤΙΚΗ ΑΝΑΓΕΝΝΗΣΗ ΙΔΙΩΤΙΚΟ ΛΥΚΕΙΟ ΕΚΠΑΙΔΕΥΤΗΡΙΑ ΑΝΤΩΝΟΠΟΥΛΟΥ,,
4972,"ΙΔΙΩΤΙΚΟ ΕΝΙΑΙΟ ΛΥΚΕΙΟ ""ΑΘΗΝΑΙΟΝ"" ΕΣΠΕΡΙΝΟ",,
4973,"ΙΔΙΩΤΙΚΟ ΕΝΙΑΙΟ ΛΥΚΕΙΟ ""ΕΚΠΑΙΔΕΥΤΗΡΙΑ ΖΗΡΙΔΗ ΛΥΚΕΙΟΝ Η ΑΘΗΝΑ""",,
4974,"ΙΔΙΩΤΙΚΟ ΕΝΙΑΙΟ ΛΥΚΕΙΟ ""ΕΚΠΑΙΔΕΥΤΗΡΙΑ ΚΑΙΣΑΡΗ""",,
4975,"ΙΔΙΩΤΙΚΟ ΕΝΙΑΙΟ ΛΥΚΕΙΟ ""ΑΘΗΝΑΙΟΝ""",,
4976,"ΙΔΙΩΤΙΚΟ ΕΝΙΑΙΟ ΛΥΚΕΙΟ ""ΣΥΓΧΡΟΝΗ ΠΑΙΔΕΙΑ"" ΧΑΡΑΛΑΜΠΟΥ ΚΥΡΑΙΛΙΔΗ",,
4977,"ΙΔΙΩΤΙΚΟ ΕΝΙΑΙΟ ΛΥΚΕΙΟ ""Η ΘΕΟΜΗΤΩΡ""",,
4978,"ΙΔΙΩΤΙΚΟ ΕΝΙΑΙΟ ΛΥΚΕΙΟ ""Β' ΤΟΣΙΤΣΕΙΟ ΑΡΣΑΚΕΙΟ ΕΚΑΛΗΣ""",,
4979,"ΙΔΙΩΤΙΚΟ ΕΝΙΑΙΟ ΛΥΚΕΙΟ ""ΕΡΑΣΜΕΙΟΣ ΕΛΛΗΝΟΓΕΡΜΑΝΙΚΗ ΣΧΟΛΗ -Π.ΒΟΣΣΟΥ""",,
4980,"ΙΔΙΩΤΙΚΟ ΕΝΙΑΙΟ ΛΥΚΕΙΟ ""ΕΚΠΑΙΔΕΥΤΗΡΙΑ ΚΩΣΤΕΑ-ΓΕΙΤΟΝΑ""",,
4981,"ΙΔΙΩΤΙΚΟ ΕΝΙΑΙΟ ΛΥΚΕΙΟ ""ΕΚΠΑΙΔΕΥΤΗΡΙΑ ΓΕΙΤΟΝΑ""",,
4982,ΙΔΙΩΤΙΚΟ ΕΝΙΑΙΟ ΛΥΚΕΙΟ ΙΤΑΛΙΚΗΣ ΣΧΟΛΗΣ ΑΘΗΝΑΣ,,
4983,"ΙΔΙΩΤΙΚΟ ΕΝΙΑΙΟ ΛΥΚΕΙΟ ""Α' ΤΟΣΙΤΣΕΙΟ ΑΡΣΑΚΕΙΟ ΕΚΑΛΗΣ""",,
4984,ΙΔΙΩΤΙΚΟ ΣΕ-ΤΕΕ ΝΙΚΗ ΛΑΚΑ ΑΘΗΝΑΣ,,
4985,ΙΔΙΩΤΙΚΟ ΣΕ-ΤΕΕ ΙΠΠΟΚΡΑΤΕΙΟΣ ΣΧΟΛΗ ΑΘΗΝΑΣ,,
4986,ΙΔΙΩΤΙΚΟ ΣΕ-ΤΕΕ ΣΒΙΕ ΑΘΗΝΑΣ,,
4987,ΙΔΙΩΤΙΚΟ ΣΕ-ΤΕΕ ΑΚΜΗ,,
4988,ΙΔΙΩΤΙΚΟ ΤΕΕ ΑΜΑΡΑΝΤΕΙΟΣ ΑΘΗΝΑΣ,,
4989,ΙΔΙΩΤΙΚΟ ΤΕΕ ΓΑΛΙΛΑΙΟΣ ΑΘΗΝΑΣ,,
4990,ΙΔΙΩΤΙΚΟ ΤΕΕ ΑΚΜΗ ΑΘΗΝΑΣ,,
4991,ΙΔΙΩΤΙΚΟ ΣΕ-ΤΕΕ ΞΥΝΗ ΑΘΗΝΑΣ,,
4992,ΙΔΙΩΤΙΚΟ ΣΕ-ΤΕΕ ΔΙΠΛΑΡΕΙΟΥ ΣΧΟΛΗΣ ΑΘΗΝΑΣ,,
4993,ΙΔΙΩΤΙΚΟ ΤΕΕ ΞΥΝΗ ΑΘΗΝΑΣ,,
4994,ΙΔΙΩΤΙΚΟ ΤΕΕ ΑΛΦΑ ΑΣΚΛΗΠΙΟΣ ΑΘΗΩΝ,,
4995,ΙΔΙΩΤΙΚΟ ΣΕ-ΤΕΕ ΟΜΗΡΟΣ ΑΘΗΝΑΣ,,
4996,ΙΔΙΩΤΙΚΟ ΤΕΕ ΙΠΠΟΚΡΑΤΕΙΟΣ ΣΧΟΛΗ ΑΘΗΝΑΣ,,
4997,ΙΔΙΩΤΙΚΟ ΤΕΕ ΝΙΚΗ ΛΑΚΚΑ ΑΘΗΝΑΣ,,
4998,ΙΔΙΩΤΙΚΟ ΤΕΕ Ρ. ΚΑΜΜΕΡ-Α. ΠΙΚΟΥ ΑΘΗΝΑΣ,,
4999,ΙΔΙΩΤΙΚΟ ΤΕΕ ΔΙΠΛΑΡΕΙΟΥ ΣΧΟΛΗΣ ΑΘΗΝΑΣ,,
5000,ΙΔΙΩΤΙΚΟ ΣΕ-ΤΕΕ ΓΑΛΙΛΑΙΟΣ,,
5001,ΙΔΙΩΤΙΚΟ ΤΕΕ ΚΕΛΕΣΟ ΑΘΗΝΑΣ,,
5002,ΙΔΙΩΤΙΚΟ ΤΕΕ ΜΑΝΩΛΑ ΑΘΗΝΑΣ,,
5003,ΙΔΙΩΤΙΚΟ ΤΕΕ ΑΥΓΕΡΙΝΟΠΟΥΛΟΥ ΑΘΗΝΑΣ,,
5004,ΙΔΙΩΤΙΚΟ ΤΕΕ ΟΜΗΡΟΣ ΑΘΗΝΑΣ,,
5005,ΙΔΙΩΤΙΚΟ ΤΕΕ ΩΜΕΓΑ ΑΘΗΝΑΣ,,
5006,ΙΔΙΩΤΙΚΟ ΤΕΕ ΣΒΙΕ ΑΘΗΝΑΣ,,
5007,ΙΔΙΩΤΙΚΟ ΤΕΕ ΔΟΜΗ ΑΘΗΝΑΣ,,
5008,ΙΔΙΩΤΙΚΟ ΤΕΕ ΕΛΕΝΑ ΑΘΗΝΑΣ,,
5009,ΙΔΙΩΤΙΚΟ ΤΕΕ ΚΟΡΕΛΚΟ ΑΘΗΝΑΣ,,
5010,ΚΕΝΤΡΟ ΠΕΡΙΒΑΛΛΟΝΤΙΚΗΣ ΕΚΠΑΙΔΕΥΣΗΣ ΛΑΥΡΙΟΥ,,
5011,ΜΕΣΟ ΕΚΚΛΗΣΙΑΣΤΙΚΟ ΦΡΟΝΤΙΣΤΗΡΙΟ ΑΘΗΝΑΣ,,
5012,ΣΧΟΛΕΙΟ ΔΕΥΤΕΡΗΣ ΕΥΚΑΙΡΙΑΣ ΑΧΑΡΝΩΝ,,
5013,ΒΙΒΛΙΟΘΗΚΗ ΠΝΕΥΜΑΤΙΚΟΥ ΚΕΝΤΡΟΥ ΝΕΑΣ ΦΙΛΑΔΕΛΦΕΙΑΣ,,
5014,ΔΗΜΟΤΙΚΗ ΒΙΒΛΙΟΘΗΚΗ ΑΘΗΝΑΣ,23.740901,37.966681
5015,ΕΙΔΙΚΟ ΕΡΓΑΣΤΗΡΙΟ ΕΠΑΓΓΕΛΜΑΤΙΚΗΣ ΕΚΠΑΙΔΕΥΣΗΣ ΚΑΙ ΚΑΤΑΡΤΙΣΗΣ ΝΤΑΟΥ ΠΙΚΠΑ ΠΕΝΤΕΛΗΣ,,
5016,ΕΙΔΙΚΟ ΕΡΓΑΣΤΗΡΙΟ ΕΠΑΓΓΕΛΜΑΤΙΚΗΣ ΕΚΠΑΙΔΕΥΣΗΣ ΚΑΙ ΚΑΤΑΡΤΙΣΗΣ ΗΛΙΟΥΠΟΛΗΣ,,
5017,ΕΙΔΙΚΟ ΕΡΓΑΣΤΗΡΙΟ ΕΠΑΓΓΕΛΜΑΤΙΚΗΣ ΕΚΠΑΙΔΕΥΣΗΣ ΚΑΙ ΚΑΤΑΡΤΙΣΗΣ ΚΑΙΣΑΡΙΑΝΗΣ,,
5018,ΕΙΔΙΚΟ ΕΡΓΑΣΤΗΡΙΟ ΕΠΑΓΓΕΛΜΑΤΙΚΗΣ ΕΚΠΑΙΔΕΥΣΗΣ ΚΑΙ ΚΑΤΑΡΤΙΣΗΣ ΠΑΜΜΑΚΑΡΙΣΤΟΥ Ν. ΜΑΚΡΗΣ ,,
5019,"ΙΔΙΩΤΙΚΟ ΔΗΜΟΤΙΚΟ ΣΧΟΛΕΙΟ ""ΕΚΠΑΙΔΕΥΤΗΡΙΑ Ο ΠΛΑΤΩΝ""",,
5020,"ΙΔΙΩΤΙΚΟ ΔΗΜΟΤΙΚΟ ΣΧΟΛΕΙΟ ""ΛΥΡΕΙΟ ΙΔΡΥΜΑ""",,
5021,"ΙΔΙΩΤΙΚΟ ΔΗΜΟΤΙΚΟ ΣΧΟΛΕΙΟ ""ΠΟΡΙΩΤΟΥ""",,
5022,"ΙΔΙΩΤΙΚΟ ΔΗΜΟΤΙΚΟ ΣΧΟΛΕΙΟ ""ΚΑΛΑΝΔΡΟΥ ΣΤ. & ΣΙΑ""",,
5023,"ΙΔΙΩΤΙΚΟ ΔΗΜΟΤΙΚΟ ΣΧΟΛΕΙΟ ""ΣΧΟΛΗ ΧΙΛΛ""",,
5024,"ΙΔΙΩΤΙΚΟ ΔΗΜΟΤΙΚΟ ΣΧΟΛΕΙΟ ""ΕΚΠΑΙΔΕΥΤΗΡΙΑ ΓΕΙΤΟΝΑ""",,
5025,"ΙΔΙΩΤΙΚΟ ΔΗΜΟΤΙΚΟ ΣΧΟΛΕΙΟ ""Γ' ΤΟΣΙΤΣΕΙΟ""",,
5026,"ΙΔΙΩΤΙΚΟ ΔΗΜΟΤΙΚΟ ΣΧΟΛΕΙΟ ""ΕΚΠΑΙΔΕΥΤΗΡΙΑ ΚΩΣΤΕΑ-ΓΕΙΤΟΝΑ""",,
5027,"ΙΔΙΩΤΙΚΟ ΔΗΜΟΤΙΚΟ ΣΧΟΛΕΙΟ ""Δ' ΤΟΣΙΤΣΕΙΟ""",,
5028,"ΙΔΙΩΤΙΚΟ ΔΗΜΟΤΙΚΟ ΣΧΟΛΕΙΟ ""Ι.Μ. ΠΑΝΑΓΙΩΤΟΠΟΥΛΟΣ""",,
5029,"ΙΔΙΩΤΙΚΟ ΔΗΜΟΤΙΚΟ ΣΧΟΛΕΙΟ ""ΕΚΠΑΙΔΕΥΤΗΡΙΑ ΚΑΙΣΑΡΗ""",,
5030,"ΙΔΙΩΤΙΚΟ ΔΗΜΟΤΙΚΟ ΣΧΟΛΕΙΟ ""ΡΑΥΤΟΠΟΥΛΟΥ & ΣΙΑ""",,
5031,"ΙΔΙΩΤΙΚΟ ΔΗΜΟΤΙΚΟ ΣΧΟΛΕΙΟ ""Β' ΤΟΣΙΤΣΕΙΟ""",,
5032,"1ο ΙΔΙΩΤΙΚΟ ΔΗΜΟΤΙΚΟ ΣΧΟΛΕΙΟ ""ΛΑΚΩΝΙΚΗ ΣΧΟΛΗ-ΕΚΠΑΙΔΕΥΤΗΡΙΑ ΦΡΑΓΚΗ""",,
5033,"ΙΔΙΩΤΙΚΟ ΔΗΜΟΤΙΚΟ ΣΧΟΛΕΙΟ ""ΚΑΛΟΓΕΡΟΠΟΥΛΟΥ-ΚΑΛΟΜΟΙΡΑ""",,
5034,"2ο ΙΔΙΩΤΙΚΟ ΔΗΜΟΤΙΚΟ ΣΧΟΛΕΙΟ ""ΛΑΚΩΝΙΚΗ ΣΧΟΛΗ-ΕΚΠΑΙΔΕΥΤΗΡΙΑ ΦΡΑΓΚΗ""",,
5035,"ΙΔΙΩΤΙΚΟ ΔΗΜΟΤΙΚΟ ΣΧΟΛΕΙΟ ""ΜΟΝΤΕΣΣΟΡΙΑΝΑ ΣΧΟΛΕΙΑ""",,
5036,"ΙΔΙΩΤΙΚΟ ΔΗΜΟΤΙΚΟ ΣΧΟΛΕΙΟ ""Α' ΤΟΣΙΤΣΕΙΟ""",,
5037,"ΙΔΙΩΤΙΚΟ ΔΗΜΟΤΙΚΟ ΣΧΟΛΕΙΟ ""ΠΟΛΚΑ ΦΡΟΕΛΕΝ""",,
5038,"ΙΔΙΩΤΙΚΟ ΔΗΜΟΤΙΚΟ ΣΧΟΛΕΙΟ ""ΚΟΛΛΕΓΙΟ ΑΘΗΝΩΝ""",,
5039,"ΙΔΙΩΤΙΚΟ ΔΗΜΟΤΙΚΟ ΣΧΟΛΕΙΟ ""ΣΧΟΛΗ ΧΑΤΖΗΒΕΗ""",,
5040,"ΙΔΙΩΤΙΚΟ ΔΗΜΟΤΙΚΟ ΣΧΟΛΕΙΟ ""ΕΚΠΑΙΔΕΥΤΗΡΙΑ Η ΕΛΛΗΝΙΚΗ ΠΑΙΔΕΙΑ""",,
5041,"ΙΔΙΩΤΙΚΟ ΔΗΜΟΤΙΚΟ ΣΧΟΛΕΙΟ ""ΚΟΛΛΕΓΙΟ ΨΥΧΙΚΟΥ""",,
5042,ΓΡΑΦΕΙΟ ΠΕΡΙΒΑΛΛΟΝΤΙΚΗΣ ΕΚΠΑΙΔΕΥΣΗΣ Δ.Ε. Α' ΑΘΗΝΩΝ,23.721306,37.981903
5043,ΓΡΑΦΕΙΟ ΠΕΡΙΒΑΛΛΟΝΤΙΚΗΣ ΕΚΠΑΙΔΕΥΣΗΣ Δ.Ε. ΑΝΑΤΟΛΙΚΗΣ ΑΤΤΙΚΗΣ,,
5044,ΚΕΝΤΡΟ ΔΙΑΓΝΩΣΗΣ ΑΞΙΟΛΟΓΗΣΗΣ ΚΑΙ ΥΠΟΣΤΗΡΙΞΗΣ ΑΤΟΜΩΝ ΜΕ ΕΙΔΙΚΕΣ ΕΚΠΑΙΔΕΥΤΙΚΕΣ ΑΝΑΓΚΕΣ ΑΝΑΤ. ΑΤΤΙΚΗΣ,,
5045,ΚΕΝΤΡΟ ΔΑΥ ΑΤΟΜΩΝ ΜΕ ΕΙΔΙΚΕΣ ΑΝΑΓΚΕΣ Α ΑΘΗΝΑΣ,,
5046,ΓΡΑΦΕΙΟ ΣΧΟΛΙΚΩΝ ΣΥΜΒΟΥΛΩΝ Π.Ε.16ης ΠΕΡΙΦΕΡΕΙΑΣ ΑΘΗΝΩΝ,,
5047,ΓΡΑΦΕΙΟ ΣΧΟΛΙΚΩΝ ΣΥΜΒΟΥΛΩΝ Π.Ε. 8ης ΠΕΡΙΦΕΡΕΙΑΣ ΑΘΗΝΩΝ,23.724303,37.987919
5048,HELPDESK ΕΘΝΙΚΟΥ ΚΑΠΟΔΙΣΤΡΙΑΚΟΥ ΠΑΝΕΠΙΣΤΗΜΙΟΥ ΑΘΗΝΩΝ,,
5049,ΚΕΝΤΡΟ ΕΚΠΑΙΔΕΥΣΗΣ ΕΝΗΛΙΚΩΝ ΑΝΑΤΟΛΙΚΗΣ ΑΤΤΙΚΗΣ,,
5050,ΚΕΝΤΡΟ ΕΚΠΑΙΔΕΥΣΗΣ ΕΝΗΛΙΚΩΝ ΑΘΗΝΑΣ,,
5051,ΚΕΝΤΡΟ ΕΚΠΑΙΔΕΥΣΗΣ ΕΝΗΛΙΚΩΝ ΗΛΙΟΥΠΟΛΗΣ,,
5052,ΟΜΟΣΠΟΝΔΙΑ ΛΕΙΤΟΥΡΓΩΝ ΜΕΣΗΣ ΕΚΠΑΙΔΕΥΣΗΣ,23.727536,37.975242
5053,ΟΜΟΣΠΟΝΔΙΑ ΛΕΙΤΟΥΡΓΩΝ ΤΕΧΝΙΚΗΣ ΕΠΑΓΓΕΛΜΑΤΙΚΗΣ ΕΚΠΑΙΔΕΥΣΗΣ,,
5054,2ο ΓΥΜΝΑΣΙΟ ΘΗΒΑΣ,23.31888,38.321617
5055,ΓΥΜΝΑΣΙΟ ΧΑΙΡΩΝΕΙΑΣ,22.843409,38.493672
5056,2ο ΓΥΜΝΑΣΙΟ ΟΡΧΟΜΕΝΟΥ,22.984231,38.491906
5057,ΓΥΜΝΑΣΙΟ ΑΣΩΠΙΑΣ,23.505791,38.295714
5058,ΓΥΜΝΑΣΙΟ ΑΓΙΟΥ ΓΕΩΡΓΙΟΥ,22.935176,38.393432
5059,4ο ΓΥΜΝΑΣΙΟ ΘΗΒΑΣ,23.319324,38.308563
5060,ΓΥΜΝΑΣΙΟ ΘΕΣΠΙΩΝ,23.152292,38.303887
5061,ΓΥΜΝΑΣΙΟ ΑΛΙΑΡΤΟΥ,23.110674,38.375808
5062,2ο ΓΥΜΝΑΣΙΟ ΛΕΙΒΑΔΙΑΣ,22.878643,38.434018
5063,ΓΥΜΝΑΣΙΟ ΟΙΝΟΦΥΤΩΝ,23.639221,38.307913
5064,3ο ΓΥΜΝΑΣΙΟ ΘΗΒΑΣ,23.318604,38.318077
5065,ΓΥΜΝΑΣΙΟ ΔΟΜΒΡΑΙΝΑΣ,22.983436,38.253307
5066,ΓΥΜΝΑΣΙΟ ΑΓΙΟΥ ΔΗΜΗΤΡΙΟΥ,22.997925,38.450388
5067,5ο ΓΥΜΝΑΣΙΟ ΘΗΒΑΣ,23.325589,38.324211
5068,1ο ΓΥΜΝΑΣΙΟ ΘΗΒΑΣ,23.31888,38.321617
5069,ΓΥΜΝΑΣΙΟ ΑΚΡΑΙΦΝΙΟΥ,23.223046,38.457511
5070,ΓΥΜΝΑΣΙΟ ΚΥΡΙΑΚΙΟΥ,22.791446,38.352346
5071,ΓΥΜΝΑΣΙΟ ΠΥΛΗΣ ΘΗΒΑΣ,23.318604,38.318077
5072,ΓΥΜΝΑΣΙΟ ΔΙΣΤΟΜΟΥ ΜΠΑΡΛΕΙΟΝ,22.667227,38.42713
5073,ΓΥΜΝΑΣΙΟ ΑΝΤΙΚΥΡΑΣ,22.630617,38.380075
5074,ΓΥΜΝΑΣΙΟ ΛΕΙΒΑΔΙΑΣ ΑΘΛΗΤΙΚΟ,,
5075,4ο ΓΥΜΝΑΣΙΟ ΛΕΙΒΑΔΙΑΣ,22.878643,38.434018
5076,ΓΥΜΝΑΣΙΟ ΒΑΓΙΩΝ,23.17938,38.318395
5077,ΓΥΜΝΑΣΙΟ ΑΡΑΧΩΒΑΣ,22.587072,38.479546
5078,ΓΥΜΝΑΣΙΟ ΣΧΗΜΑΤΑΡΙΟΥ,23.583128,38.344602
5079,ΓΥΜΝΑΣΙΟ ΑΣΠΡΩΝ ΣΠΙΤΙΩΝ,22.624071,38.399408
5080,ΓΥΜΝΑΣΙΟ ΚΑΠΑΡΕΛΛΙΟΥ,23.217706,38.236232
5081,ΓΥΜΝΑΣΙΟ ΠΑΥΛΟΥ,23.095784,38.531428
5082,1ο ΓΥΜΝΑΣΙΟ ΛΕΙΒΑΔΙΑΣ,22.878643,38.434018
5083,ΓΥΜΝΑΣΙΟ ΔΑΥΛΕΙΑΣ,22.734645,38.513767
5084,3ο ΓΥΜΝΑΣΙΟ ΛΕΙΒΑΔΙΑΣ,22.878643,38.434018
5085,ΓΥΜΝΑΣΙΟ ΛΕΙΒΑΔΙΑΣ ΕΣΠΕΡΙΝΟ,22.878643,38.434018
5086,1ο ΓΥΜΝΑΣΙΟ ΟΡΧΟΜΕΝΟΥ,22.984231,38.491906
5087,ΓΥΜΝΑΣΙΟ ΘΗΒΑΣ ΕΣΠΕΡΙΝΟ,23.31888,38.321617
5088,1ο ΕΝΙΑΙΟ ΛΥΚΕΙΟ ΘΗΒΑΣ - Τ.Α.Δ.,23.309617,38.326628
5089,ΕΝΙΑΙΟ ΛΥΚΕΙΟ ΑΣΠΡΩΝ ΣΠΙΤΙΩΝ,22.630617,38.380075
5090,3ο ΕΝΙΑΙΟ ΛΥΚΕΙΟ ΘΗΒΑΣ,23.30923,38.327187
5091,2ο ΕΝΙΑΙΟ ΛΥΚΕΙΟ ΘΗΒΑΣ,23.31888,38.321617
5092,ΕΝΙΑΙΟ ΛΥΚΕΙΟ ΣΧΗΜΑΤΑΡΙΟΥ,23.583128,38.344602
5093,ΕΝΙΑΙΟ ΛΥΚΕΙΟ ΑΛΙΑΡΤΟΥ,23.110674,38.375808
5094,ΕΝΙΑΙΟ ΛΥΚΕΙΟ ΑΡΑΧΩΒΑΣ,22.587072,38.479546
5095,ΕΝΙΑΙΟ ΛΥΚΕΙΟ ΒΑΓΙΩΝ,23.17938,38.318395
5096,ΕΝΙΑΙΟ ΛΥΚΕΙΟ ΘΕΣΠΙΩΝ,23.152292,38.303887
5097,ΕΝΙΑΙΟ ΛΥΚΕΙΟ ΟΙΝΟΦΥΤΩΝ,23.639221,38.307913
5098,ΕΝΙΑΙΟ ΛΥΚΕΙΟ ΔΙΣΤΟΜΟΥ ΜΠΑΡΛΕΙΟΝ,22.667227,38.42713
5099,ΕΝΙΑΙΟ ΛΥΚΕΙΟ ΟΡΧΟΜΕΝΟΥ,22.984231,38.491906
5100,1ο ΕΝΙΑΙΟ ΛΥΚΕΙΟ ΛΕΙΒΑΔΙΑΣ,22.878643,38.434018
5101,2ο ΕΝΙΑΙΟ ΛΥΚΕΙΟ ΛΕΙΒΑΔΙΑΣ - Τ.Α.Δ.,22.878643,38.434018
5102,2ο ΤΕΕ ΛΕΙΒΑΔΙΑΣ,22.869508,38.436758
5103,1ο ΤΕΕ ΟΙΝΟΗΣ ΣΧΗΜΑΤΑΡΙΟΥ,23.583128,38.344602
5104,1ο ΤΕΕ ΛΕΙΒΑΔΕΙΑΣ,22.869508,38.436758
5105,1ο ΤΕΕ ΑΛΙΑΡΤΟΥ,23.110674,38.375808
5106,2ο ΤΕΕ ΘΗΒΑΣ,23.325589,38.324211
5107,1ο ΤΕΕ ΘΗΒΑΣ,23.325589,38.324211
5108,ΣΕΚ ΘΗΒΑΣ,,
5109,1ο ΣΕΚ ΛΕΙΒΑΔΙΑΣ,,
5110,9ο ΔΗΜΟΤΙΚΟ ΣΧΟΛΕΙΟ ΘΗΒΑΣ,,
5111,ΔΗΜΟΤΙΚΟ ΣΧΟΛΕΙΟ ΡΩΜΕΙΚΟΥ ΛΙΒΑΔΕΙΑΣ,22.941926,38.486153
5112,2ο ΔΗΜΟΤΙΚΟ ΣΧΟΛΕΙΟ ΟΡΧΟΜΕΝΟΥ ΛΙΒΑΔΕΙΑΣ,22.982861,38.491048
5113,2ο ΔΗΜΟΤΙΚΟ ΣΧΟΛΕΙΟ ΘΗΒΑΣ,23.316921,38.317925
5114,1ο ΔΗΜΟΤΙΚΟ ΣΧΟΛΕΙΟ ΘΗΒΑΣ,23.316901,38.317731
5115,2ο ΔΗΜΟΤΙΚΟ ΣΧΟΛΕΙΟ ΛΙΒΑΔΕΙΑΣ,22.873321,38.432876
5116,4ο ΔΗΜΟΤΙΚΟ ΣΧΟΛΕΙΟ ΛΙΒΑΔΕΙΑΣ,,
5117,1ο ΔΗΜΟΤΙΚΟ ΣΧΟΛΕΙΟ ΛΙΒΑΔΕΙΑΣ,22.878477,38.435803
5118,ΔΗΜΟΤΙΚΟ ΣΧΟΛΕΙΟ ΔΙΣΤΟΜΟΥ ΛΙΒΑΔΕΙΑΣ,22.666269,38.427552
5119,1ο ΔΗΜΟΤΙΚΟ ΣΧΟΛΕΙΟ ΣΧΗΜΑΤΑΡΙΟΥ ΘΗΒΑΣ,23.582515,38.344412
5120,1ο ΔΗΜΟΤΙΚΟ ΣΧΟΛΕΙΟ ΒΑΓΙΩΝ,23.178517,38.318871
5121,1ο ΔΗΜΟΤΙΚΟ ΣΧΟΛΕΙΟ ΟΡΧΟΜΕΝΟΥ ΛΙΒΑΔΕΙΑΣ,22.982965,38.491049
5122,5ο ΔΗΜΟΤΙΚΟ ΣΧΟΛΕΙΟ ΛΙΒΑΔΕΙΑΣ,,
5123,ΔΗΜΟΤΙΚΟ ΣΧΟΛΕΙΟ ΠΡΟΔΡΟΜΟΥ ΘΗΒΑΣ,22.910486,38.258576
5124,ΔΗΜΟΤΙΚΟ ΣΧΟΛΕΙΟ ΔΑΥΛΕΙΑΣ ΛΙΒΑΔΕΙΑΣ,22.734153,38.512643
5125,ΔΗΜΟΤΙΚΟ ΣΧΟΛΕΙΟ ΛΑΦΥΣΤΙΟΥ ΛΙΒΑΔΕΙΑΣ,22.923323,38.428457
5126,ΔΗΜΟΤΙΚΟ ΣΧΟΛΕΙΟ ΣΤΕΙΡΙΟΥ ΛΙΒΑΔΕΙΑΣ,22.71232,38.406319
5127,ΔΗΜΟΤΙΚΟ ΣΧΟΛΕΙΟ ΟΙΝΟΗΣ,23.609422,38.328364
5128,ΔΗΜΟΤΙΚΟ ΣΧΟΛΕΙΟ ΣΚΟΥΡΤΩΝ ΘΗΒΑΣ,23.554332,38.213992
5129,6ο ΔΗΜΟΤΙΚΟ ΣΧΟΛΕΙΟ ΛΙΒΑΔΕΙΑΣ,,
5130,ΔΗΜΟΤΙΚΟ ΣΧΟΛΕΙΟ ΧΑΙΡΩΝΕΙΑΣ ΛΙΒΑΔΕΙΑΣ,22.845789,38.493726
5131,ΔΗΜΟΤΙΚΟ ΣΧΟΛΕΙΟ ΠΡΩΤΟΚΚΛΗΣΙΟΥ,26.257922,41.290353
5132,3ο ΔΗΜΟΤΙΚΟ ΣΧΟΛΕΙΟ ΛΙΒΑΔΕΙΑΣ,22.863274,38.435055
5133,7ο ΔΗΜΟΤΙΚΟ ΣΧΟΛΕΙΟ ΛΙΒΑΔΕΙΑΣ,,
5134,ΔΗΜΟΤΙΚΟ ΣΧΟΛΕΙΟ ΠΑΥΛΟΥ ΛΙΒΑΔΕΙΑΣ,23.09611,38.530749
5135,ΔΗΜΟΤΙΚΟ ΣΧΟΛΕΙΟ ΥΨΗΛΑΝΤΟΥ ΛΙΒΑΔΕΙΑΣ,23.018075,38.373805
5136,ΔΗΜΟΤΙΚΟ ΣΧΟΛΕΙΟ ΣΩΛΗΝΑΡΙΟΥ ΛΙΒΑΔΕΙΑΣ,22.993824,38.383486
5137,ΔΗΜΟΤΙΚΟ ΣΧΟΛΕΙΟ ΔΙΟΝΥΣΟΥ ΛΙΒΑΔΕΙΑΣ,22.950993,38.513203
5138,ΔΗΜΟΤΙΚΟ ΣΧΟΛΕΙΟ ΚΑΠΑΡΕΛΛΙΟΥ ΘΗΒΑΣ,23.217399,38.23511
5139,5ο ΔΗΜΟΤΙΚΟ ΣΧΟΛΕΙΟ ΘΗΒΑΣ,23.327137,38.32381
5140,4ο ΔΗΜΟΤΙΚΟ ΣΧΟΛΕΙΟ ΘΗΒΑΣ,23.30923,38.327187
5141,3ο ΔΗΜΟΤΙΚΟ ΣΧΟΛΕΙΟ ΘΗΒΑΣ,23.318175,38.324841
5142,ΔΗΜΟΤΙΚΟ ΣΧΟΛΕΙΟ ΝΕΟΥ ΚΟΚΚΙΝΟΥ,,
5143,ΔΗΜΟΤΙΚΟ ΣΧΟΛΕΙΟ ΑΣΚΡΗΣ,23.11133,38.314266
5144,ΔΗΜΟΤΙΚΟ ΣΧΟΛΕΙΟ ΚΑΣΤΡΟΥ ΘΗΒΑΣ,23.162416,38.492465
5145,ΔΗΜΟΤΙΚΟ ΣΧΟΛΕΙΟ ΑΚΡΑΙΦΝΙΟΥ ΘΗΒΑΣ,23.222407,38.457195
5146,7ο ΔΗΜΟΤΙΚΟ ΣΧΟΛΕΙΟ ΘΗΒΑΣ,23.320979,38.313386
5147,6ο ΔΗΜΟΤΙΚΟ ΣΧΟΛΕΙΟ ΘΗΒΑΣ,23.32284,38.324494
5148,ΔΗΜΟΤΙΚΟ ΣΧΟΛΕΙΟ ΚΛΕΙΔΙΟΥ ΘΗΒΑΣ,23.575685,38.271033
5149,ΔΗΜΟΤΙΚΟ ΣΧΟΛΕΙΟ ΑΓΙΟΥ ΘΩΜΑ ΘΗΒΑΣ,23.589115,38.27549
5150,ΔΗΜΟΤΙΚΟ ΣΧΟΛΕΙΟ ΑΜΠΕΛΟΧΩΡΙΟΥ ΘΗΒΑΣ,23.267911,38.298967
5151,ΔΗΜΟΤΙΚΟ ΣΧΟΛΕΙΟ ΥΠΑΤΟΥ ΘΗΒΑΣ,23.395032,38.388791
5152,ΔΗΜΟΤΙΚΟ ΣΧΟΛΕΙΟ ΤΑΝΑΓΡΑΣ ΘΗΒΑΣ,23.537882,38.325625
5153,ΔΗΜΟΤΙΚΟ ΣΧΟΛΕΙΟ ΛΕΟΝΤΑΡΙΟΥ ΘΗΒΑΣ,23.159964,38.302916
5154,ΔΗΜΟΤΙΚΟ ΣΧΟΛΕΙΟ ΔΟΜΒΡΑΙΝΗΣ,22.98298,38.253143
5155,ΔΗΜΟΤΙΚΟ ΣΧΟΛΕΙΟ ΚΟΚΚΙΝΟΥ ΘΗΒΑΣ,23.240992,38.473438
5156,ΔΗΜΟΤΙΚΟ ΣΧΟΛΕΙΟ ΠΛΑΤΑΙΩΝ ΘΗΒΑΣ,,
5157,ΔΗΜΟΤΙΚΟ ΣΧΟΛΕΙΟ ΜΕΛΙΣΣΟΧΩΡΙΟΥ ΘΗΒΑΣ,23.23561,38.265377
5158,ΔΗΜΟΤΙΚΟ ΣΧΟΛΕΙΟ ΜΟΥΡΙΚΙΟΥ ΘΗΒΑΣ,23.356479,38.423631
5159,ΔΗΜΟΤΙΚΟ ΣΧΟΛΕΙΟ ΑΡΑΧΟΒΗΣ ΛΙΒΑΔΕΙΑΣ,22.587508,38.47854
5160,1ο ΔΗΜΟΤΙΚΟ ΣΧΟΛΕΙΟ ΑΛΙΑΡΤΟΥ,23.110429,38.374674
5161,ΔΗΜΟΤΙΚΟ ΣΧΟΛΕΙΟ ΜΑΥΡΟΜΜΑΤΙΟΥ ΘΗΒΑΣ,23.140845,38.329428
5162,ΔΗΜΟΤΙΚΟ ΣΧΟΛΕΙΟ ΑΓΙΑΣ ΤΡΙΑΔΑΣ ΛΙΒΑΔΕΙΑΣ,22.910869,38.355663
5163,ΔΗΜΟΤΙΚΟ ΣΧΟΛΕΙΟ ΟΙΝΟΦΥΤΩΝ ΘΗΒΑΣ,23.639222,38.307689
5164,ΔΗΜΟΤΙΚΟ ΣΧΟΛΕΙΟ ΞΗΡΟΝΟΜΗΣ ΘΗΒΑΣ,23.076686,38.25036
5165,ΔΗΜΟΤΙΚΟ ΣΧΟΛΕΙΟ ΝΕΟΧΩΡΑΚΙΟΥ ΘΗΒΑΣ,23.391361,38.294652
5166,ΔΗΜΟΤΙΚΟ ΣΧΟΛΕΙΟ ΠΛΑΤΑΝΑΚΙΟΥ ΘΗΒΑΣ,,
5167,ΔΗΜΟΤΙΚΟ ΣΧΟΛΕΙΟ ΠΥΛΗΣ ΘΗΒΑΣ,23.495168,38.210982
5168,ΔΗΜΟΤΙΚΟ ΣΧΟΛΕΙΟ ΑΝΤΙΚΥΡΑΣ ΛΙΒΑΔΕΙΑΣ,22.630542,38.379573
5169,ΔΗΜΟΤΙΚΟ ΣΧΟΛΕΙΟ ΑΝΘΟΧΩΡΙΟΥ ΛΙΒΑΔΕΙΑΣ,22.830642,38.551684
5170,ΔΗΜΟΤΙΚΟ ΣΧΟΛΕΙΟ ΜΑΖΙΟΥ ΛΙΒΑΔΕΙΑΣ,,
5171,2ο ΔΗΜΟΤΙΚΟ ΣΧΟΛΕΙΟ ΑΛΙΑΡΤΟΥ,23.110429,38.374674
5172,ΔΗΜΟΤΙΚΟ ΣΧΟΛΕΙΟ ΑΓΙΟΥ ΔΗΜΗΤΡΙΟΥ ΛΙΒΑΔΕΙΑΣ,22.998091,38.450382
5173,ΔΗΜΟΤΙΚΟ ΣΧΟΛΕΙΟ ΑΓΙΟΥ ΓΕΩΡΓΙΟΥ ΛΙΒΑΔΕΙΑΣ,22.933991,38.394031
5174,1ο ΔΗΜΟΤΙΚΟ ΣΧΟΛΕΙΟ ΑΣΠΡΩΝ ΣΠΙΤΙΩΝ,,
5175,9ο ΔΗΜΟΤΙΚΟ ΣΧΟΛΕΙΟ ΛΙΒΑΔΕΙΑΣ,22.873322,38.432808
5176,10ο ΔΗΜΟΤΙΚΟ ΣΧΟΛΕΙΟ ΛΙΒΑΔΕΙΑΣ,22.872591,38.441894
5177,2ο ΔΗΜΟΤΙΚΟ ΣΧΟΛΕΙΟ ΑΣΠΡΩΝ ΣΠΙΤΙΩΝ,21.77609,37.615628
5178,8ο ΔΗΜΟΤΙΚΟ ΣΧΟΛΕΙΟ ΛΙΒΑΔΕΙΑΣ,22.879214,38.43494
5179,1ο ΔΗΜΟΤΙΚΟ ΣΧΟΛΕΙΟ ΛΕΙΒΑΔΙΑΣ ΕΙΔΙΚΟ,,
5180,ΔΗΜΟΤΙΚΟ ΣΧΟΛΕΙΟ ΘΗΒΑΣ ΕΙΔΙΚΟ,,
5181,2ο ΔΗΜΟΤΙΚΟ ΣΧΟΛΕΙΟ ΣΧΗΜΑΤΑΡΙΟΥ ΘΗΒΑΣ,23.582439,38.340539
5182,3ο ΔΗΜΟΤΙΚΟ ΣΧΟΛΕΙΟ ΣΧΗΜΑΤΑΡΙΟΥ,23.582428,38.342485
5183,2ο ΔΗΜΟΤΙΚΟ ΣΧΟΛΕΙΟ ΒΑΓΙΩΝ,23.178564,38.318353
5184,8ο ΔΗΜΟΤΙΚΟ ΣΧΟΛΕΙΟ ΘΗΒΑΣ,,
5185,ΔΗΜΟΤΙΚΟ ΣΧΟΛΕΙΟ ΑΓΙΑΣ ΠΑΡΑΣΚΕΥΗΣ,22.743721,38.581907
5186,ΔΗΜΟΤΙΚΟ ΣΧΟΛΕΙΟ ΘΟΥΡΙΟΥ ΛΙΒΑΔΕΙΑΣ,22.891404,38.48506
5187,ΔΗΜΟΤΙΚΟ ΣΧΟΛΕΙΟ ΛΕΥΚΤΡΩΝ ΘΗΒΑΣ,23.185001,38.253689
5188,ΔΗΜΟΤΙΚΟ ΣΧΟΛΕΙΟ ΑΣΩΠΙΑΣ ΘΗΒΑΣ,23.504744,38.296051
5189,ΔΗΜΟΤΙΚΟ ΣΧΟΛΕΙΟ ΕΛΛΟΠΙΑΣ ΘΗΒΑΣ,23.115565,38.261654
5190,ΔΗΜΟΤΙΚΟ ΣΧΟΛΕΙΟ ΠΡΟΦΗΤΟΥ ΗΛΙΑ,22.809012,38.580783
5191,ΔΗΜΟΤΙΚΟ ΣΧΟΛΕΙΟ ΑΡΜΑΤΟΣ ΘΗΒΑΣ,23.487904,38.350053
5192,ΔΗΜΟΤΙΚΟ ΣΧΟΛΕΙΟ ΕΛΕΩΝΟΣ ΘΗΒΑΣ,23.446162,38.36408
5193,ΔΗΜΟΤΙΚΟ ΣΧΟΛΕΙΟ ΚΑΛΛΙΘΕΑΣ ΘΗΒΑΣ,23.445255,38.306718
5194,ΔΗΜΟΤΙΚΟ ΣΧΟΛΕΙΟ ΘΕΣΠΙΩΝ ΘΗΒΑΣ,23.151357,38.304137
5195,ΔΗΜΟΤΙΚΟ ΣΧΟΛΕΙΟ ΔΗΛΕΣΙΟΥ,,
5196,ΔΗΜΟΤΙΚΟ ΣΧΟΛΕΙΟ ΠΕΤΡΑΣ ΛΙΒΑΔΕΙΑΣ,23.061106,38.371688
5197,ΔΙΕΥΘΥΝΣΗ Δ.Ε. ΒΟΙΩΤΙΑΣ,22.876826,38.435323
5198,1ο ΕΡΓΑΣΤΗΡΙΑΚΟ ΚΕΝΤΡΟ ΦΥΣΙΚΩΝ ΕΠΙΣΤΗΜΩΝ ΒΟΙΩΤΙΑΣ (ΛΙΒΑΔΕΙΑ),22.890545,38.434935
5199,ΚΕΣΥΠ ΒΟΙΩΤΙΑΣ - 1,22.87696,38.437025
5200,ΚΕΣΥΠ ΒΟΙΩΤΙΑΣ - 2,23.3136,38.317568
5201,ΓΡΑΦΕΙΟ Δ.Ε. ΒΟΙΩΤΙΑΣ,23.315701,38.310124
5202,ΙΕΚ ΘΗΒΑΣ,,
5203,ΙΕΚ ΛΕΙΒΑΔΙΑΣ,,
5204,ΔΙΕΥΘΥΝΣΗ Π.Ε. ΒΟΙΩΤΙΑΣ,,
5205,ΓΡΑΦΕΙΟ Π.Ε. ΒΟΙΩΤΙΑΣ,,
5206,ΓΡΑΦΕΙΟ ΦΥΣΙΚΗΣ ΑΓΩΓΗΣ ΒΟΙΩΤΙΑΣ,,
5207,9ο ΝΗΠΙΑΓΩΓΕΙΟ ΘΗΒΑΣ,,
5208,2ο ΝΗΠΙΑΓΩΓΕΙΟ ΑΛΙΑΡΤΟΥ,23.110434,38.37464
5209,ΝΗΠΙΑΓΩΓΕΙΟ ΝΕΟΥ ΚΟΚΚΙΝΟΥ,,
5210,ΝΗΠΙΑΓΩΓΕΙΟ ΑΡΜΑΤΟΣ,23.487845,38.350107
5211,ΝΗΠΙΑΓΩΓΕΙΟ ΕΛΑΙΩΝΑ,23.44621,38.364128
5212,6ο ΝΗΠΙΑΓΩΓΕΙΟ ΘΗΒΑΣ,,
5213,2ο ΝΗΠΙΑΓΩΓΕΙΟ ΒΑΓΙΩΝ,23.17854,38.317747
5214,1ο ΝΗΠΙΑΓΩΓΕΙΟ ΒΑΓΙΩΝ,,
5215,ΝΗΠΙΑΓΩΓΕΙΟ ΚΑΠΑΡΕΛΛΙΟΥ ΘΗΒΑΣ,23.217403,38.235096
5216,ΝΗΠΙΑΓΩΓΕΙΟ ΘΕΣΠΙΩΝ ΘΗΒΑΣ,23.151513,38.304142
5217,ΝΗΠΙΑΓΩΓΕΙΟ ΑΜΠΕΛΟΧΩΡΙΟΥ,23.267793,38.299062
5218,ΝΗΠΙΑΓΩΓΕΙΟ ΠΡΟΔΡΟΜΟΥ,22.910433,38.258591
5219,ΝΗΠΙΑΓΩΓΕΙΟ ΔΙΣΤΟΜΟΥ,22.666275,38.427581
5220,1ο ΝΗΠΙΑΓΩΓΕΙΟ ΘΗΒΑΣ,,
5221,3ο ΝΗΠΙΑΓΩΓΕΙΟ ΛΙΒΑΔΕΙΑΣ,22.863274,38.435055
5222,ΝΗΠΙΑΓΩΓΕΙΟ ΕΛΛΟΠΙΑΣ,23.115488,38.261818
5223,1ο ΝΗΠΙΑΓΩΓΕΙΟ ΑΛΙΑΡΤΟΥ,23.110434,38.374683
5224,ΝΗΠΙΑΓΩΓΕΙΟ ΔΙΟΝΥΣΟΥ,22.950946,38.513247
5225,2ο ΝΗΠΙΑΓΩΓΕΙΟ ΑΣΠΡΩΝ ΣΠΙΤΙΩΝ,,
5226,ΝΗΠΙΑΓΩΓΕΙΟ ΑΚΡΑΙΦΝΙΟΥ,23.222388,38.45726
5227,ΝΗΠΙΑΓΩΓΕΙΟ ΟΙΝΟΦΥΤΩΝ,23.639229,38.307688
5228,2ο ΝΗΠΙΑΓΩΓΕΙΟ ΛΙΒΑΔΕΙΑΣ,22.874301,38.431915
5229,ΝΗΠΙΑΓΩΓΕΙΟ ΑΓΙΟΥ ΘΩΜΑ,23.589122,38.2755
5230,5ο ΝΗΠΙΑΓΩΓΕΙΟ ΘΗΒΑΣ,,
5231,ΝΗΠΙΑΓΩΓΕΙΟ ΧΑΙΡΩΝΕΙΑΣ,22.845765,38.493717
5232,8ο ΝΗΠΙΑΓΩΓΕΙΟ ΘΗΒΑΣ,,
5233,ΝΗΠΙΑΓΩΓΕΙΟ ΑΕΡΟΔΡΟΜΙΟΥ ΤΑΝΑΓΡΑΣ,,
5234,ΝΗΠΙΑΓΩΓΕΙΟ ΚΛΕΙΔΙΟΥ,,
5235,ΝΗΠΙΑΓΩΓΕΙΟ ΣΩΛΗΝΑΡΙΟΥ,22.993889,38.383526
5236,2ο ΝΗΠΙΑΓΩΓΕΙΟ ΣΧΗΜΑΤΑΡΙΟΥ ΘΗΒΑΣ,,
5237,ΝΗΠΙΑΓΩΓΕΙΟ ΥΨΗΛΑΝΤΗ,,
5238,ΝΗΠΙΑΓΩΓΕΙΟ ΘΗΒΑΣ ΕΙΔΙΚΟ,,
5239,3ο ΝΗΠΙΑΓΩΓΕΙΟ ΣΧΗΜΑΤΑΡΙΟΥ,,
5240,3ο ΝΗΠΙΑΓΩΓΕΙΟ ΟΡΧΟΜΕΝΟΥ,,
5241,ΝΗΠΙΑΓΩΓΕΙΟ ΣΚΟΥΡΤΩΝ,23.55435,38.214025
5242,ΝΗΠΙΑΓΩΓΕΙΟ ΠΕΤΡΑΣ,23.061016,38.371701
5243,9ο ΝΗΠΙΑΓΩΓΕΙΟ ΛΙΒΑΔΕΙΑΣ,,
5244,ΝΗΠΙΑΓΩΓΕΙΟ ΟΙΝΟΗΣ,23.609422,38.328364
5245,ΝΗΠΙΑΓΩΓΕΙΟ ΥΠΑΤΟΥ,,
5246,ΝΗΠΙΑΓΩΓΕΙΟ ΝΕΟΧΩΡΑΚΙΟΥ,,
5247,8ο ΝΗΠΙΑΓΩΓΕΙΟ ΛΙΒΑΔΕΙΑΣ,,
5248,7ο ΝΗΠΙΑΓΩΓΕΙΟ ΘΗΒΑΣ,,
5249,ΝΗΠΙΑΓΩΓΕΙΟ ΤΑΝΑΓΡΑΣ,23.538002,38.325693
5250,ΝΗΠΙΑΓΩΓΕΙΟ ΜΟΥΡΙΚΙΟΥ,23.356415,38.423683
5251,1ο ΝΗΠΙΑΓΩΓΕΙΟ ΟΡΧΟΜΕΝΟΥ,,
5252,5ο ΝΗΠΙΑΓΩΓΕΙΟ ΛΙΒΑΔΕΙΑΣ,22.888465,38.435822
5253,ΝΗΠΙΑΓΩΓΕΙΟ ΑΓΙΟΥ ΔΗΜΗΤΡΙΟΥ,,
5254,ΝΗΠΙΑΓΩΓΕΙΟ ΚΑΛΛΙΘΕΑΣ,,
5255,ΝΗΠΙΑΓΩΓΕΙΟ ΜΕΛΙΣΣΟΧΩΡΙΟΥ,23.235641,38.26538
5256,ΝΗΠΙΑΓΩΓΕΙΟ ΚΥΡΙΑΚΙΟΥ ΛΙΒΑΔΕΙΑΣ,22.79206,38.350556
5257,ΝΗΠΙΑΓΩΓΕΙΟ ΠΑΥΛΟΥ ΛΙΒΑΔΕΙΑΣ,23.096113,38.530685
5258,4ο ΝΗΠΙΑΓΩΓΕΙΟ ΛΙΒΑΔΕΙΑΣ,,
5259,ΝΗΠΙΑΓΩΓΕΙΟ ΔΑΥΛΕΙΑΣ,22.734201,38.512657
5260,ΝΗΠΙΑΓΩΓΕΙΟ ΜΑΥΡΟΜΜΑΤΙΟΥ,23.140702,38.329422
5261,2ο ΝΗΠΙΑΓΩΓΕΙΟ ΘΗΒΑΣ,,
5262,ΝΗΠΙΑΓΩΓΕΙΟ ΛΕΥΚΤΡΩΝ ΘΗΒΑΣ,23.18503,38.253664
5263,ΝΗΠΙΑΓΩΓΕΙΟ ΑΓΙΑΣ ΤΡΙΑΔΑΣ ΛΙΒΑΔΕΙΑΣ,22.911076,38.355215
5264,1ο ΝΗΠΙΑΓΩΓΕΙΟ ΑΣΠΡΩΝ ΣΠΙΤΙΩΝ ΗΠ,,
5265,1ο ΝΗΠΙΑΓΩΓΕΙΟ ΣΧΗΜΑΤΑΡΙΟΥ ΘΗΒΑΣ,,
5266,ΝΗΠΙΑΓΩΓΕΙΟ ΑΡΑΧΩΒΑΣ,22.587495,38.478444
5267,ΝΗΠΙΑΓΩΓΕΙΟ ΛΕΟΝΤΑΡΙΟΥ ΘΗΒΑΣ,23.159857,38.302884
5268,ΝΗΠΙΑΓΩΓΕΙΟ ΠΥΛΗΣ,23.495175,38.21095
5269,ΝΗΠΙΑΓΩΓΕΙΟ ΑΝΤΙΚΥΡΑΣ,22.630544,38.379579
5270,ΝΗΠΙΑΓΩΓΕΙΟ ΑΣΚΡΗΣ,23.11131,38.314246
5271,10ο ΝΗΠΙΑΓΩΓΕΙΟ ΣΧΟΛΕΙΟ ΘΗΒΑΣ,,
5272,ΝΗΠΙΑΓΩΓΕΙΟ ΚΑΣΤΡΟΥ,23.162465,38.492427
5273,1ο ΝΗΠΙΑΓΩΓΕΙΟ ΛΙΒΑΔΕΙΑΣ,22.878906,38.435149
5274,ΝΗΠΙΑΓΩΓΕΙΟ ΔΟΜΒΡΑΙΝΗΣ,22.982979,38.253132
5275,ΝΗΠΙΑΓΩΓΕΙΟ ΑΣΩΠΙΑΣ,23.504735,38.296059
5276,ΝΗΠΙΑΓΩΓΕΙΟ ΠΛΑΤΑΙΩΝ,23.268168,38.207766
5277,7ο ΝΗΠΙΑΓΩΓΕΙΟ ΛΙΒΑΔΕΙΑΣ,,
5278,ΝΗΠΙΑΓΩΓΕΙΟ ΚΟΚΚΙΝΟΥ,23.240997,38.47346
5279,6ο ΝΗΠΙΑΓΩΓΕΙΟ ΛΙΒΑΔΕΙΑΣ,22.879141,38.434917
5280,2ο ΝΗΠΙΑΓΩΓΕΙΟ ΟΡΧΟΜΕΝΟΥ,,
5281,4ο ΝΗΠΙΑΓΩΓΕΙΟ ΘΗΒΑΣ,,
5282,ΝΗΠΙΑΓΩΓΕΙΟ ΔΗΛΕΣΙΟΥ,,
5283,ΝΗΠΙΑΓΩΓΕΙΟ ΑΓΙΟΥ ΓΕΩΡΓΙΟΥ,,
5284,3ο ΝΗΠΙΑΓΩΓΕΙΟ ΘΗΒΑΣ,,
5285,ΝΗΠΙΑΓΩΓΕΙΟ ΣΤΕΙΡΙΟΥ ΛΙΒΑΔΕΙΑΣ,22.71232,38.406319
5286,10ο ΝΗΠΙΑΓΩΓΕΙΟ ΛΙΒΑΔΕΙΑΣ,,
5287,ΣΧΟΛΕΙΟ ΔΕΥΤΕΡΗΣ ΕΥΚΑΙΡΙΑΣ ΟΡΧΟΜΕΝΟΥ,,
5288,ΔΗΜΟΣΙΑ ΒΙΒΛΙΟΘΗΚΗ ΛΕΙΒΑΔΙΑΣ ΚΕΝΤΡΙΚΗ,,
5289,ΕΙΔΙΚΟ ΕΡΓΑΣΤΗΡΙΟ ΕΠΑΓΓΕΛΜΑΤΙΚΗΣ ΕΚΠΑΙΔΕΥΣΗΣ ΚΑΙ ΚΑΤΑΡΤΙΣΗΣ ΘΗΒΑΣ,,
5290,ΕΙΔΙΚΟ ΕΡΓΑΣΤΗΡΙΟ ΕΠΑΓΓΕΛΜΑΤΙΚΗΣ ΕΚΠΑΙΔΕΥΣΗΣ ΚΑΙ ΚΑΤΑΡΤΙΣΗΣ ΛΕΙΒΑΔΕΙΑΣ,,
5291,ΓΡΑΦΕΙΟ ΠΕΡΙΒΑΛΛΟΝΤΙΚΗΣ ΕΚΠΑΙΔΕΥΣΗΣ Δ.Ε. ΒΟΙΩΤΙΑΣ,,
5292,ΚΕΝΤΡΟ ΔΙΑΓΝΩΣΗΣ ΑΞΙΟΛΟΓΗΣΗΣ ΚΑΙ ΥΠΟΣΤΗΡΙΞΗΣ ΑΤΟΜΩΝ ΜΕ ΕΙΔΙΚΕΣ ΕΚΠΑΙΔΕΥΤΙΚΕΣ ΑΝΑΓΚΕΣ ΒΟΙΩΤΙΑΣ,,
5293,ΚΕΝΤΡΟ ΕΠΑΓΓΕΛΜΑΤΙΚΗΣ ΚΑΤΑΡΤΙΣΗΣ ΟΡΧΟΜΕΝΟΥ,,
5294,ΚΟΜΒΟΣ ΔΙΑΝΟΜΗΣ ΠΣΔ ΝΟΜΟΥ ΒΟΙΩΤΙΑΣ,,
5295,ΚΕΝΤΡΟ ΕΚΠΑΙΔΕΥΣΗΣ ΕΝΗΛΙΚΩΝ ΒΟΙΩΤΙΑΣ,,
5296,12ο ΓΥΜΝΑΣΙΟ ΑΧΑΡΝΩΝ,,
5297,1ο ΔΗΜΟΤΙΚΟ ΣΧΟΛΕΙΟ ΟΛΥΜΠΙΑΚΟΥ ΧΩΡΙΟΥ,,
5298,2ο ΓΥΜΝΑΣΙΟ ΑΡΤΕΜΙΑΔΑΣ ΛΟΥΤΣΑΣ,,
5299,2ο ΓΥΜΝΑΣΙΟ ΜΑΡΚΟΠΟΥΛΟΥ,,
5300,ΕΝΙΑΙΟ ΛΥΚΕΙΟ ΚΑΛΑΜΟΥ,,
5301,ΕΝΙΑΙΟ ΛΥΚΕΙΟ ΠΙΚΕΡΜΙΟΥ,,
5302,6ο ΔΗΜΟΤΙΚΟ ΣΧΟΛΕΙΟ ΠΑΛΛΗΝΗΣ,,
5303,3ο ΕΝΙΑΙΟ ΛΥΚΕΙΟ ΚΟΡΩΠΙΟΥ,,
5304,ΓΥΜΝΑΣΙΟ ΚΟΥΒΑΡΑ,,
5305,2ο ΕΞΑΘΕΣΙΟ ΔΗΜΟΤΙΚΟ ΣΧΟΛΕΙΟ ΣΚΑΛΑΣ ΩΡΩΠΟΥ ΝΕΩΝ ΠΑΛΑΤΙΩΝ,,
5306,ΤΕΕ ΕΙΔΙΚΗΣ ΑΓΩΓΗΣ Α' ΒΑΘΜΙΔΑΣ ΚΟΡΩΠΙΟΥ ,,
5307,4ο ΓΥΜΝΑΣΙΟ ΑΜΠΕΛΟΚΗΠΩΝ ΘΕΣΣΑΛΟΝΙΚΗΣ,22.928825,40.652106
5308,4ο ΓΥΜΝΑΣΙΟ ΝΕΑΠΟΛΗΣ ΘΕΣΣΑΛΟΝΙΚΗΣ,22.940706,40.651835
5309,ΔΗΜΟΤΙΚΟ ΣΧΟΛΕΙΟ ΑΓΙΟΧΩΡΙΟΥ ΜΕΙΟΝΟΤΙΚΟ,,
5310,3ο ΓΥΜΝΑΣΙΟ ΝΕΑΠΟΛΗΣ ΘΕΣΣΑΛΟΝΙΚΗΣ,22.940706,40.651835
5311,1ο ΓΥΜΝΑΣΙΟ ΛΑΓΚΑΔΑ,23.081292,40.736513
5312,ΓΥΜΝΑΣΙΟ ΝΕΑΣ ΑΠΟΛΛΩΝΙΑΣ,23.444342,40.625667
5313,4ο ΓΥΜΝΑΣΙΟ ΕΥΟΣΜΟΥ,22.919893,40.675803
5314,3ο ΓΥΜΝΑΣΙΟ ΕΥΟΣΜΟΥ,22.919893,40.675803
5315,4ο ΓΥΜΝΑΣΙΟ ΒΕΡΟΙΑΣ,22.20133,40.515907
5316,1ο ΓΥΜΝΑΣΙΟ ΒΕΡΟΙΑΣ,22.19015,40.504387
5317,ΓΥΜΝΑΣΙΟ ΡΙΖΩΜΑΤΩΝ,22.202306,40.523522
5318,ΓΥΜΝΑΣΙΟ ΚΑΒΑΣΙΛΩΝ ΗΜΑΘΙΑΣ,22.335106,40.590638
5319,ΓΥΜΝΑΣΙΟ ΒΕΡΟΙΑΣ ΕΣΠΕΡΙΝΟ,22.201332,40.515959
5320,1ο ΓΥΜΝΑΣΙΟ ΑΛΕΞΑΝΔΡΕΙΑΣ,22.44762,40.625492
5321,2ο ΓΥΜΝΑΣΙΟ ΛΑΓΚΑΔΑ,23.081292,40.736513
5322,ΓΥΜΝΑΣΙΟ ΜΑΚΡΟΧΩΡΙΟΥ ΒΕΡΟΙΑΣ,22.242844,40.548382
5323,5ο ΓΥΜΝΑΣΙΟ ΒΕΡΟΙΑΣ,22.205081,40.503084
5324,ΓΥΜΝΑΣΙΟ ΤΡΙΚΑΛΩΝ ΗΜΑΘΙΑΣ,22.528541,40.615664
5325,ΓΥΜΝΑΣΙΟ ΚΟΡΥΦΗΣ ΗΜΑΘΙΑΣ,22.506565,40.60142
5326,6ο ΓΥΜΝΑΣΙΟ ΒΕΡΟΙΑΣ,22.197743,40.524296
5327,ΓΥΜΝΑΣΙΟ ΚΟΠΑΝΟΥ ΝΑΟΥΣΗΣ,22.133279,40.6332
5328,ΓΥΜΝΑΣΙΟ ΜΑΡΙΝΑΣ ΗΜΑΘΙΑΣ,22.103223,40.691771
5329,ΓΥΜΝΑΣΙΟ ΜΕΛΙΚΗΣ,22.398454,40.516677
5330,"1ο ΓΥΜΝΑΣΙΟ ΣΥΚΕΩΝ ""ΟΔΥΣΣΕΑΣ ΦΩΚΑΣ """,22.950649,40.647193
5331,ΓΥΜΝΑΣΙΟ ΕΠΙΣΚΟΠΗΣ ΝΑΟΥΣΗΣ,22.147727,40.685787
5332,2ο ΓΥΜΝΑΣΙΟ ΑΛΕΞΑΝΔΡΕΙΑΣ,22.44762,40.625492
5333,7ο ΓΥΜΝΑΣΙΟ ΒΕΡΟΙΑΣ,22.19015,40.504387
5334,ΓΥΜΝΑΣΙΟ ΠΛΑΤΕΟΣ,22.538653,40.639908
5335,ΔΗΜΟΤΙΚΟ ΣΧΟΛΕΙΟ ΑΡΧΟΝΤΙΚΩΝ ΜΕΙΟΝΟΤΙΚΟ,,
5336,ΓΥΜΝΑΣΙΟ ΜΕΣΟΠΟΤΑΜΙΑΣ ΚΑΣΤΟΡΙΑΣ,21.159695,40.503242
5337,ΓΥΜΝΑΣΙΟ ΧΙΛΙΟΔΕΝΔΡΟΥ (ΠΑΡΑΡΤ. ΓΥΜ. ΠΕΝΤΑΒΡΥΣΟΥ ),21.19468,40.486575
5338,1ο ΓΥΜΝΑΣΙΟ ΚΑΣΤΟΡΙΑΣ,21.269638,40.519898
5339,ΓΥΜΝΑΣΙΟ ΝΕΣΤΟΡΙΟΥ,21.058683,40.415266
5340,ΓΥΜΝΑΣΙΟ ΚΟΡΗΣΟΥ ΚΑΣΤΟΡΙΑΣ,21.376795,40.502753
5341,ΓΥΜΝΑΣΙΟ ΒΟΓΑΤΣΙΚΟΥ ΚΑΣΤΟΡΙΑΣ,21.383677,40.413132
5342,1ο ΓΥΜΝΑΣΙΟ ΑΡΓΟΥΣ ΟΡΕΣΤΙΚΟΥ,21.262622,40.453052
5343,2ο ΓΥΜΝΑΣΙΟ ΑΡΓΟΥΣ ΟΡΕΣΤΙΚΟΥ,21.262622,40.453052
5344,3ο ΓΥΜΝΑΣΙΟ ΣΤΑΥΡΟΥΠΟΛΗΣ,22.938371,40.664667
5345,2ο ΓΥΜΝΑΣΙΟ ΕΥΟΣΜΟΥ,22.899506,40.682264
5346,ΓΥΜΝΑΣΙΟ ΝΕΑΣ ΕΥΚΑΡΠΙΑΣ,22.957233,40.686802
5347,2ο ΓΥΜΝΑΣΙΟ ΑΓΙΟΥ ΑΘΑΝΑΣΙΟΥ (ΠΡΩΗΝ ΓΥΜΝΑΣΙΟ Ν. ΜΕΣΗΜΒΡΙΑΣ),22.77397,40.75056
5348,ΓΥΜΝΑΣΙΟ ΖΑΓΚΛΙΒΕΡΙΟΥ,23.290329,40.569633
5349,4ο ΓΥΜΝΑΣΙΟ ΚΑΣΤΟΡΙΑΣ,21.253593,40.516098
5350,1ο ΓΥΜΝΑΣΙΟ ΕΛΕΥΘΕΡΙΟΥ - ΚΟΡΔΕΛΙΟΥ,22.896545,40.66535
5351,1ο ΓΥΜΝΑΣΙΟ ΝΕΑΠΟΛΗΣ ΘΕΣΣΑΛΟΝΙΚΗΣ,22.940706,40.651835
5352,ΓΥΜΝΑΣΙΟ ΡΕΝΤΙΝΑΣ (ΠΡΩΗΝ ΓΥΜΝΑΣΙΟ ΠΑΡΑΛΙΑΣ ΣΤΑΥΡΟΥ),23.694031,40.661012
5353,1ο ΓΥΜΝΑΣΙΟ ΣΟΧΟΥ (ΠΡΩΗΝ ΓΥΜΝΑΣΙΟ ΣΟΧΟΥ),23.358975,40.816453
5354,6ο ΓΥΜΝΑΣΙΟ ΣΤΑΥΡΟΥΠΟΛΗΣ,22.929129,40.668919
5355,7ο ΓΥΜΝΑΣΙΟ ΣΤΑΥΡΟΥΠΟΛΗΣ,22.922596,40.672257
5356,2ο ΓΥΜΝΑΣΙΟ ΧΑΛΚΗΔΟΝΑΣ (ΠΡΩΗΝ ΓΥΜΝΑΣΙΟ ΑΔΕΝΔΡΟΥ),22.604067,40.669678
5357,ΔΗΜΟΤΙΚΟ ΣΧΟΛΕΙΟ ΑΥΡΑΣ ΜΕΙΟΝΟΤΙΚΟ,,
5358,3ο ΓΥΜΝΑΣΙΟ ΒΕΡΟΙΑΣ,22.201335,40.515837
5359,ΓΥΜΝΑΣΙΟ ΒΕΡΓΙΝΑΣ ΗΜΑΘΙΑΣ,22.320957,40.486856
5360,ΓΥΜΝΑΣΙΟ ΑΓΙΟΥ ΓΕΩΡΓΙΟΥ (ΠΡΩΗΝ ΓΥΜΝΑΣΙΟ ΑΣΠΡΟΒΑΛΤΑΣ),23.706935,40.718765
5361,5ο ΓΥΜΝΑΣΙΟ ΕΥΟΣΜΟΥ,22.912566,40.670086
5362,2ο ΓΥΜΝΑΣΙΟ ΝΕΑΠΟΛΗΣ ΘΕΣΣΑΛΟΝΙΚΗΣ,22.940706,40.651835
5363,ΓΥΜΝΑΣΙΟ ΑΜΠΕΛΟΚΗΠΩΝ ΕΣΠΕΡΙΝΟ,22.927577,40.6514
5364,ΓΥΜΝΑΣΙΟ ΦΙΛΩΤΑ,21.709651,40.623409
5365,ΓΥΜΝΑΣΙΟ ΦΛΩΡΙΝΑΣ ΕΣΠΕΡΙΝΟ (ΛΤ),21.403091,40.775255
5366,ΓΥΜΝΑΣΙΟ ΑΣΣΗΡΟΥ,23.033071,40.821383
5367,ΔΗΜΟΤΙΚΟ ΣΧΟΛΕΙΟ ΠΕΡΑΜΑΤΟΣ ΜΕΙΟΝΟΤΙΚΟ,,
5368,3ο ΓΥΜΝΑΣΙΟ ΚΑΣΤΟΡΙΑΣ,21.271022,40.521602
5369,ΓΥΜΝΑΣΙΟ ΟΙΝΟΗΣ ΚΑΣΤΟΡΙΑΣ,21.084607,40.51608
5370,ΓΥΜΝΑΣΙΟ ΚΩΣΤΑΡΑΖΙΟΥ,21.366467,40.448003
5371,ΓΥΜΝΑΣΙΟ ΚΑΣΤΟΡΙΑΣ ΕΣΠΕΡΙΝΟ,21.260972,40.533236
5372,ΓΥΜΝΑΣΙΟ ΜΑΥΡΟΧΩΡΙΟΥ ΚΑΣΤΟΡΙΑΣ,21.322612,40.511244
5373,ΓΥΜΝΑΣΙΟ ΜΕΓΑΛΗΣ ΠΑΝΑΓΙΑΣ,23.681048,40.444955
5374,ΔΗΜΟΤΙΚΟ ΣΧΟΛΕΙΟ ΚΟΜΑΡΟΥ ΜΕΙΟΝΟΤΙΚΟ,,
5375,ΓΥΜΝΑΣΙΟ ΕΙΡΗΝΟΥΠΟΛΗΣ,22.203152,40.674981
5376,ΓΥΜΝΑΣΙΟ ΠΕΝΤΑΒΡΥΣΟΥ,21.143439,40.452221
5377,ΓΥΜΝΑΣΙΟ ΜΑΝΙΑΚΩΝ,21.244961,40.493373
5378,ΓΥΜΝΑΣΙΟ ΕΥΟΣΜΟΥ ΔΙΑΠΟΛΙΤΙΣΜΙΚΗΣ ΕΚΠΑΙΔΕΥΣΗΣ,22.912566,40.670086
5379,5ο ΓΥΜΝΑΣΙΟ ΝΕΑΠΟΛΗΣ ΘΕΣΣΑΛΟΝΙΚΗΣ,22.940706,40.651835
5380,1ο ΓΥΜΝΑΣΙΟ ΣΤΑΥΡΟΥΠΟΛΗΣ,22.929661,40.662745
5381,1ο ΓΥΜΝΑΣΙΟ ΝΑΟΥΣΑΣ,22.066892,40.631773
5382,2ο ΓΥΜΝΑΣΙΟ ΝΑΟΥΣΑΣ,22.066892,40.631773
5383,ΔΗΜΟΤΙΚΟ ΣΧΟΛΕΙΟ ΘΟΥΡΙΟΥ,,
5384,2ο ΓΥΜΝΑΣΙΟ ΚΑΣΤΟΡΙΑΣ,21.26242,40.528387
5385,3ο ΓΥΜΝΑΣΙΟ ΝΑΟΥΣΑΣ,22.06047,40.626304
5386,4ο ΓΥΜΝΑΣΙΟ ΣΥΚΕΩΝ ΘΕΣΣΑΛΟΝΙΚΗΣ,22.950649,40.647193
5387,2ο ΓΥΜΝΑΣΙΟ ΑΜΠΕΛΟΚΗΠΩΝ ΘΕΣΣΑΛΟΝΙΚΗΣ,22.921068,40.657758
5388,2ο ΓΥΜΝΑΣΙΟ ΒΕΡΟΙΑΣ,22.191533,40.519685
5389,6ο ΓΥΜΝΑΣΙΟ ΕΥΟΣΜΟΥ,,
5390,3ο ΓΥΜΝΑΣΙΟ ΛΑΓΚΑΔΑ (ΠΡΩΗΝ ΓΥΜΝΑΣΙΟ ΚΟΛΧΙΚΟΥ),23.141061,40.748702
5391,3ο ΓΥΜΝΑΣΙΟ ΣΥΚΕΩΝ ΘΕΣΣΑΛΟΝΙΚΗΣ,22.950649,40.647193
5392,ΓΥΜΝΑΣΙΟ ΚΟΡΩΝΕΙΑΣ (ΠΡΩΗΝ ΓΥΜΝΑΣΙΟ ΛΑΓΚΑΔΙΚΙΩΝ),23.247281,40.634352
5393,3ο ΓΥΜΝΑΣΙΟ ΠΟΛΙΧΝΗΣ,22.949423,40.665331
5394,2ο ΓΥΜΝΑΣΙΟ ΣΥΚΕΩΝ,22.950649,40.647193
5395,3ο ΓΥΜΝΑΣΙΟ ΧΟΡΤΙΑΤΗ (ΠΡΩΗΝ ΓΥΜΝΑΣΙΟ ΧΟΡΤΙΑΤΗ),23.1018,40.6104
5396,ΓΥΜΝΑΣΙΟ ΘΕΣΣΑΛΟΝΙΚΗΣ ΠΕΙΡΑΜΑΤΙΚΟ ΠΑΝΕΠΙΣΤΗΜΙΟΥ ΜΑΚΕΔΟΝΙΑΣ,22.951662,40.637377
5397,1ο ΓΥΜΝΑΣΙΟ ΑΜΠΕΛΟΚΗΠΩΝ ΘΕΣΣΑΛΟΝΙΚΗΣ,22.921068,40.657758
5398,2ο ΓΥΜΝΑΣΙΟ ΝΕΩΝ ΜΟΥΔΑΝΙΩΝ,23.289301,40.240279
5399,5ο ΓΥΜΝΑΣΙΟ ΑΜΠΕΛΟΚΗΠΩΝ ΘΕΣΣΑΛΟΝΙΚΗΣ,22.921068,40.657758
5400,4ο ΓΥΜΝΑΣΙΟ ΣΤΑΥΡΟΥΠΟΛΗΣ,22.929129,40.668919
5401,1ο ΓΥΜΝΑΣΙΟ ΠΟΛΙΧΝΗΣ,22.942984,40.671239
5402,5ο ΓΥΜΝΑΣΙΟ ΣΤΑΥΡΟΥΠΟΛΗΣ,22.924354,40.673071
5403,4ο ΓΥΜΝΑΣΙΟ ΠΟΛΙΧΝΗΣ,22.96646,40.659363
5404,2ο ΓΥΜΝΑΣΙΟ ΠΟΛΙΧΝΗΣ,22.945645,40.677143
5405,1ο ΓΥΜΝΑΣΙΟ ΕΥΟΣΜΟΥ,22.905497,40.6789
5406,3ο ΓΥΜΝΑΣΙΟ ΑΜΠΕΛΟΚΗΠΩΝ ΘΕΣΣΑΛΟΝΙΚΗΣ,22.918088,40.651664
5407,2ο ΓΥΜΝΑΣΙΟ ΣΤΑΥΡΟΥΠΟΛΗΣ,22.929661,40.662745
5408,ΓΥΜΝΑΣΙΟ ΑΜΥΝΤΑΙΟΥ ΜΟΥΣΙΚΟ,21.680255,40.690359
5409,ΓΥΜΝΑΣΙΟ ΝΕΟΥ ΜΑΡΜΑΡΑ,23.789197,40.092084
5410,ΓΥΜΝΑΣΙΟ ΠΑΛΑΙΟΧΩΡΑΣ,23.452909,40.499922
5411,ΓΥΜΝΑΣΙΟ ΝΕΑΣ ΚΑΛΛΙΚΡΑΤΕΙΑΣ,23.064918,40.314175
5412,ΓΥΜΝΑΣΙΟ ΑΓΙΟΥ ΝΙΚΟΛΑΟΥ,23.697794,40.24659
5413,1ο ΓΥΜΝΑΣΙΟ ΝΕΩΝ ΜΟΥΔΑΝΙΩΝ,23.289269,40.240258
5414,ΓΥΜΝΑΣΙΟ ΣΤΡΑΤΟΝΙΚΗΣ,23.764026,40.526073
5415,ΓΥΜΝΑΣΙΟ ΠΟΛΥΓΥΡΟΥ,23.438022,40.378045
5416,ΓΥΜΝΑΣΙΟ ΝΕΑΣ ΤΡΙΓΛΙΑΣ,23.213989,40.304249
5417,ΓΥΜΝΑΣΙΟ ΠΑΛΙΟΥΡΙΟΥ,23.664848,39.940756
5418,ΓΥΜΝΑΣΙΟ ΠΑΛΑΙΟΧΩΡΙΟΥ,23.651362,40.49009
5419,ΓΥΜΝΑΣΙΟ ΓΑΛΑΤΙΣΤΑΣ,23.279795,40.467601
5420,ΓΥΜΝΑΣΙΟ ΟΡΜΥΛΙΑΣ,23.544716,40.293474
5421,ΓΥΜΝΑΣΙΟ ΦΛΩΡΙΝΑΣ ΕΚΚΛΗΣΙΑΣΤΙΚΟ,21.386533,40.77368
5422,1ο ΓΥΜΝΑΣΙΟ ΦΛΩΡΙΝΑΣ,21.406677,40.779677
5423,ΓΥΜΝΑΣΙΟ ΣΗΜΑΝΤΡΩΝ,23.313045,40.34599
5424,ΓΥΜΝΑΣΙΟ ΝΙΚΗΤΗΣ,23.67331,40.22943
5425,ΓΥΜΝΑΣΙΟ ΛΑΙΜΟΥ,21.141284,40.835375
5426,ΓΥΜΝΑΣΙΟ ΑΕΤΟΥ ΑΜΥΝΤΑΙΟΥ,21.556962,40.660732
5427,ΓΥΜΝΑΣΙΟ ΠΑΠΑΓΙΑΝΝΗ ΦΛΩΡΙΝΗΣ,21.498906,40.838064
5428,2ο ΓΥΜΝΑΣΙΟ ΦΛΩΡΙΝΑΣ,21.413639,40.786542
5429,ΓΥΜΝΑΣΙΟ ΥΔΡΟΥΣΑΣ,21.462356,40.720884
5430,ΓΥΜΝΑΣΙΟ ΠΟΛΥΓΥΡΟΥ ΕΣΠΕΡΙΝΟ,23.437919,40.377967
5431,2ο ΔΗΜΟΤΙΚΟ ΣΧΟΛΕΙΟ ΑΡΙΣΒΗΣ ΜΕΙΟΝΟΤΙΚΟ,25.590525,41.06901
5432,ΓΥΜΝΑΣΙΟ ΒΕΥΗΣ ΦΛΩΡΙΝΑΣ,21.615439,40.765468
5433,ΓΥΜΝΑΣΙΟ ΜΕΛΙΤΗΣ ΦΛΩΡΙΝΑΣ,21.584326,40.831016
5434,ΓΥΜΝΑΣΙΟ ΚΑΣΣΑΝΔΡΕΙΑΣ,23.414876,40.047305
5435,ΓΥΜΝΑΣΙΟ ΑΜΜΟΧΩΡΙΟΥ ΦΛΩΡΙΝΗΣ,21.484499,40.782156
5436,ΓΥΜΝΑΣΙΟ ΚΛΕΙΝΩΝ ΦΛΩΡΙΝΑΣ,21.400494,40.849082
5437,3ο ΓΥΜΝΑΣΙΟ ΦΛΩΡΙΝΑΣ,21.403093,40.775182
5438,ΓΥΜΝΑΣΙΟ ΣΤΡΑΤΩΝΙΟΥ,23.827004,40.513635
5439,ΓΥΜΝΑΣΙΟ ΑΜΥΝΤΑΙΟΥ,21.680358,40.690428
5440,ΓΥΜΝΑΣΙΟ ΣΥΚΙΑΣ,23.942506,40.037517
5441,ΓΥΜΝΑΣΙΟ ΠΕΥΚΟΧΩΡΙΟΥ,23.613996,39.985606
5442,ΓΥΜΝΑΣΙΟ ΙΕΡΙΣΣΟΥ,23.877962,40.396215
5443,12ο ΔΗΜΟΤΙΚΟ ΣΧΟΛΕΙΟ ΚΑΒΑΛΑΣ,24.397884,40.936553
5444,ΓΥΜΝΑΣΙΟ ΑΡΝΑΙΑΣ,23.595279,40.485363
5445,2ο ΕΝΙΑΙΟ ΛΥΚΕΙΟ ΣΤΑΥΡΟΥΠΟΛΗΣ,22.951662,40.637377
5446,2ο ΕΝΙΑΙΟ ΛΥΚΕΙΟ ΠΟΛΙΧΝΗΣ,22.944551,40.675771
5447,1ο ΕΝΙΑΙΟ ΛΥΚΕΙΟ ΝΕΑΠΟΛΗΣ,22.940706,40.651835
5448,ΕΝΙΑΙΟ ΛΥΚΕΙΟ ΦΛΩΡΙΝΑΣ ΕΚΚΛΗΣΙΑΣΤΙΚΟ,21.40438,40.775731
5449,2ο ΕΝΙΑΙΟ ΛΥΚΕΙΟ ΚΑΣΤΟΡΙΑΣ,21.26091,40.533681
5450,ΕΝΙΑΙΟ ΛΥΚΕΙΟ ΑΓΙΟΥ ΝΙΚΟΛΑΟΥ ΧΑΛΚΙΔΙΚΗΣ,23.697794,40.24659
5451,1ο ΕΝΙΑΙΟ ΛΥΚΕΙΟ ΠΟΛΥΓΥΡΟΥ,23.438022,40.378045
5452,ΕΝΙΑΙΟ ΛΥΚΕΙΟ ΑΘΩΝΙΑΔΑΣ ΕΚΚΛΗΣΙΑΣΤΙΚΟ,24.24676,40.255376
5453,ΕΝΙΑΙΟ ΛΥΚΕΙΟ ΝΕΑΠΟΛΗΣ ΕΚΚΛΗΣΙΑΣΤΙΚΟ,22.951646,40.637346
5454,1ο ΕΝΙΑΙΟ ΛΥΚΕΙΟ ΦΛΩΡΙΝΑΣ,21.40438,40.775731
5455,ΕΝΙΑΙΟ ΛΥΚΕΙΟ ΦΙΛΩΤΑ,,
5456,ΕΝΙΑΙΟ ΛΥΚΕΙΟ ΣΥΚΙΑΣ,23.942506,40.037517
5457,ΕΝΙΑΙΟ ΛΥΚΕΙΟ ΚΑΣΤΟΡΙΑΣ ΕΣΠΕΡΙΝΟ,21.260952,40.53342
5458,ΕΝΙΑΙΟ ΛΥΚΕΙΟ ΝΕΑΣ ΚΑΛΛΙΚΡΑΤΕΙΑΣ,23.064918,40.314175
5459,1ο ΕΝΙΑΙΟ ΛΥΚΕΙΟ ΚΑΣΣΑΝΔΡΕΙΑΣ,23.414876,40.047305
5460,3ο ΕΝΙΑΙΟ ΛΥΚΕΙΟ ΚΑΣΤΟΡΙΑΣ,21.260963,40.533338
5461,4ο ΕΝΙΑΙΟ ΛΥΚΕΙΟ ΒΕΡΟΙΑΣ,22.202285,40.523727
5462,1ο ΕΝΙΑΙΟ ΛΥΚΕΙΟ ΝΑΟΥΣΑΣ,22.071558,40.626187
5463,2ο ΕΝΙΑΙΟ ΛΥΚΕΙΟ ΝΕΑΠΟΛΗΣ,22.940706,40.651835
5464,1ο ΕΝΙΑΙΟ ΛΥΚΕΙΟ ΑΛΕΞΑΝΔΡΕΙΑΣ,22.447614,40.62549
5465,4ο ΕΝΙΑΙΟ ΛΥΚΕΙΟ ΣΤΑΥΡΟΥΠΟΛΗΣ (ΑΜΠΕΛΟΚΗΠΩΝ),22.966077,40.606231
5466,3ο Ε.Λ. ΣΤΑΥΡΟΥΠΟΛΗΣ (πρωην 1ο ΕΛ. ΗΛΙΟΥΠΟΛΗΣ),22.924354,40.673071
5467,3ο ΕΝΙΑΙΟ ΛΥΚΕΙΟ ΑΜΠΕΛΟΚΗΠΩΝ,22.929246,40.651822
5468,1ο ΕΝΙΑΙΟ ΛΥΚΕΙΟ ΑΜΠΕΛΟΚΗΠΩΝ,22.919181,40.657029
5469,2ο ΕΝΙΑΙΟ ΛΥΚΕΙΟ ΕΥΟΣΜΟΥ - Τ.Α.Δ.,22.919308,40.6763
5470,1ο ΕΝΙΑΙΟ ΛΥΚΕΙΟ ΕΥΟΣΜΟΥ,22.912566,40.670086
5471,2ο ΕΝΙΑΙΟ ΛΥΚΕΙΟ ΣΥΚΕΩΝ,22.950649,40.647193
5472,2ο ΕΝΙΑΙΟ ΛΥΚΕΙΟ ΑΜΠΕΛΟΚΗΠΩΝ,22.921068,40.657758
5473,2ο ΕΝΙΑΙΟ ΛΥΚΕΙΟ ΒΕΡΟΙΑΣ,22.202305,40.52358
5474,ΕΝΙΑΙΟ ΛΥΚΕΙΟ ΜΕΣΟΠΟΤΑΜΙΑΣ,21.159695,40.503242
5475,1ο ΕΝΙΑΙΟ ΛΥΚΕΙΟ ΒΕΡΟΙΑΣ,22.187738,40.505865
5476,3ο ΕΝΙΑΙΟ ΛΥΚΕΙΟ ΒΕΡΟΙΑΣ,22.202286,40.523808
5477,3ο ΕΝΙΑΙΟ ΛΥΚΕΙΟ ΦΛΩΡΙΝΑΣ,21.406704,40.779544
5478,3ο ΕΝΙΑΙΟ ΛΥΚΕΙΟ ΠΟΛΙΧΝΗΣ,22.96646,40.659363
5479,ΕΝΙΑΙΟ ΛΥΚΕΙΟ ΚΟΡΩΝΕΙΑΣ (ΠΡΩΗΝ ΕΛ ΛΑΓΚΑΔΙΚΙΩΝ),23.247916,40.634193
5480,ΕΝΙΑΙΟ ΛΥΚΕΙΟ ΠΛΑΤΕΟΣ,22.538653,40.639908
5481,ΕΝΙΑΙΟ ΛΥΚΕΙΟ ΜΕΛΙΚΗΣ,22.398454,40.516677
5482,2ο ΕΝΙΑΙΟ ΛΥΚΕΙΟ ΑΛΕΞΑΝΔΡΕΙΑΣ,22.44762,40.625492
5483,ΕΝΙΑΙΟ ΛΥΚΕΙΟ ΡΕΝΤΙΝΑΣ  (ΠΡΩΗΝ ΕΛ ΠΑΡΑΛΙΑΣ ΣΤΑΥΡΟΥ),22.951662,40.637377
5484,ΔΗΜΟΤΙΚΟ ΣΧΟΛΕΙΟ ΚΡΩΒΥΛΗΣ ΜΕΙΟΝΟΤΙΚΟ,25.563435,40.948549
5485,ΕΝΙΑΙΟ ΛΥΚΕΙΟ ΜΑΚΡΟΧΩΡΙΟΥ ΒΕΡΟΙΑΣ,22.242844,40.548382
5486,2ο ΕΝΙΑΙΟ ΛΥΚΕΙΟ ΝΑΟΥΣΑΣ,22.071558,40.626187
5487,ΕΝΙΑΙΟ ΛΥΚΕΙΟ ΣΟΧΟΥ,23.358975,40.816453
5488,ΕΝΙΑΙΟ ΛΥΚΕΙΟ ΑΜΠΕΛΟΚΗΠΩΝ ΕΣΠΕΡΙΝΟ,22.919181,40.657029
5489,1ο ΕΝΙΑΙΟ ΛΥΚΕΙΟ ΣΥΚΕΩΝ,22.950649,40.647193
5490,1ο ΕΝΙΑΙΟ ΛΥΚΕΙΟ ΠΟΛΙΧΝΗΣ,22.942862,40.671275
5491,3ο ΕΝΙΑΙΟ ΛΥΚΕΙΟ ΕΥΟΣΜΟΥ,22.905702,40.681476
5492,2ο ΕΝΙΑΙΟ ΛΥΚΕΙΟ ΑΓ. ΑΘΑΝΑΣΙΟΥ (ΠΡΩΗΝ ΕΛ ΜΕΣΗΜΒΡΙΑΣ),22.951662,40.637377
5493,1ο ΕΝΙΑΙΟ ΛΥΚΕΙΟ ΚΑΣΤΟΡΙΑΣ,21.260927,40.533609
5494,ΕΝΙΑΙΟ ΛΥΚΕΙΟ ΛΑΓΚΑΔΑ ΘΕΣΣΑΛΟΝΙΚΗΣ,23.098363,40.727058
5495,ΕΝΙΑΙΟ ΛΥΚΕΙΟ ΑΡΝΑΙΑΣ ΧΑΛΚΙΔΙΚΗΣ,23.595279,40.485363
5496,ΕΝΙΑΙΟ ΛΥΚΕΙΟ ΠΕΥΚΩΝ,,
5497,1ο ΕΝΙΑΙΟ ΛΥΚΕΙΟ ΣΤΑΥΡΟΥΠΟΛΗΣ,22.929661,40.662745
5498,ΕΝΙΑΙΟ ΛΥΚΕΙΟ ΙΕΡΙΣΣΟΥ,23.877962,40.396215
5499,ΕΝΙΑΙΟ ΛΥΚΕΙΟ ΝΕΣΤΟΡΙΟΥ,21.058683,40.415266
5500,ΕΝΙΑΙΟ ΛΥΚΕΙΟ ΑΡΓΟΥΣ ΟΡΕΣΤΙΚΟΥ,21.262622,40.453052
5501,ΛΥΚΕΙΟ ΒΕΡΟΙΑΣ ΕΣΠΕΡΙΝΟ,,
5502,ΕΝΙΑΙΟ ΛΥΚΕΙΟ ΑΜΥΝΤΑΙΟΥ ΦΛΩΡΙΝΑΣ,21.680358,40.690428
5503,5ο ΕΝΙΑΙΟ ΛΥΚΕΙΟ ΒΕΡΟΙΑΣ,22.195807,40.526473
5504,ΕΝΙΑΙΟ ΛΥΚΕΙΟ ΝΕΑΣ ΤΡΙΓΛΙΑΣ,23.213989,40.304249
5505,2ο ΕΝΙΑΙΟ ΛΥΚΕΙΟ ΦΛΩΡΙΝΑΣ,21.410237,40.785053
5506,1ο ΕΝΙΑΙΟ ΛΥΚΕΙΟ ΝΕΩΝ ΜΟΥΔΑΝΙΩΝ,23.289269,40.240258
5507,ΕΝΙΑΙΟ ΛΥΚΕΙΟ ΧΟΡΤΙΑΤΗ,,
5508,ΕΝΙΑΙΟ ΛΥΚΕΙΟ ΘΕΣΣΑΛΟΝΙΚΗΣ ΠΕΙΡΑΜΑΤΙΚΟ ΠΑΝΕΠΙΣΤΗΜΙΟΥ ΜΑΚΕΔΟΝΙΑΣ,,
5509,1ο ΤΕΕ ΠΟΛΙΧΝΗΣ,,
5510,1ο ΤΕΕ ΣΤΑΥΡΟΥ,22.951662,40.637377
5511,1ο ΤΕΕ ΑΜΠΕΛΟΚΗΠΩΝ,,
5512,1ο ΤΕΕ ΒΕΡΟΙΑΣ,22.196072,40.526024
5513,ΤΕΕ ΑΡΓΟΥΣ ΟΡΕΣΤΙΚΟΥ,21.262389,40.452918
5514,3ο ΤΕΕ ΕΥΟΣΜΟΥ,22.905702,40.681476
5515,1ο ΤΕΕ ΛΑΓΚΑΔΑ,23.098363,40.727058
5516,1ο ΤΕΕ ΣΤΑΥΡΟΥΠΟΛΗΣ,22.932305,40.667373
5517,4ο ΤΕΕ ΕΥΟΣΜΟΥ ΕΣΠΕΡΙΝΟ,22.905702,40.681476
5518,1ο ΤΕΕ ΝΕΑΠΟΛΗΣ,22.940706,40.651835
5519,3ο ΤΕΕ ΣΤΑΥΡΟΥΠΟΛΗΣ,22.936311,40.666997
5520,2ο ΤΕΕ ΣΤΑΥΡΟΥΠΟΛΗΣ,22.936311,40.666997
5521,ΤΕΕ ΒΕΡΟΙΑΣ ΕΣΠΕΡΙΝΟ,,
5522,1ο ΤΕΕ ΝΙΚΗΤΗΣ,23.67331,40.22943
5523,2ο ΤΕΕ ΝΑΟΥΣΑΣ,22.06047,40.626304
5524,2ο ΤΕΕ ΕΥΟΣΜΟΥ,22.905702,40.681476
5525,1ο ΤΕΕ ΣΥΚΕΩΝ,22.950649,40.647193
5526,1ο ΤΕΕ ΕΥΟΣΜΟΥ,22.905699,40.681478
5527,2ο ΤΕΕ ΒΕΡΟΙΑΣ,22.196072,40.526024
5528,1ο ΤΕΕ ΚΑΣΤΟΡΙΑΣ,21.261096,40.538014
5529,5ο ΤΕΕ ΣΤΑΥΡΟΥΠΟΛΗΣ,22.932305,40.667373
5530,2ο ΤΕΕ ΚΑΣΤΟΡΙΑΣ,21.260937,40.533529
5531,2ο ΤΕΕ ΑΛΕΞΑΝΔΡΕΙΑΣ,22.44762,40.625492
5532,1ο ΤΕΕ ΑΛΕΞΑΝΔΡΕΙΑΣ,22.44762,40.625492
5533,1ο ΤΕΕ ΝΑΟΥΣΑΣ,22.06047,40.626304
5534,ΤΕΕ ΣΤΑΥΡΟΥΠΟΛΗΣ ΕΣΠΕΡΙΝΟ,,
5535,1ο ΤΕΕ ΦΛΩΡΙΝΑΣ,21.406675,40.779733
5536,1ο ΤΕΕ ΚΑΣΣΑΝΔΡΑΣ,23.414876,40.047305
5537,1ο ΤΕΕ Ν. ΜΟΥΔΑΝΙΩΝ,23.289269,40.240258
5538,1ο ΤΕΕ ΑΡΝΑΙΑΣ,23.595279,40.485363
5539,1ο ΤΕΕ ΑΜΥΝΤΑΙΟΥ,21.680358,40.690428
5540,1ο ΤΕΕ ΠΟΛΥΓΥΡΟΥ,23.437212,40.380217
5541,2ο ΤΕΕ ΦΛΩΡΙΝΑΣ,21.406672,40.779805
5542,1ο ΣΕΚ ΣΥΚΕΩΝ,,
5543,1ο ΣΕΚ ΑΛΕΞΑΝΔΡΕΙΑΣ,22.44762,40.625492
5544,1ο ΣΕΚ ΦΛΩΡΙΝΑΣ,21.406709,40.779622
5545,1ο ΣΕΚ ΕΥΟΣΜΟΥ,22.905702,40.681476
5546,1ο ΣΕΚ ΛΑΓΚΑΔΑ,23.081292,40.736513
5547,1ο ΣΕΚ ΗΜΑΘΙΑΣ (ΒΕΡΟΙΑΣ),22.196072,40.526024
5548,1ο ΣΕΚ ΣΤΑΥΡΟΥΠΟΛΗΣ,22.936311,40.666997
5549,ΣΕΚ ΑΜΠΕΛΟΚΗΠΩΝ,,
5550,ΣΕΚ ΠΟΛΥΓΥΡΟΥ,,
5551,1ο ΣΕΚ ΚΑΣΤΟΡΙΑΣ,21.261039,40.537873
5552,ΣΕΚ ΝΕΩΝ ΜΟΥΔΑΝΙΩΝ,,
5553,1ο ΣΕΚ ΝΕΑΠΟΛΗΣ,22.940706,40.651835
5554,2ο ΣΕΚ ΣΤΑΥΡΟΥΠΟΛΗΣ ΘΕΣΣΑΛΟΝΙΚΗΣ (Πρωην 6ο ΣΕΚ ΝΕΑΠΟΛΗΣ),22.940706,40.651835
5555,2ο ΣΕΚ ΕΥΟΣΜΟΥ,22.905702,40.681476
5556,1ο ΣΕΚ ΝΑΟΥΣΑΣ,22.06047,40.626304
5557,Β' ΣΥΜΒΟΥΛΕΥΤΙΚΟΣ ΣΤΑΘΜΟΣ ΝΕΩΝ ΘΕΣΣΑΛΟΝΙΚΗΣ,,
5558,ΔΗΜΟΤΙΚΟ ΣΧΟΛΕΙΟ ΜΑΡΙΝΑΣ,22.102567,40.691401
5559,20ο ΔΗΜΟΤΙΚΟ ΣΧΟΛΕΙΟ ΕΥΟΣΜΟΥ ,,
5560,ΔΗΜΟΤΙΚΟ ΣΧΟΛΕΙΟ ΣΤΡΑΤΟΝΙΚΗΣ,23.763782,40.52467
5561,ΔΗΜΟΤΙΚΟ ΣΧΟΛΕΙΟ ΠΑΠΑΓΙΑΝΝΗ,21.497995,40.837689
5562,ΔΗΜΟΤΙΚΟ ΣΧΟΛΕΙΟ ΒΑΡΒΑΡΑΣ,23.660265,40.567593
5563,ΔΗΜΟΤΙΚΟ ΣΧΟΛΕΙΟ ΝΕΩΝ ΡΟΔΩΝ,23.924156,40.376642
5564,ΔΗΜΟΤΙΚΟ ΣΧΟΛΕΙΟ ΜΑΡΑΘΟΥΣΑΣ,23.47638,40.560099
5565,ΔΗΜΟΤΙΚΟ ΣΧΟΛΕΙΟ ΑΡΝΑΙΑΣ,23.594186,40.48492
5566,ΔΗΜΟΤΙΚΟ ΣΧΟΛΕΙΟ ΦΟΥΡΚΑΣ-ΚΑΛΑΝΔΡΑΣ,23.41431,40.002068
5567,ΔΗΜΟΤΙΚΟ ΣΧΟΛΕΙΟ ΦΛΟΓΗΤΩΝ - ΝΕΩΝ ΠΛΑΓΙΩΝ,23.224986,40.260701
5568,ΔΗΜΟΤΙΚΟ ΣΧΟΛΕΙΟ ΣΥΚΙΑΣ,23.941395,40.037637
5569,ΔΗΜΟΤΙΚΟ ΣΧΟΛΕΙΟ ΑΓΙΟΥ ΝΙΚΟΛΑΟΥ,23.698021,40.24593
5570,ΔΗΜΟΤΙΚΟ ΣΧΟΛΕΙΟ ΣΤΑΓΙΡΩΝ,,
5571,ΔΗΜΟΤΙΚΟ ΣΧΟΛΕΙΟ ΑΜΜΟΛΙΑΝΗΣ,23.910145,40.330587
5572,ΔΗΜΟΤΙΚΟ ΣΧΟΛΕΙΟ ΣΗΜΑΝΤΡΩΝ ΜΕΙΟΝΟΤΙΚΟ,,
5573,ΔΗΜΟΤΙΚΟ ΣΧΟΛΕΙΟ ΑΜΑΞΑΔΩΝ ΜΕΙΟΝΟΤΙΚΟ,25.074305,41.11997
5574,ΔΗΜΟΤΙΚΟ ΣΧΟΛΕΙΟ ΠΟΛΥΧΡΟΝΟΥ,23.528548,40.012356
5575,ΔΗΜΟΤΙΚΟ ΣΧΟΛΕΙΟ ΜΕΓΑΛΗΣ ΠΑΝΑΓΙΑΣ,23.679876,40.443993
5576,ΔΗΜΟΤΙΚΟ ΣΧΟΛΕΙΟ ΔΡΥΟΠΗΣ ΤΡΟΙΖΗΝΙΑΣ,,
5577,ΔΗΜΟΤΙΚΟ ΣΧΟΛΕΙΟ ΚΑΛΛΟΝΗΣ ΤΡΟΙΖΗΝΙΑΣ,,
5578,ΔΗΜΟΤΙΚΟ ΣΧΟΛΕΙΟ ΚΡΗΜΝΗΣ,23.449108,40.542384
5579,ΔΗΜΟΤΙΚΟ ΣΧΟΛΕΙΟ ΔΟΥΜΠΙΩΝ-ΣΑΝΩΝ,23.351571,40.510449
5580,ΔΗΜΟΤΙΚΟ ΣΧΟΛΕΙΟ ΓΑΛΑΤΙΣΤΑΣ,23.278993,40.46656
5581,ΔΗΜΟΤΙΚΟ ΣΧΟΛΕΙΟ ΖΕΡΒΟΧΩΡΙΩΝ,,
5582,ΔΗΜΟΤΙΚΟ ΣΧΟΛΕΙΟ ΣΤΡΑΤΩΝΙΟΥ,23.82225,40.513264
5583,2ο ΔΗΜΟΤΙΚΟ ΣΧΟΛΕΙΟ ΠΟΛΥΓΥΡΟΥ,23.441331,40.374504
5584,ΔΗΜΟΤΙΚΟ ΣΧΟΛΕΙΟ ΤΡΟΙΖΗΝΑΣ ΤΡΟΙΖΗΝΙΑΣ,,
5585,ΔΗΜΟΤΙΚΟ ΣΧΟΛΕΙΟ ΒΡΑΣΤΑΜΩΝ,23.535742,40.370254
5586,ΔΗΜΟΤΙΚΟ ΣΧΟΛΕΙΟ ΒΑΒΔΟΥ,23.326097,40.424377
5587,1ο ΔΗΜΟΤΙΚΟ ΣΧΟΛΕΙΟ ΝΕΑΣ ΤΡΙΓΛΙΑΣ,23.212565,40.303597
5588,2ο ΔΗΜΟΤΙΚΟ ΣΧΟΛΕΙΟ ΝΕΑΣ ΚΑΛΛΙΚΡΑΤΕΙΑΣ,23.063677,40.313969
5589,3ο ΔΗΜΟΤΙΚΟ ΣΧΟΛΕΙΟ ΠΟΛΥΓΥΡΟΥ,23.434443,40.375732
5590,ΔΗΜΟΤΙΚΟ ΣΧΟΛΕΙΟ ΠΑΡΘΕΝΙΟΥ ΘΕΣΣΑΛΟΝΙΚΗΣ,22.607761,40.697787
5591,21ο ΔΗΜΟΤΙΚΟ ΣΧΟΛΕΙΟ ΕΥΟΣΜΟΥ,,
5592,10ο ΔΗΜΟΤΙΚΟ ΣΧΟΛΕΙΟ ΕΥΟΣΜΟΥ,22.921343,40.682591
5593,10ο ΔΗΜΟΤΙΚΟ ΣΧΟΛΕΙΟ ΝΕΑΠΟΛΗΣ,,
5594,ΔΗΜΟΤΙΚΟ ΣΧΟΛΕΙΟ ΝΙΚΗΣ ΦΛΩΡΙΝΑΣ,21.42255,40.908318
5595,3ο ΔΗΜΟΤΙΚΟ ΣΧΟΛΕΙΟ ΑΝΩ ΓΑΤΖΕΑΣ,,
5596,ΔΗΜΟΤΙΚΟ ΣΧΟΛΕΙΟ ΠΑΛΑΙΟΧΩΡΙΟΥ,23.650052,40.489916
5597,ΔΗΜΟΤΙΚΟ ΣΧΟΛΕΙΟ ΝΕΟΧΩΡΙΟΥ,23.678495,40.506012
5598,1ο ΔΗΜΟΤΙΚΟ ΣΧΟΛΕΙΟ ΙΕΡΙΣΣΟΥ,23.877121,40.394277
5599,ΔΗΜΟΤΙΚΟ ΣΧΟΛΕΙΟ ΦΙΛΩΤΑ,21.70877,40.62255
5600,ΔΗΜΟΤΙΚΟ ΣΧΟΛΕΙΟ ΑΓΙΟΥ ΓΕΡΜΑΝΟΥ ΦΛΩΡΙΝΑΣ,21.161531,40.837264
5601,ΔΗΜΟΤΙΚΟ ΣΧΟΛΕΙΟ ΑΤΡΑΠΟΥ ΦΛΩΡΙΝΑΣ,21.404902,40.723837
5602,ΔΗΜΟΤΙΚΟ ΣΧΟΛΕΙΟ ΑΝΩ ΚΛΕΙΝΩΝ ΦΛΩΡΙΝΑΣ,21.382452,40.843553
5603,1ο ΔΗΜΟΤΙΚΟ ΣΧΟΛΕΙΟ ΜΗΛΕΩΝ,23.153733,39.327295
5604,ΔΗΜΟΤΙΚΟ ΣΧΟΛΕΙΟ ΑΝΤΑΡΤΙΚΟΥ ΦΛΩΡΙΝΑΣ,21.207854,40.757426
5605,ΔΗΜΟΤΙΚΟ ΣΧΟΛΕΙΟ ΑΜΜΟΧΩΡΙΟΥ ΦΛΩΡΙΝΑΣ,21.483352,40.782091
5606,3ο ΔΗΜΟΤΙΚΟ ΣΧΟΛΕΙΟ ΑΜΥΝΤΑΙΟΥ,21.678854,40.689502
5607,ΔΗΜΟΤΙΚΟ ΣΧΟΛΕΙΟ ΑΝΩ ΚΑΛΛΙΝΙΚΗΣ ΦΛΩΡΙΝΑΣ,21.455723,40.857675
5608,ΔΗΜΟΤΙΚΟ ΣΧΟΛΕΙΟ ΣΙΜΟΥ ΙΩΑΝΝΙΔΗ,,
5609,2ο ΔΗΜΟΤΙΚΟ ΣΧΟΛΕΙΟ ΦΛΩΡΙΝΑΣ,,
5610,ΔΗΜΟΤΙΚΟ ΣΧΟΛΕΙΟ ΦΑΡΑΓΓΙΟΥ ΑΜΥΝΤΑΙΟΥ,21.78873,40.709453
5611,1ο ΔΗΜΟΤΙΚΟ ΣΧΟΛΕΙΟ ΣΗΠΙΑΔΟΣ-ΛΑΥΚΟΥ,23.246406,39.176882
5612,ΔΗΜΟΤΙΚΟ ΣΧΟΛΕΙΟ ΚΑΤΩ ΚΛΕΙΝΩΝ ΦΛΩΡΙΝΑΣ,21.399584,40.848071
5613,ΔΗΜΟΤΙΚΟ ΣΧΟΛΕΙΟ ΑΡΜΕΝΟΧΩΡΙΟΥ ΦΛΩΡΙΝΑΣ,21.460466,40.799644
5614,ΔΗΜΟΤΙΚΟ ΣΧΟΛΕΙΟ ΑΝΩ ΥΔΡΟΥΣΗΣ ΦΛΩΡΙΝΑΣ,21.473759,40.697119
5615,ΔΗΜΟΤΙΚΟ ΣΧΟΛΕΙΟ ΠΕΛΑΡΓΟΥ ΑΜΥΝΤΑΙΟΥ,21.756034,40.612833
5616,1ο ΔΗΜΟΤΙΚΟ ΣΧΟΛΕΙΟ ΦΛΩΡΙΝΑΣ ΠΕΙΡΑΜΑΤΙΚΟ,21.398087,40.776531
5617,3ο ΔΗΜΟΤΙΚΟ ΣΧΟΛΕΙΟ ΜΗΛΙΝΑΣ,23.226401,39.172331
5618,ΔΗΜΟΤΙΚΟ ΣΧΟΛΕΙΟ ΚΟΛΧΙΚΗΣ ΦΛΩΡΙΝΑΣ,21.482266,40.738607
5619,3ο ΔΗΜΟΤΙΚΟ ΣΧΟΛΕΙΟ ΜΟΥΔΑΝΙΩΝ,23.288648,40.239751
5620,1ο ΔΗΜΟΤΙΚΟ ΣΧΟΛΕΙΟ ΚΑΣΣΑΝΔΡΕΙΑΣ,23.413786,40.046192
5621,ΔΗΜΟΤΙΚΟ ΣΧΟΛΕΙΟ ΠΟΛΥΓΥΡΟΥ ΕΙΔΙΚΟ,23.441794,40.380347
5622,2ο ΔΗΜΟΤΙΚΟ ΣΧΟΛΕΙΟ ΙΕΡΙΣΣΟΥ,23.877122,40.394275
5623,ΔΗΜΟΤΙΚΟ ΣΧΟΛΕΙΟ ΟΛΥΜΠΙΑΔΑΣ,23.784833,40.585852
5624,ΔΗΜΟΤΙΚΟ ΣΧΟΛΕΙΟ ΜΕΤΑΜΟΡΦΩΣΗΣ,23.605279,40.226498
5625,1ο ΔΗΜΟΤΙΚΟ ΣΧΟΛΕΙΟ ΠΟΛΥΓΥΡΟΥ,23.441805,40.380271
5626,ΔΗΜΟΤΙΚΟ ΣΧΟΛΕΙΟ ΑΜΥΝΤΑΙΟΥ ΕΙΔΙΚΟ,,
5627,ΔΗΜΟΤΙΚΟ ΣΧΟΛΕΙΟ ΚΡΥΟΠΗΓΗΣ,23.473384,40.032613
5628,ΔΗΜΟΤΙΚΟ ΣΧΟΛΕΙΟ ΚΡΗΝΗΣ,23.163586,40.395251
5629,2ο ΔΗΜΟΤΙΚΟ ΣΧΟΛΕΙΟ ΚΑΣΣΑΝΔΡΕΙΑΣ,23.413788,40.046193
5630,ΔΗΜΟΤΙΚΟ ΣΧΟΛΕΙΟ ΚΑΛΛΙΘΕΑΣ,23.4437,40.071412
5631,ΔΗΜΟΤΙΚΟ ΣΧΟΛΕΙΟ ΑΓΙΟΥ ΠΑΥΛΟΥ,23.061877,40.338531
5632,ΔΗΜΟΤΙΚΟ ΣΧΟΛΕΙΟ ΑΓΙΟΥ ΜΑΜΑΝΤΟΣ,23.336807,40.256882
5633,1ο ΔΗΜΟΤΙΚΟ ΣΧΟΛΕΙΟ ΜΟΥΔΑΝΙΩΝ,23.288648,40.239751
5634,ΔΗΜΟΤΙΚΟ ΣΧΟΛΕΙΟ ΠΕΥΚΟΧΩΡΙΟΥ,23.613961,39.984983
5635,ΔΗΜΟΤΙΚΟ ΣΧΟΛΕΙΟ ΑΝΘΟΤΟΠΟΥ ΑΛΜΥΡΟΥ,22.602093,39.181037
5636,ΔΗΜΟΤΙΚΟ ΣΧΟΛΕΙΟ ΙΤΕΑΣ ΦΛΩΡΙΝΑΣ,21.515124,40.833545
5637,6ο ΔΗΜΟΤΙΚΟ ΣΧΟΛΕΙΟ ΦΕΡΩΝ-ΠΕΡΙΒΛΕΠΤΟΥ,22.687306,39.307969
5638,ΔΗΜΟΤΙΚΟ ΣΧΟΛΕΙΟ ΠΑΛΑΙΣΤΡΑΣ ΦΛΩΡΙΝΑΣ,21.517774,40.799993
5639,ΔΗΜΟΤΙΚΟ ΣΧΟΛΕΙΟ ΑΜΑΛΙΑΠΟΛΗΣ ΑΛΜΥΡΟΥ,22.898636,39.161074
5640,ΔΗΜΟΤΙΚΟ ΣΧΟΛΕΙΟ ΑΕΤΟΥ ΑΜΥΝΤΑΙΟΥ,,
5641,ΔΗΜΟΤΙΚΟ ΣΧΟΛΕΙΟ ΔΡΥΜΩΝΟΣ ΑΛΜΥΡΟΥ,22.866108,39.076121
5642,7ο ΔΗΜΟΤΙΚΟ ΣΧΟΛΕΙΟ ΦΕΡΩΝ-ΜΙΚΡΟΥ ΠΕΡΙΒΟΛΑΚΙΟΥ,22.657239,39.40744
5643,1ο ΔΗΜΟΤΙΚΟ ΣΧΟΛΕΙΟ ΦΛΩΡΙΝΑΣ,21.407724,40.775358
5644,2ο ΔΗΜΟΤΙΚΟ ΣΧΟΛΕΙΟ ΦΛΩΡΙΝΑΣ ΠΕΙΡΑΜΑΤΙΚΟ,21.407724,40.775358
5645,3ο ΔΗΜΟΤΙΚΟ ΣΧΟΛΕΙΟ ΦΛΩΡΙΝΑΣ,21.411633,40.780277
5646,ΔΗΜΟΤΙΚΟ ΣΧΟΛΕΙΟ ΒΕΓΟΡΩΝ ΑΜΥΝΤΑΙΟΥ,21.717062,40.679819
5647,ΔΗΜΟΤΙΚΟ ΣΧΟΛΕΙΟ ΒΕΥΗΣ ΦΛΩΡΙΝΑΣ,21.614195,40.765368
5648,ΔΗΜΟΤΙΚΟ ΣΧΟΛΕΙΟ ΛΑΚΚΩΜΑΤΟΣ,23.139426,40.326224
5649,ΔΗΜΟΤΙΚΟ ΣΧΟΛΕΙΟ ΣΙΤΑΡΙΑΣ ΦΛΩΡΙΝΑΣ,21.543401,40.7896
5650,ΔΗΜΟΤΙΚΟ ΣΧΟΛΕΙΟ ΣΚΕΠΑΡΙΟΥ ΚΑΛ/ΚΑΣ,21.632974,39.792366
5651,ΔΗΜΟΤΙΚΟ ΣΧΟΛΕΙΟ ΑΝΤΙΓΟΝΟΥ ΑΜΥΝΤΑΙΟΥ,21.764061,40.637592
5652,5ο ΔΗΜΟΤΙΚΟ ΣΧΟΛΕΙΟ ΦΛΩΡΙΝΑΣ,21.392585,40.775631
5653,ΔΗΜΟΤΙΚΟ ΣΧΟΛΕΙΟ ΑΦΥΤΟΥ,23.433722,40.094828
5654,ΔΗΜΟΤΙΚΟ ΣΧΟΛΕΙΟ ΒΑΛΤΟΝΕΡΩΝ ΑΜΥΝΤΑΙΟΥ,,
5655,ΔΗΜΟΤΙΚΟ ΣΧΟΛΕΙΟ ΣΤΑΝΟΥ,23.592292,40.543413
5656,ΔΗΜΟΤΙΚΟ ΣΧΟΛΕΙΟ ΟΡΜΥΛΙΑΣ,23.543633,40.293364
5657,ΔΗΜΟΤΙΚΟ ΣΧΟΛΕΙΟ ΠΑΛΙΟΥΡΙΟ-ΑΓΙΑΣ ΠΑΡΑΣΚΕΥΗΣ,,
5658,ΔΗΜΟΤΙΚΟ ΣΧΟΛΕΙΟ ΝΙΚΗΤΗΣ,23.671537,40.227472
5659,ΔΗΜΟΤΙΚΟ ΣΧΟΛΕΙΟ ΝΕΑΣ ΗΡΑΚΛΕΙΑΣ,,
5660,ΔΗΜΟΤΙΚΟ ΣΧΟΛΕΙΟ ΝΕΑΣ ΦΩΚΑΙΑΣ,23.399046,40.129444
5661,2ο ΔΗΜΟΤΙΚΟ ΣΧΟΛΕΙΟ ΝΕΑΣ ΤΡΙΓΛΙΑΣ,23.212565,40.303597
5662,ΔΗΜΟΤΙΚΟ ΣΧΟΛΕΙΟ ΝΕΑΣ ΣΚΙΩΝΗΣ,23.533357,39.945723
5663,ΔΗΜΟΤΙΚΟ ΣΧΟΛΕΙΟ ΝΕΑΣ ΠΟΤΙΔΑΙΑΣ,23.329145,40.192292
5664,1ο ΔΗΜΟΤΙΚΟ ΣΧΟΛΕΙΟ ΝΕΑΣ ΚΑΛΛΙΚΡΑΤΕΙΑΣ,23.063677,40.313969
5665,ΔΗΜΟΤΙΚΟ ΣΧΟΛΕΙΟ ΟΛΥΝΘΟΥ,23.343337,40.285739
5666,ΔΗΜΟΤΙΚΟ ΣΧΟΛΕΙΟ ΠΟΡΤΑΡΙΑΣ,23.296157,40.282518
5667,ΔΗΜΟΤΙΚΟ ΣΧΟΛΕΙΟ ΑΝΑΡΓΥΡΩΝ ΑΜΥΝΤΑΙΟΥ,,
5668,2ο ΔΗΜΟΤΙΚΟ ΣΧΟΛΕΙΟ ΑΜΥΝΤΑΙΟΥ,21.678854,40.689502
5669,ΔΗΜΟΤΙΚΟ ΣΧΟΛΕΙΟ ΜΑΥΡΕΛΙΟΥ ΚΑΛΑ/ΚΑΣ,21.867684,39.836354
5670,ΔΗΜΟΤΙΚΟ ΣΧΟΛΕΙΟ ΣΗΜΑΝΤΡΩΝ,23.311739,40.345594
5671,ΔΗΜΟΤΙΚΟ ΣΧΟΛΕΙΟ ΣΑΡΤΗΣ,23.973327,40.096649
5672,ΔΗΜΟΤΙΚΟ ΣΧΟΛΕΙΟ ΚΛΕΙΝΟΥ ΚΑΛ/ΚΑΣ,21.454313,39.667764
5673,ΔΗΜΟΤΙΚΟ ΣΧΟΛΕΙΟ ΝΕΩΝ ΣΙΛΑΤΩΝ,23.139437,40.326227
5674,ΔΗΜΟΤΙΚΟ ΣΧΟΛΕΙΟ ΝΕΟΥ ΜΑΡΜΑΡΑ,23.789557,40.090086
5675,1ο ΔΗΜΟΤΙΚΟ ΣΧΟΛΕΙΟ ΑΜΥΝΤΑΙΟΥ,21.678854,40.689502
5676,ΔΗΜΟΤΙΚΟ ΣΧΟΛΕΙΟ ΚΥΨΕΛΗΣ ΑΛΕΞΑΝΔΡΕΙΑΣ,22.494408,40.554714
5677,4ο ΔΗΜΟΤΙΚΟ ΣΧΟΛΕΙΟ ΝΑΟΥΣΑΣ,,
5678,3ο ΔΗΜΟΤΙΚΟ ΣΧΟΛΕΙΟ ΝΑΟΥΣΑΣ,,
5679,2ο ΔΗΜΟΤΙΚΟ ΣΧΟΛΕΙΟ ΝΑΟΥΣΑΣ,,
5680,1ο ΔΗΜΟΤΙΚΟ ΣΧΟΛΕΙΟ ΝΑΟΥΣΑΣ,,
5681,ΔΗΜΟΤΙΚΟ ΣΧΟΛΕΙΟ ΑΛΕΞΑΝΔΡΕΙΑΣ ΕΙΔΙΚΟ,,
5682,ΔΗΜΟΤΙΚΟ ΣΧΟΛΕΙΟ ΒΕΡΟΙΑΣ ΕΙΔΙΚΟ,,
5683,9ο ΔΗΜΟΤΙΚΟ ΣΧΟΛΕΙΟ ΝΑΟΥΣΑΣ,,
5684,ΔΗΜΟΤΙΚΟ ΣΧΟΛΕΙΟ ΑΜΠΕΛΙΩΝ ΚΑΛ/ΚΑΣ,,
5685,8ο ΔΗΜΟΤΙΚΟ ΣΧΟΛΕΙΟ ΒΕΡΟΙΑΣ,22.189664,40.52082
5686,ΔΗΜΟΤΙΚΟ ΣΧΟΛΕΙΟ ΠΑΤΡΙΔΑΣ,,
5687,5ο ΔΗΜΟΤΙΚΟ ΣΧΟΛΕΙΟ ΒΕΡΟΙΑΣ,22.192178,40.514285
5688,ΔΗΜΟΤΙΚΟ ΣΧΟΛΕΙΟ ΝΕΟΧΩΡΙΟΥ-ΣΧΟΙΝΑ,22.448654,40.668067
5689,ΔΗΜΟΤΙΚΟ ΣΧΟΛΕΙΟ ΛΟΥΤΡΟΥ ΑΛΕΞΑΝΔΡΕΙΑΣ,22.401548,40.589014
5690,ΔΗΜΟΤΙΚΟ ΣΧΟΛΕΙΟ ΝΕΑΣ ΛΥΚΟΓΙΑΝΝΑΣ,22.242702,40.576583
5691,4ο ΔΗΜΟΤΙΚΟ ΣΧΟΛΕΙΟ ΒΕΡΟΙΑΣ,22.19707,40.524338
5692,ΔΗΜΟΤΙΚΟ ΣΧΟΛΕΙΟ ΤΡΙΠΟΤΑΜΟΥ ΒΕΡΟΙΑΣ,22.180681,40.492526
5693,ΔΗΜΟΤΙΚΟ ΣΧΟΛΕΙΟ ΣΤΑΥΡΟΥ ΒΕΡΟΙΑΣ,22.310965,40.587761
5694,ΔΗΜΟΤΙΚΟ ΣΧΟΛΕΙΟ ΠΛΑΤΕΟΣ ΑΛΕΞΑΝΔΡΕΙΑΣ,22.537727,40.639853
5695,ΔΗΜΟΤΙΚΟ ΣΧΟΛΕΙΟ ΚΑΜΠΟΧΩΡΙΟΥ,22.37253,40.608092
5696,ΔΗΜΟΤΙΚΟ ΣΧΟΛΕΙΟ ΝΗΣΙΟΥ,22.390196,40.635305
5697,2ο ΔΗΜΟΤΙΚΟ ΣΧΟΛΕΙΟ ΜΑΚΡΟΧΩΡΙΟΥ ΒΕΡΟΙΑΣ,22.241278,40.548769
5698,7ο ΔΗΜΟΤΙΚΟ ΣΧΟΛΕΙΟ ΝΑΟΥΣΑΣ,,
5699,ΔΗΜΟΤΙΚΟ ΣΧΟΛΕΙΟ ΑΓΓΕΛΟΧΩΡΙΟΥ,22.20283,40.675094
5700,6ο ΔΗΜΟΤΙΚΟ ΣΧΟΛΕΙΟ ΝΑΟΥΣΑΣ,,
5701,5ο ΔΗΜΟΤΙΚΟ ΣΧΟΛΕΙΟ ΝΑΟΥΣΑΣ,,
5702,10ο ΔΗΜΟΤΙΚΟ ΣΧΟΛΕΙΟ ΒΕΡΟΙΑΣ,22.203508,40.503918
5703,3ο ΔΗΜΟΤΙΚΟ ΣΧΟΛΕΙΟ ΑΛΕΞΑΝΔΡΕΙΑΣ,22.447492,40.625605
5704,1ο ΔΗΜΟΤΙΚΟ ΣΧΟΛΕΙΟ ΑΛΕΞΑΝΔΡΕΙΑΣ,22.447492,40.625605
5705,ΔΗΜΟΤΙΚΟ ΣΧΟΛΕΙΟ ΣΤΕΝΗΜΑΧΟΥ,,
5706,ΔΗΜΟΤΙΚΟ ΣΧΟΛΕΙΟ ΚΟΥΛΟΥΡΑΣ ΒΕΡΟΙΑΣ,22.319028,40.544554
5707,2ο ΔΗΜΟΤΙΚΟ ΣΧΟΛΕΙΟ ΑΛΕΞΑΝΔΡΕΙΑΣ,22.447492,40.625605
5708,1ο ΔΗΜΟΤΙΚΟ ΣΧΟΛΕΙΟ ΜΑΚΡΟΧΩΡΙΟΥ ΒΕΡΟΙΑΣ,22.241229,40.548581
5709,ΔΗΜΟΤΙΚΟ ΣΧΟΛΕΙΟ ΞΕΧΑΣΜΕΝΗΣ-ΚΕΦΑΛΟΧΩΡΙΟΥ-ΕΠΙΣΚΟΠΗΣ,22.339289,40.568674
5710,ΔΗΜΟΤΙΚΟ ΣΧΟΛΕΙΟ ΚΑΒΑΣΙΛΗΣ,22.333541,40.590866
5711,ΔΗΜΟΤΙΚΟ ΣΧΟΛΕΙΟ ΔΙΑΒΑΤΟΥ ΒΕΡΟΙΑΣ,22.269189,40.544311
5712,ΔΗΜΟΤΙΚΟ ΣΧΟΛΕΙΟ ΑΓΙΑΣ ΒΑΡΒΑΡΑΣ ΒΕΡΟΙΑΣ,22.234472,40.486137
5713,ΔΗΜΟΤΙΚΟ ΣΧΟΛΕΙΟ ΝΕΑΣ ΝΙΚΟΜΗΔΕΙΑΣ,,
5714,ΔΗΜΟΤΙΚΟ ΣΧΟΛΕΙΟ ΚΑΣΤΟΡΙΑΣ ΕΙΔΙΚΟ,21.269905,40.518675
5715,1ο ΔΗΜΟΤΙΚΟ ΣΧΟΛΕΙΟ ΜΑΝΙΑΚΩΝ,,
5716,ΔΗΜΟΤΙΚΟ ΣΧΟΛΕΙΟ ΖΕΛΙΟΥ ΑΤΑΛΑΝΤ,22.877178,38.657173
5717,ΔΗΜΟΤΙΚΟ ΣΧΟΛΕΙΟ ΕΞΑΡΧΟΥ ΑΤΑΛΑΝΤ,22.94352,38.586929
5718,ΔΗΜΟΤΙΚΟ ΣΧΟΛΕΙΟ ΕΛΑΤΗΣ,21.537734,39.501332
5719,ΔΗΜΟΤΙΚΟ ΣΧΟΛΕΙΟ ΑΓΙΟΦΥΛΛΟΥ ΚΑΛ/ΚΑΣ,21.562309,39.861838
5720,14ο ΔΗΜΟΤΙΚΟ ΣΧΟΛΕΙΟ ΒΕΡΟΙΑΣ,22.195048,40.51
5721,13ο ΔΗΜΟΤΙΚΟ ΣΧΟΛΕΙΟ ΒΕΡΟΙΑΣ,22.197624,40.519536
5722,4ο ΔΗΜΟΤΙΚΟ ΣΧΟΛΕΙΟ ΑΛΕΞΑΝΔΡΕΙΑΣ,22.447492,40.625605
5723,2ο ΔΗΜΟΤΙΚΟ ΣΧΟΛΕΙΟ ΜΕΛΙΚΗΣ,22.397476,40.516309
5724,16ο ΔΗΜΟΤΙΚΟ ΣΧΟΛΕΙΟ ΒΕΡΟΙΑΣ,22.195548,40.511048
5725,8ο ΔΗΜΟΤΙΚΟ ΣΧΟΛΕΙΟ ΝΑΟΥΣΑΣ,,
5726,ΔΗΜΟΤΙΚΟ ΣΧΟΛΕΙΟ ΓΑΒΡΟΥ ΚΑΛ/ΚΑΣ,21.598637,39.797273
5727,1ο ΔΗΜΟΤΙΚΟ ΣΧΟΛΕΙΟ ΝΑΟΥΣΑΣ ΕΙΔΙΚΟ,,
5728,3ο ΔΗΜΟΤΙΚΟ ΣΧΟΛΕΙΟ ΜΑΚΡΟΧΩΡΙΟΥ,22.241276,40.548786
5729,9ο ΔΗΜΟΤΙΚΟ ΣΧΟΛΕΙΟ ΑΜΠΕΛΟΚΗΠΩΝ,22.918314,40.656952
5730,ΔΗΜΟΤΙΚΟ ΣΧΟΛΕΙΟ ΠΕΤΡΟΧΩΡΙΟΥ ΤΡΙΚΑΛΩΝ,21.521776,39.44682
5731,ΔΗΜΟΤΙΚΟ ΣΧΟΛΕΙΟ ΚΑΨΟΧΩΡΑΣ - ΝΗΣΕΛΙΟΥ,,
5732,ΔΗΜΟΤΙΚΟ ΣΧΟΛΕΙΟ ΤΡΙΚΑΛΩΝ ΑΛΕΞΑΝΔΡΕΙΑΣ,22.563042,40.59612
5733,ΔΗΜΟΤΙΚΟ ΣΧΟΛΕΙΟ ΣΦΗΚΙΑΣ ΒΕΡΟΙΑΣ,22.212103,40.384649
5734,ΔΗΜΟΤΙΚΟ ΣΧΟΛΕΙΟ ΡΙΖΩΜΑΤΩΝ ΒΕΡΟΙΑΣ,22.211033,40.349069
5735,ΔΗΜΟΤΙΚΟ ΣΧΟΛΕΙΟ ΝΕΟΥ ΠΡΟΔΡΟΜΟΥ ΒΕΡΟΙΑΣ,,
5736,ΔΗΜΟΤΙΚΟ ΣΧΟΛΕΙΟ ΠΛΑΤΑΝΟΥ ΑΛΕΞΑΝΔΡΕΙΑΣ,22.554101,40.562547
5737,ΔΗΜΟΤΙΚΟ ΣΧΟΛΕΙΟ ΑΓΚΑΘΙΑΣ ΑΛΕΞΑΝΔΡΕΙΑΣ,22.474201,40.55432
5738,ΔΗΜΟΤΙΚΟ ΣΧΟΛΕΙΟ ΝΕΟΚΑΣΤΡΟΥ ΒΕΡΟΙΑΣ,22.416529,40.504429
5739,9ο ΔΗΜΟΤΙΚΟ ΣΧΟΛΕΙΟ ΒΕΡΟΙΑΣ,22.198401,40.504759
5740,1ο ΔΗΜΟΤΙΚΟ ΣΧΟΛΕΙΟ ΜΕΛΙΚΗΣ,22.397473,40.516416
5741,ΔΗΜΟΤΙΚΟ ΣΧΟΛΕΙΟ ΛΙΑΝΟΒΕΡΓΙΟΥ-ΑΡΑΧΟΥ,22.509339,40.63599
5742,ΔΗΜΟΤΙΚΟ ΣΧΟΛΕΙΟ ΚΟΡΥΦΗΣ ΑΛΕΞΑΝΔΡΕΙΑΣ,22.505494,40.601127
5743,ΔΗΜΟΤΙΚΟ ΣΧΟΛΕΙΟ ΔΑΣΚΙΟΥ ΒΕΡΟΙΑΣ,22.174497,40.334272
5744,ΔΗΜΟΤΙΚΟ ΣΧΟΛΕΙΟ ΚΛΕΙΔΙΟΥ ΑΛΕΞΑΝΔΡΕΙΑΣ,22.59207,40.56518
5745,ΔΗΜΟΤΙΚΟ ΣΧΟΛΕΙΟ ΣΥΚΙΑΣ ΒΕΡΟΙΑΣ,,
5746,ΔΗΜΟΤΙΚΟ ΣΧΟΛΕΙΟ ΠΑΛΑΤΙΤΣΙΩΝ ΒΕΡΓΙΝΑΣ,22.34545,40.484738
5747,3ο ΔΗΜΟΤΙΚΟ ΣΧΟΛΕΙΟ ΒΕΡΟΙΑΣ,22.194977,40.510034
5748,11ο ΔΗΜΟΤΙΚΟ ΣΧΟΛΕΙΟ ΒΕΡΟΙΑΣ (ΕΙΔΙΚΗ ΤΑΞΗ),22.199587,40.521839
5749,1ο ΔΗΜΟΤΙΚΟ ΣΧΟΛΕΙΟ ΒΕΡΟΙΑΣ,22.199375,40.513869
5750,ΔΗΜΟΤΙΚΟ ΣΧΟΛΕΙΟ ΑΓΙΟΥ ΓΕΩΡΓΙΟΥ,,
5751,ΔΗΜΟΤΙΚΟ ΣΧΟΛΕΙΟ ΑΓΙΑΣ ΜΑΡΙΝΑΣ-ΤΡΙΛΟΦΟΥ,,
5752,7ο ΔΗΜΟΤΙΚΟ ΣΧΟΛΕΙΟ ΒΕΡΟΙΑΣ,22.199587,40.521836
5753,ΔΗΜΟΤΙΚΟ ΣΧΟΛΕΙΟ ΒΕΡΓΙΝΑΣ ΒΕΡΟΙΑΣ,,
5754,2ο ΔΗΜΟΤΙΚΟ ΣΧΟΛΕΙΟ ΒΕΡΟΙΑΣ,22.197898,40.516413
5755,ΔΗΜΟΤΙΚΟ ΣΧΟΛΕΙΟ ΚΑΛΟΓΗΡΩΝ,,
5756,ΔΗΜΟΤΙΚΟ ΣΧΟΛΕΙΟ ΠΟΛΥΠΛΑΤΑΝΟΥ,,
5757,ΔΗΜΟΤΙΚΟ ΣΧΟΛΕΙΟ ΜΟΝΟΣΠΙΤΩΝ,22.177239,40.615671
5758,ΔΗΜΟΤΙΚΟ ΣΧΟΛΕΙΟ ΚΟΠΑΝΟΥ,22.13219,40.633362
5759,ΔΗΜΟΤΙΚΟ ΣΧΟΛΕΙΟ ΑΝΩ-ΠΑΛΑΙΟΥ ΖΕΡΒΟΧΩΡΙΟΥ,,
5760,ΔΗΜΟΤΙΚΟ ΣΧΟΛΕΙΟ ΛΕΥΚΑΔΙΩΝ,22.11793,40.65201
5761,6ο ΔΗΜΟΤΙΚΟ ΣΧΟΛΕΙΟ ΒΕΡΟΙΑΣ,22.197869,40.519533
5762,12ο ΔΗΜΟΤΙΚΟ ΣΧΟΛΕΙΟ ΒΕΡΟΙΑΣ,22.200068,40.50888
5763,ΔΗΜΟΤΙΚΟ ΣΧΟΛΕΙΟ ΜΕΣΗΣ ΒΕΡΟΙΑΣ,,
5764,ΔΗΜΟΤΙΚΟ ΣΧΟΛΕΙΟ ΕΠΙΣΚΟΠΗΣ ΝΑΟΥΣΑΣ,22.146608,40.685512
5765,ΔΗΜΟΤΙΚΟ ΣΧΟΛΕΙΟ ΡΟΠΩΤΟΥ ΤΡΙΚΑΛΩΝ,21.544231,39.41806
5766,ΔΗΜΟΤΙΚΟ ΣΧΟΛΕΙΟ ΚΑΚΟΠΛΕΥΡΙΟΥ ΚΑΛ/ΚΑΣ,21.562633,39.861923
5767,ΔΗΜΟΤΙΚΟ ΣΧΟΛΕΙΟ ΚΟΛΟΚΥΝΘΟΥΣ ΝΕΣΤΟΡΙΟY,,
5768,ΔΗΜΟΤΙΚΟ ΣΧΟΛΕΙΟ ΑΣΠΡΟΚΚΛΗΣΙΑΣ ΚΑΛ/ΚΑΣ,21.664801,39.849325
5769,ΔΗΜΟΤΙΚΟ ΣΧΟΛΕΙΟ ΚΟΡΟΜΗΛΙΑΣ ΝΕΣΤΟΡΙΟΥ,,
5770,ΔΗΜΟΤΙΚΟ ΣΧΟΛΕΙΟ ΑΓΝΑΝΤΙΑΣ ΚΑΛ/ΚΑΣ,21.466128,39.865885
5771,4ο ΔΗΜΟΤΙΚΟ ΣΧΟΛΕΙΟ ΑΡΓΟΥΣ ΟΡΕΣΤΙΚΟΥ,21.262051,40.452104
5772,ΔΗΜΟΤΙΚΟ ΣΧΟΛΕΙΟ ΓΕΡΑΚΑΡΙΟΥ ΚΑΛ/ΚΑΣ,21.852181,39.806767
5773,ΔΗΜΟΤΙΚΟ ΣΧΟΛΕΙΟ ΛΕΟΝΤΑΡΙΟΥ ΚΑΡΔΙΤΣΑΣ,22.134699,39.180617
5774,ΔΗΜΟΤΙΚΟ ΣΧΟΛΕΙΟ ΚΟΡΗΣΟΥ,21.376258,40.502813
5775,2ο ΔΗΜΟΤΙΚΟ ΣΧΟΛΕΙΟ ΝΕΑΣ ΜΕΣΗΜΒΡΙΑΣ,,
5776,ΔΗΜΟΤΙΚΟ ΣΧΟΛΕΙΟ ΝΕΟΧΩΡΑΚΙΟΥ ΦΛΩΡΙΝΑΣ,21.542563,40.827523
5777,ΔΗΜΟΤΙΚΟ ΣΧΟΛΕΙΟ ΑΥΓΗΣ ΝΕΣΤΟΡΙΟΥ,,
5778,ΔΗΜΟΤΙΚΟ ΣΧΟΛΕΙΟ ΜΑΥΡΑΧΑΔΩΝ ΚΑΡΔΙΤΣΑΣ,22.078234,39.26442
5779,ΔΗΜΟΤΙΚΟ ΣΧΟΛΕΙΟ ΒΡΥΣΑΚΙΟΥ,,
5780,ΔΗΜΟΤΙΚΟ ΣΧΟΛΕΙΟ ΑΠΟΛΛΩΝΙΑΣ ΛΑΓΚΑΔΑ,23.488917,40.640304
5781,ΔΗΜΟΤΙΚΟ ΣΧΟΛΕΙΟ ΦΙΛΙΑΣ ΚΑΡΔΙΤΣΑΣ,22.055613,39.252049
5782,ΔΗΜΟΤΙΚΟ ΣΧΟΛΕΙΟ ΔΙΣΠΗΛΙΟΥ,21.28765,40.476958
5783,ΔΗΜΟΤΙΚΟ ΣΧΟΛΕΙΟ ΠΕΤΡΩΤΟΥ,21.964602,39.585312
5784,ΔΗΜΟΤΙΚΟ ΣΧΟΛΕΙΟ ΔΙΑΣΕΛΛΟΥ ΤΡΙΚΑΛΩΝ,22.018925,39.700104
5785,4ο ΔΗΜΟΤΙΚΟ ΣΧΟΛΕΙΟ ΚΑΣΤΟΡΙΑΣ,21.262822,40.522712
5786,6ο ΔΗΜΟΤΙΚΟ ΣΧΟΛΕΙΟ ΚΑΣΤΟΡΙΑΣ,21.262403,40.526574
5787,ΔΗΜΟΤΙΚΟ ΣΧΟΛΕΙΟ ΑΖΩΡΟΥ ΕΛΑΣΣΟΝΑΣ,22.081828,39.996817
5788,ΔΗΜΟΤΙΚΟ ΣΧΟΛΕΙΟ ΠΥΘΙΟΥ ΕΛΑΣΣΟΝΑΣ,,
5789,ΔΗΜΟΤΙΚΟ ΣΧΟΛΕΙΟ ΜΑΝΙΑΚΙΟΥ ΑΜΥΝΤΑΙΟΥ,21.777027,40.688942
5790,ΔΗΜΟΤΙΚΟ ΣΧΟΛΕΙΟ ΛΟΦΩΝ ΦΛΩΡΙΝΑΣ,21.5881,40.794387
5791,5ο ΔΗΜΟΤΙΚΟ ΣΧΟΛΕΙΟ ΕΛΕΥΘΕΡΙΟΥ,22.884108,40.666932
5792,2ο ΔΗΜΟΤΙΚΟ ΣΧΟΛΕΙΟ ΜΑΝΙΑΚΩΝ,,
5793,2ο ΔΗΜΟΤΙΚΟ ΣΧΟΛΕΙΟ ΠΕΥΚΩΝ,,
5794,ΔΗΜΟΤΙΚΟ ΣΧΟΛΕΙΟ ΣΤΟΥΡΝΑΡΕΙΚΩΝ ΤΡΙΚΑΛΩΝ,21.49008,39.452421
5795,ΔΗΜΟΤΙΚΟ ΣΧΟΛΕΙΟ ΑΓΙΑΣ ΣΚΗΤΗΣ,22.824473,39.678054
5796,ΔΗΜΟΤΙΚΟ ΣΧΟΛΕΙΟ ΝΕΟΥ ΚΑΥΚΑΣΟΥ ΦΛΩΡΙΝΑΣ,21.474627,40.890171
5797,8ο ΔΗΜΟΤΙΚΟ ΣΧΟΛΕΙΟ ΑΜΠΕΛΟΚΗΠΩΝ,22.918546,40.652644
5798,ΔΗΜΟΤΙΚΟ ΣΧΟΛΕΙΟ ΤΡΙΠΟΤΑΜΩΝ ΦΛΩΡΙΝΑΣ,21.499474,40.819207
5799,3ο ΔΗΜΟΤΙΚΟ ΣΧΟΛΕΙΟ ΕΥΟΣΜΟΥ,22.906626,40.67414
5800,ΔΗΜΟΤΙΚΟ ΣΧΟΛΕΙΟ ΦΙΛΑΔΕΛΦΙΟΥ ΛΑΓΚΑΔΑ,23.470974,40.749465
5801,4ο ΔΗΜΟΤΙΚΟ ΣΧΟΛΕΙΟ ΕΥΟΣΜΟΥ,22.900919,40.687785
5802,ΔΗΜΟΤΙΚΟ ΣΧΟΛΕΙΟ ΑΝΑΛΗΨΗΣ ΛΑΓΚΑΔΑ,23.175183,40.71978
5803,1ο ΔΗΜΟΤΙΚΟ ΣΧΟΛΕΙΟ ΛΑΓΚΑΔΑ,23.067242,40.751162
5804,ΔΗΜΟΤΙΚΟ ΣΧΟΛΕΙΟ ΜΕΛΙΣΣΟΧΩΡΙΟΥ,22.931098,40.768429
5805,9ο ΔΗΜΟΤΙΚΟ ΣΧΟΛΕΙΟ ΚΑΣΤΟΡΙΑΣ,,
5806,2ο ΔΗΜΟΤΙΚΟ ΣΧΟΛΕΙΟ ΣΥΚΕΩΝ,,
5807,ΔΗΜΟΤΙΚΟ ΣΧΟΛΕΙΟ ΤΡΟΠΑΙΟΥΧΟΥ ΦΛΩΡΙΝΑΣ,21.440601,40.738339
5808,ΔΗΜΟΤΙΚΟ ΣΧΟΛΕΙΟ ΜΙΚΡΑΣ ΒΟΛΒΗΣ ΛΑΓΚΑΔΑ,,
5809,ΔΗΜΟΤΙΚΟ ΣΧΟΛΕΙΟ ΚΡΥΟΝΕΡΙΟΥ ΛΑΓΚΑΔΑ,23.281489,40.81355
5810,ΔΗΜΟΤΙΚΟ ΣΧΟΛΕΙΟ ΝΥΜΦΟΠΕΤΡΑΣ,,
5811,ΔΗΜΟΤΙΚΟ ΣΧΟΛΕΙΟ ΞΥΛΟΥΠΟΛΗΣ,23.176815,40.927089
5812,ΔΗΜΟΤΙΚΟ ΣΧΟΛΕΙΟ ΠΡΟΦΗΤΗ ΛΑΓΚΑΔΑ,,
5813,ΔΗΜΟΤΙΚΟ ΣΧΟΛΕΙΟ ΠΕΡΙΒΟΛΑΚΙΟΥ ΛΑΓΚΑΔΑ,23.036876,40.744001
5814,ΔΗΜΟΤΙΚΟ ΣΧΟΛΕΙΟ ΣΤΕΦΑΝΙΝΩΝ ΛΑΓΚΑΔΑ,23.58927,40.759112
5815,1ο ΔΗΜΟΤΙΚΟ ΣΧΟΛΕΙΟ ΑΜΠΕΛΟΚΗΠΩΝ,22.921467,40.654768
5816,ΔΗΜΟΤΙΚΟ ΣΧΟΛΕΙΟ ΣΚΟΠΙΑΣ ΦΛΩΡΙΝΑΣ,21.411488,40.761817
5817,ΔΗΜΟΤΙΚΟ ΣΧΟΛΕΙΟ ΜΟΔΙΟΥ ΘΕΣΣΑΛΟΝΙΚΗΣ,,
5818,ΔΗΜΟΤΙΚΟ ΣΧΟΛΕΙΟ ΛΑΧΑΝΑ,23.208852,40.961296
5819,ΔΗΜΟΤΙΚΟ ΣΧΟΛΕΙΟ ΑΣΣΗΡΟΥ,23.031666,40.821187
5820,3ο ΔΗΜΟΤΙΚΟ ΣΧΟΛΕΙΟ ΕΛΕΥΘΕΡΙΟΥ,22.889217,40.670809
5821,ΔΗΜΟΤΙΚΟ ΣΧΟΛΕΙΟ ΟΣΣΗΣ ΛΑΓΚΑΔΑ,23.207081,40.836037
5822,ΔΗΜΟΤΙΚΟ ΣΧΟΛΕΙΟ ΚΡΙΘΙΑΣ ΛΑΓΚΑΔΑ,22.984741,40.839903
5823,1ο ΔΗΜΟΤΙΚΟ ΣΧΟΛΕΙΟ ΠΕΥΚΩΝ,,
5824,ΔΗΜΟΤΙΚΟ ΣΧΟΛΕΙΟ ΝΕΑΣ ΦΙΛΑΔΕΛΦΕΙΑΣ ΘΕΣΣΑΛΟΝΙΚΗΣ,,
5825,2ο ΔΗΜΟΤΙΚΟ ΣΧΟΛΕΙΟ ΛΑΓΚΑΔΑ,23.067242,40.751162
5826,2ο ΔΗΜΟΤΙΚΟ ΣΧΟΛΕΙΟ ΑΜΠΕΛΟΚΗΠΩΝ,22.921467,40.654745
5827,ΔΗΜΟΤΙΚΟ ΣΧΟΛΕΙΟ ΣΟΧΟΥ,23.358229,40.816124
5828,ΔΗΜΟΤΙΚΟ ΣΧΟΛΕΙΟ ΗΡΑΚΛΕΙΟΥ ΛΑΓΚΑΔΑ,23.038801,40.756181
5829,ΔΗΜΟΤΙΚΟ ΣΧΟΛΕΙΟ ΔΡΥΜΟΥ,22.960296,40.781346
5830,ΔΗΜΟΤΙΚΟ ΣΧΟΛΕΙΟ ΚΟΛΧΙΚΟΥ ΛΑΓΚΑΔΑ,23.134446,40.755368
5831,ΔΗΜΟΤΙΚΟ ΣΧΟΛΕΙΟ ΚΑΤΩ ΥΔΡΟΥΣΑΣ ΦΛΩΡΙΝΑΣ,21.461707,40.719847
5832,ΔΗΜΟΤΙΚΟ ΣΧΟΛΕΙΟ ΨΑΡΑΔΩΝ ΦΛΩΡΙΝΑΣ,21.033248,40.828396
5833,ΔΗΜΟΤΙΚΟ ΣΧΟΛΕΙΟ ΦΛΑΜΠΟΥΡΟΥ ΦΛΩΡΙΝΑΣ,21.523416,40.704781
5834,ΔΗΜΟΤΙΚΟ ΣΧΟΛΕΙΟ ΑΔΕΝΔΡΟΥ ΘΕΣΣΑΛΟΝΙΚΗΣ,22.603047,40.671172
5835,"ΔΗΜΟΤΙΚΟ ΣΧΟΛΕΙΟ ΑΝΑΤΟΛΙΚΟΥ ""Η ΒΑΛΜΑΔΑ""",22.71159,40.661281
5836,ΔΗΜΟΤΙΚΟ ΣΧΟΛΕΙΟ ΒΡΑΧΙΑΣ ΘΕΣΣΑΛΟΝΙΚΗΣ,22.641951,40.661495
5837,ΔΗΜΟΤΙΚΟ ΣΧΟΛΕΙΟ ΧΡΥΣΑΥΓΗΣ,23.081774,40.763979
5838,ΔΗΜΟΤΙΚΟ ΣΧΟΛΕΙΟ ΕΥΑΓΓΕΛΙΣΜΟΥ,,
5839,5ο ΔΗΜΟΤΙΚΟ ΣΧΟΛΕΙΟ ΘΕΣΣΑΛΟΝΙΚΗΣ ΕΙΔΙΚΟ,,
5840,3ο ΔΗΜΟΤΙΚΟ ΣΧΟΛΕΙΟ ΘΕΣΣΑΛΟΝΙΚΗΣ ΕΙΔΙΚΟ,,
5841,6ο ΔΗΜΟΤΙΚΟ ΣΧΟΛΕΙΟ ΕΥΟΣΜΟΥ ΔΙΑΠΟΛΙΤΙΣΜΙΚΗΣ ΕΚΠΑΙΔΕΥΣΗΣ,22.909374,40.686652
5842,ΔΗΜΟΤΙΚΟ ΣΧΟΛΕΙΟ ΛΟΥΔΙΑ ΘΕΣΣΑΛΟΝΙΚΗΣ,,
5843,7ο ΔΗΜΟΤΙΚΟ ΣΧΟΛΕΙΟ ΣΤΑΥΡΟΥΠΟΛΗΣ,,
5844,12ο ΔΗΜΟΤΙΚΟ ΣΧΟΛΕΙΟ ΣΤΑΥΡΟΥΠΟΛΗΣ,,
5845,7ο ΔΗΜΟΤΙΚΟ ΣΧΟΛΕΙΟ ΠΟΛΙΧΝΗΣ,22.945659,40.662901
5846,13ο ΔΗΜΟΤΙΚΟ ΣΧΟΛΕΙΟ ΣΤΑΥΡΟΥΠΟΛΗΣ,,
5847,7ο ΔΗΜΟΤΙΚΟ ΣΧΟΛΕΙΟ ΕΥΟΣΜΟΥ,22.906768,40.674034
5848,ΔΗΜΟΤΙΚΟ ΣΧΟΛΕΙΟ ΜΑΥΡΟΥΔΑΣ ΛΑΓΚΑΔΑ,23.469315,40.803604
5849,8ο ΔΗΜΟΤΙΚΟ ΣΧΟΛΕΙΟ ΕΥΟΣΜΟΥ,22.914102,40.681577
5850,2ο ΔΗΜΟΤΙΚΟ ΣΧΟΛΕΙΟ ΠΑΡΑΛΙΑΣ ΣΤΑΥΡΟΥ,,
5851,5ο ΔΗΜΟΤΙΚΟ ΣΧΟΛΕΙΟ ΠΟΛΙΧΝΗΣ,22.940377,40.670848
5852,4ο ΔΗΜΟΤΙΚΟ ΣΧΟΛΕΙΟ ΣΤΑΥΡΟΥΠΟΛΗΣ,,
5853,6ο ΔΗΜΟΤΙΚΟ ΣΧΟΛΕΙΟ ΠΟΛΙΧΝΗΣ,22.95737,40.656336
5854,ΔΗΜΟΤΙΚΟ ΣΧΟΛΕΙΟ ΜΕΛΙΒΟΙΑΣ ΑΓΙΟΥ ,22.796877,39.748978
5855,3ο ΔΗΜΟΤΙΚΟ ΣΧΟΛΕΙΟ ΠΟΛΙΧΝΗΣ,22.945659,40.662899
5856,ΔΗΜΟΤΙΚΟ ΣΧΟΛΕΙΟ ΡΑΧΗΣ,22.215502,40.48247
5857,11ο ΔΗΜΟΤΙΚΟ ΣΧΟΛΕΙΟ ΑΜΠΕΛΟΚΗΠΩΝ,22.929495,40.651582
5858,8ο ΔΗΜΟΤΙΚΟ ΣΧΟΛΕΙΟ ΣΤΑΥΡΟΥΠΟΛΗΣ,,
5859,ΔΗΜΟΤΙΚΟ ΣΧΟΛΕΙΟ ΜΕΣΟΧΩΡΙΟΥ ΦΛΩΡΙΝΑΣ,21.511489,40.882441
5860,2ο ΔΗΜΟΤΙΚΟ ΣΧΟΛΕΙΟ ΣΤΑΥΡΟΥΠΟΛΗΣ,,
5861,9ο ΔΗΜΟΤΙΚΟ ΣΧΟΛΕΙΟ ΕΥΟΣΜΟΥ,22.914587,40.676658
5862,3ο ΔΗΜΟΤΙΚΟ ΣΧΟΛΕΙΟ ΣΤΑΥΡΟΥΠΟΛΗΣ,,
5863,ΔΗΜΟΤΙΚΟ ΣΧΟΛΕΙΟ ΑΝΑΒΡΑΣ ΚΑΡΔΙΤΣΑΣ,22.092987,39.191784
5864,16ο ΔΗΜΟΤΙΚΟ ΣΧΟΛΕΙΟ ΣΤΑΥΡΟΥΠΟΛΗΣ,,
5865,8ο ΔΗΜΟΤΙΚΟ ΣΧΟΛΕΙΟ ΣΥΚΕΩΝ,,
5866,ΔΗΜΟΤΙΚΟ ΣΧΟΛΕΙΟ ΤΑΞΙΑΡΧΗ,23.524221,40.422198
5867,ΔΗΜΟΤΙΚΟ ΣΧΟΛΕΙΟ ΠΑΡΑΛΙΑΣ ΔΙΟΝΥΣΙΟΥ,23.2715,40.272213
5868,ΔΗΜΟΤΙΚΟ ΣΧΟΛΕΙΟ ΚΡΑΝΕΑΣ,21.970757,39.951612
5869,15ο ΔΗΜΟΤΙΚΟ ΣΧΟΛΕΙΟ ΣΤΑΥΡΟΥΠΟΛΗΣ,,
5870,6ο ΔΗΜΟΤΙΚΟ ΣΧΟΛΕΙΟ ΜΕΝΕΜΕΝΗΣ,22.89792,40.649971
5871,15ο ΔΗΜΟΤΙΚΟ ΣΧΟΛΕΙΟ ΕΥΟΣΜΟΥ,22.9012,40.687788
5872,6ο ΔΗΜΟΤΙΚΟ ΣΧΟΛΕΙΟ ΣΤΑΥΡΟΥΠΟΛΗΣ,,
5873,6ο ΔΗΜΟΤΙΚΟ ΣΧΟΛΕΙΟ ΣΥΚΕΩΝ,,
5874,5ο ΔΗΜΟΤΙΚΟ ΣΧΟΛΕΙΟ ΣΥΚΕΩΝ,,
5875,11ο ΔΗΜΟΤΙΚΟ ΣΧΟΛΕΙΟ ΕΥΟΣΜΟΥ,22.921833,40.67835
5876,5ο ΔΗΜΟΤΙΚΟ ΣΧΟΛΕΙΟ ΚΑΣΤΟΡΙΑΣ,21.253,40.513085
5877,4ο ΔΗΜΟΤΙΚΟ ΣΧΟΛΕΙΟ ΠΟΛΙΧΝΗΣ,22.940358,40.670834
5878,3ο ΔΗΜΟΤΙΚΟ ΣΧΟΛΕΙΟ ΝΕΑΠΟΛΗΣ,,
5879,1ο ΔΗΜΟΤΙΚΟ ΣΧΟΛΕΙΟ ΣΤΑΥΡΟΥΠΟΛΗΣ,,
5880,2ο ΔΗΜΟΤΙΚΟ ΣΧΟΛΕΙΟ ΠΟΛΙΧΝΗΣ,22.957639,40.65633
5881,1ο ΔΗΜΟΤΙΚΟ ΣΧΟΛΕΙΟ ΠΟΛΙΧΝΗΣ,22.948713,40.663174
5882,10ο ΔΗΜΟΤΙΚΟ ΣΧΟΛΕΙΟ ΣΥΚΕΩΝ,,
5883,9ο ΔΗΜΟΤΙΚΟ ΣΧΟΛΕΙΟ ΕΛΕΥΘΕΡΙΟΥ-ΚΟΡΔΕΛΙΟΥ,22.891686,40.665775
5884,18ο ΔΗΜΟΤΙΚΟ ΣΧΟΛΕΙΟ ΕΥΟΣΜΟΥ,22.898305,40.678573
5885,16ο ΔΗΜΟΤΙΚΟ ΣΧΟΛΕΙΟ ΕΥΟΣΜΟΥ,22.916958,40.687152
5886,2ο ΔΗΜΟΤΙΚΟ ΣΧΟΛΕΙΟ ΝΕΑΠΟΛΗΣ,,
5887,7ο ΔΗΜΟΤΙΚΟ ΣΧΟΛΕΙΟ ΝΕΑΠΟΛΗΣ,,
5888,ΔΗΜΟΤΙΚΟ ΣΧΟΛΕΙΟ ΛΑΙΜΟΥ ΦΛΩΡΙΝΑΣ,,
5889,ΔΗΜΟΤΙΚΟ ΣΧΟΛΕΙΟ ΛΕΠΤΟΚΑΡΥΩΝ ΦΛΩΡΙΝΑΣ,21.510218,40.745117
5890,ΔΗΜΟΤΙΚΟ ΣΧΟΛΕΙΟ ΚΑΛΥΒΙΩΝ ΚΟΚΚΙΝΟΠ ΕΛΑΣΣΟΝΑΣ,,
5891,ΔΗΜΟΤΙΚΟ ΣΧΟΛΕΙΟ ΦΛΩΡΙΝΑΣ ΠΕΙΡΑΜΑΤΙΚΟ ΕΙΔΙΚΟ,,
5892,1ο ΔΗΜΟΤΙΚΟ ΣΧΟΛΕΙΟ ΣΥΚΕΩΝ,,
5893,5ο ΔΗΜΟΤΙΚΟ ΣΧΟΛΕΙΟ ΝΕΑΠΟΛΗΣ,,
5894,1ο ΔΗΜΟΤΙΚΟ ΣΧΟΛΕΙΟ ΝΕΑΠΟΛΗΣ,,
5895,3ο ΔΗΜΟΤΙΚΟ ΣΧΟΛΕΙΟ ΣΥΚΕΩΝ,,
5896,4ο ΔΗΜΟΤΙΚΟ ΣΧΟΛΕΙΟ ΝΕΑΠΟΛΗΣ,,
5897,4ο ΔΗΜΟΤΙΚΟ ΣΧΟΛΕΙΟ ΣΥΚΕΩΝ,,
5898,ΔΗΜΟΤΙΚΟ ΣΧΟΛΕΙΟ ΑΡΕΘΟΥΣΗΣ ΛΑΓΚΑΔΑ,23.593173,40.741434
5899,14ο ΔΗΜΟΤΙΚΟ ΣΧΟΛΕΙΟ ΑΜΠΕΛΟΚΗΠΩΝ,,
5900,ΔΗΜΟΤΙΚΟ ΣΧΟΛΕΙΟ ΑΣΒΕΣΤΟΧΩΡΙΟΥ,23.027539,40.640387
5901,2ο ΔΗΜΟΤΙΚΟ ΣΧΟΛΕΙΟ ΜΟΥΔΑΝΙΩΝ,23.288648,40.239751
5902,ΔΗΜΟΤΙΚΟ ΣΧΟΛΕΙΟ ΓΕΡΑΚΑΡΟΥΣ,,
5903,14ο ΔΗΜΟΤΙΚΟ ΣΧΟΛΕΙΟ ΕΥΟΣΜΟΥ,22.9048,40.679383
5904,ΔΗΜΟΤΙΚΟ ΣΧΟΛΕΙΟ ΑΓΝΑΝΤΕΡΗΣ ΛΑΡΙΣΑΣ,22.617947,39.419626
5905,4ο ΔΗΜΟΤΙΚΟ ΣΧΟΛΕΙΟ ΑΜΠΕΛΟΚΗΠΩΝ,22.929484,40.651585
5906,ΔΗΜΟΤΙΚΟ ΣΧΟΛΕΙΟ ΠΟΛΥΠΛΑΤΑΝΟΥ ΦΛΩΡΙΝΑΣ,21.408356,40.875352
5907,ΔΗΜΟΤΙΚΟ ΣΧΟΛΕΙΟ ΠΕΡΑΣΜΑΤΟΣ ΦΛΩΡΙΝΑΣ,21.4688,40.751001
5908,3ο ΔΗΜΟΤΙΚΟ ΣΧΟΛΕΙΟ ΑΜΠΕΛΟΚΗΠΩΝ,22.9232,40.654351
5909,ΔΗΜΟΤΙΚΟ ΣΧΟΛΕΙΟ ΧΟΡΤΙΑΤΗ,23.101133,40.609871
5910,ΔΗΜΟΤΙΚΟ ΣΧΟΛΕΙΟ ΝΕΑΣ ΑΠΟΛΛΩΝΙΑΣ,23.443483,40.624735
5911,13ο ΔΗΜΟΤΙΚΟ ΣΧΟΛΕΙΟ ΑΜΠΕΛΟΚΗΠΩΝ,,
5912,1ο ΔΗΜΟΤΙΚΟ ΣΧΟΛΕΙΟ ΝΕΑΣ ΕΥΚΑΡΠΙΑΣ ΘΕΣΣΑΛΟΝΙΚΗ,22.95691,40.687509
5913,ΔΗΜΟΤΙΚΟ ΣΧΟΛΕΙΟ ΦΙΛΥΡΟΥ,23.005705,40.689724
5914,ΔΗΜΟΤΙΚΟ ΣΧΟΛΕΙΟ ΛΑΓΥΝΩΝ ΛΑΓΚΑΔΑ,23.010818,40.722916
5915,ΔΗΜΟΤΙΚΟ ΣΧΟΛΕΙΟ ΝΕΑΣ ΜΑΔΥΤΟΥ ΛΑΓΚΑΔΑ,23.562633,40.621741
5916,ΔΗΜΟΤΙΚΟ ΣΧΟΛΕΙΟ ΑΓΙΟΥ ΒΑΣΙΛΕΙΟΥ ΛΑΓΚΑΔΑ,,
5917,ΔΗΜΟΤΙΚΟ ΣΧΟΛΕΙΟ ΚΕΛΛΗΣ ΦΛΩΡΙΝΑΣ,21.690207,40.784666
5918,9ο ΔΗΜΟΤΙΚΟ ΣΧΟΛΕΙΟ ΣΤΑΥΡΟΥΠΟΛΗΣ,,
5919,ΔΗΜΟΤΙΚΟ ΣΧΟΛΕΙΟ ΛΕΒΑΙΑΣ,21.70448,40.644882
5920,22ο ΔΗΜΟΤΙΚΟ ΣΧΟΛΕΙΟ ΕΥΟΣΜΟΥ,,
5921,11ο ΔΗΜΟΤΙΚΟ ΣΧΟΛΕΙΟ ΣΥΚΕΩΝ,,
5922,13ο ΔΗΜΟΤΙΚΟ ΣΧΟΛΕΙΟ ΠΟΛΙΧΝΗΣ,22.951051,40.660247
5923,6ο ΔΗΜΟΤΙΚΟ ΣΧΟΛΕΙΟ ΕΛΕΥΘΕΡΙΟΥ-ΚΟΡΔΕΛΙΟΥ ΔΙΑΠΟΛΙΤΙΣΜΙΚΟ,22.886253,40.670734
5924,7ο ΔΗΜΟΤΙΚΟ ΣΧΟΛΕΙΟ ΕΛΕΥΘΕΡΙΟΥ,22.890369,40.665511
5925,2ο ΔΗΜΟΤΙΚΟ ΣΧΟΛΕΙΟ ΔΙΑΒΑΤΩΝ (ΠΡΩΗΝ 2ο ΔΗΜΟΤΙΚΟ ΣΧΟΛΕΙΟ ΙΩΝΙΑΣ),,
5926,12ο ΔΗΜΟΤΙΚΟ ΣΧΟΛΕΙΟ ΑΜΠΕΛΟΚΗΠΩΝ,,
5927,ΔΗΜΟΤΙΚΟ ΣΧΟΛΕΙΟ ΖΑΓΚΛΙΒΕΡΙΟΥ,23.29068,40.568736
5928,ΔΗΜΟΤΙΚΟ ΣΧΟΛΕΙΟ ΚΑΒΑΛΛΑΡΙΟΥ ΛΑΓΚΑΔΑ,23.045419,40.713
5929,ΔΗΜΟΤΙΚΟ ΣΧΟΛΕΙΟ ΛΑΓΚΑΔΙΚΙΩΝ,,
5930,ΔΗΜΟΤΙΚΟ ΣΧΟΛΕΙΟ ΑΣΠΡΟΒΑΛΤΗΣ,,
5931,ΔΗΜΟΤΙΚΟ ΣΧΟΛΕΙΟ ΜΕΛΙΣΣΟΥΡΓΟΥ,23.475596,40.596561
5932,12ο ΔΗΜΟΤΙΚΟ ΣΧΟΛΕΙΟ ΠΟΛΙΧΝΗΣ,22.94033,40.670793
5933,ΔΗΜΟΤΙΚΟ ΣΧΟΛΕΙΟ ΚΑΛΑΜΩΤΟΥ,23.377458,40.55476
5934,8ο ΔΗΜΟΤΙΚΟ ΣΧΟΛΕΙΟ ΝΕΑΠΟΛΗΣ,,
5935,4ο ΔΗΜΟΤΙΚΟ ΣΧΟΛΕΙΟ ΕΛΕΥΘΕΡΙΟΥ,22.890367,40.665679
5936,6ο ΔΗΜΟΤΙΚΟ ΣΧΟΛΕΙΟ ΑΜΠΕΛΟΚΗΠΩΝ,22.921459,40.654756
5937,1ο ΔΗΜΟΤΙΚΟ ΣΧΟΛΕΙΟ ΠΑΡΑΛΙΑΣ ΣΤΑΥΡΟΥ,,
5938,5ο ΔΗΜΟΤΙΚΟ ΣΧΟΛΕΙΟ ΕΥΟΣΜΟΥ,22.914102,40.681577
5939,"3ο ΔΗΜΟΤΙΚΟ ΣΧΟΛΕΙΟ ΚΑΣΤΟΡΙΑΣ ""ΑΘ. ΧΡΙΣΤΟΠΟΥΛΟΣ""",21.268297,40.523289
5940,2ο ΔΗΜΟΤΙΚΟ ΣΧΟΛΕΙΟ ΕΥΟΣΜΟΥ,22.898305,40.678542
5941,1ο ΔΗΜΟΤΙΚΟ ΣΧΟΛΕΙΟ ΕΛΕΥΘΕΡΙΟΥ,22.890365,40.66579
5942,ΔΗΜΟΤΙΚΟ ΣΧΟΛΕΙΟ ΠΡΟΔΡΟΜΟΥ-ΑΓΙΑΣ ΤΡΙΑΔΑΣ,22.39759,40.549939
5943,5ο ΔΗΜΟΤΙΚΟ ΣΧΟΛΕΙΟ ΑΜΠΕΛΟΚΗΠΩΝ,22.918293,40.656959
5944,1ο ΔΗΜΟΤΙΚΟ ΣΧΟΛΕΙΟ ΕΥΟΣΜΟΥ,22.9048,40.679383
5945,2ο ΔΗΜΟΤΙΚΟ ΣΧΟΛΕΙΟ ΕΛΕΥΘΕΡΙΟΥ,22.889212,40.671144
5946,1ο ΔΗΜΟΤΙΚΟ ΣΧΟΛΕΙΟ ΜΕΝΕΜΕΝΗΣ,22.89792,40.649971
5947,2ο ΔΗΜΟΤΙΚΟ ΣΧΟΛΕΙΟ ΜΕΝΕΜΕΝΗΣ,22.89792,40.649971
5948,3ο ΔΗΜΟΤΙΚΟ ΣΧΟΛΕΙΟ ΜΕΝΕΜΕΝΗΣ ΔΙΑΠΟΛΙΤΙΣΜΙΚΗΣ ΕΚΠΑΙΔΕΥΣΗΣ,22.880059,40.651724
5949,3ο ΔΗΜΟΤΙΚΟ ΣΧΟΛΕΙΟ ΛΑΓΚΑΔΑ,23.067242,40.751162
5950,15ο ΔΗΜΟΤΙΚΟ ΣΧΟΛΕΙΟ ΑΜΠΕΛΟΚΗΠΩΝ,,
5951,ΔΗΜΟΤΙΚΟ ΣΧΟΛΕΙΟ ΛΟΦΙΣΚΟΥ,23.224919,40.770961
5952,ΔΗΜΟΤΙΚΟ ΣΧΟΛΕΙΟ ΛΗΤΗΣ,22.979672,40.745532
5953,12ο ΔΗΜΟΤΙΚΟ ΣΧΟΛΕΙΟ ΝΕΑΠΟΛΗΣ,,
5954,ΔΗΜΟΤΙΚΟ ΣΧΟΛΕΙΟ ΜΕΛΙΤΗΣ ΦΛΩΡΙΝΑΣ,21.583423,40.830518
5955,ΔΗΜΟΤΙΚΟ ΣΧΟΛΕΙΟ ΛΙΜΝΟΧΩΡΙΟΥ ΑΜΥΝΤΑΙΟΥ,,
5956,ΔΗΜΟΤΙΚΟ ΣΧΟΛΕΙΟ ΜΕΣΑΙΟΥ ΘΕΣΣΑΛΟΝΙΚΗΣ,,
5957,ΔΗΜΟΤΙΚΟ ΣΧΟΛΕΙΟ ΝΕΑΣ ΜΕΣΗΜΒΡΙΑΣ ΘΕΣΣΑΛΟΝΙΚ,22.772097,40.750281
5958,ΔΗΜΟΤΙΚΟ ΣΧΟΛΕΙΟ ΓΕΡΑΚΙΝΗΣ ΚΑΛΥΒΩΝ,,
5959,ΔΗΜΟΤΙΚΟ ΣΧΟΛΕΙΟ ΚΑΤΩ ΓΕΦΥΡΑΣ,22.694156,40.729803
5960,ΔΗΜΟΤΙΚΟ ΣΧΟΛΕΙΟ ΕΛΕΟΥΣΑΣ ΘΕΣΣΑΛΟΝΙΚΗΣ,22.627357,40.749187
5961,2ο ΔΗΜΟΤΙΚΟ ΣΧΟΛΕΙΟ ΕΥΚΑΡΠΙΑΣ,22.95691,40.687509
5962,ΔΗΜΟΤΙΚΟ ΣΧΟΛΕΙΟ ΠΕΝΤΑΛΟΦΟΥ ΘΕΣΣΑΛΟΝΙΚΗΣ,,
5963,ΔΗΜΟΤΙΚΟ ΣΧΟΛΕΙΟ ΝΕΟΧΩΡΟΥΔΑΣ ΘΕΣΣΑΛΟΝΙΚΗΣ,,
5964,ΔΗΜΟΤΙΚΟ ΣΧΟΛΕΙΟ ΓΕΦΥΡΑΣ ΘΕΣΣΑΛΟΝΙΚΗΣ,22.694152,40.729807
5965,ΔΗΜΟΤΙΚΟ ΣΧΟΛΕΙΟ ΜΙΚΡΟΥ ΜΟΝΑΣΤΗΡΙΟΥ,22.543125,40.704223
5966,ΔΗΜΟΤΙΚΟ ΣΧΟΛΕΙΟ ΒΑΘΥΛΑΚΚΟΥ ΘΕΣΣΑΛΟΝΙΚΗΣ,22.7092,40.768321
5967,ΔΗΜΟΤΙΚΟ ΣΧΟΛΕΙΟ ΧΑΛΚΗΔΟΝΟΣ ΘΕΣΣΑΛΟΝΙΚΗΣ,22.599497,40.731942
5968,17ο ΔΗΜΟΤΙΚΟ ΣΧΟΛΕΙΟ ΕΥΟΣΜΟΥ,22.905298,40.675067
5969,14ο ΔΗΜΟΤΙΚΟ ΣΧΟΛΕΙΟ ΣΤΑΥΡΟΥΠΟΛΗΣ,,
5970,13ο ΔΗΜΟΤΙΚΟ ΣΧΟΛΕΙΟ ΕΥΟΣΜΟΥ,22.914103,40.681723
5971,ΔΗΜΟΤΙΚΟ ΣΧΟΛΕΙΟ ΑΓΧΙΑΛΟΥ ΘΕΣΣΑΛΟΝΙΚΗΣ,22.782709,40.712824
5972,ΔΗΜΟΤΙΚΟ ΣΧΟΛΕΙΟ ΠΟΡΙΑΣ-ΧΙΛΙΟΔΕΝΔΡΟΥ,,
5973,7ο ΔΗΜΟΤΙΚΟ ΣΧΟΛΕΙΟ ΑΛΕΞΑΝΔΡΕΙΑΣ,22.447492,40.625605
5974,ΔΗΜΟΤΙΚΟ ΣΧΟΛΕΙΟ ΝΕΣΤΟΡΙΟΥ,21.057944,40.414344
5975,9ο ΔΗΜΟΤΙΚΟ ΣΧΟΛΕΙΟ ΝΕΑΠΟΛΗΣ,,
5976,ΔΗΜΟΤΙΚΟ ΣΧΟΛΕΙΟ ΟΛΥΜΠΙΑΔΑΣ ΕΛΑΣΣΟΝΑΣ,,
5977,1ο ΔΗΜΟΤΙΚΟ ΣΧΟΛΕΙΟ ΚΑΣΤΟΡΙΑΣ,21.268226,40.517881
5978,ΔΗΜΟΤΙΚΟ ΣΧΟΛΕΙΟ ΝΕΩΝ ΒΡΑΣΝΩΝ ,,
5979,5ο ΔΗΜΟΤΙΚΟ ΣΧΟΛΕΙΟ ΑΛΕΞΑΝΔΡΕΙΑΣ,22.447493,40.625606
5980,2ο ΔΗΜΟΤΙΚΟ ΣΧΟΛΕΙΟ ΚΑΣΤΟΡΙΑΣ,21.272593,40.52078
5981,7ο ΔΗΜΟΤΙΚΟ ΣΧΟΛΕΙΟ ΑΜΠΕΛΟΚΗΠΩΝ,22.918546,40.652644
5982,6ο ΔΗΜΟΤΙΚΟ ΣΧΟΛΕΙΟ ΑΛΕΞΑΝΔΡΕΙΑΣ,22.447493,40.625605
5983,18ο ΔΗΜΟΤΙΚΟ ΣΧΟΛΕΙΟ ΣΤΑΥΡΟΥΠΟΛΗΣ,,
5984,ΔΗΜΟΤΙΚΟ ΣΧΟΛΕΙΟ ΜΗΛΙΑΣ ΕΛΑΣΣΟΝΑΣ,22.073987,40.027472
5985,ΔΗΜΟΤΙΚΟ ΣΧΟΛΕΙΟ ΣΩΤΗΡΙΤΣΑΣ,22.860246,39.728692
5986,ΔΗΜΟΤΙΚΟ ΣΧΟΛΕΙΟ ΠΕΝΤΑΒΡΥΣΟΥ ΝΕΣΤΟΡΙΟ,,
5987,ΔΗΜΟΤΙΚΟ ΣΧΟΛΕΙΟ ΛΕΥΚΟΧΩΡΙΟΥ,23.070446,40.92497
5988,ΔΗΜΟΤΙΚΟ ΣΧΟΛΕΙΟ ΜΕΣΟΠΟΤΑΜΙΑΣ ΝΕΣΤΟΡΙΟY,21.158485,40.503368
5989,8ο ΔΗΜΟΤΙΚΟ ΣΧΟΛΕΙΟ ΚΑΣΤΟΡΙΑΣ,21.268229,40.517798
5990,1ο ΔΗΜΟΤΙΚΟ ΣΧΟΛΕΙΟ ΑΡΓΟΥΣ ΟΡΕΣΤΙΚΟΥ,21.262051,40.452104
5991,2ο ΔΗΜΟΤΙΚΟ ΣΧΟΛΕΙΟ ΑΡΓΟΥΣ ΟΡΕΣΤΙΚΟΥ,21.262051,40.452104
5992,10ο ΔΗΜΟΤΙΚΟ ΣΧΟΛΕΙΟ ΠΟΛΙΧΝΗΣ,22.948723,40.663035
5993,ΔΗΜΟΤΙΚΟ ΣΧΟΛΕΙΟ ΔΟΡΚΑΔΑΣ ΛΑΓΚΑΔΑ,,
5994,7ο ΔΗΜΟΤΙΚΟ ΣΧΟΛΕΙΟ ΚΑΣΤΟΡΙΑΣ,21.272676,40.518106
5995,4ο ΔΗΜΟΤΙΚΟ ΣΧΟΛΕΙΟ ΜΕΝΕΜΕΝΗΣ,22.89792,40.649971
5996,12ο ΔΗΜΟΤΙΚΟ ΣΧΟΛΕΙΟ ΕΥΟΣΜΟΥ,22.914587,40.676658
5997,8ο ΔΗΜΟΤΙΚΟ ΣΧΟΛΕΙΟ ΕΛΕΥΘΕΡΙΟΥ,,
5998,ΔΗΜΟΤΙΚΟ ΣΧΟΛΕΙΟ ΕΞΟΧΗΣ,23.043659,40.629551
5999,ΔΗΜΟΤΙΚΟ ΣΧΟΛΕΙΟ ΘΕΣΣΑΛΟΝΙΚΗΣ ΕΙΔΙΚΟ Ψ.Κ.Β.Ε.,,
6000,13ο ΔΗΜΟΤΙΚΟ ΣΧΟΛΕΙΟ ΘΕΣΣΑΛΟΝΙΚΗΣ ΕΙΔΙΚΟ,,
6001,3ο ΔΗΜΟΤΙΚΟ ΣΧΟΛΕΙΟ ΑΡΓΟΥΣ ΟΡΕΣΤΙΚΟΥ,21.262051,40.452104
6002,ΔΗΜΟΤΙΚΟ ΣΧΟΛΕΙΟ ΝΟΣΤΙΜΟΥ ΝΕΣΤΟΡΙΟΥ,21.205893,40.385759
6003,14ο ΔΗΜΟΤΙΚΟ ΣΧΟΛΕΙΟ ΠΟΛΙΧΝΗΣ,,
6004,3ο ΔΗΜΟΤΙΚΟ ΣΧΟΛΕΙΟ ΠΕΥΚΩΝ,,
6005,10ο ΔΗΜΟΤΙΚΟ ΣΧΟΛΕΙΟ ΝΑΟΥΣΑΣ,,
6006,19ο ΔΗΜΟΤΙΚΟ ΣΧΟΛΕΙΟ ΕΥΟΣΜΟΥ,22.909092,40.686685
6007,"ΔΗΜΟΤΙΚΟ ΣΧΟΛΕΙΟ ΝΟΣΟΚΟΜΕΙΟΥ ""Γ. ΠΑΠΑΝΙΚΟΛΑΟΥ"" ΕΙΔΙΚΟ",,
6008,3ο ΔΗΜΟΤΙΚΟ ΣΧΟΛΕΙΟ ΕΥΚΑΡΠΙΑΣ ΘΕΣΣΑΛΟΝΙΚΗΣ,,
6009,ΔΙΕΥΘΥΝΣΗ Δ.Ε. ΗΜΑΘΙΑΣ,22.196524,40.513102
6010,ΔΙΕΥΘΥΝΣΗ Δ.Ε. ΚΑΣΤΟΡΙΑΣ,21.263161,40.52226
6011,ΔΙΕΥΘΥΝΣΗ Δ.Ε. Β ΘΕΣΣΑΛΟΝΙΚΗΣ,22.929046,40.658466
6012,ΔΙΕΥΘΥΝΣΗ Δ.Ε. ΧΑΛΚΙΔΙΚΗΣ,23.442932,40.37802
6013,ΔΙΕΥΘΥΝΣΗ Δ.Ε. ΦΛΩΡΙΝΑΣ,21.386533,40.77368
6014,1ο ΕΡΓΑΣΤΗΡΙΑΚΟ ΚΕΝΤΡΟ ΦΥΣΙΚΩΝ ΕΠΙΣΤΗΜΩΝ ΦΛΩΡΙΝΑΣ (ΦΛΩΡΙΝΑ),21.386533,40.77368
6015,1ο ΕΡΓΑΣΤΗΡΙΑΚΟ ΚΕΝΤΡΟ ΦΥΣΙΚΩΝ ΕΠΙΣΤΗΜΩΝ ΧΑΛΚΙΔΙΚΗΣ (ΠΟΛΥΓΥΡΟΣ),,
6016,1ο ΕΡΓΑΣΤΗΡΙΑΚΟ ΚΕΝΤΡΟ ΦΥΣΙΚΩΝ ΕΠΙΣΤΗΜΩΝ ΚΑΣΤΟΡΙΑΣ (ΚΑΣΤΟΡΙΑ),21.260904,40.533737
6017,1ο ΕΡΓΑΣΤΗΡΙΑΚΟ ΚΕΝΤΡΟ ΦΥΣΙΚΩΝ ΕΠΙΣΤΗΜΩΝ ΗΜΑΘΙΑΣ (ΒΕΡΟΙΑ),22.196072,40.526024
6018,2ο ΕΡΓΑΣΤΗΡΙΑΚΟ ΚΕΝΤΡΟ ΦΥΣΙΚΩΝ ΕΠΙΣΤΗΜΩΝ Β' ΘΕΣΣΑΛΟΝΙΚΗΣ (ΕΥΟΣΜΟΣ),22.912566,40.670086
6019,1ο  ΕΡΓΑΣΤΗΡΙΑΚΟ ΚΕΝΤΡΟ ΦΥΣΙΚΩΝ ΕΠΙΣΤΗΜΩΝ Β' ΘΕΣΣΑΛΟΝΙΚΗΣ (ΝΕΑΠΟΛΗ),,
6020,ΚΕΣΥΠ ΘΕΣΣΑΛΟΝΙΚΗΣ - 3,23.081292,40.736513
6021,ΚΕΣΥΠ ΦΛΩΡΙΝΑΣ,21.414173,40.781998
6022,ΚΕΣΥΠ ΚΑΣΤΟΡΙΑΣ,21.269977,40.519829
6023,ΚΕΣΥΠ ΗΜΑΘΙΑΣ,22.198763,40.512527
6024,ΚΕΣΥΠ ΘΕΣΣΑΛΟΝΙΚΗΣ - 2,22.940706,40.651835
6025,ΚΕΣΥΠ ΧΑΛΚΙΔΙΚΗΣ,23.435987,40.377441
6026,1ο ΓΡΑΦΕΙΟ Δ.Ε. Β ΘΕΣΣΑΛΟΝΙΚΗΣ,22.940706,40.651835
6027,3ο ΓΡΑΦΕΙΟ Δ.Ε. Β ΘΕΣΣΑΛΟΝΙΚΗΣ,22.929046,40.658466
6028,2ο ΓΡΑΦΕΙΟ Δ.Ε. ΗΜΑΘΙΑΣ,,
6029,1ο ΓΡΑΦΕΙΟ Δ.Ε. ΗΜΑΘΙΑΣ,22.196524,40.513102
6030,2ο ΓΡΑΦΕΙΟ Δ.Ε. Β ΘΕΣΣΑΛΟΝΙΚΗΣ,22.887762,40.666412
6031,ΓΡΑΦΕΙΟ ΤΕΕ ΦΛΩΡΙΝΑΣ,,
6032,ΓΡΑΦΕΙΟ ΤΕΕ Β ΘΕΣΣΑΛΟΝΙΚΗΣ,,
6033,ΓΡΑΦΕΙΟ ΤΕΕ ΗΜΑΘΙΑΣ,22.196524,40.513102
6034,ΙΕΚ Ν. ΜΟΥΔΑΝΙΩΝ (ΠΑΡΑΡΤ. ΧΑΛΚΙΔΙΚΗΣ),,
6035,ΙΕΚ Ο.Α.Ε.Δ. ΘΕΣΣΑΛΟΝΙΚΗΣ,,
6036,ΙΕΚ ΦΛΩΡΙΝΑΣ,,
6037,ΙΕΚ ΧΑΛΚΙΔΙΚΗΣ,,
6038,ΙΕΚ ΛΑΓΚΑΔΑ,,
6039,ΙΕΚ ΝΕΑΠΟΛΗΣ,,
6040,ΙΕΚ ΝΑΟΥΣΑΣ,,
6041,ΙΕΚ ΚΑΣΤΟΡΙΑΣ,,
6042,ΙΕΚ ΕΥΟΣΜΟΥ,,
6043,ΙΕΚ ΒΕΡΟΙΑΣ,,
6044,ΔΙΕΥΘΥΝΣΗ Π.Ε. ΦΛΩΡΙΝΑΣ,,
6045,ΔΙΕΥΘΥΝΣΗ Π.Ε. ΗΜΑΘΙΑΣ,,
6046,ΔΙΕΥΘΥΝΣΗ Π.Ε. ΧΑΛΚΙΔΙΚΗΣ,23.442581,40.375133
6047,ΔΙΕΥΘΥΝΣΗ Π.Ε. ΚΑΣΤΟΡΙΑΣ,21.263174,40.52222
6048,ΔΙΕΥΘΥΝΣΗ Π.Ε. Β' ΘΕΣΣΑΛΟΝΙΚΗΣ,,
6049,1ο ΓΡΑΦΕΙΟ Π.Ε. ΚΑΣΤΟΡΙΑΣ,,
6050,1ο ΓΡΑΦΕΙΟ Π.Ε. ΧΑΛΚΙΔΙΚΗΣ,,
6051,3ο ΓΡΑΦΕΙΟ Π.Ε. ΧΑΛΚΙΔΙΚΗΣ,,
6052,6ο ΓΡΑΦΕΙΟ Π.Ε. Β' ΘΕΣΣΑΛΟΝΙΚΗΣ,,
6053,3ο ΓΡΑΦΕΙΟ Π.Ε. Β' ΘΕΣΣΑΛΟΝΙΚΗΣ,,
6054,2ο ΓΡΑΦΕΙΟ Π.Ε. ΧΑΛΚΙΔΙΚΗΣ,,
6055,5ο ΓΡΑΦΕΙΟ Π.Ε. Β' ΘΕΣΣΑΛΟΝΙΚΗΣ,,
6056,4ο ΓΡΑΦΕΙΟ Π.Ε. Β' ΘΕΣΣΑΛΟΝΙΚΗΣ,,
6057,2ο ΓΡΑΦΕΙΟ Π.Ε. ΗΜΑΘΙΑΣ,22.447492,40.625606
6058,2ο ΓΡΑΦΕΙΟ Π.Ε. Β' ΘΕΣΣΑΛΟΝΙΚΗΣ,,
6059,1ο ΓΡΑΦΕΙΟ Π.Ε. ΗΜΑΘΙΑΣ,,
6060,1ο ΓΡΑΦΕΙΟ Π.Ε. ΦΛΩΡΙΝΑΣ,,
6061,1ο ΓΡΑΦΕΙΟ Π.Ε. Β' ΘΕΣΣΑΛΟΝΙΚΗΣ,,
6062,ΝΗΠΙΑΓΩΓΕΙΟ ΠΑΛΑΤΙΤΣΙΩΝ ΒΕΡΟΙΑΣ,22.345477,40.484723
6063,1ο ΝΗΠΙΑΓΩΓΕΙΟ ΠΕΥΚΩΝ,,
6064,5ο ΝΗΠΙΑΓΩΓΕΙΟ ΒΕΡΟΙΑΣ,22.19218,40.514228
6065,ΝΗΠΙΑΓΩΓΕΙΟ ΠΑΛΑΙΟΧΩΡΙΟΥ ΑΛΕΞΑΝΔΡ,,
6066,ΝΗΠΙΑΓΩΓΕΙΟ ΠΑΤΡΙΔΑΣ,,
6067,ΝΗΠΙΑΓΩΓΕΙΟ ΤΡΙΛΟΦΟΥ,,
6068,8ο ΝΗΠΙΑΓΩΓΕΙΟ ΒΕΡΟΙΑΣ,22.189646,40.520726
6069,7ο ΝΗΠΙΑΓΩΓΕΙΟ ΑΜΠΕΛΟΚΗΠΩΝ,22.922833,40.654085
6070,ΝΗΠΙΑΓΩΓΕΙΟ ΜΕΛΙΣΣΟΥΡΓΟΥ,23.475827,40.596387
6071,ΝΗΠΙΑΓΩΓΕΙΟ ΑΣΚΟΥ ΛΑΓΚΑΔΑ,23.388298,40.74355
6072,10ο ΝΗΠΙΑΓΩΓΕΙΟ ΑΜΠΕΛΟΚΗΠΩΝ,,
6073,ΝΗΠΙΑΓΩΓΕΙΟ ΤΡΙΚΑΛΩΝ ΑΛΕΞΑΝΔΡΕΙΑΣ,22.562838,40.596272
6074,15ο ΝΗΠΙΑΓΩΓΕΙΟ ΣΤΑΥΡΟΥΠΟΛΗΣ,,
6075,14ο ΝΗΠΙΑΓΩΓΕΙΟ ΣΤΑΥΡΟΥΠΟΛΗΣ,,
6076,3ο ΝΗΠΙΑΓΩΓΕΙΟ ΜΕΝΕΜΕΝΗΣ,22.893876,40.651861
6077,16ο ΝΗΠΙΑΓΩΓΕΙΟ ΣΤΑΥΡΟΥΠΟΛΗΣ,,
6078,ΝΗΠΙΑΓΩΓΕΙΟ ΠΕΝΤΕ ΒΡΥΣΩΝ,23.156644,40.806803
6079,ΝΗΠΙΑΓΩΓΕΙΟ ΛΟΦΙΣΚΟΥ,23.224726,40.770953
6080,ΝΗΠΙΑΓΩΓΕΙΟ ΕΥΑΓΓΕΛΙΣΜΟΥ,,
6081,2ο ΝΗΠΙΑΓΩΓΕΙΟ ΚΕΛΛΗΣ,,
6082,ΝΗΠΙΑΓΩΓΕΙΟ ΕΞΟΧΗΣ,23.043676,40.629529
6083,11ο ΝΗΠΙΑΓΩΓΕΙΟ ΕΥΟΣΜΟΥ,22.914587,40.676658
6084,14ο ΝΗΠΙΑΓΩΓΕΙΟ ΑΜΠΕΛΟΚΗΠΩΝ,22.918546,40.652644
6085,4ο ΝΗΠΙΑΓΩΓΕΙΟ ΛΑΓΚΑΔΑ,23.067242,40.751162
6086,2ο ΝΗΠΙΑΓΩΓΕΙΟ ΛΑΓΚΑΔΑ,23.067242,40.751162
6087,ΝΗΠΙΑΓΩΓΕΙΟ ΚΑΤΩ ΓΕΦΥΡΑΣ,22.694153,40.729807
6088,5ο ΝΗΠΙΑΓΩΓΕΙΟ ΣΤΑΥΡΟΥΠΟΛΗΣ,,
6089,1ο ΝΗΠΙΑΓΩΓΕΙΟ ΜΕΛΙΤΗΣ,21.583422,40.830519
6090,8ο ΝΗΠΙΑΓΩΓΕΙΟ ΕΛΕΥΘΕΡΙΟΥ,22.888057,40.665573
6091,1ο ΝΗΠΙΑΓΩΓΕΙΟ ΑΛΕΞΑΝΔΡΕΙΑΣ,22.447492,40.625605
6092,14ο ΝΗΠΙΑΓΩΓΕΙΟ ΝΕΑΠΟΛΗΣ,,
6093,ΝΗΠΙΑΓΩΓΕΙΟ ΜΕΣΑΙΟΥ,,
6094,10ο ΝΗΠΙΑΓΩΓΕΙΟ ΚΑΣΤΟΡΙΑΣ,21.262582,40.527291
6095,6ο ΝΗΠΙΑΓΩΓΕΙΟ ΕΥΟΣΜΟΥ,22.905308,40.675064
6096,12ο ΝΗΠΙΑΓΩΓΕΙΟ ΝΕΑΠΟΛΗΣ,,
6097,10ο ΝΗΠΙΑΓΩΓΕΙΟ ΕΥΟΣΜΟΥ,22.9048,40.679383
6098,6ο ΝΗΠΙΑΓΩΓΕΙΟ ΕΛΕΥΘΕΡΙΟΥ,22.886213,40.670529
6099,ΝΗΠΙΑΓΩΓΕΙΟ ΣΚΟΠΟΥ,21.643158,40.865857
6100,ΝΗΠΙΑΓΩΓΕΙΟ ΠΟΛΥΠΛΑΤΑΝΟΥ ΦΛΩΡΙΝΑΣ,21.408358,40.875352
6101,4ο ΝΗΠΙΑΓΩΓΕΙΟ ΣΤΑΥΡΟΥΠΟΛΗΣ,,
6102,ΝΗΠΙΑΓΩΓΕΙΟ ΚΑΤΩ ΥΔΡΟΥΣΑΣ ΦΛΩΡΙΝΑΣ,21.46169,40.719848
6103,3ο ΝΗΠΙΑΓΩΓΕΙΟ ΣΤΑΥΡΟΥΠΟΛΗΣ,,
6104,ΝΗΠΙΑΓΩΓΕΙΟ ΚΡΥΟΝΕΡΙΟΥ ΛΑΓΚΑΔΑ,23.281488,40.813546
6105,1ο ΝΗΠΙΑΓΩΓΕΙΟ ΑΜΠΕΛΟΚΗΠΩΝ,22.921475,40.654751
6106,2ο ΝΗΠΙΑΓΩΓΕΙΟ ΣΤΑΥΡΟΥΠΟΛΗΣ,,
6107,1ο ΝΗΠΙΑΓΩΓΕΙΟ ΧΑΛΚΗΔΟΝΟΣ,22.599495,40.73205
6108,ΝΗΠΙΑΓΩΓΕΙΟ ΚΟΛΧΙΚΟΥ ΛΑΓΚΑΔΑ,23.134601,40.755253
6109,ΝΗΠΙΑΓΩΓΕΙΟ ΛΗΤΗΣ,22.97973,40.745521
6110,1ο ΝΗΠΙΑΓΩΓΕΙΟ ΣΟΧΟΥ ΛΑΓΚΑΔΑ,23.358228,40.816121
6111,ΝΗΠΙΑΓΩΓΕΙΟ ΞΥΛΟΥΠΟΛΗΣ,23.176642,40.927218
6112,2ο ΝΗΠΙΑΓΩΓΕΙΟ ΑΜΠΕΛΟΚΗΠΩΝ,,
6113,ΝΗΠΙΑΓΩΓΕΙΟ ΑΥΓΗΣ ΛΑΓΚΑΔΑ,,
6114,8ο ΝΗΠΙΑΓΩΓΕΙΟ ΣΤΑΥΡΟΥΠΟΛΗΣ,,
6115,1ο ΝΗΠΙΑΓΩΓΕΙΟ ΝΕΑΠΟΛΗΣ,,
6116,ΝΗΠΙΑΓΩΓΕΙΟ ΕΠΙΣΚΟΠΗΣ ΒΕΡΟΙΑΣ,22.367104,40.58949
6117,1ο ΝΗΠΙΑΓΩΓΕΙΟ ΕΛΕΥΘΕΡΙΟΥ,22.891578,40.665635
6118,3ο ΝΗΠΙΑΓΩΓΕΙΟ ΠΟΛΙΧΝΗΣ,22.94566,40.662897
6119,ΝΗΠΙΑΓΩΓΕΙΟ ΚΡΥΣΤΑΛΛΟΠΗΓΗΣ ΦΛΩΡΙΝΑΣ,21.087982,40.633464
6120,2ο ΝΗΠΙΑΓΩΓΕΙΟ ΠΟΛΙΧΝΗΣ,22.957129,40.656339
6121,2ο ΝΗΠΙΑΓΩΓΕΙΟ ΝΕΑΠΟΛΗΣ,,
6122,1ο ΝΗΠΙΑΓΩΓΕΙΟ ΠΑΡΑΛΙΑΣ ΣΤΑΥΡΟΥ,,
6123,2ο ΝΗΠΙΑΓΩΓΕΙΟ ΝΕΩΝ ΜΑΛΓΑΡΩΝ,22.684383,40.607888
6124,ΝΗΠΙΑΓΩΓΕΙΟ ΚΑΜΠΟΧΩΡΙΟΥ,22.372379,40.608076
6125,ΝΗΠΙΑΓΩΓΕΙΟ ΝΕΑΣ ΝΙΚΟΜΗΔΕΙΑΣ,22.25234,40.586798
6126,ΝΗΠΙΑΓΩΓΕΙΟ ΑΔΑΜ,23.302601,40.551559
6127,1ο ΝΗΠΙΑΓΩΓΕΙΟ ΣΥΚΕΩΝ,,
6128,3ο ΝΗΠΙΑΓΩΓΕΙΟ ΣΥΚΕΩΝ,,
6129,2ο ΝΗΠΙΑΓΩΓΕΙΟ ΣΟΧΟΥ ΛΑΓΚΑΔΑ,23.358224,40.816123
6130,1ο ΝΗΠΙΑΓΩΓΕΙΟ ΕΥΟΣΜΟΥ,22.91409,40.681722
6131,2ο ΝΗΠΙΑΓΩΓΕΙΟ ΜΕΝΕΜΕΝΗΣ,22.878754,40.653075
6132,9ο ΝΗΠΙΑΓΩΓΕΙΟ ΕΥΟΣΜΟΥ,22.922837,40.674221
6133,2ο ΝΗΠΙΑΓΩΓΕΙΟ ΣΥΚΕΩΝ,,
6134,12ο ΝΗΠΙΑΓΩΓΕΙΟ ΣΤΑΥΡΟΥΠΟΛΗΣ,,
6135,16ο ΝΗΠΙΑΓΩΓΕΙΟ ΒΕΡΟΙΑΣ,22.195549,40.511004
6136,8ο ΝΗΠΙΑΓΩΓΕΙΟ ΝΑΟΥΣΑΣ,,
6137,4ο ΝΗΠΙΑΓΩΓΕΙΟ ΠΟΛΙΧΝΗΣ,22.944725,40.675974
6138,ΝΗΠΙΑΓΩΓΕΙΟ ΣΦΗΚΙΑΣ ΒΕΡΟΙΑΣ,22.211852,40.384646
6139,2ο ΝΗΠΙΑΓΩΓΕΙΟ ΚΟΠΑΝΟΥ,22.132192,40.633291
6140,1ο ΝΗΠΙΑΓΩΓΕΙΟ ΠΟΛΙΧΝΗΣ,22.943718,40.675227
6141,ΝΗΠΙΑΓΩΓΕΙΟ ΔΕΝΔΡΟΧΩΡΙΟΥ ΝΕΣΤΟΡΙΟΥ,21.143976,40.58098
6142,2ο ΝΗΠΙΑΓΩΓΕΙΟ ΜΕΛΙΚΗΣ,,
6143,2ο ΝΗΠΙΑΓΩΓΕΙΟ ΠΛΑΤΕΟΣ ΑΛΕΞΑΝΔΡΕΙΑΣ,,
6144,7ο ΝΗΠΙΑΓΩΓΕΙΟ ΑΛΕΞΑΝΔΡΕΙΑΣ,,
6145,4ο ΝΗΠΙΑΓΩΓΕΙΟ ΝΕΑΠΟΛΗΣ,,
6146,15ο ΝΗΠΙΑΓΩΓΕΙΟ ΒΕΡΟΙΑΣ,22.18808,40.505528
6147,ΝΗΠΙΑΓΩΓΕΙΟ ΜΟΝΟΣΠΙΤΩΝ,22.177451,40.615677
6148,ΝΗΠΙΑΓΩΓΕΙΟ ΠΡΑΣΙΝΑΔΑΣ,22.515777,40.559031
6149,ΝΗΠΙΑΓΩΓΕΙΟ ΚΥΨΕΛΗΣ,22.494408,40.554714
6150,5ο ΝΗΠΙΑΓΩΓΕΙΟ ΝΕΑΠΟΛΗΣ,,
6151,9ο ΝΗΠΙΑΓΩΓΕΙΟ ΣΥΚΕΩΝ,,
6152,3ο ΝΗΠΙΑΓΩΓΕΙΟ ΝΕΑΠΟΛΗΣ,,
6153,2ο ΝΗΠΙΑΓΩΓΕΙΟ ΝΑΟΥΣΑΣ,,
6154,3ο ΝΗΠΙΑΓΩΓΕΙΟ ΜΑΚΡΥΧΩΡΙΟΥ,22.241275,40.548835
6155,13ο ΝΗΠΙΑΓΩΓΕΙΟ ΑΜΠΕΛΟΚΗΠΩΝ,22.929495,40.651582
6156,ΝΗΠΙΑΓΩΓΕΙΟ ΡΙΖΩΜΑΤΩΝ ΒΕΡΟΙΑΣ,22.211018,40.349058
6157,17ο ΝΗΠΙΑΓΩΓΕΙΟ ΒΕΡΟΙΑΣ,,
6158,5ο ΝΗΠΙΑΓΩΓΕΙΟ ΕΛΕΥΘΕΡΙΟΥ,22.883995,40.667098
6159,2ο ΝΗΠΙΑΓΩΓΕΙΟ ΠΑΡΑΛΙΑΣ ΣΤΑΥΡΟΥ,,
6160,1ο ΝΗΠΙΑΓΩΓΕΙΟ ΣΤΑΥΡΟΥΠΟΛΗΣ,,
6161,6ο ΝΗΠΙΑΓΩΓΕΙΟ ΠΟΛΙΧΝΗΣ,22.94566,40.662894
6162,5ο ΝΗΠΙΑΓΩΓΕΙΟ ΠΟΛΙΧΝΗΣ,22.940304,40.670806
6163,ΝΗΠΙΑΓΩΓΕΙΟ ΚΑΒΑΣΙΛΗΣ,22.333527,40.590929
6164,5ο ΝΗΠΙΑΓΩΓΕΙΟ ΝΑΟΥΣΑΣ,,
6165,ΝΗΠΙΑΓΩΓΕΙΟ ΑΓΙΑΣ ΜΑΡΙΝΑΣ,,
6166,ΝΗΠΙΑΓΩΓΕΙΟ ΑΡΧΑΓΓΕΛΟΥ,,
6167,1ο ΝΗΠΙΑΓΩΓΕΙΟ ΝΕΑΣ ΜΕΣΗΜΒΡΙΑΣ,22.772092,40.750286
6168,ΝΗΠΙΑΓΩΓΕΙΟ ΑΓΙΟΥ ΓΕΩΡΓΙΟΥ,,
6169,1ο ΝΗΠΙΑΓΩΓΕΙΟ ΠΟΛΥΓΥΡΟΥ,23.434434,40.375763
6170,ΝΗΠΙΑΓΩΓΕΙΟ ΠΟΛΥΠΛΑΤΑΝΟΥ,,
6171,ΝΗΠΙΑΓΩΓΕΙΟ ΣΤΕΝΗΜΑΧΟΥ,,
6172,ΝΗΠΙΑΓΩΓΕΙΟ ΡΟΔΟΧΩΡΙΟΥ,22.019885,40.691394
6173,ΝΗΠΙΑΓΩΓΕΙΟ ΛΕΥΚΗΣ ΝΕΣΤΟΡΙΟΥ,,
6174,11ο ΝΗΠΙΑΓΩΓΕΙΟ ΣΥΚΕΩΝ,,
6175,ΝΗΠΙΑΓΩΓΕΙΟ ΔΙΑΒΑΤΟΥ ΒΕΡΟΙΑΣ,22.269166,40.544237
6176,ΝΗΠΙΑΓΩΓΕΙΟ ΞΗΡΟΧΩΡΙΟΥ,22.780913,40.801134
6177,ΝΗΠΙΑΓΩΓΕΙΟ ΦΟΥΡΚΑΣ,23.414251,40.002327
6178,2ο ΝΗΠΙΑΓΩΓΕΙΟ ΜΕΓΑΛΗΣ ΠΑΝΑΓΙΑΣ,23.67988,40.44399
6179,ΝΗΠΙΑΓΩΓΕΙΟ ΣΑΡΤΗΣ,23.973325,40.096646
6180,2ο ΝΗΠΙΑΓΩΓΕΙΟ ΣΥΚΙΑΣ,23.941395,40.037636
6181,ΝΗΠΙΑΓΩΓΕΙΟ ΜΑΡΙΝΑΣ,22.102307,40.691631
6182,2ο ΝΗΠΙΑΓΩΓΕΙΟ ΒΕΡΟΙΑΣ,22.1979,40.51634
6183,1ο ΝΗΠΙΑΓΩΓΕΙΟ ΚΟΠΑΝΟΥ,22.132193,40.633325
6184,ΝΗΠΙΑΓΩΓΕΙΟ ΠΑΛ ΖΕΡΒΟΧΩΡΙΟΥ,,
6185,11ο ΝΗΠΙΑΓΩΓΕΙΟ ΒΕΡΟΙΑΣ,22.199587,40.521836
6186,6ο ΝΗΠΙΑΓΩΓΕΙΟ ΒΕΡΟΙΑΣ,22.197983,40.519528
6187,ΝΗΠΙΑΓΩΓΕΙΟ ΑΓΙΟΥ ΜΑΜΑ,23.336808,40.256883
6188,1ο ΝΗΠΙΑΓΩΓΕΙΟ ΒΕΡΟΙΑΣ,,
6189,ΝΗΠΙΑΓΩΓΕΙΟ ΣΧΟΙΝΑ,,
6190,ΝΗΠΙΑΓΩΓΕΙΟ ΧΑΡΙΕΣΣΗΣ,22.167522,40.650882
6191,7ο ΝΗΠΙΑΓΩΓΕΙΟ ΒΕΡΟΙΑΣ,22.199587,40.521836
6192,ΝΗΠΙΑΓΩΓΕΙΟ ΚΛΕΙΔΙΟΥ ΑΛΕΞΑΝΔΡΕΙΑΣ,22.592088,40.564882
6193,ΝΗΠΙΑΓΩΓΕΙΟ ΝΕΟΚΑΣΤΡΟΥ ΒΕΡΟΙΑΣ,22.41647,40.504502
6194,1ο ΝΗΠΙΑΓΩΓΕΙΟ ΜΕΛΙΚΗΣ,22.397674,40.516323
6195,ΝΗΠΙΑΓΩΓΕΙΟ ΚΟΡΥΦΗΣ ΑΛΕΞΑΝΔΡΕΙΑΣ,22.505535,40.601097
6196,6ο ΝΗΠΙΑΓΩΓΕΙΟ ΑΜΠΕΛΟΚΗΠΩΝ,22.921474,40.654762
6197,ΝΗΠΙΑΓΩΓΕΙΟ ΛΕΥΚΑΔΙΩΝ,22.118008,40.652119
6198,ΝΗΠΙΑΓΩΓΕΙΟ ΔΑΣΚΙΟΥ ΒΕΡΟΙΑΣ,22.174497,40.334272
6199,ΝΗΠΙΑΓΩΓΕΙΟ ΝΕΩΝ ΒΡΑΣΝΩΝ,,
6200,ΝΗΠΙΑΓΩΓΕΙΟ ΜΙΚΡΑΣ ΒΟΛΒΗΣ,,
6201,ΝΗΠΙΑΓΩΓΕΙΟ ΛΙΑΝΟΒΕΡΓΙΟΥ ΑΛΕΞΑΝΔΡΕΙΑΣ,22.509336,40.636134
6202,ΝΗΠΙΑΓΩΓΕΙΟ ΠΑΛΑΙΟΥ ΠΡΟΔΡΟΜΟΥ ΒΕΡΟΙΑΣ,,
6203,ΝΗΠΙΑΓΩΓΕΙΟ ΑΓΙΑΣ ΤΡΙΑΔΑΣ ΒΕΡΟΙΑΣ,,
6204,ΝΗΠΙΑΓΩΓΕΙΟ ΠΛΑΤΑΝΟΥ ΑΛΕΞΑΝΔΡ,22.554138,40.562633
6205,3ο ΝΗΠΙΑΓΩΓΕΙΟ ΝΑΟΥΣΑΣ,,
6206,4ο ΝΗΠΙΑΓΩΓΕΙΟ ΝΑΟΥΣΑΣ,,
6207,ΝΗΠΙΑΓΩΓΕΙΟ ΗΡΑΚΛΕΙΟΥ,23.03881,40.756087
6208,1ο ΝΗΠΙΑΓΩΓΕΙΟ ΝΑΟΥΣΑΣ,,
6209,ΝΗΠΙΑΓΩΓΕΙΟ ΠΕΡΙΒΟΛΑΚΙΟΥ,23.036873,40.744007
6210,ΝΗΠΙΑΓΩΓΕΙΟ ΣΧΟΛΑΡΙΟΥ,,
6211,2ο ΝΗΠΙΑΓΩΓΕΙΟ ΑΛΕΞΑΝΔΡΕΙΑΣ,22.447492,40.625606
6212,ΝΗΠΙΑΓΩΓΕΙΟ ΑΓΙΑΣ ΒΑΡΒΑΡΑΣ ΒΕΡΟΙΑΣ,22.234147,40.486152
6213,ΝΗΠΙΑΓΩΓΕΙΟ ΑΝΩ ΖΕΡΒΟΧΩΡΙΟΥ,,
6214,ΝΗΠΙΑΓΩΓΕΙΟ ΚΡΙΘΙΑΣ ΛΑΓΚΑΔΑ,22.984741,40.839903
6215,ΝΗΠΙΑΓΩΓΕΙΟ ΒΕΡΓΙΝΗΣ ΒΕΡΟΙΑΣ,22.320487,40.487094
6216,ΝΗΠΙΑΓΩΓΕΙΟ ΑΓΚΑΘΙΑΣ ΑΛΕΞΑΝΔΡΕΙΑΣ,22.474043,40.554479
6217,1ο ΝΗΠΙΑΓΩΓΕΙΟ ΑΣΒΕΣΤΟΧΩΡΙΟΥ,23.02754,40.640386
6218,ΝΗΠΙΑΓΩΓΕΙΟ ΠΕΝΤΑΛΟΦΟΥ,,
6219,1ο ΝΗΠΙΑΓΩΓΕΙΟ ΜΑΚΡΟΧΩΡΙΟΥ ΒΕΡΟΙΑΣ,22.241276,40.548819
6220,ΝΗΠΙΑΓΩΓΕΙΟ ΝΗΣΙΟΥ,22.390157,40.635333
6221,ΝΗΠΙΑΓΩΓΕΙΟ ΝΕΟΧΩΡΙΟΥ,22.448803,40.668034
6222,1ο ΝΗΠΙΑΓΩΓΕΙΟ ΠΛΑΤΕΟΣ ΑΛΕΞΑΝΔΡΕΙΑΣ,22.537705,40.639612
6223,2ο ΝΗΠΙΑΓΩΓΕΙΟ ΜΑΚΡΟΧΩΡΙΟΥ ΒΕΡΟΙΑΣ,22.241278,40.548803
6224,ΝΗΠΙΑΓΩΓΕΙΟ ΝΕΑΣ ΛΥΚΟΓΙΑΝΝΗΣ,22.242615,40.576514
6225,ΝΗΠΙΑΓΩΓΕΙΟ ΛΟΥΤΡΟΥ ΑΛΕΞΑΝΔΡΕΙΑΣ,22.401548,40.589014
6226,3ο ΝΗΠΙΑΓΩΓΕΙΟ ΑΛΕΞΑΝΔΡΕΙΑΣ,22.447492,40.625605
6227,ΝΗΠΙΑΓΩΓΕΙΟ ΒΡΑΧΙΑΣ ΘΕΣΣΑΛΟΝΙΚΗΣ,22.641954,40.661382
6228,ΝΗΠΙΑΓΩΓΕΙΟ ΑΝΑΤΟΛΙΚΟΥ,22.71159,40.661281
6229,13ο ΝΗΠΙΑΓΩΓΕΙΟ ΒΕΡΟΙΑΣ,22.197746,40.519531
6230,ΝΗΠΙΑΓΩΓΕΙΟ ΑΔΕΝΔΡΟΥ ΘΕΣΣΑΛΟΝΙΚΗΣ,22.602905,40.67117
6231,ΝΗΠΙΑΓΩΓΕΙΟ ΑΣΩΜΑΤΩΝ,,
6232,ΝΗΠΙΑΓΩΓΕΙΟ ΤΡΙΠΟΤΑΜΟΥ ΒΕΡΟΙΑΣ,22.180687,40.492291
6233,ΝΗΠΙΑΓΩΓΕΙΟ ΑΚΡΟΠΟΤΑΜΟΥ,,
6234,14ο ΝΗΠΙΑΓΩΓΕΙΟ ΒΕΡΟΙΑΣ,22.195043,40.510039
6235,ΝΗΠΙΑΓΩΓΕΙΟ ΟΣΣΑΣ,23.207079,40.836186
6236,ΝΗΠΙΑΓΩΓΕΙΟ ΣΤΑΥΡΟΥ ΒΕΡΟΙΑΣ,22.310873,40.587689
6237,ΝΗΠΙΑΓΩΓΕΙΟ ΤΑΞΙΑΡΧΗ,23.523914,40.421961
6238,ΝΗΠΙΑΓΩΓΕΙΟ ΜΕΣΗΣ,,
6239,ΝΗΠΙΑΓΩΓΕΙΟ ΚΟΥΛΟΥΡΑΣ ΒΕΡΟΙΑΣ,22.318953,40.544516
6240,ΝΗΠΙΑΓΩΓΕΙΟ ΚΕΦΑΛΟΧΩΡΙΟΥ ΒΕΡΟΙΑΣ,22.367847,40.567769
6241,ΝΗΠΙΑΓΩΓΕΙΟ ΛΟΥΔΙΑ ΘΕΣΣΑΛΟΝΙΚΗΣ,,
6242,4ο ΝΗΠΙΑΓΩΓΕΙΟ ΑΛΕΞΑΝΔΡΕΙΑΣ,22.447492,40.625606
6243,10ο ΝΗΠΙΑΓΩΓΕΙΟ ΒΕΡΟΙΑΣ,22.20351,40.503838
6244,ΝΗΠΙΑΓΩΓΕΙΟ ΠΑΡΘΕΝΙΟΥ ΘΕΣΣΑΛΟΝΙΚΗΣ,22.607761,40.697787
6245,9ο ΝΗΠΙΑΓΩΓΕΙΟ ΒΕΡΟΙΑΣ,22.198369,40.504945
6246,1ο ΝΗΠΙΑΓΩΓΕΙΟ ΝΕΩΝ ΜΑΛΓΑΡΩΝ ΘΕΣΣΑΛΟΝΙΚΗΣ,22.684381,40.607888
6247,ΝΗΠΙΑΓΩΓΕΙΟ ΝΗΣΕΛΙΟΥ ΑΛΕΞΑΝΔΡΕΙΑΣ,,
6248,12ο ΝΗΠΙΑΓΩΓΕΙΟ ΒΕΡΟΙΑΣ,22.200058,40.508973
6249,ΝΗΠΙΑΓΩΓΕΙΟ ΒΑΘΥΛΑΚΚΟΥ,22.709194,40.768321
6250,ΝΗΠΙΑΓΩΓΕΙΟ ΜΙΚΡΟΥ  ΜΟΝΑΣΤΗΡΙΟΥ,22.543241,40.704362
6251,ΝΗΠΙΑΓΩΓΕΙΟ ΚΑΨΟΧΩΡΑΣ ΑΛΕΞΑΝΔΡΕΙΑΣ,,
6252,3ο ΝΗΠΙΑΓΩΓΕΙΟ ΒΕΡΟΙΑΣ,22.194988,40.509992
6253,ΝΗΠΙΑΓΩΓΕΙΟ ΑΓΓΕΛΟΧΩΡΙΟΥ,22.202961,40.675062
6254,ΝΗΠΙΑΓΩΓΕΙΟ ΕΠΙΣΚΟΠΗΣ ΝΑΟΥΣΑΣ,22.146678,40.685504
6255,ΝΗΠΙΑΓΩΓΕΙΟ ΓΙΑΝΝΑΚΟΧΩΡΙΟΥ,22.057493,40.671075
6256,ΝΗΠΙΑΓΩΓΕΙΟ ΞΕΧΑΣΜΕΝΗΣ ΒΕΡΟΙΑΣ,22.33925,40.5686
6257,ΝΗΠΙΑΓΩΓΕΙΟ ΡΑΧΗΣ,22.215473,40.482733
6258,7ο ΝΗΠΙΑΓΩΓΕΙΟ ΝΑΟΥΣΑΣ,,
6259,ΝΗΠΙΑΓΩΓΕΙΟ ΠΑΛ ΣΚΥΛΙΤΣΙΟΥ,22.330048,40.606222
6260,ΝΗΠΙΑΓΩΓΕΙΟ ΑΣΠΡΟΒΑΛΤΗΣ,,
6261,9ο ΝΗΠΙΑΓΩΓΕΙΟ ΚΑΣΤΟΡΙΑΣ,21.254983,40.518811
6262,ΝΗΠΙΑΓΩΓΕΙΟ ΚΑΛΟΧΩΡΙΟΥ ΝΕΣΤΟΡΙΟΥ,21.13547,40.484902
6263,ΝΗΠΙΑΓΩΓΕΙΟ ΚΟΡΟΜΗΛΕΑΣ ΝΕΣΤΟΡΙΟΥ,,
6264,ΝΗΠΙΑΓΩΓΕΙΟ ΚΟΛΟΚΥΝΘΟΥΣ ΝΕΣΤΟΡΙΟΥ,,
6265,2ο ΝΗΠΙΑΓΩΓΕΙΟ ΜΑΝΙΑΚΩΝ,,
6266,ΝΗΠΙΑΓΩΓΕΙΟ ΜΗΛΙΤΣΗΣ,21.330958,40.452346
6267,ΝΗΠΙΑΓΩΓΕΙΟ ΚΩΣΤΑΡΑΖΙΟΥ,21.365115,40.447928
6268,ΝΗΠΙΑΓΩΓΕΙΟ ΝΕΟΥ ΟΙΚΙΣΜΟΥ,21.262036,40.6695
6269,ΝΗΠΙΑΓΩΓΕΙΟ ΑΣΠΡΟΚΚΛΗΣΙΑΣ,21.258101,40.404804
6270,ΝΗΠΙΑΓΩΓΕΙΟ ΜΕΛΙΣΣΟΤΟΠΟΥ,21.397153,40.576452
6271,7ο ΝΗΠΙΑΓΩΓΕΙΟ ΕΥΟΣΜΟΥ,22.914587,40.676658
6272,ΝΗΠΙΑΓΩΓΕΙΟ ΛΑΚΚΩΜΑΤΩΝ,,
6273,2ο ΝΗΠΙΑΓΩΓΕΙΟ ΜΕΛΙΤΗΣ,21.583423,40.830518
6274,ΝΗΠΙΑΓΩΓΕΙΟ ΝΕΟΧΩΡΑΚΙΟΥ,21.542563,40.827523
6275,ΝΗΠΙΑΓΩΓΕΙΟ ΑΥΓΗΣ,,
6276,ΝΗΠΙΑΓΩΓΕΙΟ ΛΕΧΟΒΟΥ,21.491127,40.582997
6277,1ο ΝΗΠΙΑΓΩΓΕΙΟ ΑΜΥΝΤΑΙΟΥ,21.678854,40.689502
6278,1ο ΝΗΠΙΑΓΩΓΕΙΟ ΚΕΛΛΗΣ,21.690262,40.784457
6279,ΝΗΠΙΑΓΩΓΕΙΟ ΛΑΚΚΙΑΣ,21.704497,40.64486
6280,ΝΗΠΙΑΓΩΓΕΙΟ ΚΛΕΙΔΙΟΥ,21.641021,40.749469
6281,7ο ΝΗΠΙΑΓΩΓΕΙΟ ΣΤΑΥΡΟΥΠΟΛΗΣ,,
6282,ΝΗΠΙΑΓΩΓΕΙΟ ΔΙΣΠΗΛΙΟΥ,21.287645,40.476973
6283,ΝΗΠΙΑΓΩΓΕΙΟ ΚΛΕΙΣΟΥΡΑΣ,21.469323,40.53344
6284,ΝΗΠΙΑΓΩΓΕΙΟ ΣΤΑΥΡΟΠΟΤΑΜΟΥ,,
6285,ΝΗΠΙΑΓΩΓΕΙΟ ΜΑΥΡΟΧΩΡΙΟΥ,21.321879,40.511246
6286,ΝΗΠΙΑΓΩΓΕΙΟ ΑΓΙΑΣ ΚΥΡΙΑΚΗΣ ΝΕΣΤΟΡΙΟΥ,21.120579,40.524101
6287,ΝΗΠΙΑΓΩΓΕΙΟ ΒΟΓΑΤΣΙΚΟΥ,21.382284,40.413284
6288,ΝΗΠΙΑΓΩΓΕΙΟ ΔΙΠΟΤΑΜΙΑΣ ΝΕΣΤΟΡΙΟΥ,20.98588,40.486439
6289,ΝΗΠΙΑΓΩΓΕΙΟ ΚΕΦΑΛΑΡΙΟΥ ΚΑΣΤΟΡΙΑ,,
6290,ΝΗΠΙΑΓΩΓΕΙΟ ΓΕΡΜΑ,21.430104,40.453009
6291,4ο ΝΗΠΙΑΓΩΓΕΙΟ ΑΡΓΟΥΣ ΟΡΕΣΤΙΚΟΥ,21.262051,40.452104
6292,ΝΗΠΙΑΓΩΓΕΙΟ ΑΜΠΕΛΟΚΗΠΩΝ,21.310975,40.463672
6293,ΝΗΠΙΑΓΩΓΕΙΟ ΒΑΣΙΛΕΙΑΔΑΣ,21.430349,40.564217
6294,ΝΗΠΙΑΓΩΓΕΙΟ ΛΟΦΩΝ,21.5881,40.79438
6295,ΝΗΠΙΑΓΩΓΕΙΟ ΤΟΙΧΙΟΥ ΚΑΣΤΟΡΙΑ,21.305014,40.582174
6296,ΝΗΠΙΑΓΩΓΕΙΟ ΠΟΛΥΚΑΡΠΗΣ,21.32407,40.520723
6297,ΝΗΠΙΑΓΩΓΕΙΟ ΜΑΝΙΑΚΙΟΥ,21.777036,40.688955
6298,ΝΗΠΙΑΓΩΓΕΙΟ ΞΗΡΟΠΟΤΑΜΟΥ,,
6299,ΝΗΠΙΑΓΩΓΕΙΟ ΠΕΡΙΣΤΕΡΩΝΑ,23.343333,40.65952
6300,13ο ΝΗΠΙΑΓΩΓΕΙΟ ΠΟΛΙΧΝΗΣ,22.945363,40.676561
6301,ΝΗΠΙΑΓΩΓΕΙΟ ΠΕΤΡΩΤΟΥ,,
6302,ΝΗΠΙΑΓΩΓΕΙΟ ΑΠΟΛΛΩΝΙΑΣ,23.489034,40.640371
6303,6ο ΝΗΠΙΑΓΩΓΕΙΟ ΚΑΣΤΟΡΙΑΣ,21.262645,40.525907
6304,ΝΗΠΙΑΓΩΓΕΙΟ ΛΑΧΑΝΑ,23.208852,40.961296
6305,11ο ΝΗΠΙΑΓΩΓΕΙΟ ΝΕΑΠΟΛΗΣ,,
6306,2ο ΝΗΠΙΑΓΩΓΕΙΟ ΦΙΛΥΡΟΥ,23.005705,40.68972
6307,3ο ΝΗΠΙΑΓΩΓΕΙΟ ΕΥΚΑΡΠΙΑΣ,22.956909,40.687509
6308,ΝΗΠΙΑΓΩΓΕΙΟ ΟΙΝΟΗΣ ΝΕΣΤΟΡΙΟΥ,21.084487,40.515356
6309,ΝΗΠΙΑΓΩΓΕΙΟ ΧΙΛΙΟΔΕΝΔΡΟΥ ΝΕΣΤΟΡΙΟΥ,,
6310,ΝΗΠΙΑΓΩΓΕΙΟ ΠΟΡΙΑΣ ΝΕΣΤΟΡΙΟΥ,,
6311,3ο ΝΗΠΙΑΓΩΓΕΙΟ ΜΑΝΙΑΚΩΝ,,
6312,ΝΗΠΙΑΓΩΓΕΙΟ ΤΣΑΚΟΝΗΣ ΝΕΣΤΟΡΙΟΥ,,
6313,ΝΗΠΙΑΓΩΓΕΙΟ ΠΕΝΤΑΒΡΥΣΟΥ ΝΕΣΤΟΡΙΟΥ,,
6314,8ο ΝΗΠΙΑΓΩΓΕΙΟ ΚΑΣΤΟΡΙΑΣ,21.267606,40.519177
6315,ΝΗΠΙΑΓΩΓΕΙΟ ΝΕΣΤΟΡΙΟΥ,21.057935,40.414325
6316,1ο ΝΗΠΙΑΓΩΓΕΙΟ ΜΕΣΟΠΟΤΑΜΙΑΣ,21.15848,40.503371
6317,ΝΗΠΙΑΓΩΓΕΙΟ ΚΡΑΝΟΧΩΡΙΟΥ ΝΕΣΤΟΡΙΟΥ,21.093172,40.454738
6318,2ο ΝΗΠΙΑΓΩΓΕΙΟ ΑΣΒΕΣΤΟΧΩΡΙΟΥ,23.027539,40.640387
6319,12ο ΝΗΠΙΑΓΩΓΕΙΟ ΠΟΛΙΧΝΗΣ,22.951044,40.660261
6320,7ο ΝΗΠΙΑΓΩΓΕΙΟ ΚΑΣΤΟΡΙΑΣ,21.272832,40.51815
6321,1ο ΝΗΠΙΑΓΩΓΕΙΟ ΜΑΝΙΑΚΩΝ,,
6322,3ο ΝΗΠΙΑΓΩΓΕΙΟ ΦΙΛΥΡΟΥ,,
6323,3ο ΝΗΠΙΑΓΩΓΕΙΟ ΛΑΓΚΑΔΑ,23.067242,40.751162
6324,5ο ΝΗΠΙΑΓΩΓΕΙΟ ΚΑΣΤΟΡΙΑΣ,21.252656,40.512052
6325,4ο ΝΗΠΙΑΓΩΓΕΙΟ ΚΑΣΤΟΡΙΑΣ,21.262817,40.522757
6326,5ο ΝΗΠΙΑΓΩΓΕΙΟ ΕΥΟΣΜΟΥ,22.91409,40.681722
6327,4ο ΝΗΠΙΑΓΩΓΕΙΟ ΕΥΟΣΜΟΥ,22.900995,40.686038
6328,3ο ΝΗΠΙΑΓΩΓΕΙΟ ΑΜΠΕΛΟΚΗΠΩΝ,22.922853,40.654071
6329,ΝΗΠΙΑΓΩΓΕΙΟ ΚΟΡΗΣΟΥ,21.376258,40.502813
6330,3ο ΝΗΠΙΑΓΩΓΕΙΟ ΚΑΣΤΟΡΙΑΣ,21.268282,40.523339
6331,2ο ΝΗΠΙΑΓΩΓΕΙΟ ΚΑΣΤΟΡΙΑΣ,21.271036,40.521678
6332,1ο ΝΗΠΙΑΓΩΓΕΙΟ ΚΑΣΤΟΡΙΑΣ,21.267585,40.519278
6333,10ο ΝΗΠΙΑΓΩΓΕΙΟ ΣΥΚΕΩΝ,,
6334,ΝΗΠΙΑΓΩΓΕΙΟ ΑΓΙΟΥ ΒΑΣΙΛΕΙΟΥ ΛΑΓΚΑΔΑ,,
6335,2ο ΝΗΠΙΑΓΩΓΕΙΟ ΧΑΛΚΗΔΟΝΟΣ,22.599489,40.731897
6336,ΝΗΠΙΑΓΩΓΕΙΟ ΓΕΡΑΚΑΡΟΥΣ,,
6337,ΝΗΠΙΑΓΩΓΕΙΟ ΝΕΑΣ ΑΠΟΛΛΩΝΙΑΣ,23.443483,40.624732
6338,ΝΗΠΙΑΓΩΓΕΙΟ ΖΑΓΚΛΙΒΕΡΙΟΥ,23.290681,40.568565
6339,ΝΗΠΙΑΓΩΓΕΙΟ ΛΑΓΥΝΩΝ ΛΑΓΚΑΔΑ,23.010815,40.722917
6340,3ο ΝΗΠΙΑΓΩΓΕΙΟ ΕΛΕΥΘΕΡΙΟΥ,22.880876,40.671483
6341,5ο ΝΗΠΙΑΓΩΓΕΙΟ ΑΜΠΕΛΟΚΗΠΩΝ,22.918293,40.656998
6342,8ο ΝΗΠΙΑΓΩΓΕΙΟ ΕΥΟΣΜΟΥ,22.921394,40.682377
6343,7ο ΝΗΠΙΑΓΩΓΕΙΟ ΝΕΑΠΟΛΗΣ,,
6344,ΝΗΠΙΑΓΩΓΕΙΟ ΜΕΤΑΜΟΡΦΩΣΗΣ,,
6345,ΝΗΠΙΑΓΩΓΕΙΟ ΝΙΚΟΜΗΔΙΝΟΥ,23.274283,40.633758
6346,ΝΗΠΙΑΓΩΓΕΙΟ ΚΑΒΑΛΛΑΡΙΟΥ ΛΑΓΚΑΔΑ,23.045571,40.712956
6347,12ο ΝΗΠΙΑΓΩΓΕΙΟ ΕΛΕΥΘΕΡΙΟΥ-ΚΟΡΔΕΛΙΟΥ,22.884074,40.671151
6348,8ο ΝΗΠΙΑΓΩΓΕΙΟ ΝΕΑΠΟΛΗΣ,,
6349,1ο ΝΗΠΙΑΓΩΓΕΙΟ ΜΕΝΕΜΕΝΗΣ,22.89792,40.649971
6350,6ο ΝΗΠΙΑΓΩΓΕΙΟ ΝΑΟΥΣΑΣ,,
6351,2ο ΝΗΠΙΑΓΩΓΕΙΟ ΜΕΣΟΠΟΤΑΜΙΑΣ,21.158485,40.503368
6352,4ο ΝΗΠΙΑΓΩΓΕΙΟ ΝΕΩΝ ΜΟΥΔΑΝΙΩΝ,,
6353,21ο ΝΗΠΙΑΓΩΓΕΙΟ ΣΤΑΥΡΟΥΠΟΛΗΣ,,
6354,7ο ΝΗΠΙΑΓΩΓΕΙΟ ΕΛΕΥΘΕΡΙΟΥ,22.888128,40.665713
6355,2ο ΝΗΠΙΑΓΩΓΕΙΟ ΦΛΩΡΙΝΑΣ,21.407724,40.775358
6356,1ο ΝΗΠΙΑΓΩΓΕΙΟ ΦΛΩΡΙΝΑΣ,21.407724,40.775358
6357,6ο ΝΗΠΙΑΓΩΓΕΙΟ ΦΛΩΡΙΝΑΣ,21.400086,40.777253
6358,12ο ΝΗΠΙΑΓΩΓΕΙΟ ΑΜΠΕΛΟΚΗΠΩΝ,22.929495,40.651582
6359,11ο ΝΗΠΙΑΓΩΓΕΙΟ ΑΜΠΕΛΟΚΗΠΩΝ,22.929495,40.651582
6360,4ο ΝΗΠΙΑΓΩΓΕΙΟ ΜΕΝΕΜΕΝΗΣ,22.89792,40.649971
6361,19ο ΝΗΠΙΑΓΩΓΕΙΟ ΣΤΑΥΡΟΥΠΟΛΗΣ,,
6362,13ο ΝΗΠΙΑΓΩΓΕΙΟ ΕΥΟΣΜΟΥ,,
6363,12ο ΝΗΠΙΑΓΩΓΕΙΟ ΕΥΟΣΜΟΥ,22.910776,40.68688
6364,ΝΗΠΙΑΓΩΓΕΙΟ ΑΝΩ ΣΤΑΥΡΟΥ,,
6365,1ο ΝΗΠΙΑΓΩΓΕΙΟ ΝΕΑΣ ΤΡΙΓΛΙΑΣ,23.212565,40.303597
6366,ΝΗΠΙΑΓΩΓΕΙΟ ΟΛΥΝΘΟΥ,23.343334,40.285739
6367,1ο ΝΗΠΙΑΓΩΓΕΙΟ ΟΡΜΥΛΙΑΣ,23.54364,40.293364
6368,1ο ΝΗΠΙΑΓΩΓΕΙΟ ΚΑΛΛΙΚΡΑΤΕΙΑΣ,23.063677,40.313969
6369,4ο ΝΗΠΙΑΓΩΓΕΙΟ ΕΥΚΑΡΠΙΑΣ,,
6370,1ο ΝΗΠΙΑΓΩΓΕΙΟ ΣΗΜΑΝΤΡΩΝ,23.311905,40.345723
6371,ΝΗΠΙΑΓΩΓΕΙΟ ΠΕΤΡΑΛΩΝΩΝ,23.160299,40.367648
6372,2ο ΝΗΠΙΑΓΩΓΕΙΟ ΑΜΥΝΤΑΙΟΥ,21.678854,40.689502
6373,ΝΗΠΙΑΓΩΓΕΙΟ ΑΓΙΟΥ ΠΑΝΤΕΛΕΗΜΟΝΟΣ,21.747522,40.725111
6374,ΝΗΠΙΑΓΩΓΕΙΟ ΒΑΣΙΛΟΥΔΙΟΥ,,
6375,ΝΗΠΙΑΓΩΓΕΙΟ ΣΤΙΒΟΥ,23.305134,40.646185
6376,ΝΗΠΙΑΓΩΓΕΙΟ ΛΑΓΚΑΔΙΚΙΩΝ,,
6377,1ο ΝΗΠΙΑΓΩΓΕΙΟ ΚΑΣΣΑΝΔΡΕΙΑΣ,23.413787,40.046193
6378,5ο ΝΗΠΙΑΓΩΓΕΙΟ ΦΛΩΡΙΝΑΣ,21.392595,40.7757
6379,5ο ΝΗΠΙΑΓΩΓΕΙΟ ΣΥΚΕΩΝ,,
6380,4ο ΝΗΠΙΑΓΩΓΕΙΟ ΣΥΚΕΩΝ,,
6381,ΝΗΠΙΑΓΩΓΕΙΟ ΠΕΤΡΩΝ,21.672742,40.726262
6382,4ο ΝΗΠΙΑΓΩΓΕΙΟ ΦΛΩΡΙΝΑΣ,21.398057,40.776648
6383,3ο ΝΗΠΙΑΓΩΓΕΙΟ ΦΛΩΡΙΝΑΣ,21.411637,40.78016
6384,ΝΗΠΙΑΓΩΓΕΙΟ ΠΑΛΑΙΣΤΡΑΣ,21.517771,40.799994
6385,ΝΗΠΙΑΓΩΓΕΙΟ ΑΝΤΙΓΟΝΟΥ,21.764055,40.637589
6386,ΝΗΠΙΑΓΩΓΕΙΟ ΑΧΛΑΔΑΣ ΦΛΩΡΙΝΑΣ,21.605648,40.857553
6387,9ο ΝΗΠΙΑΓΩΓΕΙΟ ΑΜΠΕΛΟΚΗΠΩΝ,22.920833,40.656559
6388,ΝΗΠΙΑΓΩΓΕΙΟ ΒΑΛΤΟΝΕΡΟΥ,,
6389,8ο ΝΗΠΙΑΓΩΓΕΙΟ ΑΜΠΕΛΟΚΗΠΩΝ,22.921402,40.650354
6390,ΝΗΠΙΑΓΩΓΕΙΟ ΒΑΡΙΚΟΥ,21.504519,40.537099
6391,18ο ΝΗΠΙΑΓΩΓΕΙΟ ΣΤΑΥΡΟΥΠΟΛΗΣ,,
6392,1ο ΝΗΠΙΑΓΩΓΕΙΟ ΒΕΥΗΣ,21.614194,40.765365
6393,17ο ΝΗΠΙΑΓΩΓΕΙΟ ΣΤΑΥΡΟΥΠΟΛΗΣ,,
6394,6ο ΝΗΠΙΑΓΩΓΕΙΟ ΣΥΚΕΩΝ,,
6395,13ο ΝΗΠΙΑΓΩΓΕΙΟ ΣΤΑΥΡΟΥΠΟΛΗΣ,,
6396,ΝΗΠΙΑΓΩΓΕΙΟ ΒΕΓΟΡΩΝ,21.717069,40.679801
6397,ΝΗΠΙΑΓΩΓΕΙΟ ΠΕΔΙΝΟΥ,,
6398,ΝΗΠΙΑΓΩΓΕΙΟ ΑΕΤΟΥ,,
6399,ΝΗΠΙΑΓΩΓΕΙΟ ΑΝΑΡΓΥΡΩΝ,,
6400,ΝΗΠΙΑΓΩΓΕΙΟ ΣΙΤΑΡΙΑΣ,21.543401,40.7896
6401,ΝΗΠΙΑΓΩΓΕΙΟ ΣΚΛΗΘΡΟΥ,,
6402,10ο ΝΗΠΙΑΓΩΓΕΙΟ ΝΕΑΠΟΛΗΣ,,
6403,9ο ΝΗΠΙΑΓΩΓΕΙΟ ΝΕΑΠΟΛΗΣ,,
6404,ΝΗΠΙΑΓΩΓΕΙΟ ΙΤΕΑΣ,21.515133,40.833541
6405,8ο ΝΗΠΙΑΓΩΓΕΙΟ ΣΥΚΕΩΝ,,
6406,7ο ΝΗΠΙΑΓΩΓΕΙΟ ΣΥΚΕΩΝ,,
6407,1ο ΝΗΠΙΑΓΩΓΕΙΟ ΦΙΛΥΡΟΥ,23.005705,40.689724
6408,ΝΗΠΙΑΓΩΓΕΙΟ ΠΟΛΥΧΡΟΝΟΥ,23.528548,40.012356
6409,ΝΗΠΙΑΓΩΓΕΙΟ ΑΓΙΟΥ ΠΡΟΔΡΟΜΟΥ,23.380294,40.463747
6410,ΝΗΠΙΑΓΩΓΕΙΟ ΑΣΣΗΡΟΥ,23.031668,40.821053
6411,ΝΗΠΙΑΓΩΓΕΙΟ ΚΑΛΑΜΩΤΟΥ,23.377237,40.554589
6412,8ο ΝΗΠΙΑΓΩΓΕΙΟ ΦΛΩΡΙΝΑΣ,21.417498,40.78557
6413,2ο ΝΗΠΙΑΓΩΓΕΙΟ ΝΕΑΣ ΤΡΙΓΛΙΑΣ,23.212565,40.303597
6414,2ο ΝΗΠΙΑΓΩΓΕΙΟ ΝΕΑΣ ΚΑΛΛΙΚΡΑΤΕΙΑΣ,23.063677,40.313969
6415,ΝΗΠΙΑΓΩΓΕΙΟ ΦΛΑΜΠΟΥΡΟΥ,21.523436,40.704782
6416,ΝΗΠΙΑΓΩΓΕΙΟ ΠΕΡΑΣΜΑΤΟΣ ΦΛΩΡΙΝΑΣ,21.468798,40.751002
6417,ΝΗΠΙΑΓΩΓΕΙΟ ΛΑΙΜΟΥ ΦΛΩΡΙΝΑΣ,21.140384,40.834465
6418,ΝΗΠΙΑΓΩΓΕΙΟ ΣΚΟΠΙΑΣ,21.411487,40.761816
6419,ΝΗΠΙΑΓΩΓΕΙΟ ΠΟΛΥΠΟΤΑΜΟΥ ΦΛΩΡΙΝΑΣ,21.365716,40.717837
6420,ΝΗΠΙΑΓΩΓΕΙΟ ΝΕΟΥ ΚΑΥΚΑΣΟΥ ΦΛΩΡΙΝΑΣ,21.474615,40.890181
6421,ΝΗΠΙΑΓΩΓΕΙΟ ΑΓΙΟΥ ΓΕΡΜΑΝΟΥ ΦΛΩΡΙΝΑΣ,21.161473,40.837338
6422,ΝΗΠΙΑΓΩΓΕΙΟ ΝΙΚΗΣ ΦΛΩΡΙΝΑΣ,21.422551,40.90832
6423,ΝΗΠΙΑΓΩΓΕΙΟ ΤΡΙΠΟΤΑΜΩΝ ΦΛΩΡΙΝΑΣ,21.499475,40.819207
6424,ΝΗΠΙΑΓΩΓΕΙΟ ΜΑΡΙΝΑΣ ΦΛΩΡΙΝΑΣ,21.494941,40.860804
6425,ΝΗΠΙΑΓΩΓΕΙΟ ΤΡΟΠΑΙΟΥΧΟΥ ΦΛΩΡΙΝΑΣ,21.440601,40.738342
6426,4ο ΝΗΠΙΑΓΩΓΕΙΟ ΑΜΥΝΤΑΙΟΥ,21.678854,40.689502
6427,9ο ΝΗΠΙΑΓΩΓΕΙΟ ΝΑΟΥΣΑΣ,,
6428,3ο ΝΗΠΙΑΓΩΓΕΙΟ ΠΕΥΚΩΝ,,
6429,22ο ΝΗΠΙΑΓΩΓΕΙΟ ΣΤΑΥΡΟΥΠΟΛΗΣ,,
6430,7ο ΝΗΠΙΑΓΩΓΕΙΟ ΠΟΛΙΧΝΗΣ,22.94566,40.662896
6431,11ο ΝΗΠΙΑΓΩΓΕΙΟ ΣΤΑΥΡΟΥΠΟΛΗΣ,,
6432,ΝΗΠΙΑΓΩΓΕΙΟ ΚΑΣΤΑΝΑ,22.659629,40.819089
6433,ΝΗΠΙΑΓΩΓΕΙΟ ΜΕΣΟΧΩΡΙΟΥ,21.511486,40.882438
6434,3ο ΝΗΠΙΑΓΩΓΕΙΟ ΘΕΣΣΑΛΟΝΙΚΗΣ ΕΙΔΙΚΟ,,
6435,2ο ΝΗΠΙΑΓΩΓΕΙΟ ΕΥΚΑΡΠΙΑΣ,22.956909,40.687509
6436,ΝΗΠΙΑΓΩΓΕΙΟ ΑΓΧΙΑΛΟΥ,22.782527,40.712753
6437,10ο ΝΗΠΙΑΓΩΓΕΙΟ ΝΑΟΥΣΑΣ,,
6438,ΝΗΠΙΑΓΩΓΕΙΟ ΔΟΥΜΠΙΩΝ,23.351551,40.510376
6439,ΝΗΠΙΑΓΩΓΕΙΟ ΒΡΑΣΤΑΜΩΝ,23.535732,40.370278
6440,ΝΗΠΙΑΓΩΓΕΙΟ ΝΕΑΣ ΠΟΤΙΔΑΙΑΣ,23.329144,40.19229
6441,1ο ΝΗΠΙΑΓΩΓΕΙΟ ΝΕΟΥ ΜΑΡΜΑΡΑ,23.789583,40.090082
6442,ΝΗΠΙΑΓΩΓΕΙΟ ΒΑΒΔΟΥ,23.325712,40.424088
6443,2ο ΝΗΠΙΑΓΩΓΕΙΟ ΠΟΛΥΓΥΡΟΥ,23.441796,40.380304
6444,ΝΗΠΙΑΓΩΓΕΙΟ ΝΥΜΦΟΠΕΤΡΑΣ,,
6445,ΝΗΠΙΑΓΩΓΕΙΟ ΚΑΛΑΝΔΡΑΣ,23.401301,39.969011
6446,ΝΗΠΙΑΓΩΓΕΙΟ ΝΕΩΝ ΣΙΛΑΤΩΝ,23.13943,40.326232
6447,ΝΗΠΙΑΓΩΓΕΙΟ ΠΑΛΙΟΥΡΙΟΥ,,
6448,ΝΗΠΙΑΓΩΓΕΙΟ ΠΟΡΤΑΡΙΑΣ,23.296154,40.282518
6449,1ο ΝΗΠΙΑΓΩΓΕΙΟ ΕΥΚΑΡΠΙΑΣ,22.956909,40.687509
6450,ΝΗΠΙΑΓΩΓΕΙΟ ΑΡΝΑΙΑΣ,23.59417,40.485006
6451,ΝΗΠΙΑΓΩΓΕΙΟ ΝΕΑΣ ΦΩΚΑΙΑΣ,23.39888,40.129654
6452,ΝΗΠΙΑΓΩΓΕΙΟ ΜΕΤΑΜΟΡΦΩΣΗΣ,23.605279,40.226498
6453,2ο ΝΗΠΙΑΓΩΓΕΙΟ ΓΑΛΑΤΙΣΤΑΣ,23.279004,40.466559
6454,ΝΗΠΙΑΓΩΓΕΙΟ ΚΑΛΛΙΘΕΑΣ,23.443948,40.071554
6455,ΝΗΠΙΑΓΩΓΕΙΟ ΖΩΓΡΑΦΟΥ,,
6456,ΝΗΠΙΑΓΩΓΕΙΟ ΝΕΑΣ ΗΡΑΚΛΕΙΑΣ,,
6457,ΝΗΠΙΑΓΩΓΕΙΟ ΚΡΗΝΗΣ,23.163586,40.395255
6458,ΝΗΠΙΑΓΩΓΕΙΟ ΠΑΛΑΙΟΧΩΡΙΟΥ,23.650055,40.489896
6459,ΝΗΠΙΑΓΩΓΕΙΟ ΑΓΙΟΥ ΝΙΚΟΛΑΟΥ,23.697956,40.245853
6460,2ο ΝΗΠΙΑΓΩΓΕΙΟ ΠΑΠΑΓΙΑΝΝΗ ΦΛΩΡΙΝΑΣ,21.497996,40.837688
6461,ΝΗΠΙΑΓΩΓΕΙΟ ΑΦΥΤΟΥ,23.433719,40.094836
6462,ΝΗΠΙΑΓΩΓΕΙΟ ΓΕΡΑΚΙΝΗΣ,,
6463,ΝΗΠΙΑΓΩΓΕΙΟ ΛΑΚΚΩΜΑΤΟΣ,23.050797,40.391563
6464,ΝΗΠΙΑΓΩΓΕΙΟ ΠΕΥΚΟΧΩΡΙΟΥ,23.613961,39.984983
6465,ΝΗΠΙΑΓΩΓΕΙΟ ΣΤΡΑΤΟΝΙΚΗΣ,23.763795,40.52465
6466,ΝΗΠΙΑΓΩΓΕΙΟ ΝΙΚΗΤΗΣ,23.671509,40.227407
6467,ΝΗΠΙΑΓΩΓΕΙΟ ΣΤΑΝΟΥ,23.592297,40.543412
6468,1ο ΝΗΠΙΑΓΩΓΕΙΟ ΙΕΡΙΣΣΟΥ,23.877128,40.394279
6469,ΝΗΠΙΑΓΩΓΕΙΟ ΝΕΩΝ ΡΟΔΩΝ,23.924158,40.376645
6470,1ο ΝΗΠΙΑΓΩΓΕΙΟ ΣΥΚΙΑΣ,23.941395,40.037637
6471,ΝΗΠΙΑΓΩΓΕΙΟ ΝΕΩΝ ΦΛΟΓΗΤΩΝ,23.22498,40.260689
6472,2ο ΝΗΠΙΑΓΩΓΕΙΟ ΕΥΟΣΜΟΥ,22.898305,40.678573
6473,2ο ΝΗΠΙΑΓΩΓΕΙΟ ΕΛΕΥΘΕΡΙΟΥ,22.889215,40.670949
6474,4ο ΝΗΠΙΑΓΩΓΕΙΟ ΑΜΠΕΛΟΚΗΠΩΝ,22.923187,40.654342
6475,1ο ΝΗΠΙΑΓΩΓΕΙΟ ΜΕΓΑΛΗΣ ΠΑΝΑΓΙΑΣ,23.679882,40.443993
6476,9ο ΝΗΠΙΑΓΩΓΕΙΟ ΦΛΩΡΙΝΑΣ,21.407724,40.775358
6477,ΝΗΠΙΑΓΩΓΕΙΟ ΚΑΤΩ ΚΛΕΙΝΩΝ ΦΛΩΡΙΝΑΣ,21.399585,40.84807
6478,3ο ΝΗΠΙΑΓΩΓΕΙΟ ΑΜΥΝΤΑΙΟΥ,21.678854,40.689502
6479,ΝΗΠΙΑΓΩΓΕΙΟ ΑΚΡΙΤΑ,21.303065,40.813535
6480,ΝΗΠΙΑΓΩΓΕΙΟ ΦΙΛΩΤΑ,21.708771,40.62255
6481,ΝΗΠΙΑΓΩΓΕΙΟ ΣΙΜΟΥ ΙΩΑΝΝΙΔΗ,,
6482,10ο ΝΗΠΙΑΓΩΓΕΙΟ ΦΛΩΡΙΝΑΣ,,
6483,ΝΗΠΙΑΓΩΓΕΙΟ ΑΛΩΝΩΝ,21.303613,40.774518
6484,ΝΗΠΙΑΓΩΓΕΙΟ ΛΕΠΤΟΚΑΡΥΑΣ,21.510215,40.745117
6485,ΝΗΠΙΑΓΩΓΕΙΟ ΔΡΟΣΟΠΗΓΗΣ ΦΛΩΡΙΝΑΣ,21.454146,40.688172
6486,1ο ΝΗΠΙΑΓΩΓΕΙΟ ΑΜΜΟΧΩΡΙΟΥ ΦΛΩΡΙΝΑΣ,21.483352,40.782091
6487,2ο ΝΗΠΙΑΓΩΓΕΙΟ ΑΜΜΟΧΩΡΙΟΥ ΦΛΩΡΙΝΑΣ,21.483352,40.782092
6488,ΝΗΠΙΑΓΩΓΕΙΟ ΑΝΩ ΚΑΛΛΙΝΙΚΗΣ ΦΛΩΡΙΝΑΣ,21.455727,40.85768
6489,ΝΗΠΙΑΓΩΓΕΙΟ ΑΡΜΕΝΟΧΩΡΙΟΥ ΦΛΩΡΙΝΑΣ,21.460411,40.799613
6490,2ο ΝΗΠΙΑΓΩΓΕΙΟ ΦΙΛΩΤΑ,,
6491,ΝΗΠΙΑΓΩΓΕΙΟ ΚΑΛΛΙΘΕΑΣ ΦΛΩΡΙΝΑΣ,21.155114,40.798271
6492,ΝΗΠΙΑΓΩΓΕΙΟ ΑΝΑΛΗΨΗΣ,23.175201,40.719794
6493,ΝΗΠΙΑΓΩΓΕΙΟ ΜΑΥΡΟΥΔΑΣ,23.469127,40.803605
6494,7ο ΝΗΠΙΑΓΩΓΕΙΟ ΦΛΩΡΙΝΑΣ,21.404583,40.781856
6495,ΝΗΠΙΑΓΩΓΕΙΟ ΠΕΛΑΡΓΟΥ,21.756023,40.61283
6496,ΝΗΠΙΑΓΩΓΕΙΟ ΑΝΩ ΚΛΕΙΝΩΝ ΦΛΩΡΙΝΑΣ,21.382461,40.843553
6497,ΝΗΠΙΑΓΩΓΕΙΟ ΑΝΩ ΥΔΡΟΥΣΗΣ ΦΛΩΡΙΝΑΣ,21.473757,40.697119
6498,ΝΗΠΙΑΓΩΓΕΙΟ ΒΑΡΒΑΡΑΣ,23.660261,40.56759
6499,ΝΗΠΙΑΓΩΓΕΙΟ ΝΕΟΧΩΡΙΟΥ,23.678494,40.506043
6500,1ο ΝΗΠΙΑΓΩΓΕΙΟ ΑΡΓΟΥΣ ΟΡΕΣΤΙΚΟΥ,21.262051,40.452104
6501,ΝΗΠΙΑΓΩΓΕΙΟ ΞΙΝΟΥ ΝΕΡΟΥ,21.622673,40.689444
6502,3ο ΝΗΠΙΑΓΩΓΕΙΟ ΕΥΟΣΜΟΥ,22.905308,40.675064
6503,ΝΗΠΙΑΓΩΓΕΙΟ ΓΕΦΥΡΑΣ,22.694154,40.729805
6504,ΝΗΠΙΑΓΩΓΕΙΟ ΑΝΤΑΡΤΙΚΟΥ,21.207899,40.757436
6505,ΝΗΠΙΑΓΩΓΕΙΟ ΚΡΥΟΠΗΓΗΣ,23.473373,40.032613
6506,3ο ΝΗΠΙΑΓΩΓΕΙΟ ΠΟΛΥΓΥΡΟΥ,23.441337,40.374537
6507,ΝΗΠΙΑΓΩΓΕΙΟ ΝΕΑΣ ΣΚΙΩΝΗΣ,23.533357,39.945723
6508,ΝΗΠΙΑΓΩΓΕΙΟ ΜΑΡΑΘΟΥΣΑΣ,23.476381,40.560001
6509,ΝΗΠΙΑΓΩΓΕΙΟ ΠΑΛΑΙΟΧΩΡΑΣ,23.451505,40.499792
6510,2ο ΝΗΠΙΑΓΩΓΕΙΟ ΚΑΣΣΑΝΔΡΕΙΑΣ,23.413787,40.046193
6511,2ο ΝΗΠΙΑΓΩΓΕΙΟ ΙΕΡΙΣΣΟΥ,23.877122,40.394275
6512,ΝΗΠΙΑΓΩΓΕΙΟ ΣΤΡΑΤΩΝΙΟΥ,23.821865,40.513067
6513,3ο ΝΗΠΙΑΓΩΓΕΙΟ ΝΕΩΝ ΜΟΥΔΑΝΙΩΝ,23.288648,40.239751
6514,2ο ΝΗΠΙΑΓΩΓΕΙΟ ΣΗΜΑΝΤΡΩΝ,23.311713,40.345537
6515,ΝΗΠΙΑΓΩΓΕΙΟ ΑΓΙΟΥ ΠΑΥΛΟΥ,23.061878,40.338531
6516,ΝΗΠΙΑΓΩΓΕΙΟ ΜΕΤΑΓΚΙΤΣΙΟΥ,23.65315,40.322587
6517,ΝΗΠΙΑΓΩΓΕΙΟ ΠΑΡΑΛΙΑΣ ΔΙΟΝΥΣΙΟΥ,23.271507,40.272214
6518,ΝΗΠΙΑΓΩΓΕΙΟ ΡΙΖΩΝ,23.442889,40.504637
6519,2ο ΝΗΠΙΑΓΩΓΕΙΟ ΝΕΟΥ ΜΑΡΜΑΡΑ,23.789583,40.090082
6520,1ο ΝΗΠΙΑΓΩΓΕΙΟ ΓΑΛΑΤΙΣΤΑΣ,23.278984,40.466558
6521,ΝΗΠΙΑΓΩΓΕΙΟ ΟΛΥΜΠΙΑΔΑΣ,23.784833,40.585852
6522,ΝΗΠΙΑΓΩΓΕΙΟ ΟΥΡΑΝΟΥΠΟΛΗΣ,23.979154,40.330594
6523,2ο ΝΗΠΙΑΓΩΓΕΙΟ ΟΡΜΥΛΙΑΣ,23.543641,40.29337
6524,ΝΗΠΙΑΓΩΓΕΙΟ ΝΕΩΝ ΠΛΑΓΙΩΝ,23.204937,40.266596
6525,ΝΗΠΙΑΓΩΓΕΙΟ ΚΑΛΥΒΩΝ,,
6526,ΝΗΠΙΑΓΩΓΕΙΟ ΓΟΜΑΤΙΟΥ,23.795872,40.394872
6527,ΝΗΠΙΑΓΩΓΕΙΟ ΑΜΜΟΛΙΑΝΗΣ,23.910145,40.330587
6528,1ο ΝΗΠΙΑΓΩΓΕΙΟ ΛΑΓΚΑΔΑ,23.067242,40.751162
6529,ΝΗΠΙΑΓΩΓΕΙΟ ΣΤΕΦΑΝΙΝΩΝ,23.589249,40.759151
6530,ΝΗΠΙΑΓΩΓΕΙΟ ΧΑΝΙΩΤΗΣ,,
6531,ΝΗΠΙΑΓΩΓΕΙΟ ΑΡΕΘΟΥΣΗΣ ΛΑΓΚΑΔΑ,23.593324,40.741266
6532,ΝΗΠΙΑΓΩΓΕΙΟ ΝΕΟΧΩΡΟΥΔΑΣ,,
6533,11ο ΝΗΠΙΑΓΩΓΕΙΟ ΕΛΕΥΘΕΡΙΟΥ-ΚΟΡΔΕΛΙΟΥ,22.889246,40.671312
6534,ΝΗΠΙΑΓΩΓΕΙΟ ΕΛΕΟΥΣΑΣ,22.627215,40.749185
6535,13ο ΝΗΠΙΑΓΩΓΕΙΟ ΣΥΚΕΩΝ,,
6536,10ο ΝΗΠΙΑΓΩΓΕΙΟ ΕΛΕΥΘΕΡΙΟΥ-ΚΟΡΔΕΛΙΟΥ,22.883854,40.671148
6537,9ο ΝΗΠΙΑΓΩΓΕΙΟ ΕΛΕΥΘΕΡΙΟΥ-ΚΟΡΔΕΛΙΟΥ,22.891284,40.66566
6538,ΝΗΠΙΑΓΩΓΕΙΟ ΑΓΙΑΣ ΣΟΦΙΑΣ,,
6539,17ο ΝΗΠΙΑΓΩΓΕΙΟ ΕΥΟΣΜΟΥ,22.905308,40.675064
6540,15ο ΝΗΠΙΑΓΩΓΕΙΟ ΕΥΟΣΜΟΥ,22.900638,40.687783
6541,14ο ΝΗΠΙΑΓΩΓΕΙΟ ΕΥΟΣΜΟΥ,22.9048,40.679383
6542,2ο ΝΗΠΙΑΓΩΓΕΙΟ ΠΕΥΚΩΝ,,
6543,ΝΗΠΙΑΓΩΓΕΙΟ ΠΛΑΝΩΝ,,
6544,ΝΗΠΙΑΓΩΓΕΙΟ ΝΕΑΣ ΤΕΝΕΔΟΥ,23.241126,40.32284
6545,ΝΗΠΙΑΓΩΓΕΙΟ ΕΛΑΙΟΧΩΡΙΩΝ,23.171731,40.332535
6546,9ο ΝΗΠΙΑΓΩΓΕΙΟ ΠΟΛΙΧΝΗΣ,22.956892,40.656364
6547,8ο ΝΗΠΙΑΓΩΓΕΙΟ ΠΟΛΙΧΝΗΣ,22.948719,40.663076
6548,11ο ΝΗΠΙΑΓΩΓΕΙΟ ΚΑΣΤΟΡΙΑΣ,21.263392,40.525719
6549,11ο ΝΗΠΙΑΓΩΓΕΙΟ ΠΟΛΙΧΝΗΣ,22.940399,40.670816
6550,ΝΗΠΙΑΓΩΓΕΙΟ ΧΡΥΣΑΥΓΗΣ,,
6551,6ο ΝΗΠΙΑΓΩΓΕΙΟ ΣΤΑΥΡΟΥΠΟΛΗΣ,,
6552,4ο ΝΗΠΙΑΓΩΓΕΙΟ ΕΛΕΥΘΕΡΙΟΥ,22.890954,40.665657
6553,ΝΗΠΙΑΓΩΓΕΙΟ ΧΟΡΤΙΑΤΟΥ ΘΕΣΣΑΛΟΝΙΚΗΣ,23.101028,40.610015
6554,2ο ΝΗΠΙΑΓΩΓΕΙΟ ΑΡΓΟΥΣ ΟΡΕΣΤΙΚΟΥ,21.262051,40.452104
6555,16ο ΝΗΠΙΑΓΩΓΕΙΟ ΕΥΟΣΜΟΥ,22.911011,40.686846
6556,4ο ΝΗΠΙΑΓΩΓΕΙΟ ΒΕΡΟΙΑΣ,22.197064,40.524401
6557,ΝΗΠΙΑΓΩΓΕΙΟ ΙΕΡΟΠΗΓΗΣ ΝΕΣΤΟΡΙΟΥ,21.08166,40.577049
6558,ΝΗΠΙΑΓΩΓΕΙΟ ΝΕΑΣ ΦΙΛΑΔΕΛΦΕΙΑΣ,,
6559,1ο ΝΗΠΙΑΓΩΓΕΙΟ ΝΕΩΝ ΜΟΥΔΑΝΙΩΝ,23.288648,40.239751
6560,ΝΗΠΙΑΓΩΓΕΙΟ ΑΡΑΧΟΥ,22.511836,40.659971
6561,ΝΗΠΙΑΓΩΓΕΙΟ ΒΡΥΣΑΚΙΟΥ,22.403034,40.619427
6562,20ο ΝΗΠΙΑΓΩΓΕΙΟ ΣΤΑΥΡΟΥΠΟΛΗΣ,,
6563,3ο ΝΗΠΙΑΓΩΓΕΙΟ ΑΡΓΟΥΣ ΟΡΕΣΤΙΚΟΥ,21.262051,40.452104
6564,ΝΗΠΙΑΓΩΓΕΙΟ ΜΟΔΙΟΥ,23.61044,40.625097
6565,20ο ΝΗΠΙΑΓΩΓΕΙΟ ΕΥΟΣΜΟΥ,22.902817,40.686412
6566,19ο ΝΗΠΙΑΓΩΓΕΙΟ ΕΥΟΣΜΟΥ,22.915547,40.68457
6567,14ο ΝΗΠΙΑΓΩΓΕΙΟ ΣΥΚΕΩΝ,,
6568,6ο ΝΗΠΙΑΓΩΓΕΙΟ ΑΛΕΞΑΝΔΡΕΙΑΣ,22.447491,40.625606
6569,5ο ΝΗΠΙΑΓΩΓΕΙΟ ΑΛΕΞΑΝΔΡΕΙΑΣ,22.447492,40.625606
6570,12ο ΝΗΠΙΑΓΩΓΕΙΟ ΣΥΚΕΩΝ,,
6571,ΝΗΠΙΑΓΩΓΕΙΟ ΠΑΛΑΙΟΧΩΡΑΣ,,
6572,3ο ΝΗΠΙΑΓΩΓΕΙΟ ΝΕΑΣ ΚΑΛΛΙΚΡΑΤΕΙΑΣ,23.063677,40.313969
6573,ΝΗΠΙΑΓΩΓΕΙΟ ΔΙΟΝΥΣΙΟΥ,23.271501,40.272211
6574,2ο ΝΗΠΙΑΓΩΓΕΙΟ ΝΕΩΝ ΜΟΥΔΑΝΙΩΝ,23.288648,40.239751
6575,21ο ΝΗΠΙΑΓΩΓΕΙΟ ΕΥΟΣΜΟΥ,22.915543,40.684784
6576,22o ΝΗΠΙΑΓΩΓΕΙΟ ΕΥΟΜΟΥ,,
6577,23ο ΝΗΠΙΑΓΩΓΕΙΟ ΣΤΑΥΡΟΥΠΟΛΗΣ,,
6578,ΝΗΠΙΑΓΩΓΕΙΟ ΑΛΕΞΑΝΔΡΕΙΑΣ ΕΙΔΙΚΟ,,
6579,2ο ΝΗΠΙΑΓΩΓΕΙΟ ΠΕΥΚΟΧΩΡΙΟΥ,,
6580,ΝΗΠΙΑΓΩΓΕΙΟ ΠΡΟΦΗΤΗ,,
6581,"ΙΔΙΩΤΙΚΟ ΓΥΜΝΑΣΙΟ ""ΕΚΠΑΙΔΕΥΤΗΡΙΑ Ι.ΣΑΦΑΡΙΚΑΣ-Ι.ΜΠΑΡΜΠΑΡΟΥΣΗΣ""",,
6582,"ΙΔΙΩΤΙΚΟ ΓΥΜΝΑΣΙΟ ""ΕΚΠΑΙΔΕΥΤΗΡΙΑ ΦΡΥΓΑΝΙΩΤΗ""",,
6583,"ΙΔΙΩΤΙΚΟ ΕΝΙΑΙΟ ΛΥΚΕΙΟ ""ΕΚΠΑΙΔΕΥΤΗΡΙΑ ΦΡΥΓΑΝΙΩΤΗ""",,
6584,"ΙΔΙΩΤΙΚΟ ΕΝΙΑΙΟ ΛΥΚΕΙΟ ""ΕΚΠΑΙΔΕΥΤΗΡΙΑ Ι.ΣΑΦΑΡΙΚΑΣ-Ι.ΜΠΑΡΜΠΑΡΟΥΣΗΣ""",,
6585,ΔΗΜΟΤΙΚΟ ΣΧΟΛΕΙΟ ΔΑΦΝΟΥΛΑΣ ΡΑΠΤΟΠΟΥΛΟΥ,,
6586,ΚΕΝΤΡΟ ΠΕΡΙΒΑΛΛΟΝΤΙΚΗΣ ΕΚΠΑΙΔΕΥΣΗΣ ΝΑΟΥΣΑΣ ΗΜΑΘΙΑΣ,,
6587,ΚΕΝΤΡΟ ΠΕΡΙΒΑΛΛΟΝΤΙΚΗΣ ΕΚΠΑΙΔΕΥΣΗΣ ΚΑΣΤΟΡΙΑΣ,21.274244,40.521634
6588,ΚΕΝΤΡΟ ΠΕΡΙΒΑΛΛΟΝΤΙΚΗΣ ΕΚΠΑΙΔΕΥΣΗΣ ΑΡΝΑΙΑΣ ΧΑΛΚΙΔΙΚΗΣ,,
6589,ΚΕΝΤΡΟ ΠΕΡΙΒΑΛΛΟΝΤΙΚΗΣ ΕΚΠΑΙΔΕΥΣΗΣ ΒΕΡΤΙΣΚΟΥ,,
6590,ΣΧΟΛΕΙΟ ΔΕΥΤΕΡΗΣ ΕΥΚΑΙΡΙΑΣ ΚΑΣΤΟΡΙΑΣ,,
6591,ΣΧΟΛΕΙΟ ΔΕΥΤΕΡΗΣ ΕΥΚΑΙΡΙΑΣ ΝΑΟΥΣΑΣ,,
6592,ΣΧΟΛΕΙΟ ΔΕΥΤΕΡΗΣ ΕΥΚΑΙΡΙΑΣ ΦΛΩΡΙΝΑΣ,,
6593,ΔΗΜΟΣΙΑ ΒΙΒΛΙΟΘΗΚΗ ΒΕΡΟΙΑΣ ΚΕΝΤΡΙΚΗ,,
6594,ΔΗΜΟΣΙΑ ΒΙΒΛΙΟΘΗΚΗ ΦΛΩΡΙΝΑΣ ΚΕΝΤΡΙΚΗ,,
6595,ΔΗΜΟΤΙΚΗ ΒΙΒΛΙΟΘΗΚΗ ΚΑΣΤΟΡΙΑΣ,21.270849,40.52112
6596,ΓΕΝΙΚΑ ΑΡΧΕΙΑ ΤΟΥ ΚΡΑΤΟΥΣ-ΑΡΧΕΙΑ Ν. ΦΛΩΡΙΝΑΣ,,
6597,ΓΕΝΙΚΑ ΑΡΧΕΙΑ ΤΟΥ ΚΡΑΤΟΥΣ-ΑΡΧΕΙΑ Ν. ΧΑΛΚΙΔΙΚΗΣ,,
6598,ΓΕΝΙΚΑ ΑΡΧΕΙΑ ΤΟΥ ΚΡΑΤΟΥΣ-ΑΡΧΕΙΑ Ν. ΗΜΑΘΙΑΣ,,
6599,ΕΙΔΙΚΟ ΕΡΓΑΣΤΗΡΙΟ ΕΠΑΓΓΕΛΜΑΤΙΚΗΣ ΕΚΠΑΙΔΕΥΣΗΣ ΚΑΙ ΚΑΤΑΡΤΙΣΗΣ ΠΟΤΙΔΑΙΑΣ,,
6600,ΕΙΔΙΚΟ ΕΡΓΑΣΤΗΡΙΟ ΕΠΑΓΓΕΛΜΑΤΙΚΗΣ ΕΚΠΑΙΔΕΥΣΗΣ ΚΑΙ ΚΑΤΑΡΤΙΣΗΣ ΦΛΩΡΙΝΑΣ,,
6601,ΕΙΔΙΚΟ ΕΡΓΑΣΤΗΡΙΟ ΕΠΑΓΓΕΛΜΑΤΙΚΗΣ ΕΚΠΑΙΔΕΥΣΗΣ ΚΑΙ ΚΑΤΑΡΤΙΣΗΣ ΑΛΕΞΑΝΔΡΕΙΑΣ,22.44762,40.625492
6602,ΕΙΔΙΚΟ ΕΡΓΑΣΤΗΡΙΟ ΕΠΑΓΓΕΛΜΑΤΙΚΗΣ ΕΚΠΑΙΔΕΥΣΗΣ ΚΑΙ ΚΑΤΑΡΤΙΣΗΣ ΧΑΛΚΙΔΙΚΗΣ,,
6603,ΕΙΔΙΚΟ ΕΡΓΑΣΤΗΡΙΟ ΕΠΑΓΓΕΛΜΑΤΙΚΗΣ ΕΚΠΑΙΔΕΥΣΗΣ ΚΑΙ ΚΑΤΑΡΤΙΣΗΣ ΝΑΟΥΣΑΣ,,
6604,ΕΙΔΙΚΟ ΕΡΓΑΣΤΗΡΙΟ ΕΠΑΓΓΕΛΜΑΤΙΚΗΣ ΕΚΠΑΙΔΕΥΣΗΣ ΚΑΙ ΚΑΤΑΡΤΙΣΗΣ ΕΥΟΣΜΟΥ,,
6605,ΕΙΔΙΚΟ ΕΡΓΑΣΤΗΡΙΟ ΕΠΑΓΓΕΛΜΑΤΙΚΗΣ ΕΚΠΑΙΔΕΥΣΗΣ ΚΑΙ ΚΑΤΑΡΤΙΣΗΣ ΨΥΧΙΑΤΡΙΚΟΥ ΚΕΝΤΡΟΥ ΒΟΡΕΙΟΥ ΕΛΛΑΔΟΣ,,
6606,ΕΙΔΙΚΟ ΕΡΓΑΣΤΗΡΙΟ ΕΠΑΓΓΕΛΜΑΤΙΚΗΣ ΕΚΠΑΙΔΕΥΣΗΣ ΚΑΙ ΚΑΤΑΡΤΙΣΗΣ ΕΛΕΥΘΕΡΙΟΥ-ΚΟΡΔΕΛΙΟΥ,,
6607,ΕΙΔΙΚΟ ΕΡΓΑΣΤΗΡΙΟ ΕΠΑΓΓΕΛΜΑΤΙΚΗΣ ΕΚΠΑΙΔΕΥΣΗΣ ΚΑΙ ΚΑΤΑΡΤΙΣΗΣ ΚΑΣΤΟΡΙΑΣ,,
6608,ΓΡΑΦΕΙΟ ΠΕΡΙΒΑΛΛΟΝΤΙΚΗΣ ΕΚΠΑΙΔΕΥΣΗΣ ΚΑΣΤΟΡΙΑΣ,,
6609,ΓΡΑΦΕΙΟ ΠΕΡΙΒΑΛΛΟΝΤΙΚΗΣ ΕΚΠΑΙΔΕΥΣΗΣ Β' ΘΕΣΣΑΛΟΝΙΚΗΣ,,
6610,ΓΡΑΦΕΙΟ ΠΕΡΙΒΑΛΛΟΝΤΙΚΗΣ ΕΚΠΑΙΔΕΥΣΗΣ ΗΜΑΘΙΑΣ,,
6611,ΓΡΑΦΕΙΟ ΠΕΡΙΒΑΛΛΟΝΤΙΚΗΣ ΕΚΠΑΙΔΕΥΣΗΣ ΧΑΛΚΙΔΙΚΗΣ,,
6612,Β' ΚΕΝΤΡΟ ΔΙΑΓΝΩΣΗΣ ΑΞΙΟΛΟΓΗΣΗΣ ΚΑΙ ΥΠΟΣΤΗΡΙΞΗΣ ΑΤΟΜΩΝ ΜΕ ΕΙΔΙΚΕΣ ΕΚΠΑΙΔΕΥΤΙΚΕΣ ΑΝΑΓΚΕΣ ΘΕΣΣΑΛΟΝΙΚΗΣ,,
6613,ΚΕΝΤΡΟ ΔΙΑΓΝΩΣΗΣ ΑΞΙΟΛΟΓΗΣΗΣ ΚΑΙ ΥΠΟΣΤΗΡΙΞΗΣ ΑΤΟΜΩΝ ΜΕ ΕΙΔΙΚΕΣ ΕΚΠΑΙΔΕΥΤΙΚΕΣ ΑΝΑΓΚΕΣ ΚΑΣΤΟΡΙΑΣ,,
6614,ΚΕΝΤΡΟ ΔΙΑΓΝΩΣΗΣ ΑΞΙΟΛΟΓΗΣΗΣ ΚΑΙ ΥΠΟΣΤΗΡΙΞΗΣ ΑΤΟΜΩΝ ΜΕ ΕΙΔΙΚΕΣ ΕΚΠΑΙΔΕΥΤΙΚΕΣ ΑΝΑΓΚΕΣ ΦΛΩΡΙΝΑΣ,,
6615,ΚΕΝΤΡΟ ΔΑΥ ΑΤΟΜΩΝ ΜΕ ΕΙΔΙΚΕΣ ΑΝΑΓΚΕΣ ΗΜΑΘΙΑΣ,,
6616,ΚΕΝΤΡΟ ΔΙΑΓΝΩΣΗΣ ΑΞΙΟΛΟΓΗΣΗΣ ΚΑΙ ΥΠΟΣΤΗΡΙΞΗΣ ΑΤΟΜΩΝ ΜΕ ΕΙΔΙΚΕΣ ΕΚΠΑΙΔΕΥΤΙΚΕΣ ΑΝΑΓΚΕΣ ΧΑΛΚΙΔΙΚΗΣ,,
6617,ΣΧΟΛΙΚΗ ΜΟΝΑΔΑ ΠΡΩΗΝ ΕΞΑΡΤΗΜΕΝΩΝ ΑΤΟΜΩΝ ΘΕΣΣΑΛΟΝΙΚΗΣ,,
6618,ΚΕΝΤΡΟ ΔΙΑΠΟΛΙΤΙΣΜΙΚΗΣ ΑΓΩΓΗΣ ΘΕΣΣΑΛΟΝΙΗΣ,,
6619,ΚΟΜΒΟΣ ΔΙΑΝΟΜΗΣ ΠΣΔ ΝΟΜΟΥ ΗΜΑΘΙΑΣ,,
6620,ΚΟΜΒΟΣ ΔΙΑΝΟΜΗΣ ΠΣΔ ΝΟΜΟΥ ΧΑΛΚΙΔΙΚΗΣ,,
6621,ΚΟΜΒΟΣ ΔΙΑΝΟΜΗΣ ΠΣΔ ΝΟΜΟΥ ΚΑΣΤΟΡΙΑΣ,,
6622,ΚΟΜΒΟΣ ΔΙΑΝΟΜΗΣ ΠΣΔ ΝΟΜΟΥ ΦΛΩΡΙΝΑΣ,,
6623,HELPDESK ΠΑΝΕΠΙΣΤΗΜΙΟΥ ΜΑΚΕΔΟΝΙΑΣ,,
6624,ΚΕΝΤΡΟ ΕΚΠΑΙΔΕΥΣΗΣ ΕΝΗΛΙΚΩΝ ΧΑΛΚΙΔΙΚΗΣ,,
6625,ΚΕΝΤΡΟ ΕΚΠΑΙΔΕΥΣΗΣ ΕΝΗΛΙΚΩΝ ΚΑΣΤΟΡΙΑΣ,,
6626,ΚΕΝΤΡΟ ΕΚΠΑΙΔΕΥΣΗΣ ΕΝΗΛΙΚΩΝ ΗΜΑΘΙΑΣ,,
6627,ΚΕΝΤΡΟ ΕΚΠΑΙΔΕΥΣΗΣ ΕΝΗΛΙΚΩΝ ΦΛΩΡΙΝΑΣ,,
6628,2ο ΕΝΙΑΙΟ ΛΥΚΕΙΟ ΧΟΡΤΙΑΤΗ,,
6629,ΓΥΜΝΑΣΙΟ ΝΕΑΣ ΦΩΚΑΙΑΣ,,
6630,ΕΝΙΑΙΟ ΛΥΚΕΙΟ ΑΣΣΗΡΟΥ ΘΕΣΣΑΛΟΝΙΚΗΣ,,
6631,ΕΝΙΑΙΟ ΛΥΚΕΙΟ ΠΟΛΥΓΥΡΟΥ ΕΣΠΕΡΙΝΟ,,
6632,ΓΥΜΝΑΣΙΟ ΤΥΛΙΣΟΥ ΗΡΑΚΛΕΙΟΥ,25.019209,35.295805
6633,ΓΥΜΝΑΣΙΟ ΠΟΜΠΙΑΣ,24.869464,35.008583
6634,ΓΥΜΝΑΣΙΟ ΑΡΧΑΝΩΝ ΗΡΑΚΛΕΙΟΥ,25.161566,35.233959
6635,9ο ΓΥΜΝΑΣΙΟ ΗΡΑΚΛΕΙΟΥ,25.105266,35.325783
6636,10ο ΓΥΜΝΑΣΙΟ ΗΡΑΚΛΕΙΟΥ,25.112131,35.32687
6637,ΓΥΜΝΑΣΙΟ ΕΠΙΣΚΟΠΗΣ,25.239945,35.255756
6638,ΓΥΜΝΑΣΙΟ ΑΓΙΟΥ ΜΥΡΩΝΟΣ,25.030295,35.230372
6639,ΓΥΜΝΑΣΙΟ ΑΡΚΑΛΟΧΩΡΙΟΥ,25.265801,35.148473
6640,ΓΥΜΝΑΣΙΟ ΒΙΑΝΝΟΥ,25.423483,35.051865
6641,ΓΥΜΝΑΣΙΟ ΓΑΖΙΟΥ ΗΡΑΚΛΕΙΟΥ,25.066459,35.325136
6642,5ο ΓΥΜΝΑΣΙΟ ΗΡΑΚΛΕΙΟΥ,25.127213,35.308071
6643,ΓΥΜΝΑΣΙΟ ΚΑΣΤΕΛΛΙΟΥ ΠΕΔΙΑΔΑΣ,25.339247,35.20786
6644,ΓΥΜΝΑΣΙΟ ΒΑΓΙΟΝΙΑΣ,24.999035,35.010517
6645,ΓΥΜΝΑΣΙΟ ΗΡΑΚΛΕΙΟΥ ΜΟΥΣΙΚΟ,,
6646,ΓΥΜΝΑΣΙΟ ΧΑΝΙΩΝ ΕΙΔΙΚΟ,24.022335,35.508281
6647,ΓΥΜΝΑΣΙΟ ΜΟΙΡΩΝ,24.875723,35.051195
6648,2ο ΓΥΜΝΑΣΙΟ ΧΑΝΙΩΝ,24.024236,35.514008
6649,1ο ΓΥΜΝΑΣΙΟ ΑΓΙΟΥ ΝΙΚΟΛΑΟΥ,25.715646,35.188393
6650,ΓΥΜΝΑΣΙΟ ΠΑΛΑΙΚΑΣΤΡΟΥ ΣΗΤΕΙΑΣ,26.246507,35.197413
6651,ΔΗΜΟΤΙΚΟ ΣΧΟΛΕΙΟ ΑΙΓΑΝΗΣ,22.612788,39.951491
6652,ΓΥΜΝΑΣΙΟ ΧΩΡΑΣ ΣΦΑΚΙΩΝ,24.142619,35.200808
6653,ΓΥΜΝΑΣΙΟ ΤΖΕΡΜΙΑΔΩΝ,25.491613,35.198216
6654,1ο ΓΥΜΝΑΣΙΟ ΣΗΤΕΙΑΣ,26.105855,35.207972
6655,2ο ΓΥΜΝΑΣΙΟ ΣΗΤΕΙΑΣ,26.105855,35.207972
6656,1ο ΓΥΜΝΑΣΙΟ ΙΕΡΑΠΕΤΡΑΣ,25.742523,35.010367
6657,2ο ΓΥΜΝΑΣΙΟ ΙΕΡΑΠΕΤΡΑΣ,25.742523,35.010367
6658,ΓΥΜΝΑΣΙΟ ΚΟΥΤΣΟΥΡΑ,25.949429,35.033589
6659,ΓΥΜΝΑΣΙΟ ΚΡΙΤΣΑΣ,25.645918,35.156104
6660,ΓΥΜΝΑΣΙΟ ΗΡΑΚΛΕΙΟΥ ΕΣΠΕΡΙΝΟ,25.129476,35.333282
6661,ΓΥΜΝΑΣΙΟ ΣΚΙΝΙΑ ΜΟΝΟΦ. ΗΡΑΚΛΕΙ,25.307617,35.052952
6662,3ο ΓΥΜΝΑΣΙΟ ΗΡΑΚΛΕΙΟΥ,25.129553,35.332537
6663,ΓΥΜΝΑΣΙΟ ΚΡΟΥΣΩΝΑ,24.983711,35.228589
6664,4ο ΓΥΜΝΑΣΙΟ ΗΡΑΚΛΕΙΟΥ,25.112131,35.32687
6665,8ο ΓΥΜΝΑΣΙΟ ΗΡΑΚΛΕΙΟΥ,25.114461,35.326548
6666,ΔΗΜΟΤΙΚΟ ΣΧΟΛΕΙΟ ΚΕΔΡΟΥ ΚΑΡΔΙΤΣΑΣ,,
6667,6ο ΓΥΜΝΑΣΙΟ ΗΡΑΚΛΕΙΟΥ,25.129349,35.336416
6668,11ο ΓΥΜΝΑΣΙΟ ΗΡΑΚΛΕΙΟΥ,25.107559,35.335883
6669,ΓΥΜΝΑΣΙΟ ΜΕΣΟΧΩΡΙΟΥ,25.209887,35.013156
6670,7ο ΓΥΜΝΑΣΙΟ ΗΡΑΚΛΕΙΟΥ,25.129478,35.333321
6671,ΓΥΜΝΑΣΙΟ ΧΑΡΑΚΑ,25.121707,35.009228
6672,ΓΥΜΝΑΣΙΟ ΑΓΙΑΣ ΒΑΡΒΑΡΑΣ,25.005604,35.137454
6673,13ο ΓΥΜΝΑΣΙΟ ΗΡΑΚΛΕΙΟΥ,25.145277,35.309255
6674,ΓΥΜΝΑΣΙΟ ΧΑΝΙΩΝ ΕΣΠΕΡΙΝΟ,,
6675,2ο ΓΥΜΝΑΣΙΟ ΗΡΑΚΛΕΙΟΥ,25.114461,35.326548
6676,ΓΥΜΝΑΣΙΟ ΜΑΛΙΩΝ ΠΕΔΙΑΔΑΣ,25.465344,35.281454
6677,ΓΥΜΝΑΣΙΟ ΤΥΜΠΑΚΙΟΥ,24.769778,35.070149
6678,ΔΗΜΟΤΙΚΟ ΣΧΟΛΕΙΟ ΒΡΥΣΙΩΝ ΦΑΡΣΑΛΩΝ,22.32172,39.259764
6679,ΓΥΜΝΑΣΙΟ ΠΥΡΓΟΥ ΜΟΝΟΦΑΤΣΙΟΥ,25.154097,35.0048
6680,ΓΥΜΝΑΣΙΟ ΑΓΙΩΝ ΔΕΚΑ ΚΑΙΝΟΥΡΙΟΥ,24.963431,35.056826
6681,ΓΥΜΝΑΣΙΟ Ν. ΑΛΙΚΑΡΝΑΣΣΟΥ,25.16203,35.340535
6682,ΓΥΜΝΑΣΙΟ ΘΡΑΨΑΝΟΥ ΠΕΔΙΑΔΑΣ,25.283302,35.185842
6683,12ο ΓΥΜΝΑΣΙΟ ΗΡΑΚΛΕΙΟΥ,25.138017,35.328033
6684,ΓΥΜΝΑΣΙΟ ΓΕΡΓΕΡΗΣ,24.950835,35.131601
6685,ΓΥΜΝΑΣΙΟ ΑΣΗΜΙΟΥ ΗΡΑΚΛΕΙΟΥ,25.095508,35.042897
6686,ΓΥΜΝΑΣΙΟ ΗΡΑΚΛΕΙΟΥ ΠΕΙΡΑΜΑΤΙΚΟ,25.133793,35.298732
6687,ΓΥΜΝΑΣΙΟ ΛΙΜΕΝΑ ΧΕΡΣΟΝΗΣΟΥ,25.393352,35.312911
6688,ΓΥΜΝΑΣΙΟ ΒΕΝΕΡΑΤΟΥ,25.042281,35.19532
6689,ΓΥΜΝΑΣΙΟ ΜΕΛΕΣΩΝ,25.203527,35.191003
6690,ΓΥΜΝΑΣΙΟ ΖΑΡΟΥ,24.906684,35.129551
6691,ΓΥΜΝΑΣΙΟ ΜΟΧΟΥ,25.424245,35.26241
6692,ΓΥΜΝΑΣΙΟ ΝΕΑΠΟΛΗΣ ΛΑΣΙΘΙΟΥ,25.608099,35.255834
6693,2ο ΓΥΜΝΑΣΙΟ ΑΓΙΟΥ ΝΙΚΟΛΑΟΥ,25.710742,35.196245
6694,1ο ΓΥΜΝΑΣΙΟ ΗΡΑΚΛΕΙΟΥ,25.129499,35.333248
6695,3ο ΓΥΜΝΑΣΙΟ ΙΕΡΑΠΕΤΡΑΣ,25.742523,35.010367
6696,ΓΥΜΝΑΣΙΟ ΧΑΝΙΩΝ ΕΚΚΛΗΣΙΑΣΤΙΚΟ,,
6697,2ο ΓΥΜΝΑΣΙΟ ΡΕΘΥΜΝΟΥ,24.480338,35.360918
6698,4ο ΓΥΜΝΑΣΙΟ ΡΕΘΥΜΝΟΥ,24.473906,35.35471
6699,ΓΥΜΝΑΣΙΟ ΑΝΩΓΕΙΩΝ,24.885427,35.28926
6700,ΓΥΜΝΑΣΙΟ ΠΛΑΤΑΝΙΑΣ ΧΑΝΙΩΝ,23.90953,35.515408
6701,1ο ΓΥΜΝΑΣΙΟ ΡΕΘΥΜΝΟΥ,24.468598,35.362283
6702,ΓΥΜΝΑΣΙΟ ΚΡΑΝΑΣ ΜΥΛΟΠΟΤΑΜΟΥ,24.780303,35.25205
6703,ΓΥΜΝΑΣΙΟ ΗΡΑΚΛΕΙΟΥ ΕΙΔΙΚΟ,,
6704,3ο ΓΥΜΝΑΣΙΟ ΡΕΘΥΜΝΟΥ,24.475056,35.364861
6705,ΓΥΜΝΑΣΙΟ ΠΕΡΑΜΑΤΟΣ ΜΥΛΟΠΟΤΑΜΟΥ,24.703974,35.369903
6706,ΓΥΜΝΑΣΙΟ ΑΡΓΥΡΟΥΠΟΛΗΣ ΡΕΘΥΜΝΟΥ,24.335502,35.284221
6707,ΓΥΜΝΑΣΙΟ ΤΟΥΡΛΩΤΗΣ ΛΑΣΙΘΙΟΥ,25.940337,35.159492
6708,ΓΥΜΝΑΣΙΟ ΡΕΘΥΜΝΟΥ ΜΟΥΣΙΚΟ,24.481505,35.363754
6709,ΓΥΜΝΑΣΙΟ ΕΠΙΣΚΟΠΗΣ ΡΕΘΥΜΝΟΥ,24.337536,35.327632
6710,ΓΥΜΝΑΣΙΟ ΓΑΡΑΖΟΥ ΜΥΛΟΠΟΤΑΜΟΥ Μ,24.791176,35.343748
6711,ΓΥΜΝΑΣΙΟ ΡΕΘΥΜΝΟΥ ΜΟΥΣΙΚΟ ΠΕΙΡΑΜΑΤΙΚΟ ΠΑΝΕΠΙΣΤΗΜΙΟΥ ΚΡΗΤΗΣ,24.501713,35.365143
6712,ΓΥΜΝΑΣΙΟ ΣΥΒΡΙΤΟΥ ΑΜΑΡΙΟΥ,24.652725,35.225507
6713,ΓΥΜΝΑΣΙΟ ΠΑΝΟΡΜΟΥ ΜΥΛΟΠΟΤΑΜΟΥ,24.696701,35.417918
6714,ΓΥΜΝΑΣΙΟ ΜΕΛΑΜΠΩΝ,24.655362,35.125744
6715,ΓΥΜΝΑΣΙΟ ΚΟΞΑΡΕΣ,24.468023,35.227421
6716,ΓΥΜΝΑΣΙΟ ΣΠΗΛΙΟΥ,24.5376,35.218801
6717,ΓΥΜΝΑΣΙΟ Ν ΚΥΔΩΝΙΑΣ,23.964763,35.497636
6718,ΓΥΜΝΑΣΙΟ ΦΟΥΡΦΟΥΡΑ,24.715556,35.2105
6719,ΓΥΜΝΑΣΙΟ ΚΟΥΝΟΥΠΙΔΙΑΝΩΝ,24.079207,35.534952
6720,ΓΥΜΝΑΣΙΟ ΚΟΛΥΜΒΑΡΙΟΥ,23.77936,35.54194
6721,ΓΥΜΝΑΣΙΟ ΒΟΥΚΟΛΙΩΝ,23.802122,35.466003
6722,1ο ΓΥΜΝΑΣΙΟ ΕΛΕΥΘΕΡΙΟΥ ΒΕΝΙΖΕΛΟΥ (ΠΡΩΗΝ 7ο ΓΥΜΝΑΣΙΟ ΧΑΝΙΩΝ),24.027841,35.498882
6723,5ο ΓΥΜΝΑΣΙΟ ΧΑΝΙΩΝ,24.008584,35.51502
6724,4ο ΓΥΜΝΑΣΙΟ ΧΑΝΙΩΝ ( ΠΡΩΗΝ 5ο ΓΥΜΝΑΣΙΟ  ΧΑΝΙΩΝ ),24.017891,35.508714
6725,3ο ΓΥΜΝΑΣΙΟ ΧΑΝΙΩΝ,24.01788,35.508698
6726,6ο ΓΥΜΝΑΣΙΟ ΧΑΝΙΩΝ ( ΠΡΩΗΝ 8ο  ΓΥΜΝΑΣΙΟ ΧΑΝΙΩΝ ),24.035925,35.514613
6727,3ο ΓΥΜΝΑΣΙΟ ΧΑΝΙΩΝ,24.024236,35.514008
6728,1ο ΓΥΜΝΑΣΙΟ ΧΑΝΙΩΝ,24.020105,35.514714
6729,ΓΥΜΝΑΣΙΟ ΠΑΛΑΙΟΧΩΡΑΣ,23.683908,35.228917
6730,ΓΥΜΝΑΣΙΟ ΚΑΝΤΑΝΟΥ,23.741536,35.327392
6731,ΓΥΜΝΑΣΙΟ ΑΛΙΚΙΑΝΟΥ,23.913314,35.452892
6732,ΓΥΜΝΑΣΙΟ ΒΑΜΟΥ ΧΑΝΙΩΝ,24.198401,35.408042
6733,1ο ΓΥΜΝΑΣΙΟ ΚΙΣΣΑΜΟΥ,23.656597,35.493679
6734,2ο ΓΥΜΝΑΣΙΟ ΕΛΕΥΘΕΡΙΟΥ ΒΕΝΙΖΕΛΟΥ (ΠΡΩΗΝ ΓΥΜΝΑΣΙΟ ΜΟΥΡΝΙΩΝ),24.014399,35.483965
6735,ΓΥΜΝΑΣΙΟ ΒΡΥΣΩΝ ΑΠΟΚΟΡΩΝΟΥ,24.202544,35.376491
6736,7ο ΓΥΜΝΑΣΙΟ ΧΑΝΙΩΝ  ( ΠΡΩΗΝ  9ο ΓΥΜΝΑΣΙΟ ΧΑΝΙΩΝ ),24.045167,35.520097
6737,ΓΥΜΝΑΣΙΟ ΣΟΥΔΑΣ ΧΑΝΙΩΝ,24.074912,35.48633
6738,2ο ΓΥΜΝΑΣΙΟ ΚΙΣΣΑΜΟΥ,23.656597,35.493679
6739,ΓΥΜΝΑΣΙΟ ΓΟΥΒΩΝ,,
6740,ΚΑΛΛΙΤΤΕΧΝΙΚΟ ΓΥΜΝΑΣΙΟ ΗΡΑΚΛΕΙΟΥ,,
6741,ΕΝΙΑΙΟ ΛΥΚΕΙΟ ΡΕΘΥΜΝΟΥ ΠΕΙΡΑΜΑΤΙΚΟ ΠΑΝΕΠΙΣΤΗΜΙΟΥ ΚΡΗΤΗΣ,24.476577,35.362337
6742,ΕΝΙΑΙΟ ΛΥΚΕΙΟ ΧΑΝΙΩΝ ΕΚΚΛΗΣΙΑΣΤΙΚΟ,24.011159,35.508173
6743,8ο ΕΝΙΑΙΟ ΛΥΚΕΙΟ ΗΡΑΚΛΕΙΟΥ,25.144694,35.30916
6744,ΕΝΙΑΙΟ ΛΥΚΕΙΟ ΕΛΕΥΘΕΡΙΟΥ ΒΕΝΙΖΕΛΟΥ,24.024282,35.513731
6745,ΕΝΙΑΙΟ ΛΥΚΕΙΟ ΤΥΜΠΑΚΙΟΥ,24.769778,35.070149
6746,11o ΕΝΙΑΙΟ ΛΥΚΕΙΟ ΗΡΑΚΛΕΙΟΥ,25.127213,35.307994
6747,ΕΝΙΑΙΟ ΛΥΚΕΙΟ ΑΓΙΩΝ ΔΕΚΑ,24.946299,35.027365
6748,ΕΝΙΑΙΟ ΛΥΚΕΙΟ ΣΟΥΔΑΣ ΧΑΝΙΩΝ,24.074912,35.48633
6749,ΕΝΙΑΙΟ ΛΥΚΕΙΟ ΑΛΙΚΙΑΝΟΥ,23.913314,35.452892
6750,ΕΝΙΑΙΟ ΛΥΚΕΙΟ ΧΩΡΑΣ ΣΦΑΚΙΩΝ,24.142619,35.200808
6751,ΕΝΙΑΙΟ ΛΥΚΕΙΟ ΓΑΖΙΟΥ ΗΡΑΚΛΕΙΟΥ,25.066459,35.325136
6752,ΕΝΙΑΙΟ ΛΥΚΕΙΟ ΑΓΙΟΥ ΜΥΡΩΝΑ,25.030295,35.230372
6753,ΕΝΙΑΙΟ ΛΥΚΕΙΟ ΧΑΝΙΩΝ ΕΣΠΕΡΙΝΟ,,
6754,ΕΝΙΑΙΟ ΛΥΚΕΙΟ ΡΕΘΥΜΝΟΥ ΕΣΠΕΡΙΝΟ,,
6755,1ο ΕΝΙΑΙΟ ΛΥΚΕΙΟ ΗΡΑΚΛΕΙΟΥ,25.12951,35.333214
6756,2ο ΕΝΙΑΙΟ ΛΥΚΕΙΟ ΗΡΑΚΛΕΙΟΥ,25.114461,35.326548
6757,ΕΝΙΑΙΟ ΛΥΚΕΙΟ ΑΝΩΓΕΙΩΝ,24.885427,35.28926
6758,ΕΝΙΑΙΟ ΛΥΚΕΙΟ ΑΚΡΩΤΗΡΙΟΥ,24.049712,35.521109
6759,1ο ΕΝΙΑΙΟ ΛΥΚΕΙΟ ΝΕΑΠΟΛΗΣ,25.608099,35.255834
6760,10o ΕΝΙΑΙΟ ΛΥΚΕΙΟ ΗΡΑΚΛΕΙΟΥ,25.114461,35.326548
6761,13o ΕΝΙΑΙΟ ΛΥΚΕΙΟ ΗΡΑΚΛΕΙΟΥ,25.107455,35.335915
6762,ΕΝΙΑΙΟ ΛΥΚΕΙΟ ΓΟΥΒΩΝ,25.315088,35.310099
6763,ΕΝΙΑΙΟ ΛΥΚΕΙΟ ΗΡΑΚΛΕΙΟΥ ΕΣΠΕΡΙΝΟ,25.140183,35.308761
6764,1ο ΕΝΙΑΙΟ ΛΥΚΕΙΟ ΑΓΙΟΥ ΝΙΚΟΛΑΟΥ,25.710204,35.195992
6765,4ο ΕΝΙΑΙΟ ΛΥΚΕΙΟ ΗΡΑΚΛΕΙΟΥ,25.112131,35.32687
6766,ΕΝΙΑΙΟ ΛΥΚΕΙΟ ΑΡΧΑΝΩΝ ΗΡΑΚΛΕΙΟΥ,25.161566,35.233959
6767,ΕΝΙΑΙΟ ΛΥΚΕΙΟ ΑΡΚΑΛΟΧΩΡΙΟΥ,25.265801,35.148473
6768,1ο ΕΝΙΑΙΟ ΛΥΚΕΙΟ ΜΟΙΡΩΝ,24.875723,35.051195
6769,5ο ΕΝΙΑΙΟ ΛΥΚΕΙΟ ΗΡΑΚΛΕΙΟΥ,25.134902,35.323655
6770,3ο ΕΝΙΑΙΟ ΛΥΚΕΙΟ ΗΡΑΚΛΕΙΟΥ,25.129471,35.333347
6771,ΕΝΙΑΙΟ ΛΥΚΕΙΟ ΕΠΙΣΚΟΠΗΣ,25.239945,35.255756
6772,6ο ΕΝΙΑΙΟ ΛΥΚΕΙΟ ΗΡΑΚΛΕΙΟΥ,25.137962,35.328108
6773,1ο ΕΝΙΑΙΟ ΛΥΚΕΙΟ ΤΖΕΡΜΙΑΔΩΝ,25.491613,35.198216
6774,2ο ΕΝΙΑΙΟ ΛΥΚΕΙΟ ΧΑΝΙΩΝ,24.024236,35.514008
6775,ΕΝΙΑΙΟ ΛΥΚΕΙΟ ΒΙΑΝΝΟΥ,25.423483,35.051865
6776,4ο ΕΝΙΑΙΟ ΛΥΚΕΙΟ ΧΑΝΙΩΝ ( ΠΡΩΗΝ 5ο ΛΥΚΕΙΟ ΧΑΝΙΩΝ ),24.036361,35.514221
6777,ΕΝΙΑΙΟ ΛΥΚΕΙΟ ΚΑΣΤΕΛΛΙΟΥ ΠΕΔΙΑΔΑΣ,24.919633,35.059119
6778,1ο ΕΝΙΑΙΟ ΛΥΚΕΙΟ ΣΗΤΕΙΑΣ,26.105855,35.207972
6779,2ο ΕΝΙΑΙΟ ΛΥΚΕΙΟ ΡΕΘΥΜΝΟΥ,24.480329,35.360796
6780,7ο ΕΝΙΑΙΟ ΛΥΚΕΙΟ ΗΡΑΚΛΕΙΟΥ,25.099758,35.330006
6781,3ο ΕΝΙΑΙΟ ΛΥΚΕΙΟ ΡΕΘΥΜΝΟΥ,24.474937,35.364884
6782,ΕΝΙΑΙΟ ΛΥΚΕΙΟ ΠΕΡΑΜΑΤΟΣ ΜΥΛΟΠΟΤΑΜΟΥ,24.703974,35.369903
6783,3ο ΕΝΙΑΙΟ ΛΥΚΕΙΟ ΧΑΝΙΩΝ,24.017894,35.508707
6784,ΕΝΙΑΙΟ ΛΥΚΕΙΟ ΦΟΥΡΦΟΥΡΑ,24.715556,35.2105
6785,ΕΝΙΑΙΟ ΛΥΚΕΙΟ ΣΠΗΛΙΟΥ,24.5376,35.218801
6786,1ο ΕΝΙΑΙΟ ΛΥΚΕΙΟ ΡΕΘΥΜΝΟΥ,24.475667,35.363542
6787,ΕΝΙΑΙΟ ΛΥΚΕΙΟ ΗΡΑΚΛΕΙΟΥ ΠΕΙΡΑΜΑΤΙΚΟ,25.133793,35.298732
6788,2ο ΕΝΙΑΙΟ ΛΥΚΕΙΟ ΧΑΝΙΩΝ,24.024145,35.514323
6789,ΕΝΙΑΙΟ ΛΥΚΕΙΟ ΚΟΛΥΜΒΑΡΙΟΥ,23.77936,35.54194
6790,ΕΝΙΑΙΟ ΛΥΚΕΙΟ ΒΑΜΟΥ ΧΑΝΙΩΝ,24.198401,35.408042
6791,1ο ΕΝΙΑΙΟ ΛΥΚΕΙΟ ΚΙΣΣΑΜΟΥ,23.656597,35.493679
6792,ΕΝΙΑΙΟ ΛΥΚΕΙΟ ΑΣΗΜΙΟΥ,25.095508,35.042897
6793,1ο ΕΝΙΑΙΟ ΛΥΚΕΙΟ ΙΕΡΑΠΕΤΡΑΣ,25.742523,35.010367
6794,ΕΝΙΑΙΟ ΛΥΚΕΙΟ ΒΟΥΚΟΛΙΩΝ,23.802122,35.466003
6795,ΕΝΙΑΙΟ ΛΥΚΕΙΟ ΠΑΛΑΙΟΧΩΡΑΣ,23.683908,35.228917
6796,1ο ΕΝΙΑΙΟ ΛΥΚΕΙΟ ΧΑΝΙΩΝ,24.020094,35.514723
6797,2ο ΕΝΙΑΙΟ ΛΥΚΕΙΟ ΙΕΡΑΠΕΤΡΑΣ,25.742523,35.010367
6798,ΕΝΙΑΙΟ ΛΥΚΕΙΟ ΝΕΑΣ ΑΛΙΚΑΡΝΑΣΣΟΥ,25.16203,35.340535
6799,ΕΝΙΑΙΟ ΛΥΚΕΙΟ ΜΑΛΙΩΝ ΠΕΔΙΑΔΑΣ,25.465344,35.281454
6800,ΕΝΙΑΙΟ ΛΥΚΕΙΟ ΑΓΙΑΣ ΒΑΡΒΑΡΑΣ,25.005604,35.137454
6801,ΕΝΙΑΙΟ ΛΥΚΕΙΟ ΚΡΟΥΣΩΝΑ,24.983711,35.228589
6802,ΕΝΙΑΙΟ ΛΥΚΕΙΟ ΜΟΧΟΥ,25.424245,35.26241
6803,ΕΝΙΑΙΟ ΛΥΚΕΙΟ ΧΑΡΑΚΑ,25.121707,35.009228
6804,ΕΝΙΑΙΟ ΛΥΚΕΙΟ ΜΕΛΕΣΩΝ  ,25.203527,35.191003
6805,ΔΗΜΟΤΙΚΟ ΣΧΟΛΕΙΟ ΤΥΜΦΡΗΣΤΟΥ,21.91664,38.909299
6806,ΕΝΙΑΙΟ ΛΥΚΕΙΟ ΝΕΑΣ ΚΥΔΩΝΙΑΣ ,,
6807,ΕΝΙΑΙΟ ΛΥΚΕΙΟ ΛΙΜΕΝΑ ΧΕΡΣΟΝΗΣΟΥ ΗΡΑΚΛΕΙΟΥ,,
6808,1ο ΤΕΕ ΑΓΙΟΥ ΝΙΚΟΛΑΟΥ,25.710477,35.196135
6809,1ο ΤΕΕ ΣΗΤΕΙΑΣ,26.105855,35.207972
6810,1ο ΤΕΕ ΡΕΘΥΜΝΟΥ,24.473906,35.35471
6811,6ο ΤΕΕ ΗΡΑΚΛΕΙΟΥ,25.124321,35.327315
6812,1ο ΤΕΕ ΑΡΚΑΛΟΧΩΡΙΟΥ,25.265801,35.148473
6813,4ο ΤΕΕ ΗΡΑΚΛΕΙΟΥ ΕΣΠΕΡΙΝΟ,25.129332,35.336371
6814,ΤΕΕ ΝΕΑΠΟΛΗΣ ΛΑΣΙΘΙΟΥ,25.608099,35.255834
6815,2ο ΤΕΕ ΗΡΑΚΛΕΙΟΥ,25.114461,35.326548
6816,3ο ΤΕΕ ΗΡΑΚΛΕΙΟΥ,25.131955,35.333683
6817,1ο ΤΕΕ ΗΡΑΚΛΕΙΟΥ,25.114461,35.326548
6818,1ο ΤΕΕ ΜΟΙΡΩΝ,24.875723,35.051195
6819,1ο ΤΕΕ ΙΕΡΑΠΕΤΡΑΣ,25.742523,35.010367
6820,ΤΕΕ ΑΓΙΟΥ ΓΕΩΡΓΙΟΥ ΛΑΣΙΘΙΟΥ,,
6821,2ο ΤΕΕ ΡΕΘΥΜΝΟΥ,24.473906,35.35471
6822,ΤΕΕ ΚΑΝΤΑΝΟΥ,23.741536,35.327392
6823,7ο ΤΕΕ ΗΡΑΚΛΕΙΟΥ,,
6824,5ο ΤΕΕ ΗΡΑΚΛΕΙΟΥ,25.107626,35.335901
6825,ΤΕΕ ΕΛΕΥΘΕΡΙΟΥ ΒΕΝΙΖΕΛΟΥ,24.017359,35.51164
6826,2ο ΤΕΕ ΧΑΝΙΩΝ,24.017369,35.511548
6827,ΤΕΕ ΑΚΡΩΤΗΡΙΟΥ,24.049712,35.521109
6828,1ο ΤΕΕ ΒΡΥΣΩΝ,24.202544,35.376491
6829,1ο ΤΕΕ ΧΑΝΙΩΝ,24.024282,35.513731
6830,1ο ΤΕΕ ΚΙΣΣΑΜΟΥ,23.656597,35.493679
6831,2ο ΣΕΚ ΗΡΑΚΛΕΙΟΥ,,
6832,1ο ΣΕΚ ΗΡΑΚΛΕΙΟΥ,25.129286,35.327784
6833,1ο ΣΕΚ ΡΕΘΥΜΝΟΥ,24.501651,35.36531
6834,1ο ΣΕΚ ΑΓΙΟΥ ΝΙΚΟΛΑΟΥ,,
6835,1ο ΣΕΚ ΧΑΝΙΩΝ,24.017353,35.511771
6836,ΣΥΜΒΟΥΛΕΥΤΙΚΟΣ ΣΤΑΘΜΟΣ ΝΕΩΝ ΗΡΑΚΛΕΙΟΥ ΚΡΗΤΗΣ,25.126391,35.33312
6837,ΣΥΜΒΟΥΛΕΥΤΙΚΟΣ ΣΤΑΘΜΟΣ ΝΕΩΝ ΡΕΘΥΜΝΟΥ ΚΡΗΤΗΣ,24.473906,35.35471
6838,5ο ΔΗΜΟΤΙΚΟ ΣΧΟΛΕΙΟ ΡΕΘΥΜΝΟΥ,24.476173,35.362837
6839,ΔΗΜΟΤΙΚΟ ΣΧΟΛΕΙΟ ΑΓΙΑΣ,24.768107,35.365224
6840,ΔΗΜΟΤΙΚΟ ΣΧΟΛΕΙΟ ΑΚΟΥΜΙΩΝ ΡΕΘΥΜΝΟΥ,24.581881,35.163985
6841,ΔΗΜΟΤΙΚΟ ΣΧΟΛΕΙΟ ΑΓΙΑΣ ΓΑΛΗΝΗΣ ΡΕΘΥΜΝΟΥ,24.688051,35.095257
6842,ΔΗΜΟΤΙΚΟ ΣΧΟΛΕΙΟ ΑΓΓΕΛΙΑΝΩΝ,24.681646,35.379646
6843,ΔΗΜΟΤΙΚΟ ΣΧΟΛΕΙΟ ΑΒΔΕΛΛΑ,,
6844,ΔΗΜΟΤΙΚΟ ΣΧΟΛΕΙΟ ΑΓΚΟΥΣΕΛΙΑΝΩΝ ΡΕΘΥΜΝΟΥ,24.436501,35.238054
6845,1ο ΔΗΜΟΤΙΚΟ ΣΧΟΛΕΙΟ ΑΝΩΓΕΙΩΝ,,
6846,6ο ΔΗΜΟΤΙΚΟ ΣΧΟΛΕΙΟ ΡΕΘΥΜΝΟΥ,24.476173,35.362837
6847,ΔΗΜΟΤΙΚΟ ΣΧΟΛΕΙΟ ΑΓΙΟΥ ΙΩΑΝΝΗ,24.401598,35.232789
6848,ΔΗΜΟΤΙΚΟ ΣΧΟΛΕΙΟ ΒΡΥΣΩΝ,,
6849,ΔΗΜΟΤΙΚΟ ΣΧΟΛΕΙΟ ΣΚΕΠΑΣΤΗΣ,24.724738,35.412539
6850,ΔΗΜΟΤΙΚΟ ΣΧΟΛΕΙΟ ΣΙΣΩΝ,,
6851,ΔΗΜΟΤΙΚΟ ΣΧΟΛΕΙΟ ΑΜΥΓΔΑΛΟΚΕΦΑΛΙΟΥ ΚΙΣΑΜΟΥ,23.563589,35.361909
6852,ΔΗΜΟΤΙΚΟ ΣΧΟΛΕΙΟ ΔΟΞΑΡΟΥ,24.836329,35.349594
6853,ΔΗΜΟΤΙΚΟ ΣΧΟΛΕΙΟ ΝΙΘΑΥΡΗΣ ΡΕΘΥΜΝΟΥ,24.73438,35.170349
6854,ΔΗΜΟΤΙΚΟ ΣΧΟΛΕΙΟ ΠΛΑΤΑΝΟΥ ΑΜΑΡΙΟΥ,24.766583,35.15133
6855,ΔΗΜΟΤΙΚΟ ΣΧΟΛΕΙΟ ΠΑΝΤΑΝΑΣΣΗΣ ΡΕΘΥΜΝΟΥ,,
6856,ΔΗΜΟΤΙΚΟ ΣΧΟΛΕΙΟ ΠΑΝΟΡΜΟΥ,24.6958,35.418366
6857,ΔΗΜΟΤΙΚΟ ΣΧΟΛΕΙΟ ΑΓΙΟΥ ΝΙΚΟΛΑΟΥ,,
6858,ΔΗΜΟΤΙΚΟ ΣΧΟΛΕΙΟ ΕΛΕΥΘΕΡΝΗΣ,24.669201,35.328796
6859,ΔΗΜΟΤΙΚΟ ΣΧΟΛΕΙΟ ΦΟΥΡΦΟΥΡΑ ΡΕΘΥΜΝΟΥ,24.713894,35.210419
6860,ΔΗΜΟΤΙΚΟ ΣΧΟΛΕΙΟ ΚΥΡΙΑΝΝΑΣ,24.602569,35.343057
6861,ΔΗΜΟΤΙΚΟ ΣΧΟΛΕΙΟ ΓΕΡΑΚΑΡΙΟΥ ΡΕΘΥΜΝΟΥ,24.609589,35.213067
6862,ΔΗΜΟΤΙΚΟ ΣΧΟΛΕΙΟ ΑΠΟΣΤΟΛΩΝ ΡΕΘΥΜΝΟΥ,24.626967,35.254164
6863,ΔΗΜΟΤΙΚΟ ΣΧΟΛΕΙΟ ΣΠΗΛΙΟΥ ΡΕΘΥΜΝΟΥ,24.536736,35.218742
6864,ΔΗΜΟΤΙΚΟ ΣΧΟΛΕΙΟ ΛΙΒΑΔΙΩΝ,24.808185,35.305817
6865,ΔΗΜΟΤΙΚΟ ΣΧΟΛΕΙΟ ΓΩΝΙΑΣ ΡΕΘΥΜΝΟΥ,24.419447,35.321053
6866,ΔΗΜΟΤΙΚΟ ΣΧΟΛΕΙΟ ΓΕΡΑΝΙΟΥ ΡΕΘΥΜΝΟΥ,24.40017,35.352263
6867,ΔΗΜΟΤΙΚΟ ΣΧΟΛΕΙΟ ΜΕΛΙΔΟΝΙΟΥ,24.739289,35.377261
6868,ΔΗΜΟΤΙΚΟ ΣΧΟΛΕΙΟ ΖΩΝΙΑΝΩΝ,24.831371,35.292923
6869,ΔΗΜΟΤΙΚΟ ΣΧΟΛΕΙΟ ΔΟΛΙΧΗΣ ΕΛΑΣΣΟΝΑΣ,22.170171,40.060587
6870,ΔΗΜΟΤΙΚΟ ΣΧΟΛΕΙΟ ΜΑΡΓΑΡΙΤΩΝ,24.686677,35.336188
6871,ΔΗΜΟΤΙΚΟ ΣΧΟΛΕΙΟ ΜΠΑΛΙΟΥ,,
6872,ΔΗΜΟΤΙΚΟ ΣΧΟΛΕΙΟ ΚΑΛΟΝΥΚΤΙ ΡΕΘΥΜΝΟΥ,24.393117,35.300994
6873,ΔΗΜΟΤΙΚΟ ΣΧΟΛΕΙΟ ΕΠΙΣΚΟΠΗΣ ΡΕΘΥΜΝΟΥ,24.336391,35.327847
6874,1ο ΔΗΜΟΤΙΚΟ ΣΧΟΛΕΙΟ ΠΕΡΑΜΑΤΟΣ,24.70276,35.370856
6875,7ο ΔΗΜΟΤΙΚΟ ΣΧΟΛΕΙΟ ΡΕΘΥΜΝΟΥ,,
6876,ΔΗΜΟΤΙΚΟ ΣΧΟΛΕΙΟ ΑΓΙΟΥ ΜΑΜΑΝΤΟΣ,24.761625,35.322609
6877,10ο ΔΗΜΟΤΙΚΟ ΣΧΟΛΕΙΟ ΡΕΘΥΜΝΟΥ,,
6878,8ο ΔΗΜΟΤΙΚΟ ΣΧΟΛΕΙΟ ΡΕΘΥΜΝΟΥ,24.476112,35.362838
6879,ΔΗΜΟΤΙΚΟ ΣΧΟΛΕΙΟ ΑΙΜΟΝΟΣ,24.86991,35.326506
6880,ΔΗΜΟΤΙΚΟ ΣΧΟΛΕΙΟ ΠΑΛΑΙΟΜΥΛΟΥ ΦΑΡΣΑΛΩΝ,,
6881,2ο ΔΗΜΟΤΙΚΟ ΣΧΟΛΕΙΟ ΧΑΝΙΩΝ,24.014822,35.51448
6882,2ο ΔΗΜΟΤΙΚΟ ΣΧΟΛΕΙΟ ΣΗΤΕΙΑΣ,26.104687,35.207281
6883,ΔΗΜΟΤΙΚΟ ΣΧΟΛΕΙΟ ΜΑΚΡΥ ΓΙΑΛΟΥ ΣΗΤΕΙΑΣ,,
6884,ΔΗΜΟΤΙΚΟ ΣΧΟΛΕΙΟ ΓΙΑΝΝΩΤΩΝ ΕΛΑΣΣΟΝΑΣ,22.044366,39.976876
6885,2ο ΔΗΜΟΤΙΚΟ ΣΧΟΛΕΙΟ ΝΕΑΠΟΛΗΣ ΜΕΡΑΜΒΕΛ,25.606649,35.256403
6886,ΔΗΜΟΤΙΚΟ ΣΧΟΛΕΙΟ ΓΟΥΔΟΥΡΑ ΣΗΤΕΙΑΣ,26.099681,35.012408
6887,ΔΗΜΟΤΙΚΟ ΣΧΟΛΕΙΟ ΠΑΛΑΙΚΑΣΤΡΟΥ ΣΗΤΕΙΑΣ,26.245329,35.197796
6888,ΔΗΜΟΤΙΚΟ ΣΧΟΛΕΙΟ ΣΥΚΙΑΣ ΣΗΤΕΙΑΣ,,
6889,ΔΗΜΟΤΙΚΟ ΣΧΟΛΕΙΟ ΠΙΣΚΟΚΕΦΑΛΟΥ ΣΗΤΕΙΑΣ,26.096274,35.177568
6890,ΔΗΜΟΤΙΚΟ ΣΧΟΛΕΙΟ ΛΙΜΝΩΝ ΜΕΡΑΜΒΕΛ,,
6891,ΔΗΜΟΤΙΚΟ ΣΧΟΛΕΙΟ ΜΙΛΑΤΟΥ ΜΕΡΑΜΒΕΛ,25.566474,35.307916
6892,1ο ΔΗΜΟΤΙΚΟ ΣΧΟΛΕΙΟ ΣΗΤΕΙΑΣ,26.104687,35.207281
6893,ΔΗΜΟΤΙΚΟ ΣΧΟΛΕΙΟ ΚΡΙΤΣΑΣ ΜΕΡΑΜΒΕΛ,25.645383,35.155987
6894,ΔΗΜΟΤΙΚΟ ΣΧΟΛΕΙΟ ΒΑΛΑΝΙΔΑΣ ΕΛΑΣΣΟΝΑΣ,22.048806,39.924828
6895,ΔΗΜΟΤΙΚΟ ΣΧΟΛΕΙΟ ΑΜΠΕΛΙΩΝ ΒΕΡΔΙΚΟΥΣΑΣ ΕΛΑΣΣΟΝΑΣ,,
6896,ΔΗΜΟΤΙΚΟ ΣΧΟΛΕΙΟ ΕΛΟΥΝΤΑΣ ΜΕΡΑΜΒΕΛ,,
6897,ΔΗΜΟΤΙΚΟ ΣΧΟΛΕΙΟ ΚΡΟΥΣΤΑ ΜΕΡΑΜΒΕΛ,25.660901,35.136837
6898,ΔΗΜΟΤΙΚΟ ΣΧΟΛΕΙΟ ΕΡΕΤΡΙΑΣ,22.61487,39.294535
6899,ΔΗΜΟΤΙΚΟ ΣΧΟΛΕΙΟ ΤΖΕΡΜΙΑΔΟΥ ΛΑΣΙΘΙΟΥ,25.490226,35.198497
6900,1ο ΔΗΜΟΤΙΚΟ ΣΧΟΛΕΙΟ ΑΓΙΟΥ ΝΙΚΟΛΑΟΥ ΜΕΡΑΜΒΕΛ,25.715631,35.188884
6901,1ο ΔΗΜΟΤΙΚΟ ΣΧΟΛΕΙΟ ΙΕΡΑΠΕΤΡΑΣ,25.741666,35.010024
6902,2ο ΔΗΜΟΤΙΚΟ ΣΧΟΛΕΙΟ ΙΕΡΑΠΕΤΡΑΣ,25.741666,35.010024
6903,ΔΗΜΟΤΙΚΟ ΣΧΟΛΕΙΟ ΝΕΑΣ ΑΝΑΤΟΛΗΣ,,
6904,ΔΗΜΟΤΙΚΟ ΣΧΟΛΕΙΟ ΟΡΕΙΝΟΥ ΙΕΡΑΠΕΤΡΑΣ,25.913005,35.078825
6905,3ο ΔΗΜΟΤΙΚΟ ΣΧΟΛΕΙΟ ΙΕΡΑΠΕΤΡΑΣ,25.741666,35.010024
6906,ΔΗΜΟΤΙΚΟ ΣΧΟΛΕΙΟ ΝΑΡΘΑΚΙΟΥ ΦΑΡΣΑΛΩΝ,22.484621,39.24325
6907,ΔΗΜΟΤΙΚΟ ΣΧΟΛΕΙΟ ΦΕΡΜΩΝ ΙΕΡΑΠΕΤΡΑΣ,,
6908,5ο ΔΗΜΟΤΙΚΟ ΣΧΟΛΕΙΟ ΙΕΡΑΠΕΤΡΑΣ,25.741666,35.010024
6909,ΔΗΜΟΤΙΚΟ ΣΧΟΛΕΙΟ ΚΑΛΟΥ ΧΩΡΙΟΥ ΙΕΡΑΠΕΤΡΑΣ,25.725338,35.114882
6910,ΔΗΜΟΤΙΚΟ ΣΧΟΛΕΙΟ ΚΕΝΤΡΙΟΥ ΙΕΡΑΠΕΤΡΑΣ,,
6911,ΔΗΜΟΤΙΚΟ ΣΧΟΛΕΙΟ ΚΑΡΙΤΣΑΣ ΛΑΡΙΣΑΣ,,
6912,ΔΗΜΟΤΙΚΟ ΣΧΟΛΕΙΟ ΜΕΓ ΕΛΕΥΘΕΡΟΧΩΡΙΟΥ,,
6913,ΔΗΜΟΤΙΚΟ ΣΧΟΛΕΙΟ ΒΡΑΧΑΣΙΟΥ ΜΕΡΑΜΒΕΛ,25.565304,35.272685
6914,1ο ΔΗΜΟΤΙΚΟ ΣΧΟΛΕΙΟ ΝΕΑΠΟΛΗΣ,25.60648,35.256136
6915,2ο ΔΗΜΟΤΙΚΟ ΣΧΟΛΕΙΟ ΑΓΙΟΥ ΝΙΚΟΛΑΟΥ ΜΕΡΑΜΒΕΛ,25.714173,35.193003
6916,ΔΗΜΟΤΙΚΟ ΣΧΟΛΕΙΟ ΠΑΧΕΙΑΣ ΑΜΜΟΥ ΙΕΡΑΠΕΤΡΑΣ,,
6917,ΔΗΜΟΤΙΚΟ ΣΧΟΛΕΙΟ ΧΩΡΑΣ ΣΑΜΟΥ,26.90535,37.702189
6918,ΔΗΜΟΤΙΚΟ ΣΧΟΛΕΙΟ ΚΑΡΥΔΙΟΥ ΜΕΡΑΜΒΕΛ,25.674584,35.294736
6919,ΔΗΜΟΤΙΚΟ ΣΧΟΛΕΙΟ ΤΑΥΡΩΝΙΤΗ ΚΙΣΣΑΜΟΥ,23.820699,35.527436
6920,14ο ΔΗΜΟΤΙΚΟ ΣΧΟΛΕΙΟ ΧΑΝΙΩΝ,24.00355,35.509772
6921,1ο ΔΗΜΟΤΙΚΟ ΣΧΟΛΕΙΟ ΧΑΝΙΩΝ,24.01824,35.505626
6922,5ο ΔΗΜΟΤΙΚΟ ΣΧΟΛΕΙΟ ΧΑΝΙΩΝ,24.011943,35.515909
6923,3ο ΔΗΜΟΤΙΚΟ ΣΧΟΛΕΙΟ ΠΛΑΤΑΝΙΑ- ΓΕΡΑΝΙΟΥ,,
6924,6ο ΔΗΜΟΤΙΚΟ ΣΧΟΛΕΙΟ ΠΛΑΤΑΝΙΑ-ΠΑΤΕΛΛΑΡΙΟΥ,,
6925,12ο ΔΗΜΟΤΙΚΟ ΣΧΟΛΕΙΟ ΧΑΝΙΩΝ,24.017319,35.509347
6926,ΔΗΜΟΤΙΚΟ ΣΧΟΛΕΙΟ ΒΟΥΒΑ ΣΦΑΚΙΩΝ,,
6927,ΔΗΜΟΤΙΚΟ ΣΧΟΛΕΙΟ ΑΝΩΠΟΛΗΣ ΣΦΑΚΙΩΝ,24.08589,35.213337
6928,ΔΗΜΟΤΙΚΟ ΣΧΟΛΕΙΟ ΣΦΗΝΑΡΙΟΥ ΚΙΣΑΜΟΥ,,
6929,7ο ΔΗΜΟΤΙΚΟ ΣΧΟΛΕΙΟ ΧΑΝΙΩΝ,24.020974,35.514278
6930,3ο ΔΗΜΟΤΙΚΟ ΣΧΟΛΕΙΟ ΝΕΑΣ ΚΥΔΩΝΙΑΣ-ΑΓΙΑΣ ΜΑΡΙΝΑΣ,23.927664,35.514713
6931,6ο ΔΗΜΟΤΙΚΟ ΣΧΟΛΕΙΟ ΧΑΝΙΩΝ,24.008743,35.514863
6932,3ο ΔΗΜΟΤΙΚΟ ΣΧΟΛΕΙΟ ΜΟΥΣΟΥΡΩΝ ΒΑΤΟΛΑΚΚΟΥ,23.894061,35.448023
6933,2ο ΔΗΜΟΤΙΚΟ ΣΧΟΛΕΙΟ ΣΟΥΔΑΣ,24.073828,35.487076
6934,ΔΗΜΟΤΙΚΟ ΣΧΟΛΕΙΟ ΒΑΜΟΥ ΑΠΟΚΟΡΩΝΟΥ,24.197089,35.408314
6935,ΔΗΜΟΤΙΚΟ ΣΧΟΛΕΙΟ ΠΥΘΑΓΟΡΕΙΟΥ ΣΑΜΟΥ,26.942166,37.689904
6936,8ο ΔΗΜΟΤΙΚΟ ΣΧΟΛΕΙΟ ΧΑΝΙΩΝ,24.024885,35.5082
6937,3ο ΔΗΜΟΤΙΚΟ ΣΧΟΛΕΙΟ ΚΙΣΑΜΟΥ,23.6557,35.494206
6938,1ο ΔΗΜΟΤΙΚΟ ΣΧΟΛΕΙΟ ΜΟΥΣΟΥΡΩΝ-ΑΛΙΚΙΑΝΟΥ,23.911938,35.45308
6939,ΔΗΜΟΤΙΚΟ ΣΧΟΛΕΙΟ ΒΑΡΥΠΕΤΡΟΥ ΚΥΔΩΝΙΑΣ,23.967556,35.461873
6940,13ο ΔΗΜΟΤΙΚΟ ΣΧΟΛΕΙΟ ΧΑΝΙΩΝ,24.029854,35.503149
6941,1ο ΔΗΜΟΤΙΚΟ ΣΧΟΛΕΙΟ ΧΑΝΙΩΝ ΕΙΔΙΚΟ,24.033772,35.516951
6942,1ο ΔΗΜΟΤΙΚΟ ΣΧΟΛΕΙΟ ΑΚΡΩΤΗΡΙΟΥ-ΚΟΥΝΟΥΠΙΔΙΑΝΩΝ,24.077846,35.535785
6943,1ο ΔΗΜΟΤΙΚΟ ΣΧΟΛΕΙΟ ΚΕΡΑΜΕΙΩΝ ΚΑΤΩΧΩΡΙΟΥ,,
6944,ΔΗΜΟΤΙΚΟ ΣΧΟΛΕΙΟ ΠΑΛΑΙΟΚΑΣΤΡΟΥ ΣΑΜΟΥ,27.001474,37.737189
6945,3ο ΔΗΜΟΤΙΚΟ ΣΧΟΛΕΙΟ ΧΑΝΙΩΝ,24.023066,35.514136
6946,16ο ΔΗΜΟΤΙΚΟ ΣΧΟΛΕΙΟ ΧΑΝΙΩΝ ΔΙΑΠΟΛΙΤΙΣΜΙΚΗΣ ΕΚΠΑΙΔΕΥΣΗΣ,24.0193,35.510012
6947,ΔΗΜΟΤΙΚΟ ΣΧΟΛΕΙΟ ΑΓΙΑΣ,23.931084,35.470008
6948,ΔΗΜΟΤΙΚΟ ΣΧΟΛΕΙΟ ΡΟΔΩΠΟΥ ΚΙΣΑΜΟΥ ΧΑΝΙΩΝ,,
6949,2ο ΔΗΜΟΤΙΚΟ ΣΧΟΛΕΙΟ ΚΙΣΑΜΟΥ,23.655709,35.494214
6950,ΔΗΜΟΤΙΚΟ ΣΧΟΛΕΙΟ ΓΡΑΜΒΟΥΣΑΣ,,
6951,ΔΗΜΟΤΙΚΟ ΣΧΟΛΕΙΟ ΚΟΛΥΜΒΑΡΙΟΥ ΚΙΣΑΜΟΥ ΧΑΝΙΩΝ,,
6952,ΔΗΜΟΤΙΚΟ ΣΧΟΛΕΙΟ ΝΟΧΙΩΝ ΚΙΣΑΜΟΥ,,
6953,ΔΗΜΟΤΙΚΟ ΣΧΟΛΕΙΟ ΠΛΑΤΑΝΟΥ ΚΙΣΑΜΟΥ,23.596547,35.464527
6954,ΔΗΜΟΤΙΚΟ ΣΧΟΛΕΙΟ ΠΕΛΕΚΑΝΟΥ,,
6955,ΔΗΜΟΤΙΚΟ ΣΧΟΛΕΙΟ ΕΜΠΡΟΣΝΕΡΟΥ ΑΠΟΚΟΡΩΝΟΥ,24.189234,35.344557
6956,ΔΗΜΟΤΙΚΟ ΣΧΟΛΕΙΟ ΝΕΟΥ ΧΩΡΙΟΥ ΑΠΟΚΟΡΩΝΟΥ,24.141871,35.420881
6957,ΔΗΜΟΤΙΚΟ ΣΧΟΛΕΙΟ ΒΡΥΣΩΝ ΑΠΟΚΟΡΩΝΟΥ,24.201547,35.376596
6958,ΔΗΜΟΤΙΚΟ ΣΧΟΛΕΙΟ ΣΤΥΛΟΥ ΑΠΟΚΟΡΩΝΟΥ,24.124269,35.432312
6959,ΔΗΜΟΤΙΚΟ ΣΧΟΛΕΙΟ ΧΡΥΣΟΠΗΓΗΣ,,
6960,3ο ΔΗΜΟΤΙΚΟ ΣΧΟΛΕΙΟ ΑΚΡΩΤΗΡΙΟΥ-ΠΑΖΙΝΟΥ,24.126497,35.548228
6961,ΔΗΜΟΤΙΚΟ ΣΧΟΛΕΙΟ ΧΩΡΑΣ ΣΦΑΚΙΩΝ,24.141587,35.200381
6962,ΔΗΜΟΤΙΚΟ ΣΧΟΛΕΙΟ ΣΠΗΛΙΑΣ ΚΙΣΑΜΟΥ ΧΑΝΙΩΝ,,
6963,ΔΗΜΟΤΙΚΟ ΣΧΟΛΕΙΟ ΝΙΠΠΟΥΣ ΑΠΟΚΟΡΩΝΟΥ,24.171945,35.376776
6964,1ο ΔΗΜΟΤΙΚΟ ΣΧΟΛΕΙΟ ΓΕΩΡΓΙΟΥΠΟΛΗΣ,24.259386,35.36222
6965,ΔΗΜΟΤΙΚΟ ΣΧΟΛΕΙΟ ΚΑΛΥΒΩΝ ΑΠΟΚΟΡΩΝΟΥ,24.166526,35.452072
6966,ΔΗΜΟΤΙΚΟ ΣΧΟΛΕΙΟ ΦΡΕ ΑΠΟΚΟΡΩΝΟΥ,24.146877,35.384031
6967,9ο ΔΗΜΟΤΙΚΟ ΣΧΟΛΕΙΟ ΧΑΝΙΩΝ,,
6968,4ο ΔΗΜΟΤΙΚΟ ΣΧΟΛΕΙΟ ΧΑΝΙΩΝ,24.023016,35.513533
6969,1ο ΔΗΜΟΤΙΚΟ ΣΧΟΛΕΙΟ ΠΛΑΤΑΝΙΑ,,
6970,2ο ΔΗΜΟΤΙΚΟ ΣΧΟΛΕΙΟ ΓΕΩΡΓΙΟΥΠΟΛΗΣ ΚΟΥΡΝΑ,24.259392,35.362246
6971,ΔΗΜΟΤΙΚΟ ΣΧΟΛΕΙΟ ΠΕΡΙΒΟΛΙΩΝ ΚΥΔΩΝΙΑΣ,23.968927,35.416068
6972,ΔΗΜΟΤΙΚΟ ΣΧΟΛΕΙΟ ΚΑΝΤΑΝΟΥ ΣΕΛΙΝΟΥ ΧΑΝΙΩΝ,23.740177,35.328015
6973,ΔΗΜΟΤΙΚΟ ΣΧΟΛΕΙΟ ΤΣΙΚΑΛΑΡΙΩΝ ΣΟΥΔΑΣ,24.06234,35.475399
6974,2ο ΔΗΜΟΤΙΚΟ ΣΧΟΛΕΙΟ ΑΚΡΩΤΗΡΙΟΥ-ΣΤΕΡΝΩΝ,24.148856,35.512047
6975,5ο ΔΗΜΟΤΙΚΟ ΣΧΟΛΕΙΟ ΜΟΥΣΟΥΡΩΝ ΣΕΜΠΡΩΝΑ,23.812377,35.380352
6976,2ο ΔΗΜΟΤΙΚΟ ΣΧΟΛΕΙΟ ΠΛΑΤΑΝΙΑ-ΜΑΛΕΜΕ,,
6977,4ο ΔΗΜΟΤΙΚΟ ΣΧΟΛΕΙΟ ΑΚΡΩΤΗΡΙΟΥ-ΧΩΡΑΦΑΚΙΩΝ,24.113514,35.530919
6978,ΔΗΜΟΤΙΚΟ ΣΧΟΛΕΙΟ ΣΚΙΝΕ-ΦΟΥΡΝΕ,,
6979,ΔΗΜΟΤΙΚΟ ΣΧΟΛΕΙΟ ΒΑΜΒΑΚΟΠΟΥΛΟΥ ΚΥΔΩΝΙΑΣ,23.989721,35.491938
6980,ΔΗΜΟΤΙΚΟ ΣΧΟΛΕΙΟ ΚΑΛΗΔΟΝΙΑΣ ΚΙΣΑΜΟΥ,,
6981,ΔΗΜΟΤΙΚΟ ΣΧΟΛΕΙΟ ΚΑΛΑΘΕΝΩΝ ΚΙΣΑΜΟΥ,23.670994,35.437309
6982,ΔΗΜΟΤΙΚΟ ΣΧΟΛΕΙΟ ΚΑΜΙΣΙΑΝΩΝ ΚΙΣΑΜΟΥ ΧΑΝΙΩΝ,,
6983,ΔΗΜΟΤΙΚΟ ΣΧΟΛΕΙΟ ΕΛΟΥΣ ΚΙΣΑΜΟΥ,23.639469,35.359958
6984,ΔΗΜΟΤΙΚΟ ΣΧΟΛΕΙΟ ΒΟΥΚΟΛΙΩΝ ΚΙΣΑΜΟΥ ΧΑΝΙΩΝ,23.800503,35.466598
6985,ΔΗΜΟΤΙΚΟ ΣΧΟΛΕΙΟ ΜΥΤΙΛΗΝΙΩΝ,26.90966,37.725664
6986,1ο ΔΗΜΟΤΙΚΟ ΣΧΟΛΕΙΟ ΚΙΣΑΜΟΥ,23.655697,35.494214
6987,ΔΗΜΟΤΙΚΟ ΣΧΟΛΕΙΟ ΝΕΩΝ ΚΥΔΩΝΙΩΝ ΛΕΣΒΟΥ,26.441367,39.223907
6988,ΔΗΜΟΤΙΚΟ ΣΧΟΛΕΙΟ ΠΑΛΑΙΟΧΩΡΑΣ ΣΕΛΙΝΟΥ ΧΑΝΙΩΝ,23.6832,35.228736
6989,ΔΗΜΟΤΙΚΟ ΣΧΟΛΕΙΟ ΣΦΑΚΟΠΗΓΑΔΙΟΥ ΚΙΣΑΜΟΥ,23.723002,35.455827
6990,ΔΗΜΟΤΙΚΟ ΣΧΟΛΕΙΟ ΝΕΡΟΚΟΥΡΟΥ ΚΥΔΩΝΙΑΣ,24.035151,35.475725
6991,4ο ΔΗΜΟΤΙΚΟ ΣΧΟΛΕΙΟ ΜΟΥΣΟΥΡΩΝ-ΜΕΣΚΛΩΝ,23.958252,35.404654
6992,ΔΗΜΟΤΙΚΟ ΣΧΟΛΕΙΟ ΔΡΑΠΑΝΙΑ ΚΙΣΑΜΟΥ,23.705097,35.490359
6993,ΔΗΜΟΤΙΚΟ ΣΧΟΛΕΙΟ ΧΑΡΑΚΑ,25.120819,35.009191
6994,ΔΗΜΟΤΙΚΟ ΣΧΟΛΕΙΟ ΠΙΤΣΙΔΙΩΝ,24.78163,35.015244
6995,ΔΗΜΟΤΙΚΟ ΣΧΟΛΕΙΟ ΠΥΡΓΙΩΤΙΣΣΑΣ ΚΑΛΥΒΙΩΝ,,
6996,ΔΗΜΟΤΙΚΟ ΣΧΟΛΕΙΟ ΑΓΙΟΥ ΜΥΡΩΝΑ,,
6997,ΔΗΜΟΤΙΚΟ ΣΧΟΛΕΙΟ ΚΛΗΜΑΤΟΣ,24.759831,35.10918
6998,ΔΗΜΟΤΙΚΟ ΣΧΟΛΕΙΟ ΒΩΡΩΝ,24.812709,35.066646
6999,ΔΗΜΟΤΙΚΟ ΣΧΟΛΕΙΟ ΣΤΟΛΩΝ,,
7000,ΔΗΜΟΤΙΚΟ ΣΧΟΛΕΙΟ ΣΤΕΡΝΩΝ,,
7001,ΔΗΜΟΤΙΚΟ ΣΧΟΛΕΙΟ ΚΑΜΑΡΩΝ,24.820425,35.152258
7002,ΔΗΜΟΤΙΚΟ ΣΧΟΛΕΙΟ ΑΥΓΕΝΙΚΗΣ,25.034682,35.182566
7003,26ο ΔΗΜΟΤΙΚΟ ΣΧΟΛΕΙΟ ΗΡΑΚΛΕΙΟΥ,25.10478,35.33145
7004,25ο ΔΗΜΟΤΙΚΟ ΣΧΟΛΕΙΟ ΗΡΑΚΛΕΙΟΥ,,
7005,ΔΗΜΟΤΙΚΟ ΣΧΟΛΕΙΟ ΑΣΤΥΡΑΚΙΟΥ,24.947917,35.314834
7006,ΔΗΜΟΤΙΚΟ ΣΧΟΛΕΙΟ ΚΑΤΩ ΑΣΙΤΩΝ,25.004132,35.204556
7007,ΔΗΜΟΤΙΚΟ ΣΧΟΛΕΙΟ ΑΝΩ ΑΣΙΤΩΝ,25.002263,35.193034
7008,ΔΗΜΟΤΙΚΟ ΣΧΟΛΕΙΟ ΓΕΡΓΕΡΗΣ,24.950213,35.131442
7009,1ο ΔΗΜΟΤΙΚΟ ΣΧΟΛΕΙΟ ΑΝΩ ΑΡΧΑΝΩΝ,25.170881,35.250755
7010,ΔΗΜΟΤΙΚΟ ΣΧΟΛΕΙΟ ΑΝΩ ΜΟΥΛΙΩΝ,,
7011,13ο ΔΗΜΟΤΙΚΟ ΣΧΟΛΕΙΟ ΗΡΑΚΛΕΙΟΥ,,
7012,1ο ΔΗΜΟΤΙΚΟ ΣΧΟΛΕΙΟ ΝΕΑΣ ΑΛΙΚΑΡΝΑΣΣΟΥ,25.160694,35.341142
7013,3ο ΔΗΜΟΤΙΚΟ ΣΧΟΛΕΙΟ ΝΕΑΣ ΑΛΙΚΑΡΝΑΣΣΟΥ,,
7014,2ο ΔΗΜΟΤΙΚΟ ΣΧΟΛΕΙΟ ΝΕΑΣ ΑΛΙΚΑΡΝΑΣΣΟΥ,25.160696,35.341143
7015,54ο ΔΗΜΟΤΙΚΟ ΣΧΟΛΕΙΟ ΗΡΑΚΛΕΙΟΥ,,
7016,ΔΗΜΟΤΙΚΟ ΣΧΟΛΕΙΟ ΒΟΡΙΖΙΩΝ,24.849023,35.149106
7017,11ο ΔΗΜΟΤΙΚΟ ΣΧΟΛΕΙΟ ΗΡΑΚΛΕΙΟΥ,,
7018,14ο ΔΗΜΟΤΙΚΟ ΣΧΟΛΕΙΟ ΗΡΑΚΛΕΙΟΥ,,
7019,1ο ΔΗΜΟΤΙΚΟ ΣΧΟΛΕΙΟ ΜΟΙΡΩΝ,24.875254,35.05105
7020,28ο ΔΗΜΟΤΙΚΟ ΣΧΟΛΕΙΟ ΗΡΑΚΛΕΙΟΥ,,
7021,27ο ΔΗΜΟΤΙΚΟ ΣΧΟΛΕΙΟ ΗΡΑΚΛΕΙΟΥ,,
7022,ΔΗΜΟΤΙΚΟ ΣΧΟΛΕΙΟ ΗΡΑΚΛΕΙΟΥ ΕΙΔΙΚΟ,,
7023,ΔΗΜΟΤΙΚΟ ΣΧΟΛΕΙΟ ΒΑΛΗ,,
7024,ΔΗΜΟΤΙΚΟ ΣΧΟΛΕΙΟ ΓΩΝΙΩΝ ΜΑΛΕΒΥΖΙΟΥ,24.929176,35.292421
7025,ΔΗΜΟΤΙΚΟ ΣΧΟΛΕΙΟ ΧΟΥΔΕΤΣΙΟΥ ΗΡΑΚΛΕΙΟΥ,,
7026,12ο ΔΗΜΟΤΙΚΟ ΣΧΟΛΕΙΟ ΗΡΑΚΛΕΙΟΥ,,
7027,ΔΗΜΟΤΙΚΟ ΣΧΟΛΕΙΟ ΚΟΥΝΑΒΩΝ ΗΡΑΚΛΕΙΟΥ,,
7028,ΔΗΜΟΤΙΚΟ ΣΧΟΛΕΙΟ ΧΑΡΑΚΙΟΥ,25.137736,35.111903
7029,ΔΗΜΟΤΙΚΟ ΣΧΟΛΕΙΟ ΠΑΡΑΝΥΜΦΩΝ,25.128615,34.973033
7030,ΔΗΜΟΤΙΚΟ ΣΧΟΛΕΙΟ ΓΚΑΓΚΑΛΩΝ,,
7031,ΔΗΜΟΤΙΚΟ ΣΧΟΛΕΙΟ ΠΥΡΓΟΥ,25.152617,35.004944
7032,ΔΗΜΟΤΙΚΟ ΣΧΟΛΕΙΟ ΒΑΣΙΛΙΚΗΣ,,
7033,ΔΗΜΟΤΙΚΟ ΣΧΟΛΕΙΟ ΜΙΣΤΕΓΝΩΝ ΛΕΣΒΟΥ,26.462752,39.209816
7034,ΔΗΜΟΤΙΚΟ ΣΧΟΛΕΙΟ ΑΜΠΕΛΟΥΖΟΥ,24.936595,35.0672
7035,ΔΗΜΟΤΙΚΟ ΣΧΟΛΕΙΟ ΒΟΥΡΒΟΥΛΙΤΟΥ,,
7036,ΔΗΜΟΤΙΚΟ ΣΧΟΛΕΙΟ ΑΓΙΩΝ ΔΕΚΑ,,
7037,ΔΗΜΟΤΙΚΟ ΣΧΟΛΕΙΟ ΑΓΙΟΥ ΚΥΡΙΛΛΟΥ,,
7038,2ο ΔΗΜΟΤΙΚΟ ΣΧΟΛΕΙΟ ΜΟΙΡΩΝ,24.875345,35.050989
7039,ΔΗΜΟΤΙΚΟ ΣΧΟΛΕΙΟ ΑΧΛΑΔΑΣ,24.992096,35.395035
7040,32ο ΔΗΜΟΤΙΚΟ ΣΧΟΛΕΙΟ ΗΡΑΚΛΕΙΟΥ,25.123802,35.316219
7041,ΔΗΜΟΤΙΚΟ ΣΧΟΛΕΙΟ ΚΟΚΚΙΝΗ ΧΑΝΙΟΥ ΗΡΑΚΛΕΙΟΥ,,
7042,ΔΗΜΟΤΙΚΟ ΣΧΟΛΕΙΟ ΑΓΙΑΣ ΒΑΡΒΑΡΑΣ,25.005649,35.137845
7043,ΔΗΜΟΤΙΚΟ ΣΧΟΛΕΙΟ ΑΚΡΙΩΝ,,
7044,ΔΗΜΟΤΙΚΟ ΣΧΟΛΕΙΟ ΑΓΙΟΥ ΒΑΣΙΛΕΙΟΥ ΗΡΑΚΛΕΙΟΥ,,
7045,ΔΗΜΟΤΙΚΟ ΣΧΟΛΕΙΟ ΔΑΦΝΩΝ,,
7046,3ο ΔΗΜΟΤΙΚΟ ΣΧΟΛΕΙΟ ΗΡΑΚΛΕΙΟΥ,,
7047,2ο ΔΗΜΟΤΙΚΟ ΣΧΟΛΕΙΟ ΗΡΑΚΛΕΙΟΥ,25.119801,35.33696
7048,ΔΗΜΟΤΙΚΟ ΣΧΟΛΕΙΟ ΠΡΙΝΙΑ ΜΑΛΕΒΙΖΙΟΥ,,
7049,ΔΗΜΟΤΙΚΟ ΣΧΟΛΕΙΟ ΠΡΕΒΕΛΙΑΝΩΝ,,
7050,ΔΗΜΟΤΙΚΟ ΣΧΟΛΕΙΟ ΑΓΙΟΥ ΘΩΜΑ,,
7051,ΔΗΜΟΤΙΚΟ ΣΧΟΛΕΙΟ ΑΤΣΙΠΑΔΩΝ,,
7052,1ο ΔΗΜΟΤΙΚΟ ΣΧΟΛΕΙΟ ΚΡΟΥΣΩΝΑ,24.982241,35.229447
7053,ΔΗΜΟΤΙΚΟ ΣΧΟΛΕΙΟ ΚΑΛΕΣΙΩΝ,25.052934,35.284107
7054,ΔΗΜΟΤΙΚΟ ΣΧΟΛΕΙΟ ΚΑΒΡΟΧΩΡΙΟΥ,25.04579,35.338508
7055,1ο ΔΗΜΟΤΙΚΟ ΣΧΟΛΕΙΟ ΓΑΖΙΟΥ,25.0651,35.325519
7056,ΔΗΜΟΤΙΚΟ ΣΧΟΛΕΙΟ ΑΓΙΑΣ ΜΑΡΙΝΑΣ,,
7057,ΔΗΜΟΤΙΚΟ ΣΧΟΛΕΙΟ ΜΕΓΑΛΗΣ ΒΡΥΣΗΣ,,
7058,34ο ΔΗΜΟΤΙΚΟ ΣΧΟΛΕΙΟ ΗΡΑΚΛΕΙΟΥ,,
7059,30ο ΔΗΜΟΤΙΚΟ ΣΧΟΛΕΙΟ ΗΡΑΚΛΕΙΟΥ,25.116008,35.33093
7060,15ο ΔΗΜΟΤΙΚΟ ΣΧΟΛΕΙΟ ΗΡΑΚΛΕΙΟΥ,,
7061,ΔΗΜΟΤΙΚΟ ΣΧΟΛΕΙΟ ΒΕΝΕΡΑΤΟΥ,25.040819,35.196433
7062,ΔΗΜΟΤΙΚΟ ΣΧΟΛΕΙΟ ΤΕΦΕΛΙΟΥ,25.163033,35.090463
7063,ΔΗΜΟΤΙΚΟ ΣΧΟΛΕΙΟ ΣΩΚΑΡΑ,,
7064,ΔΗΜΟΤΙΚΟ ΣΧΟΛΕΙΟ ΑΠΟΙΝΙΟΥ,,
7065,ΔΗΜΟΤΙΚΟ ΣΧΟΛΕΙΟ ΤΣΟΥΤΣΟΥΡΟΥ,,
7066,ΔΗΜΟΤΙΚΟ ΣΧΟΛΕΙΟ ΔΟΥΛΙΟΥ,,
7067,ΔΗΜΟΤΙΚΟ ΣΧΟΛΕΙΟ ΑΣΗΜΙΟΥ,,
7068,1ο ΔΗΜΟΤΙΚΟ ΣΧΟΛΕΙΟ ΒΟΥΤΩΝ,,
7069,1ο ΔΗΜΟΤΙΚΟ ΣΧΟΛΕΙΟ ΗΡΑΚΛΕΙΟΥ,25.117285,35.333755
7070,18ο ΔΗΜΟΤΙΚΟ ΣΧΟΛΕΙΟ ΗΡΑΚΛΕΙΟΥ,,
7071,10ο ΔΗΜΟΤΙΚΟ ΣΧΟΛΕΙΟ ΗΡΑΚΛΕΙΟΥ,,
7072,ΔΗΜΟΤΙΚΟ ΣΧΟΛΕΙΟ ΠΑΝΑΓΙΑΣ ΠΕΔΙΑΔΑΣ,25.341813,35.117996
7073,ΔΗΜΟΤΙΚΟ ΣΧΟΛΕΙΟ ΚΑΡΑΒΑΔΟΥ,25.338898,35.080667
7074,ΔΗΜΟΤΙΚΟ ΣΧΟΛΕΙΟ ΑΝΩ ΚΑΣΤΕΛΛΙΑΝΩΝ,25.267889,35.03175
7075,ΔΗΜΟΤΙΚΟ ΣΧΟΛΕΙΟ ΠΙΡΑΘΙΟΥ,,
7076,ΔΗΜΟΤΙΚΟ ΣΧΟΛΕΙΟ ΔΕΜΑΤΙΟΥ,25.292551,35.032266
7077,ΔΗΜΟΤΙΚΟ ΣΧΟΛΕΙΟ ΠΑΤΣΙΔΕΡΟΥ,25.229429,35.154561
7078,53ο ΔΗΜΟΤΙΚΟ ΣΧΟΛΕΙΟ ΗΡΑΚΛΕΙΟΥ,,
7079,ΔΗΜΟΤΙΚΟ ΣΧΟΛΕΙΟ ΠΗΓΗΣ ΛΕΣΒΟΥ,26.418753,39.181208
7080,ΔΗΜΟΤΙΚΟ ΣΧΟΛΕΙΟ ΛΑΡΑΝΙΟΥ,,
7081,ΔΗΜΟΤΙΚΟ ΣΧΟΛΕΙΟ ΑΜΟΥΡΓΕΛΛΩΝ,,
7082,ΔΗΜΟΤΙΚΟ ΣΧΟΛΕΙΟ ΜΕΤΑΞΟΧΩΡΙΟΥ,,
7083,ΔΗΜΟΤΙΚΟ ΣΧΟΛΕΙΟ ΒΑΓΙΟΝΙΑΣ,,
7084,ΔΗΜΟΤΙΚΟ ΣΧΟΛΕΙΟ ΧΟΥΣΤΟΥΛΙΝΩΝ,,
7085,ΔΗΜΟΤΙΚΟ ΣΧΟΛΕΙΟ ΣΚΟΥΡΒΟΥΛΩΝ,24.847284,35.107002
7086,ΔΗΜΟΤΙΚΟ ΣΧΟΛΕΙΟ ΛΟΥΚΙΑΣ,,
7087,ΔΗΜΟΤΙΚΟ ΣΧΟΛΕΙΟ ΛΙΓΟΡΤΥΝΟΥ,25.178042,35.072179
7088,ΔΗΜΟΤΙΚΟ ΣΧΟΛΕΙΟ ΚΑΛΛΙΘΕΑΣ,25.172827,35.311061
7089,ΔΗΜΟΤΙΚΟ ΣΧΟΛΕΙΟ ΣΚΙΝΙΑ,25.306308,35.053134
7090,4ο ΔΗΜΟΤΙΚΟ ΣΧΟΛΕΙΟ ΗΡΑΚΛΕΙΟΥ,25.109165,35.335509
7091,ΔΗΜΟΤΙΚΟ ΣΧΟΛΕΙΟ ΗΡΑΚΛΕΙΟΥ ΠΕΙΡΑΜΑΤΙΚΟ,,
7092,ΔΗΜΟΤΙΚΟ ΣΧΟΛΕΙΟ ΚΟΝΤΑΚΑΙΙΚΩΝ ΣΑΜΟΥ,26.744155,37.802082
7093,ΔΗΜΟΤΙΚΟ ΣΧΟΛΕΙΟ ΦΟΥΡΝΟΦΑΡΑΓΓΟΥ,,
7094,2ο ΔΗΜΟΤΙΚΟ ΣΧΟΛΕΙΟ ΤΥΜΠΑΚΙΟΥ,24.768995,35.069745
7095,1ο ΔΗΜΟΤΙΚΟ ΣΧΟΛΕΙΟ ΤΥΜΠΑΚΙΟΥ,24.768995,35.069745
7096,ΔΗΜΟΤΙΚΟ ΣΧΟΛΕΙΟ ΠΑΡΤΙΡΩΝ,25.226583,35.116759
7097,ΔΗΜΟΤΙΚΟ ΣΧΟΛΕΙΟ ΚΟΚΚΑΡΙΟΥ ΣΑΜΟΥ,26.889847,37.771331
7098,ΔΗΜΟΤΙΚΟ ΣΧΟΛΕΙΟ ΗΡΑΚΛΕΙΟΥ ΕΙΔΙΚΟ ΠΑΙΔΑΓΩΓΙΚΗΣ ΑΚΑΔΗΜΙΑΣ,,
7099,ΔΗΜΟΤΙΚΟ ΣΧΟΛΕΙΟ ΣΑΡΧΟΥ,24.998083,35.223347
7100,ΔΗΜΟΤΙΚΟ ΣΧΟΛΕΙΟ ΚΑΡΥΩΝ ΧΙΟΥ,,
7101,ΔΗΜΟΤΙΚΟ ΣΧΟΛΕΙΟ ΤΣΙΦΟΥΤ ΚΑΣΤΕΛΛΙΟΥ,,
7102,ΔΗΜΟΤΙΚΟ ΣΧΟΛΕΙΟ ΚΡΟΤΟΥ,,
7103,ΔΗΜΟΤΙΚΟ ΣΧΟΛΕΙΟ ΜΗΤΡΟΠΟΛΗΣ,,
7104,1ο ΔΗΜΟΤΙΚΟ ΣΧΟΛΕΙΟ ΖΑΡΟΥ,24.90516,35.129704
7105,ΔΗΜΟΤΙΚΟ ΣΧΟΛΕΙΟ ΓΑΛΙΑΣ,24.871435,35.0763
7106,ΔΗΜΟΤΙΚΟ ΣΧΟΛΕΙΟ ΑΧΕΝΤΡΙΑ,25.226083,34.99
7107,ΔΗΜΟΤΙΚΟ ΣΧΟΛΕΙΟ ΣΙΒΑ ΠΥΡΙΩΤΙΣΑΣ,24.808551,35.016645
7108,ΔΗΜΟΤΙΚΟ ΣΧΟΛΕΙΟ ΡΟΔΙΑΣ,25.020182,35.363985
7109,ΔΗΜΟΤΙΚΟ ΣΧΟΛΕΙΟ ΦΑΝΕΡΩΜΕΝΗΣ,24.834515,35.072324
7110,ΔΗΜΟΤΙΚΟ ΣΧΟΛΕΙΟ ΜΟΝΗΣ ΜΑΛΕΒΙΖΙΟΥ,25.01254,35.287571
7111,ΔΗΜΟΤΙΚΟ ΣΧΟΛΕΙΟ ΗΡΑΚΛΕΙΟΥ ΠΕΙΡΑΜΑΤΙΚΟ,,
7112,ΔΗΜΟΤΙΚΟ ΣΧΟΛΕΙΟ ΠΛΑΤΑΝΟΥ ΗΡΑΚΛΕΙΟΥ,,
7113,ΔΗΜΟΤΙΚΟ ΣΧΟΛΕΙΟ ΠΗΓΑΙΔΑΚΙΩΝ,24.851145,34.984238
7114,ΔΗΜΟΤΙΚΟ ΣΧΟΛΕΙΟ ΠΕΤΡΟΚΕΦΑΛΙΟΥ,24.835057,35.029525
7115,ΔΗΜΟΤΙΚΟ ΣΧΟΛΕΙΟ ΜΟΡΟΝΙΟΥ,24.919808,35.093459
7116,ΔΗΜΟΤΙΚΟ ΣΧΟΛΕΙΟ ΜΑΚΡΩΝ,,
7117,2ο ΔΗΜΟΤΙΚΟ ΣΧΟΛΕΙΟ ΚΡΟΥΣΩΝΑ,24.982254,35.229573
7118,ΔΗΜΟΤΙΚΟ ΣΧΟΛΕΙΟ ΔΙΟΝΥΣΙΟΥ,,
7119,ΔΗΜΟΤΙΚΟ ΣΧΟΛΕΙΟ ΠΥΡΓΟΥΣ,,
7120,ΔΗΜΟΤΙΚΟ ΣΧΟΛΕΙΟ ΒΑΣΙΛΕΙΩΝ,,
7121,1ο ΔΗΜΟΤΙΚΟ ΣΧΟΛΕΙΟ ΑΡΚΑΛΟΧΩΡΙΟΥ,25.264301,35.148263
7122,ΔΗΜΟΤΙΚΟ ΣΧΟΛΕΙΟ ΑΝΩ ΒΙΑΝΝΟΥ,25.421625,35.052578
7123,23ο ΔΗΜΟΤΙΚΟ ΣΧΟΛΕΙΟ ΗΡΑΚΛΕΙΟΥ,,
7124,ΔΗΜΟΤΙΚΟ ΣΧΟΛΕΙΟ ΑΠΟΣΤΟΛΩΝ ΗΡΑΚΛΕΙΟΥ,25.299966,35.216121
7125,ΔΗΜΟΤΙΚΟ ΣΧΟΛΕΙΟ ΓΟΥΡΝΩΝ ΗΡΑΚΛΕΙΟΥ,,
7126,ΔΗΜΟΤΙΚΟ ΣΧΟΛΕΙΟ ΑΓΙΩΝ ΠΑΡΑΣΚΙΩΝ ΗΡΑΚΛΕΙΟΥ,,
7127,24ο ΔΗΜΟΤΙΚΟ ΣΧΟΛΕΙΟ ΗΡΑΚΛΕΙΟΥ,25.130727,35.330674
7128,17ο ΔΗΜΟΤΙΚΟ ΣΧΟΛΕΙΟ ΗΡΑΚΛΕΙΟΥ,,
7129,20ο ΔΗΜΟΤΙΚΟ ΣΧΟΛΕΙΟ ΗΡΑΚΛΕΙΟΥ,,
7130,19ο ΔΗΜΟΤΙΚΟ ΣΧΟΛΕΙΟ ΗΡΑΚΛΕΙΟΥ,25.139274,35.308542
7131,ΔΗΜΟΤΙΚΟ ΣΧΟΛΕΙΟ ΚΑΣΤΡΙ ΧΟΝΔΡΟΥ ΒΙΑΝΟΥ,,
7132,4ο ΔΗΜΟΤΙΚΟ ΣΧΟΛΕΙΟ ΝΕΑΣ ΑΛΙΚΑΡΝΑΣΣΟΥ,25.160693,35.341137
7133,21ο ΔΗΜΟΤΙΚΟ ΣΧΟΛΕΙΟ ΗΡΑΚΛΕΙΟΥ,,
7134,ΔΗΜΟΤΙΚΟ ΣΧΟΛΕΙΟ ΑΓΙΟΥ ΣΥΛΛΑ,25.115789,35.241974
7135,33ο ΔΗΜΟΤΙΚΟ ΣΧΟΛΕΙΟ ΗΡΑΚΛΕΙΟΥ,,
7136,9ο ΔΗΜΟΤΙΚΟ ΣΧΟΛΕΙΟ ΗΡΑΚΛΕΙΟΥ,,
7137,8ο ΔΗΜΟΤΙΚΟ ΣΧΟΛΕΙΟ ΗΡΑΚΛΕΙΟΥ,25.120533,35.332899
7138,16ο ΔΗΜΟΤΙΚΟ ΣΧΟΛΕΙΟ ΗΡΑΚΛΕΙΟΥ,25.126553,35.323105
7139,6ο ΔΗΜΟΤΙΚΟ ΣΧΟΛΕΙΟ ΗΡΑΚΛΕΙΟΥ,25.125651,35.336336
7140,ΔΗΜΟΤΙΚΟ ΣΧΟΛΕΙΟ ΚΑΡΚΑΔΙΩΤΙΣΣΗΣ,,
7141,ΔΗΜΟΤΙΚΟ ΣΧΟΛΕΙΟ ΠΡΟΦΗΤΗ ΗΛΙΑ,25.101081,35.205312
7142,ΔΗΜΟΤΙΚΟ ΣΧΟΛΕΙΟ ΑΣΚΩΝ ΗΡΑΚΛΕΙΟΥ,25.387654,35.213939
7143,ΔΗΜΟΤΙΚΟ ΣΧΟΛΕΙΟ ΒΑΒΥΛΩΝ ΧΙΟΥ,,
7144,ΔΗΜΟΤΙΚΟ ΣΧΟΛΕΙΟ ΑΜΙΡΑ,25.445709,35.038699
7145,ΔΗΜΟΤΙΚΟ ΣΧΟΛΕΙΟ ΚΥΠΑΡΙΣΣΟΥ,25.077953,35.190865
7146,ΔΗΜΟΤΙΚΟ ΣΧΟΛΕΙΟ ΚΑΛΟΥ,,
7147,ΔΗΜΟΤΙΚΟ ΣΧΟΛΕΙΟ ΡΟΥΚΑΝΙΟΥ,,
7148,16ο ΔΗΜΟΤΙΚΟ ΣΧΟΛΕΙΟ ΡΕΘΥΜΝΟΥ,,
7149,3ο ΔΗΜΟΤΙΚΟ ΣΧΟΛΕΙΟ ΗΡΑΚΛΕΙΟΥ ΕΙΔΙΚΟ,,
7150,18ο ΔΗΜΟΤΙΚΟ ΣΧΟΛΕΙΟ ΧΑΝΙΩΝ,24.017306,35.509349
7151,11ο ΔΗΜΟΤΙΚΟ ΣΧΟΛΕΙΟ ΧΑΝΙΩΝ,24.036283,35.517252
7152,1ο ΔΗΜΟΤΙΚΟ ΣΧΟΛΕΙΟ ΣΟΥΔΑΣ,24.073965,35.48685
7153,2ο ΔΗΜΟΤΙΚΟ ΣΧΟΛΕΙΟ ΝΕΑΣ ΚΥΔΩΝΙΑΣ,23.927664,35.514713
7154,ΔΗΜΟΤΙΚΟ ΣΧΟΛΕΙΟ ΣΤΑΥΡΩΜΕΝΟΥ,,
7155,1ο ΔΗΜΟΤΙΚΟ ΣΧΟΛΕΙΟ ΡΕΘΥΜΝΟΥ ΕΙΔΙΚΟ,,
7156,2ο ΔΗΜΟΤΙΚΟ ΣΧΟΛΕΙΟ ΠΕΡΑΜΑΤΟΣ,24.702973,35.370863
7157,ΔΗΜΟΤΙΚΟ ΣΧΟΛΕΙΟ ΒΕΝΙΟΥ,24.827404,35.318526
7158,ΔΗΜΟΤΙΚΟ ΣΧΟΛΕΙΟ ΑΞΟΥ,24.842618,35.307237
7159,ΔΗΜΟΤΙΚΟ ΣΧΟΛΕΙΟ ΓΑΡΑΖΟΥ,24.7903,35.343833
7160,ΔΗΜΟΤΙΚΟ ΣΧΟΛΕΙΟ ΜΥΡΤΕΑΣ ΗΡΑΚΛΕΙΟΥ,,
7161,45ο ΔΗΜΟΤΙΚΟ ΣΧΟΛΕΙΟ ΗΡΑΚΛΕΙΟΥ,,
7162,ΔΗΜΟΤΙΚΟ ΣΧΟΛΕΙΟ ΛΟΥΤΡΟΥ,,
7163,2ο ΔΗΜΟΤΙΚΟ ΣΧΟΛΕΙΟ ΜΟΥΡΝΙΩΝ,24.013274,35.484515
7164,ΔΗΜΟΤΙΚΟ ΣΧΟΛΕΙΟ ΠΥΡΓΙΟΥ ΧΙΟΥ,25.998597,38.226142
7165,10ο ΔΗΜΟΤΙΚΟ ΣΧΟΛΕΙΟ ΧΑΝΙΩΝ,24.041476,35.519021
7166,ΔΗΜΟΤΙΚΟ ΣΧΟΛΕΙΟ ΜΕΤΟΧΙΩΝ ΡΕΘΥΜΝΟΥ,,
7167,3ο ΔΗΜΟΤΙΚΟ ΣΧΟΛΕΙΟ ΡΕΘΥΜΝΟΥ,24.471119,35.367063
7168,1ο ΔΗΜΟΤΙΚΟ ΣΧΟΛΕΙΟ ΡΕΘΥΜΝΟΥ,,
7169,ΔΗΜΟΤΙΚΟ ΣΧΟΛΕΙΟ ΑΤΣΙΠΟΠΟΥΛΟΥ ΡΕΘΥΜΝΟΥ,24.43472,35.352227
7170,2ο ΔΗΜΟΤΙΚΟ ΣΧΟΛΕΙΟ ΜΑΛΙΩΝ,,
7171,2ο ΔΗΜΟΤΙΚΟ ΣΧΟΛΕΙΟ ΡΕΘΥΜΝΟΥ,24.476173,35.362837
7172,ΔΗΜΟΤΙΚΟ ΣΧΟΛΕΙΟ ΑΔΕΛΕ,24.561712,35.356622
7173,9ο ΔΗΜΟΤΙΚΟ ΣΧΟΛΕΙΟ ΡΕΘΥΜΝΟΥ,24.476112,35.362838
7174,2ο ΔΗΜΟΤΙΚΟ ΣΧΟΛΕΙΟ ΛΙΜΕΝΑ ΧΕΡΣΟΝΗΣΟΥ,,
7175,ΔΗΜΟΤΙΚΟ ΣΧΟΛΕΙΟ ΧΑΝΙΩΝ ΕΙΔΙΚΟ ΑΥΤΙΣΤΙΚΩΝ,,
7176,ΔΗΜΟΤΙΚΟ ΣΧΟΛΕΙΟ ΜΙΞΟΡΡΟΥΜΑΤΟΣ ΡΕΘΥΜΝΟΥ,24.506181,35.214409
7177,2ο ΔΗΜΟΤΙΚΟ ΣΧΟΛΕΙΟ ΚΟΥΝΟΥΠΙΔΙΑΝΩΝ,,
7178,ΔΗΜΟΤΙΚΟ ΣΧΟΛΕΙΟ ΚΑΤΩ ΡΟΔΑΚΙΝΟΥ ΡΕΘΥΜΝΟΥ,24.313213,35.20071
7179,ΔΗΜΟΤΙΚΟ ΣΧΟΛΕΙΟ ΜΕΛΑΜΠΩΝ ΡΕΘΥΜΝΟΥ,24.654489,35.125131
7180,ΔΗΜΟΤΙΚΟ ΣΧΟΛΕΙΟ ΑΝΩ ΜΕΡΟΥΣ ΡΕΘΥΜΝΟΥ,24.662812,35.185287
7181,1ο ΔΗΜΟΤΙΚΟ ΣΧΟΛΕΙΟ ΜΟΥΡΝΙΩΝ,24.013276,35.484516
7182,2ο ΔΗΜΟΤΙΚΟ ΣΧΟΛΕΙΟ ΓΑΖΙΟΥ,25.065112,35.325527
7183,2ο ΔΗΜΟΤΙΚΟ ΣΧΟΛΕΙΟ ΑΡΚΑΛΟΧΩΡΙΟΥ,25.264461,35.148323
7184,44ο ΔΗΜΟΤΙΚΟ ΣΧΟΛΕΙΟ ΗΡΑΚΛΕΙΟΥ,,
7185,31ο ΔΗΜΟΤΙΚΟ ΣΧΟΛΕΙΟ ΗΡΑΚΛΕΙΟΥ,25.130693,35.330709
7186,2ο ΔΗΜΟΤΙΚΟ ΣΧΟΛΕΙΟ ΑΝΩ ΑΡΧΑΝΩΝ,25.17077,35.250699
7187,52ο ΔΗΜΟΤΙΚΟ ΣΧΟΛΕΙΟ ΗΡΑΚΛΕΙΟΥ,,
7188,2ο ΔΗΜΟΤΙΚΟ ΣΧΟΛΕΙΟ ΒΟΥΤΩΝ,,
7189,ΔΗΜΟΤΙΚΟ ΣΧΟΛΕΙΟ ΜΟΙΡΩΝ ΕΙΔΙΚΟ,,
7190,50ο ΔΗΜΟΤΙΚΟ ΣΧΟΛΕΙΟ ΗΡΑΚΛΕΙΟΥ,25.109195,35.335497
7191,42ο ΔΗΜΟΤΙΚΟ ΣΧΟΛΕΙΟ ΗΡΑΚΛΕΙΟΥ,,
7192,1ο ΔΗΜΟΤΙΚΟ ΣΧΟΛΕΙΟ ΝΕΑΣ ΚΥΔΩΝΙΑΣ,23.927664,35.514713
7193,20ο ΔΗΜΟΤΙΚΟ ΣΧΟΛΕΙΟ ΧΑΝΙΩΝ,24.024221,35.508724
7194,4ο ΔΗΜΟΤΙΚΟ ΣΧΟΛΕΙΟ ΣΗΤΕΙΑΣ,26.104687,35.207281
7195,19ο ΔΗΜΟΤΙΚΟ ΣΧΟΛΕΙΟ ΧΑΝΙΩΝ,24.025869,35.506611
7196,ΔΗΜΟΤΙΚΟ ΣΧΟΛΕΙΟ ΣΗΤΕΙΑΣ ΕΙΔΙΚΟ,26.104687,35.207281
7197,15ο ΔΗΜΟΤΙΚΟ ΣΧΟΛΕΙΟ ΧΑΝΙΩΝ,24.025845,35.507214
7198,17ο ΔΗΜΟΤΙΚΟ ΣΧΟΛΕΙΟ ΧΑΝΙΩΝ,24.019422,35.509348
7199,ΔΗΜΟΤΙΚΟ ΣΧΟΛΕΙΟ ΑΓΡΟΚΗΠΙΟΥ,,
7200,15ο ΔΗΜΟΤΙΚΟ ΣΧΟΛΕΙΟ ΡΕΘΥΜΝΟΥ,,
7201,3ο ΔΗΜΟΤΙΚΟ ΣΧΟΛΕΙΟ ΤΥΜΠΑΚΙΟΥ,24.768995,35.069745
7202,47ο ΔΗΜΟΤΙΚΟ ΣΧΟΛΕΙΟ ΗΡΑΚΛΕΙΟΥ,,
7203,48ο ΔΗΜΟΤΙΚΟ ΣΧΟΛΕΙΟ ΗΡΑΚΛΕΙΟΥ,,
7204,ΔΗΜΟΤΙΚΟ ΣΧΟΛΕΙΟ ΑΡΓΥΡΟΥΠΟΛΗΣ ΡΕΘΥΜΝΟΥ,24.333694,35.284384
7205,ΔΗΜΟΤΙΚΟ ΣΧΟΛΕΙΟ ΧΑΝΙΩΝ ΕΙΔΙΚΟ (ΕΛΕΠΑΑΠ),24.026681,35.506611
7206,ΔΗΜΟΤΙΚΟ ΣΧΟΛΕΙΟ ΚΑΣΤΕΛΛΙΟΥ ΗΡΑΚΛΕΙΟΥ,25.338824,35.207429
7207,ΔΗΜΟΤΙΚΟ ΣΧΟΛΕΙΟ ΑΠΛΑΔΙΑΝΩΝ,24.818084,35.352935
7208,ΔΗΜΟΤΙΚΟ ΣΧΟΛΕΙΟ ΔΑΜΑΒΟΛΟΥ,24.752757,35.344625
7209,ΔΗΜΟΤΙΚΟ ΣΧΟΛΕΙΟ ΚΑΣΤΑΜΟΝΙΤΣΗΣ ΗΡΑΚΛΕΙΟΥ,25.373623,35.185922
7210,ΔΗΜΟΤΙΚΟ ΣΧΟΛΕΙΟ ΡΟΥΣΟΧΩΡΙΩΝ ΗΡΑΚΛΕΙΟΥ,,
7211,ΔΗΜΟΤΙΚΟ ΣΧΟΛΕΙΟ ΑΥΛΗΣ ΗΡΑΚΛΕΙΟΥ,,
7212,7ο ΔΗΜΟΤΙΚΟ ΣΧΟΛΕΙΟ ΗΡΑΚΛΕΙΟΥ,,
7213,ΔΗΜΟΤΙΚΟ ΣΧΟΛΕΙΟ ΛΙΜΕΝΑ ΧΕΡΣΟΝΗΣΟΥ,25.391454,35.313286
7214,ΔΗΜΟΤΙΚΟ ΣΧΟΛΕΙΟ ΑΦΡΑΤΙΟΥ,25.351641,35.102802
7215,13ο ΔΗΜΟΤΙΚΟ ΣΧΟΛΕΙΟ ΡΕΘΥΜΝΟΥ,,
7216,ΔΗΜΟΤΙΚΟ ΣΧΟΛΕΙΟ ΑΡΚΑΛΟΧΩΡΙ ΕΙΔΙΚΟ,,
7217,ΔΗΜΟΤΙΚΟ ΣΧΟΛΕΙΟ ΘΡΑΨΑΝΟΥ ΗΡΑΚΛΕΙΟΥ,25.281965,35.186349
7218,4ο ΔΗΜΟΤΙΚΟ ΣΧΟΛΕΙΟ ΑΓΙΟΥ ΝΙΚΟΛΑΟΥ,25.710812,35.195961
7219,ΔΗΜΟΤΙΚΟ ΣΧΟΛΕΙΟ ΙΝΙΟΥ,25.280744,35.093785
7220,ΔΗΜΟΤΙΚΟ ΣΧΟΛΕΙΟ ΕΛΙΑΣ ΗΡΑΚΛΕΙΟΥ,25.233079,35.303165
7221,ΔΗΜΟΤΙΚΟ ΣΧΟΛΕΙΟ ΕΠΙΣΚΟΠΗΣ ΗΡΑΚΛΕΙΟΥ,25.238921,35.25575
7222,ΔΗΜΟΤΙΚΟ ΣΧΟΛΕΙΟ ΣΤΑΒΙΩΝ,,
7223,ΔΗΜΟΤΙΚΟ ΣΧΟΛΕΙΟ ΣΤΑΥΡΑΚΙΩΝ,,
7224,ΔΗΜΟΤΙΚΟ ΣΧΟΛΕΙΟ ΤΥΛΙΣΟΥ,25.018113,35.29582
7225,ΔΗΜΟΤΙΚΟ ΣΧΟΛΕΙΟ ΓΩΝΙΩΝ ΗΡΑΚΛΕΙΟΥ,25.44523,35.225975
7226,ΔΗΜΟΤΙΚΟ ΣΧΟΛΕΙΟ ΑΓΙΟΥ ΝΙΚΟΛΑΟΥ ΕΙΔΙΚΟ,25.71059,35.195853
7227,5ο ΔΗΜΟΤΙΚΟ ΣΧΟΛΕΙΟ ΑΚΡΩΤΗΡΙΟΥ-ΚΟΥΝΟΥΠΙΔΙΑΝΩΝ,24.124289,35.556826
7228,ΔΗΜΟΤΙΚΟ ΣΧΟΛΕΙΟ ΖΩΦΟΡΩΝ ΗΡΑΚΛΕΙΟΥ,25.272332,35.201257
7229,ΔΗΜΟΤΙΚΟ ΣΧΟΛΕΙΟ ΜΟΧΟΥ ΗΡΑΚΛΕΙΟΥ,,
7230,ΔΗΜΟΤΙΚΟ ΣΧΟΛΕΙΟ ΓΟΥΒΩΝ ΗΡΑΚΛΕΙΟΥ,25.313772,35.310253
7231,ΔΗΜΟΤΙΚΟ ΣΧΟΛΕΙΟ ΜΑΛΙΩΝ,,
7232,ΔΗΜΟΤΙΚΟ ΣΧΟΛΕΙΟ ΙΕΡΑΠΕΤΡΑΣ ΕΙΔΙΚΟ,25.741666,35.010024
7233,ΔΗΜΟΤΙΚΟ ΣΧΟΛΕΙΟ ΚΑΤΩ ΚΑΣΤΕΛΛΙΑΝΩΝ,25.267898,35.031755
7234,5ο ΔΗΜΟΤΙΚΟ ΣΧΟΛΕΙΟ ΗΡΑΚΛΕΙΟΥ,,
7235,ΔΗΜΟΤΙΚΟ ΣΧΟΛΕΙΟ ΧΕΡΣΟΝΗΣΟΥ ΗΡΑΚΛΕΙΟΥ,25.371913,35.306821
7236,ΔΗΜΟΤΙΚΟ ΣΧΟΛΕΙΟ ΣΚΑΛΑΝΙΟΥ ΗΡΑΚΛΕΙΟΥ,,
7237,ΔΗΜΟΤΙΚΟ ΣΧΟΛΕΙΟ ΣΓΟΥΡΟΚΕΦΑΛΙΟΥ ΗΡΑΚΛΕΙΟΥ,25.236755,35.242722
7238,ΔΗΜΟΤΙΚΟ ΣΧΟΛΕΙΟ ΓΕΡΑΚΙΟΥ ΗΡΑΚΛΕΙΟΥ,25.352957,35.151317
7239,ΔΗΜΟΤΙΚΟ ΣΧΟΛΕΙΟ ΜΕΣΟΧΩΡΙΟΥ,25.209054,35.013169
7240,ΔΗΜΟΤΙΚΟ ΣΧΟΛΕΙΟ ΕΥΑΓΓΕΛΙΣΜΟΥ ΗΡΑΚΛΕΙΟΥ,25.311052,35.185961
7241,ΔΗΜΟΤΙΚΟ ΣΧΟΛΕΙΟ ΦΟΔΕΛΕ,24.958467,35.382082
7242,ΔΗΜΟΤΙΚΟ ΣΧΟΛΕΙΟ ΜΑΡΑΘΟΥ,24.973483,35.3464
7243,ΔΗΜΟΤΙΚΟ ΣΧΟΛΕΙΟ ΕΜΠΑΡΟΥ,25.384765,35.095006
7244,35ο ΔΗΜΟΤΙΚΟ ΣΧΟΛΕΙΟ ΗΡΑΚΛΕΙΟΥ,25.117501,35.324242
7245,2ο ΔΗΜΟΤΙΚΟ ΣΧΟΛΕΙΟ ΗΡΑΚΛΕΙΟΥ ΕΙΔΙΚΟ,,
7246,ΔΗΜΟΤΙΚΟ ΣΧΟΛΕΙΟ ΡΟΥΣΤΙΚΩΝ ΡΕΘΥΜΝΟΥ,24.375269,35.286595
7247,ΔΗΜΟΤΙΚΟ ΣΧΟΛΕΙΟ ΜΥΡΙΟΚΕΦΑΛΩΝ ΡΕΘΥΜΝΟΥ,24.301645,35.253353
7248,ΔΗΜΟΤΙΚΟ ΣΧΟΛΕΙΟ ΠΡΙΝΕ ΡΕΘΥΜΝΟΥ,24.425816,35.345034
7249,46ο ΔΗΜΟΤΙΚΟ ΣΧΟΛΕΙΟ ΗΡΑΚΛΕΙΟΥ,,
7250,36ο ΔΗΜΟΤΙΚΟ ΣΧΟΛΕΙΟ ΗΡΑΚΛΕΙΟΥ,,
7251,41ο ΔΗΜΟΤΙΚΟ ΣΧΟΛΕΙΟ ΗΡΑΚΛΕΙΟΥ,25.129329,35.317316
7252,37ο ΔΗΜΟΤΙΚΟ ΣΧΟΛΕΙΟ ΗΡΑΚΛΕΙΟΥ,25.129941,35.315213
7253,40ο ΔΗΜΟΤΙΚΟ ΣΧΟΛΕΙΟ ΗΡΑΚΛΕΙΟΥ,,
7254,ΔΗΜΟΤΙΚΟ ΣΧΟΛΕΙΟ ΚΑΠΑΡΙΑΝΩΝ,,
7255,5ο ΔΗΜΟΤΙΚΟ ΣΧΟΛΕΙΟ ΝΕΑΣ ΑΛΙΚΑΡΝΑΣΣΟΥ,25.160699,35.341138
7256,43ο ΔΗΜΟΤΙΚΟ ΣΧΟΛΕΙΟ ΗΡΑΚΛΕΙΟΥ,,
7257,ΔΗΜΟΤΙΚΟ ΣΧΟΛΕΙΟ ΑΣΤΡΑΚΩΝ ΗΡΑΚΛΕΙΟΥ,,
7258,56o ΔΗΜΟΤΙΚΟ ΣΧΟΛΕΙΟ ΗΡΑΚΛΕΙΟΥ,,
7259,39ο ΔΗΜΟΤΙΚΟ ΣΧΟΛΕΙΟ ΗΡΑΚΛΕΙΟΥ,,
7260,55ο ΔΗΜΟΤΙΚΟ ΣΧΟΛΕΙΟ ΗΡΑΚΛΕΙΟΥ,,
7261,2ο ΔΗΜΟΤΙΚΟ ΣΧΟΛΕΙΟ ΧΑΝΙΩΝ ΕΙΔΙΚΟ,,
7262,ΔΗΜΟΤΙΚΟ ΣΧΟΛΕΙΟ ΗΡΑΚΛΕΙΟΥ ΕΙΔΙΚΟ ΚΩΦΩΝ,,
7263,ΔΗΜΟΤΙΚΟ ΣΧΟΛΕΙΟ ΡΟΥΜΕΛΗ,24.703073,35.403952
7264,ΔΗΜΟΤΙΚΟ ΣΧΟΛΕΙΟ ΣΕΙΣΙΟΥ,,
7265,ΔΗΜΟΤΙΚΟ ΣΧΟΛΕΙΟ ΧΑΜΕΖΙΟΥ ΣΗΤΕΙΑΣ,26.019573,35.173326
7266,ΔΗΜΟΤΙΚΟ ΣΧΟΛΕΙΟ ΤΟΥΡΛΩΤΗΣ ΣΗΤΕΙΑΣ,25.940056,35.158987
7267,ΔΗΜΟΤΙΚΟ ΣΧΟΛΕΙΟ ΣΦΑΚΑΣ ΣΗΤΕΙΑΣ,25.924257,35.151665
7268,ΔΗΜΟΤΙΚΟ ΣΧΟΛΕΙΟ ΠΛΑΚΙΑ,24.392937,35.190542
7269,ΔΗΜΟΤΙΚΟ ΣΧΟΛΕΙΟ ΑΡΜΕΝΩΝ ΡΕΘΥΜΝΟΥ,24.460513,35.303642
7270,14ο ΔΗΜΟΤΙΚΟ ΣΧΟΛΕΙΟ ΡΕΘΥΜΝΟΥ,,
7271,ΔΗΜΟΤΙΚΟ ΣΧΟΛΕΙΟ ΡΟΥΣΣΟΣΠΙΤΙΟΥ,24.495785,35.33489
7272,3ο ΔΗΜΟΤΙΚΟ ΣΧΟΛΕΙΟ ΑΓΙΟΥ ΝΙΚΟΛΑΟΥ,25.711036,35.188553
7273,ΔΗΜΟΤΙΚΟ ΣΧΟΛΕΙΟ ΚΟΥΤΣΟΥΡΑ ΣΗΤΕΙΑΣ,25.948701,35.034092
7274,ΔΗΜΟΤΙΚΟ ΣΧΟΛΕΙΟ ΣΚΟΠΗΣ ΣΗΤΕΙΑΣ,26.040554,35.175247
7275,ΔΗΜΟΤΙΚΟ ΣΧΟΛΕΙΟ ΑΛΦΑΣ,24.670471,35.358216
7276,4ο ΔΗΜΟΤΙΚΟ ΣΧΟΛΕΙΟ ΙΕΡΑΠΕΤΡΑΣ,25.741666,35.010024
7277,49ο ΔΗΜΟΤΙΚΟ ΣΧΟΛΕΙΟ ΗΡΑΚΛΕΙΟΥ,,
7278,3ο ΔΗΜΟΤΙΚΟ ΣΧΟΛΕΙΟ ΣΗΤΕΙΑΣ,26.104687,35.207281
7279,ΔΙΕΥΘΥΝΣΗ Δ.Ε. ΡΕΘΥΜΝΟΥ,24.475769,35.364159
7280,ΔΙΕΥΘΥΝΣΗ Δ.Ε. ΛΑΣΙΘΙΟΥ,25.718607,35.187043
7281,ΔΙΕΥΘΥΝΣΗ Δ.Ε. ΗΡΑΚΛΕΙΟΥ,25.121255,35.332081
7282,ΔΙΕΥΘΥΝΣΗ Δ.Ε. ΧΑΝΙΩΝ,24.034929,35.508908
7283,1ο ΕΡΓΑΣΤΗΡΙΑΚΟ ΚΕΝΤΡΟ ΦΥΣΙΚΩΝ ΕΠΙΣΤΗΜΩΝ ΛΑΣΙΘΙΟΥ (ΑΓΙΟΣ ΝΙΚΟΛΑΟΣ),,
7284,1ο ΕΡΓΑΣΤΗΡΙΑΚΟ ΚΕΝΤΡΟ ΦΥΣΙΚΩΝ ΕΠΙΣΤΗΜΩΝ ΗΡΑΚΛΕΙΟΥ (ΗΡΑΚΛΕΙΟ),25.128411,35.328616
7285,1ο ΕΡΓΑΣΤΗΡΙΑΚΟ ΚΕΝΤΡΟ ΦΥΣΙΚΩΝ ΕΠΙΣΤΗΜΩΝ ΡΕΘΥΜΝΟΥ (ΡΕΘΥΜΝΟ),24.473906,35.35471
7286,2ο ΕΡΓΑΣΤΗΡΙΑΚΟ ΚΕΝΤΡΟ ΦΥΣΙΚΩΝ ΕΠΙΣΤΗΜΩΝ ΗΡΑΚΛΕΙΟΥ (ΗΡΑΚΛΕΙΟ),25.133793,35.298732
7287,1ο ΕΡΓΑΣΤΗΡΙΑΚΟ ΚΕΝΤΡΟ ΦΥΣΙΚΩΝ ΕΠΙΣΤΗΜΩΝ ΧΑΝΙΩΝ (ΧΑΝΙΑ),24.050442,35.522013
7288,ΚΕΣΥΠ ΡΕΘΥΜΝΟΥ,24.475641,35.3642
7289,ΚΕΣΥΠ ΗΡΑΚΛΕΙΟΥ,25.12946,35.331268
7290,ΚΕΣΥΠ ΛΑΣΙΘΙ,25.718052,35.189075
7291,ΚΕΣΥΠ ΧΑΝΙΩΝ,24.028986,35.510725
7292,1ο ΓΡΑΦΕΙΟ Δ.Ε. ΗΡΑΚΛΕΙΟΥ,25.122237,35.333303
7293,2ο ΓΡΑΦΕΙΟ Δ.Ε. ΗΡΑΚΛΕΙΟΥ,25.12334,35.334602
7294,ΓΡΑΦΕΙΟ Δ.Ε. ΧΑΝΙΩΝ,24.034929,35.508908
7295,ΓΡΑΦΕΙΟ ΤΕΕ ΗΡΑΚΛΕΙΟΥ,25.121328,35.33205
7296,ΙΕΚ ΡΕΘΥΜΝΟΥ,,
7297,ΙΕΚ ΜΟΙΡΩΝ (ΠΑΡΑΡΤΗΜΑ ΙΕΚ ΗΡΑΚΛΕΙΟΥ),,
7298,ΙΕΚ ΝΕΑΠΟΛΗΣ ΚΡΗΤΗΣ,,
7299,ΙΕΚ ΙΕΡΑΠΕΤΡΑΣ,,
7300,ΙΕΚ ΑΓΙΟΥ ΝΙΚΟΛΑΟΥ,,
7301,ΙΕΚ ΧΑΝΙΩΝ,,
7302,2ο ΙΕΚ ΗΡΑΚΛΕΙΟΥ,,
7303,ΙΕΚ ΗΡΑΚΛΕΙΟΥ,,
7304,ΙΕΚ ΣΗΤΕΙΑΣ,,
7305,ΙΕΚ ΚΙΣΣΑΜΟΥ,,
7306,ΔΙΕΥΘΥΝΣΗ Π.Ε. ΗΡΑΚΛΕΙΟΥ,,
7307,ΔΙΕΥΘΥΝΣΗ Π.Ε. ΡΕΘΥΜΝΟΥ,,
7308,ΔΙΕΥΘΥΝΣΗ Π.Ε. ΧΑΝΙΩΝ,,
7309,ΔΙΕΥΘΥΝΣΗ Π.Ε. ΛΑΣΙΘΙΟΥ,25.718408,35.186893
7310,2ο ΓΡΑΦΕΙΟ Π.Ε. ΧΑΝΙΩΝ,,
7311,3ο ΓΡΑΦΕΙΟ Π.Ε. ΧΑΝΙΩΝ,,
7312,2ο ΓΡΑΦΕΙΟ Π.Ε. ΗΡΑΚΛΕΙΟΥ,,
7313,1ο ΓΡΑΦΕΙΟ Π.Ε. ΗΡΑΚΛΕΙΟΥ,,
7314,2ο ΓΡΑΦΕΙΟ Π.Ε. ΡΕΘΥΜΝΟΥ,,
7315,2ο ΓΡΑΦΕΙΟ Π.Ε. ΛΑΣΙΘΙΟΥ,,
7316,4ο ΓΡΑΦΕΙΟ Π.Ε. ΗΡΑΚΛΕΙΟΥ,,
7317,1ο ΓΡΑΦΕΙΟ Π.Ε. ΛΑΣΙΘΙΟΥ,,
7318,1ο ΓΡΑΦΕΙΟ Π.Ε. ΧΑΝΙΩΝ,,
7319,3ο ΓΡΑΦΕΙΟ Π.Ε. ΗΡΑΚΛΕΙΟΥ,,
7320,1ο ΓΡΑΦΕΙΟ Π.Ε. ΡΕΘΥΜΝΟΥ,,
7321,ΠΕΡΙΦΕΡΕΙΑΚΟ ΕΠΙΜΟΡΦΩΤΙΚΟ ΚΕΝΤΡΟ ΗΡΑΚΛΕΙΟΥ,,
7322,ΠΕΡΙΦΕΡΕΙΑΚΟ ΕΠΙΜΟΡΦΩΤΙΚΟ ΚΕΝΤΡΟ ΡΕΘΥΜΝΟΥ,,
7323,ΓΡΑΦΕΙΟ ΦΥΣΙΚΗΣ ΑΓΩΓΗΣ ΧΑΝΙΩΝ,,
7324,ΓΡΑΦΕΙΟ ΣΧΟΛΙΚΩΝ ΣΥΜΒΟΥΛΩΝ ΚΡΗΤΗΣ,,
7325,ΓΡΑΦΕΙΟ ΣΧΟΛΙΚΩΝ ΣΥΜΒΟΥΛΩΝ 7ης ΠΕΡΙΦΕΡΕΙΑΣ ΗΡΑΚΛΕΙΟΥ,,
7326,1ο ΝΗΠΙΑΓΩΓΕΙΟ ΗΡΑΚΛΕΙΟΥ ΕΙΔΙΚΟ,,
7327,ΝΗΠΙΑΓΩΓΕΙΟ ΣΙΒΑΣ ΠΥΡΓΙΩΤΙΣΣΑΣ,24.808812,35.016719
7328,ΝΗΠΙΑΓΩΓΕΙΟ ΗΡΑΚΛΕΙΟΥ ΕΙΔΙΚΟ ΚΩΦΩΝ,,
7329,ΝΗΠΙΑΓΩΓΕΙΟ ΑΝΩ ΒΙΑΝΝΟΥ,25.42147,35.052586
7330,2ο ΝΗΠΙΑΓΩΓΕΙΟ ΝΕΑΣ ΑΛΙΚΑΡΝΑΣΣΟΥ,25.160704,35.341141
7331,66ο ΝΗΠΙΑΓΩΓΕΙΟ ΗΡΑΚΛΕΙΟΥ,,
7332,3ο ΝΗΠΙΑΓΩΓΕΙΟ ΓΑΖΙΟΥ,25.065105,35.325509
7333,1ο ΝΗΠΙΑΓΩΓΕΙΟ ΑΡΚΑΛΟΧΩΡΙΟΥ,25.264445,35.1481
7334,21ο ΝΗΠΙΑΓΩΓΕΙΟ ΗΡΑΚΛΕΙΟΥ,,
7335,2ο ΝΗΠΙΑΓΩΓΕΙΟ ΜΑΛΙΩΝ,,
7336,ΝΗΠΙΑΓΩΓΕΙΟ ΘΡΑΨΑΝΟΥ ΗΡΑΚΛΕΙΟΥ,25.281843,35.186564
7337,ΝΗΠΙΑΓΩΓΕΙΟ ΑΓΙΟΥ ΒΛΑΣΣΙΟΥ,,
7338,60ο ΝΗΠΙΑΓΩΓΕΙΟ ΗΡΑΚΛΕΙΟΥ,,
7339,ΝΗΠΙΑΓΩΓΕΙΟ ΠΑΝΑΓΙΑΣ ΠΕΔΙΑΔΑΣ,25.3416,35.118417
7340,15ο ΝΗΠΙΑΓΩΓΕΙΟ ΗΡΑΚΛΕΙΟΥ,,
7341,ΝΗΠΙΑΓΩΓΕΙΟ ΑΓΙΟΥ ΣΥΛΛΑ,25.115631,35.242234
7342,3ο ΝΗΠΙΑΓΩΓΕΙΟ ΜΟΙΡΩΝ,24.875264,35.051035
7343,ΝΗΠΙΑΓΩΓΕΙΟ ΠΡΟΦΗΤΟΥ ΗΛΙΟΥ,25.100953,35.20542
7344,5ο ΝΗΠΙΑΓΩΓΕΙΟ ΝΕΑΣ ΑΛΙΚΑΡΝΑΣΣΟΥ,25.160693,35.341142
7345,ΝΗΠΙΑΓΩΓΕΙΟ ΜΕΤΑΞΟΧΩΡΙΟΥ,,
7346,ΝΗΠΙΑΓΩΓΕΙΟ ΑΝΩΠΟΛΗΣ,25.260101,35.299524
7347,1ο ΝΗΠΙΑΓΩΓΕΙΟ ΤΥΜΠΑΚΙΟΥ,24.768995,35.069745
7348,33ο ΝΗΠΙΑΓΩΓΕΙΟ ΗΡΑΚΛΕΙΟΥ,,
7349,ΝΗΠΙΑΓΩΓΕΙΟ ΑΝΩ ΜΟΥΛΙΩΝ,,
7350,1ο ΝΗΠΙΑΓΩΓΕΙΟ ΑΓΙΑΣ ΒΑΡΒΑΡΑΣ,25.005649,35.137845
7351,1ο ΝΗΠΙΑΓΩΓΕΙΟ ΚΡΟΥΣΩΝΑ,24.982309,35.229363
7352,ΝΗΠΙΑΓΩΓΕΙΟ ΚΑΜΑΡΩΝ,24.820164,35.152185
7353,ΝΗΠΙΑΓΩΓΕΙΟ ΚΟΥΝΑΒΩΝ,,
7354,ΝΗΠΙΑΓΩΓΕΙΟ ΣΚΑΛΑΝΙΟΥ,,
7355,ΝΗΠΙΑΓΩΓΕΙΟ ΑΓΙΟΥ ΒΑΣΙΛΕΙΟΥ,,
7356,ΝΗΠΙΑΓΩΓΕΙΟ ΣΓΟΥΡΟΚΕΦΑΛΙΟΥ,25.236751,35.242453
7357,ΝΗΠΙΑΓΩΓΕΙΟ ΒΟΥΛΓΑΡΩ ΚΙΣΑΜΟΥ,23.695176,35.455006
7358,3ο ΝΗΠΙΑΓΩΓΕΙΟ ΗΡΑΚΛΕΙΟΥ,,
7359,1ο ΝΗΠΙΑΓΩΓΕΙΟ ΑΝΩ ΑΡΧΑΝΩΝ,25.170636,35.25084
7360,17ο ΝΗΠΙΑΓΩΓΕΙΟ ΗΡΑΚΛΕΙΟΥ,,
7361,ΝΗΠΙΑΓΩΓΕΙΟ ΤΣΙΦΟΥΤ ΚΑΣΤΕΛΛΙΟΥ,,
7362,ΝΗΠΙΑΓΩΓΕΙΟ ΑΡΒΗΣ,,
7363,ΝΗΠΙΑΓΩΓΕΙΟ ΑΥΛΗΣ,,
7364,44ο ΝΗΠΙΑΓΩΓΕΙΟ ΗΡΑΚΛΕΙΟΥ,,
7365,ΝΗΠΙΑΓΩΓΕΙΟ ΚΟΚΚΙΝΗ ΧΑΝΙ,,
7366,ΝΗΠΙΑΓΩΓΕΙΟ ΠΟΜΠΙΑΣ,24.868546,35.008797
7367,ΝΗΠΙΑΓΩΓΕΙΟ ΣΚΟΥΡΒΟΥΛΩΝ,24.846822,35.107117
7368,ΝΗΠΙΑΓΩΓΕΙΟ ΣΤΕΡΝΩΝ,,
7369,9ο ΝΗΠΙΑΓΩΓΕΙΟ ΗΡΑΚΛΕΙΟΥ,,
7370,16ο ΝΗΠΙΑΓΩΓΕΙΟ ΗΡΑΚΛΕΙΟΥ,,
7371,10ο ΝΗΠΙΑΓΩΓΕΙΟ ΗΡΑΚΛΕΙΟΥ,,
7372,11ο ΝΗΠΙΑΓΩΓΕΙΟ ΗΡΑΚΛΕΙΟΥ,,
7373,24ο ΝΗΠΙΑΓΩΓΕΙΟ ΗΡΑΚΛΕΙΟΥ,,
7374,1ο ΝΗΠΙΑΓΩΓΕΙΟ ΛΙΜΕΝΑ ΧΕΡΣΟΝΗΣΟΥ,25.391294,35.313556
7375,ΝΗΠΙΑΓΩΓΕΙΟ ΜΑΡΑΘΟΥ,24.97359,35.346388
7376,23ο ΝΗΠΙΑΓΩΓΕΙΟ ΗΡΑΚΛΕΙΟΥ,,
7377,25ο ΝΗΠΙΑΓΩΓΕΙΟ ΗΡΑΚΛΕΙΟΥ,,
7378,ΝΗΠΙΑΓΩΓΕΙΟ ΑΣΗΜΙΟΥ,,
7379,ΝΗΠΙΑΓΩΓΕΙΟ ΓΕΡΑΚΙΟΥ,25.353168,35.151314
7380,22ο ΝΗΠΙΑΓΩΓΕΙΟ ΗΡΑΚΛΕΙΟΥ,,
7381,ΝΗΠΙΑΓΩΓΕΙΟ ΠΙΤΣΙΔΙΩΝ,24.781637,35.01525
7382,5ο ΝΗΠΙΑΓΩΓΕΙΟ ΗΡΑΚΛΕΙΟΥ,,
7383,ΝΗΠΙΑΓΩΓΕΙΟ ΔΑΦΝΕ,,
7384,20ο ΝΗΠΙΑΓΩΓΕΙΟ ΗΡΑΚΛΕΙΟΥ,,
7385,19ο ΝΗΠΙΑΓΩΓΕΙΟ ΗΡΑΚΛΕΙΟΥ,25.11629,35.33078
7386,18ο ΝΗΠΙΑΓΩΓΕΙΟ ΗΡΑΚΛΕΙΟΥ,,
7387,ΝΗΠΙΑΓΩΓΕΙΟ ΠΕΖΩΝ,,
7388,1ο ΝΗΠΙΑΓΩΓΕΙΟ ΗΡΑΚΛΕΙΟΥ,25.119792,35.336921
7389,ΝΗΠΙΑΓΩΓΕΙΟ ΚΑΣΤΡΙΟΥ,,
7390,ΝΗΠΙΑΓΩΓΕΙΟ ΕΛΙΑΣ,25.233131,35.303339
7391,38ο ΝΗΠΙΑΓΩΓΕΙΟ ΗΡΑΚΛΕΙΟΥ,,
7392,ΝΗΠΙΑΓΩΓΕΙΟ ΦΟΔΕΛΕ,24.958312,35.382226
7393,2ο ΝΗΠΙΑΓΩΓΕΙΟ ΜΟΙΡΩΝ,24.875242,35.051024
7394,1ο ΝΗΠΙΑΓΩΓΕΙΟ ΓΑΖΙΟΥ,25.065119,35.325518
7395,1ο ΝΗΠΙΑΓΩΓΕΙΟ ΖΑΡΟΥ,24.905238,35.129338
7396,ΝΗΠΙΑΓΩΓΕΙΟ ΜΕΓ ΒΡΥΣΗΣ,,
7397,ΝΗΠΙΑΓΩΓΕΙΟ ΤΕΦΕΛΙΟΥ,25.163212,35.090477
7398,31ο ΝΗΠΙΑΓΩΓΕΙΟ ΗΡΑΚΛΕΙΟΥ,,
7399,5ο ΝΗΠΙΑΓΩΓΕΙΟ ΑΚΡΩΤΗΡΙΟΥ-ΑΡΩΝΙΟΥ,24.123907,35.560875
7400,ΝΗΠΙΑΓΩΓΕΙΟ ΑΓΙΩΝ ΔΕΚΑ,,
7401,ΝΗΠΙΑΓΩΓΕΙΟ ΡΟΔΩΠΟΥ ΚΙΣΑΜΟΥ,,
7402,34ο ΝΗΠΙΑΓΩΓΕΙΟ ΗΡΑΚΛΕΙΟΥ,,
7403,1ο ΝΗΠΙΑΓΩΓΕΙΟ ΜΑΛΙΩΝ,,
7404,ΝΗΠΙΑΓΩΓΕΙΟ ΜΟΧΟΥ,,
7405,2ο ΝΗΠΙΑΓΩΓΕΙΟ ΑΡΚΑΛΟΧΩΡΙΟΥ,25.264459,35.148145
7406,ΝΗΠΙΑΓΩΓΕΙΟ ΛΙΓΟΡΤΥΝΟΥ,25.178022,35.072382
7407,ΝΗΠΙΑΓΩΓΕΙΟ ΣΩΚΑΡΑ,,
7408,2ο ΝΗΠΙΑΓΩΓΕΙΟ ΑΝΩ ΑΡΧΑΝΩΝ,25.170663,35.250891
7409,3ο ΝΗΠΙΑΓΩΓΕΙΟ ΝΕΑΣ ΑΛΙΚΑΡΝΑΣΣΟΥ,25.160693,35.34114
7410,ΝΗΠΙΑΓΩΓΕΙΟ ΒΕΝΕΡΑΤΟΥ,25.040816,35.196463
7411,ΝΗΠΙΑΓΩΓΕΙΟ ΑΓΙΟΥ ΜΥΡΩΝΟΣ,,
7412,ΝΗΠΙΑΓΩΓΕΙΟ ΑΓΙΟΥ ΘΩΜΑ,,
7413,27ο ΝΗΠΙΑΓΩΓΕΙΟ ΗΡΑΚΛΕΙΟΥ,,
7414,ΝΗΠΙΑΓΩΓΕΙΟ ΦΑΝΕΡΩΜΕΝΗΣ,24.834513,35.072123
7415,32ο ΝΗΠΙΑΓΩΓΕΙΟ ΗΡΑΚΛΕΙΟΥ,,
7416,40ο ΝΗΠΙΑΓΩΓΕΙΟ ΗΡΑΚΛΕΙΟΥ,,
7417,39ο ΝΗΠΙΑΓΩΓΕΙΟ ΗΡΑΚΛΕΙΟΥ,,
7418,3ο ΝΗΠΙΑΓΩΓΕΙΟ ΑΚΡΩΤΗΡΙΟΥ-ΣΤΕΡΝΩΝ,24.148617,35.511891
7419,ΝΗΠΙΑΓΩΓΕΙΟ ΓΕΡΓΕΡΗΣ,24.950013,35.131468
7420,ΝΗΠΙΑΓΩΓΕΙΟ ΚΑΤΩ ΑΣΙΤΩΝ,25.004132,35.204556
7421,ΝΗΠΙΑΓΩΓΕΙΟ ΤΥΛΙΣΣΟΥ,25.018155,35.296078
7422,2ο ΝΗΠΙΑΓΩΓΕΙΟ ΤΥΜΠΑΚΙΟΥ,24.768995,35.069745
7423,26ο ΝΗΠΙΑΓΩΓΕΙΟ ΗΡΑΚΛΕΙΟΥ,,
7424,2ο ΝΗΠΙΑΓΩΓΕΙΟ ΑΓΙΑΣ ΜΑΡΙΝΑΣ,,
7425,3ο ΝΗΠΙΑΓΩΓΕΙΟ ΑΡΚΑΛΟΧΩΡΙΟΥ,25.264304,35.148441
7426,11ο ΝΗΠΙΑΓΩΓΕΙΟ ΧΑΝΙΩΝ,,
7427,ΝΗΠΙΑΓΩΓΕΙΟ ΠΥΡΓΟΥ,25.152615,35.004764
7428,1ο ΝΗΠΙΑΓΩΓΕΙΟ ΜΟΙΡΩΝ,24.875268,35.051141
7429,ΝΗΠΙΑΓΩΓΕΙΟ ΚΑΣΤΕΛΙΟΥ,25.338634,35.207935
7430,6ο ΝΗΠΙΑΓΩΓΕΙΟ ΝΕΑΣ ΑΛΙΚΑΡΝΑΣΣΟΥ,25.160696,35.341139
7431,2ο ΝΗΠΙΑΓΩΓΕΙΟ ΛΙΜΕΝΑ ΧΕΡΣΟΝΗΣΟΥ,25.391434,35.313484
7432,ΝΗΠΙΑΓΩΓΕΙΟ ΨΑΡΗΣ ΦΟΡΑΔΑΣ,,
7433,61ο ΝΗΠΙΑΓΩΓΕΙΟ ΗΡΑΚΛΕΙΟΥ,,
7434,ΝΗΠΙΑΓΩΓΕΙΟ ΓΑΛΙΑΣ,24.871218,35.076486
7435,ΝΗΠΙΑΓΩΓΕΙΟ ΒΟΡΙΖΙΩΝ,24.849021,35.148953
7436,ΝΗΠΙΑΓΩΓΕΙΟ ΧΕΡΣΟΝΗΣΟΥ,25.371813,35.306783
7437,ΝΗΠΙΑΓΩΓΕΙΟ ΑΠΟΣΤΟΛΩΝ,25.300182,35.216464
7438,2ο ΝΗΠΙΑΓΩΓΕΙΟ ΓΕΩΡΓΙΟΥΠΟΛΗΣ-ΚΟΥΡΝΩΝ,24.259407,35.362216
7439,1ο ΝΗΠΙΑΓΩΓΕΙΟ ΝΕΑΣ ΑΛΙΚΑΡΝΑΣΣΟΥ,25.160696,35.341139
7440,7ο ΝΗΠΙΑΓΩΓΕΙΟ ΗΡΑΚΛΕΙΟΥ,,
7441,8ο ΝΗΠΙΑΓΩΓΕΙΟ ΗΡΑΚΛΕΙΟΥ,,
7442,ΝΗΠΙΑΓΩΓΕΙΟ ΤΣΙΚΑΛΑΡΙΩΝ,24.06231,35.475501
7443,ΝΗΠΙΑΓΩΓΕΙΟ ΝΕΡΟΚΟΥΡΟΥ,24.03513,35.475556
7444,35ο ΝΗΠΙΑΓΩΓΕΙΟ ΗΡΑΚΛΕΙΟΥ,,
7445,36ο ΝΗΠΙΑΓΩΓΕΙΟ ΗΡΑΚΛΕΙΟΥ,,
7446,12ο ΝΗΠΙΑΓΩΓΕΙΟ ΗΡΑΚΛΕΙΟΥ,,
7447,ΝΗΠΙΑΓΩΓΕΙΟ ΑΜΙΡΩΝ,25.445798,35.038627
7448,28ο ΝΗΠΙΑΓΩΓΕΙΟ ΗΡΑΚΛΕΙΟΥ,,
7449,30ο ΝΗΠΙΑΓΩΓΕΙΟ ΗΡΑΚΛΕΙΟΥ,,
7450,ΝΗΠΙΑΓΩΓΕΙΟ ΚΑΛΕΣΙΩΝ,,
7451,4ο ΝΗΠΙΑΓΩΓΕΙΟ ΗΡΑΚΛΕΙΟΥ,,
7452,ΝΗΠΙΑΓΩΓΕΙΟ ΣΤΑΥΡΑΚΙΩΝ,,
7453,ΝΗΠΙΑΓΩΓΕΙΟ ΑΥΓΕΝΙΚΗΣ,25.034586,35.182472
7454,2ο ΝΗΠΙΑΓΩΓΕΙΟ ΗΡΑΚΛΕΙΟΥ,,
7455,ΝΗΠΙΑΓΩΓΕΙΟ ΜΕΣΟΧΩΡΙΟΥ,25.209152,35.013349
7456,6ο ΝΗΠΙΑΓΩΓΕΙΟ ΗΡΑΚΛΕΙΟΥ,,
7457,3ο ΝΗΠΙΑΓΩΓΕΙΟ ΚΙΣΑΜΟΥ,23.6557,35.494204
7458,ΝΗΠΙΑΓΩΓΕΙΟ ΑΝΩ ΑΣΙΤΩΝ,25.002263,35.193034
7459,ΝΗΠΙΑΓΩΓΕΙΟ ΓΑΡΑΖΟΥ,24.790185,35.344032
7460,ΝΗΠΙΑΓΩΓΕΙΟ ΒΕΝΙΟΥ,24.82751,35.318232
7461,2ο ΝΗΠΙΑΓΩΓΕΙΟ ΠΛΑΤΑΝΙΑ-ΜΑΛΕΜΕ,,
7462,27ο ΝΗΠΙΑΓΩΓΕΙΟ ΧΑΝΙΩΝ,,
7463,2ο ΝΗΠΙΑΓΩΓΕΙΟ ΠΕΡΙΒΟΛΙΩΝ,23.987609,35.483981
7464,ΝΗΠΙΑΓΩΓΕΙΟ ΚΑΛΥΒΟΥ,24.796048,35.311787
7465,ΝΗΠΙΑΓΩΓΕΙΟ ΠΑΝΟΡΜΟΥ,24.695633,35.418505
7466,ΝΗΠΙΑΓΩΓΕΙΟ ΑΓΙΩΝ ΠΑΡΑΣΚΙΩΝ ΗΡΑΚΛΕΙΟΥ,,
7467,ΝΗΠΙΑΓΩΓΕΙΟ ΠΥΡΓΟΥΣ,,
7468,ΝΗΠΙΑΓΩΓΕΙΟ ΑΝΑΛΗΨΗΣ ΧΕΡΣΟΝΗΣΟΥ,,
7469,ΝΗΠΙΑΓΩΓΕΙΟ ΡΟΔΙΑΣ,25.02031,35.36377
7470,1ο ΝΗΠΙΑΓΩΓΕΙΟ ΑΓΙΑΣ ΜΑΡΙΝΑΣ,,
7471,ΝΗΠΙΑΓΩΓΕΙΟ ΕΠΙΣΚΟΠΗΣ,25.239048,35.255448
7472,ΝΗΠΙΑΓΩΓΕΙΟ ΣΠΗΛΙΑΣ,,
7473,ΝΗΠΙΑΓΩΓΕΙΟ ΧΑΡΑΚΑ,25.120819,35.009191
7474,ΝΗΠΙΑΓΩΓΕΙΟ ΒΟΥΚΟΛΙΩΝ ΚΙΣΑΜΟΥ ΧΑΝΙΩΝ,23.800391,35.466781
7475,13ο ΝΗΠΙΑΓΩΓΕΙΟ ΗΡΑΚΛΕΙΟΥ,,
7476,65ο ΝΗΠΙΑΓΩΓΕΙΟ ΗΡΑΚΛΕΙΟΥ,,
7477,ΝΗΠΙΑΓΩΓΕΙΟ ΓΟΥΡΝΩΝ,,
7478,ΝΗΠΙΑΓΩΓΕΙΟ ΕΜΠΡΟΣΝΕΡΟΥ ΑΠΟΚΟΡΩΝΟΥ,24.189137,35.344796
7479,10ο ΝΗΠΙΑΓΩΓΕΙΟ ΡΕΘΥΜΝΟΥ,,
7480,ΝΗΠΙΑΓΩΓΕΙΟ ΜΙΞΟΡΡΟΥΜΑΤΟΣ,24.506251,35.214465
7481,ΝΗΠΙΑΓΩΓΕΙΟ ΜΕΛΙΔΟΝΙΟΥ,24.739367,35.376846
7482,ΝΗΠΙΑΓΩΓΕΙΟ ΚΑΜΙΣΙΑΝΩΝ ΚΙΣΑΜΟΥ,,
7483,ΝΗΠΙΑΓΩΓΕΙΟ ΚΑΛΗΔΟΝΙΑΣ,,
7484,2ο ΝΗΠΙΑΓΩΓΕΙΟ ΠΕΡΑΜΑΤΟΣ,24.702944,35.370986
7485,ΝΗΠΙΑΓΩΓΕΙΟ ΑΛΦΑΣ,24.670577,35.357924
7486,ΝΗΠΙΑΓΩΓΕΙΟ ΜΥΡΙΟΚΕΦΑΛΟΥ,24.301704,35.253791
7487,11ο ΝΗΠΙΑΓΩΓΕΙΟ ΡΕΘΥΜΝΟΥ,,
7488,13ο ΝΗΠΙΑΓΩΓΕΙΟ ΡΕΘΥΜΝΟΥ,,
7489,14ο ΝΗΠΙΑΓΩΓΕΙΟ ΡΕΘΥΜΝΟΥ,,
7490,ΝΗΠΙΑΓΩΓΕΙΟ ΑΓΙΟΥ ΚΩΝΣΤΑΝΤΙΝΟΥ,24.36491,35.297506
7491,ΝΗΠΙΑΓΩΓΕΙΟ ΑΓΙΟΥ ΣΑΡΑΝΤΑ,,
7492,3ο ΝΗΠΙΑΓΩΓΕΙΟ ΑΓΙΑΣ ΜΑΡΙΝΑΣ,,
7493,ΝΗΠΙΑΓΩΓΕΙΟ ΚΑΛΑΜΑΥΚΑΣ,,
7494,ΝΗΠΙΑΓΩΓΕΙΟ ΚΟΥΤΟΥΛΟΥΦΑΡΙΟΥ,,
7495,6ο ΝΗΠΙΑΓΩΓΕΙΟ ΑΚΡΩΤΗΡΙΟΥ ΠΑΖΙΝΟΥ,24.098108,35.543539
7496,2ο ΝΗΠΙΑΓΩΓΕΙΟ ΣΟΥΔΑΣ,24.074036,35.486747
7497,5ο ΝΗΠΙΑΓΩΓΕΙΟ ΑΓΙΟΥ ΝΙΚΟΛΑΟΥ,,
7498,6ο ΝΗΠΙΑΓΩΓΕΙΟ ΙΕΡΑΠΕΤΡΑΣ,25.741666,35.010024
7499,5ο ΝΗΠΙΑΓΩΓΕΙΟ ΣΗΤΕΙΑΣ,26.104687,35.207281
7500,1ο ΝΗΠΙΑΓΩΓΕΙΟ ΓΕΩΡΓΙΟΥΠΟΛΗΣ,24.259417,35.362242
7501,ΝΗΠΙΑΓΩΓΕΙΟ ΚΑΤΩ ΓΟΥΒΩΝ,25.313934,35.310117
7502,64ο ΝΗΠΙΑΓΩΓΕΙΟ ΗΡΑΚΛΕΙΟΥ,,
7503,ΝΗΠΙΑΓΩΓΕΙΟ ΓΕΡΑΝΙΟΥ,24.40013,35.352208
7504,ΝΗΠΙΑΓΩΓΕΙΟ ΑΓΓΟΥΣΕΛΙΑΝΩΝ,24.436336,35.238353
7505,ΝΗΠΙΑΓΩΓΕΙΟ ΑΓΙΟΥ ΝΙΚΟΛΑΟΥ,,
7506,ΝΗΠΙΑΓΩΓΕΙΟ ΑΓΙΑΣ ΓΑΛΗΝΗΣ,24.68803,35.095198
7507,ΝΗΠΙΑΓΩΓΕΙΟ ΜΕΤΟΧΙΩΝ,,
7508,ΝΗΠΙΑΓΩΓΕΙΟ ΣΤΑΥΡΩΜΕΝΟΥ,,
7509,ΝΗΠΙΑΓΩΓΕΙΟ ΜΥΡΤΟΥ,25.58545,35.003774
7510,9ο ΝΗΠΙΑΓΩΓΕΙΟ ΡΕΘΥΜΝΟΥ,,
7511,ΝΗΠΙΑΓΩΓΕΙΟ ΑΠΛΑΔΙΑΝΩΝ,24.818177,35.35303
7512,ΝΗΠΙΑΓΩΓΕΙΟ ΓΕΡΑΚΑΡΙΟΥ,24.609592,35.213499
7513,ΝΗΠΙΑΓΩΓΕΙΟ ΑΡΜΕΝΩΝ,24.460512,35.303477
7514,ΝΗΠΙΑΓΩΓΕΙΟ ΣΕΛΛΙΩΝ,24.380711,35.202755
7515,7ο ΝΗΠΙΑΓΩΓΕΙΟ ΡΕΘΥΜΝΟΥ,,
7516,50ο ΝΗΠΙΑΓΩΓΕΙΟ ΗΡΑΚΛΕΙΟΥ,,
7517,72ο ΝΗΠΙΑΓΩΓΕΙΟ ΗΡΑΚΛΕΙΟΥ,,
7518,ΝΗΠΙΑΓΩΓΕΙΟ ΓΚΑΓΚΑΛΩΝ,,
7519,ΝΗΠΙΑΓΩΓΕΙΟ ΒΑΓΙΟΝΙΑΣ,,
7520,1ο ΝΗΠΙΑΓΩΓΕΙΟ ΒΟΥΤΩΝ,,
7521,ΝΗΠΙΑΓΩΓΕΙΟ ΑΧΛΑΔΑΣ,24.991798,35.395327
7522,7ο ΝΗΠΙΑΓΩΓΕΙΟ ΝΕΑΣ ΑΛΙΚΑΡΝΑΣΣΟΥ,25.160693,35.34114
7523,ΝΗΠΙΑΓΩΓΕΙΟ ΣΕΙΣΙΟΥ,,
7524,ΝΗΠΙΑΓΩΓΕΙΟ ΚΑΡΤΕΡΟΥ,,
7525,ΝΗΠΙΑΓΩΓΕΙΟ ΚΑΛΛΙΘΕΑΣ,,
7526,22ο ΝΗΠΙΑΓΩΓΕΙΟ ΧΑΝΙΩΝ,,
7527,21ο ΝΗΠΙΑΓΩΓΕΙΟ ΧΑΝΙΩΝ,,
7528,1ο ΝΗΠΙΑΓΩΓΕΙΟ ΑΓΡΟΚΗΠΙΟΥ ΚΥΣΩΝΙΑΣ,,
7529,ΝΗΠΙΑΓΩΓΕΙΟ ΤΑΥΡΩΝΙΤΗ,23.820913,35.527256
7530,ΝΗΠΙΑΓΩΓΕΙΟ ΜΠΑΛΙ,,
7531,ΝΗΠΙΑΓΩΓΕΙΟ ΑΞΟΥ,24.842783,35.306959
7532,48ο ΝΗΠΙΑΓΩΓΕΙΟ ΗΡΑΚΛΕΙΟΥ,,
7533,47ο ΝΗΠΙΑΓΩΓΕΙΟ ΗΡΑΚΛΕΙΟΥ,,
7534,ΝΗΠΙΑΓΩΓΕΙΟ ΒΩΡΩΝ,24.812709,35.066649
7535,23ο ΝΗΠΙΑΓΩΓΕΙΟ ΧΑΝΙΩΝ,,
7536,ΝΗΠΙΑΓΩΓΕΙΟ ΑΓΙΑΣ,23.931085,35.470008
7537,ΝΗΠΙΑΓΩΓΕΙΟ ΣΤΥΛΟΥ,24.124269,35.432312
7538,ΝΗΠΙΑΓΩΓΕΙΟ ΣΦΑΚΟΠΗΓΑΔΙΟΥ,23.723001,35.455939
7539,ΝΗΠΙΑΓΩΓΕΙΟ ΝΕΟΥ ΧΩΡΙΟΥ ΑΠΟΚΟΡΩΝΟΥ,24.14187,35.420564
7540,ΝΗΠΙΑΓΩΓΕΙΟ ΦΡΕ ΑΠΟΚΟΡΩΝΟΥ,24.147029,35.383888
7541,19ο ΝΗΠΙΑΓΩΓΕΙΟ ΧΑΝΙΩΝ,,
7542,10ο ΝΗΠΙΑΓΩΓΕΙΟ ΧΑΝΙΩΝ,,
7543,2ο ΝΗΠΙΑΓΩΓΕΙΟ ΚΡΟΥΣΩΝΑ,24.982254,35.229573
7544,ΝΗΠΙΑΓΩΓΕΙΟ ΜΥΡΘΙΟΥ ΑΓ ΒΑΣΙΛΕΙΟΥ,24.40324,35.196133
7545,ΝΗΠΙΑΓΩΓΕΙΟ ΑΓΙΟΥ ΜΑΜΑΝΤΑ ΜΥΛ/ΜΟΥ,24.761812,35.322631
7546,ΝΗΠΙΑΓΩΓΕΙΟ ΕΠΙΣΚΟΠΗΣ ΡΕΘΥΜΝΟΥ,24.336391,35.327847
7547,ΝΗΠΙΑΓΩΓΕΙΟ ΚΟΥΝΤΟΥΡΑΣ,,
7548,ΝΗΠΙΑΓΩΓΕΙΟ ΠΟΤΙΣΤΗΡΙΩΝ,23.968927,35.416068
7549,2ο ΝΗΠΙΑΓΩΓΕΙΟ ΑΤΣΙΠΟΠΟΥΛΟΥ,,
7550,18ο ΝΗΠΙΑΓΩΓΕΙΟ ΧΑΝΙΩΝ,,
7551,3ο ΝΗΠΙΑΓΩΓΕΙΟ ΠΛΑΤΑΝΙΑ-ΓΕΡΑΝΙΟΥ,,
7552,1ο ΝΗΠΙΑΓΩΓΕΙΟ ΑΚΡΩΤΗΡΙΟΥ-ΚΟΥΝΟΥΠΙΔΙΑΝΩΝ,24.077843,35.535786
7553,ΝΗΠΙΑΓΩΓΕΙΟ ΒΑΡΥΠΕΤΡΟΥ,23.967658,35.461924
7554,ΝΗΠΙΑΓΩΓΕΙΟ ΚΡΑΝΑΣ,,
7555,ΝΗΠΙΑΓΩΓΕΙΟ ΦΟΥΡΦΟΥΡΑ ΑΜΑΡΙΟΥ,24.714143,35.210408
7556,ΝΗΠΙΑΓΩΓΕΙΟ ΚΥΡΙΑΝΝΑΣ,24.602533,35.343114
7557,ΝΗΠΙΑΓΩΓΕΙΟ ΑΚΟΥΜΙΩΝ ΡΕΘΥΜΝΟΥ,24.581897,35.163992
7558,ΝΗΠΙΑΓΩΓΕΙΟ ΜΙΣΙΡΙΩΝ,,
7559,ΝΗΠΙΑΓΩΓΕΙΟ ΑΝΩΠΟΛΗΣ,24.086175,35.213337
7560,2ο ΝΗΠΙΑΓΩΓΕΙΟ ΑΝΩΓΕΙΩΝ,,
7561,1ο ΝΗΠΙΑΓΩΓΕΙΟ ΑΝΩΓΕΙΩΝ,,
7562,ΝΗΠΙΑΓΩΓΕΙΟ ΑΔΕΛΕ,24.561713,35.356786
7563,ΝΗΠΙΑΓΩΓΕΙΟ ΓΩΝΙΑΣ,24.419112,35.321192
7564,ΝΗΠΙΑΓΩΓΕΙΟ ΑΓΓΕΛΙΑΝΩΝ,24.681658,35.380091
7565,ΝΗΠΙΑΓΩΓΕΙΟ ΑΤΣΙΠΟΠΟΥΛΟΥ,24.434721,35.352364
7566,ΝΗΠΙΑΓΩΓΕΙΟ ΖΩΝΙΑΝΩΝ,24.831256,35.293122
7567,ΝΗΠΙΑΓΩΓΕΙΟ ΛΙΒΑΔΙΩΝ,24.807775,35.30619
7568,4ο ΝΗΠΙΑΓΩΓΕΙΟ ΑΚΡΩΤΗΡΙΟΥ-ΧΩΡΑΦΑΚΙΩΝ,24.125438,35.543041
7569,ΝΗΠΙΑΓΩΓΕΙΟ ΠΗΓΗΣ,,
7570,ΝΗΠΙΑΓΩΓΕΙΟ ΡΟΥΜΕΛΗ,24.703205,35.403974
7571,8ο ΝΗΠΙΑΓΩΓΕΙΟ ΡΕΘΥΜΝΟΥ,,
7572,29ο ΝΗΠΙΑΓΩΓΕΙΟ ΧΑΝΙΩΝ,,
7573,28ο ΝΗΠΙΑΓΩΓΕΙΟ ΧΑΝΙΩΝ,,
7574,ΝΗΠΙΑΓΩΓΕΙΟ ΠΑΤΣΙΑΝΟΥ,24.234111,35.201911
7575,2ο ΝΗΠΙΑΓΩΓΕΙΟ ΧΡΥΣΟΠΗΓΗΣ,,
7576,ΝΗΠΙΑΓΩΓΕΙΟ ΚΑΤΩ ΧΩΡΙΟΥ,25.794408,35.056737
7577,ΝΗΠΙΑΓΩΓΕΙΟ ΚΑΛΟΥ ΧΩΡΙΟΥ,25.725328,35.114636
7578,ΝΗΠΙΑΓΩΓΕΙΟ ΠΛΑΤΑΝΟΥ ΑΜΑΡΙΟΥ,24.766766,35.151329
7579,5ο ΝΗΠΙΑΓΩΓΕΙΟ ΡΕΘΥΜΝΟΥ,,
7580,6ο ΝΗΠΙΑΓΩΓΕΙΟ ΡΕΘΥΜΝΟΥ,,
7581,ΝΗΠΙΑΓΩΓΕΙΟ ΑΓΙΟΥ ΓΕΩΡΓΙΟΥ ΛΑΣΙΘΙΟΥ,25.484846,35.164702
7582,2ο ΝΗΠΙΑΓΩΓΕΙΟ ΑΓΙΟΥ ΝΙΚΟΛΑΟΥ ΜΕΡΑΜΒΕΛ,,
7583,1ο ΝΗΠΙΑΓΩΓΕΙΟ ΝΕΑΠΟΛΗΣ ΜΕΡΑΜΒΕΛ,25.60648,35.256136
7584,2ο ΝΗΠΙΑΓΩΓΕΙΟ ΝΕΑΠΟΛΗΣ ΜΕΡΑΜΒΕΛ,25.606477,35.256002
7585,ΝΗΠΙΑΓΩΓΕΙΟ ΠΗΓΑΙΔΑΚΙΩΝ,24.851197,34.984207
7586,ΝΗΠΙΑΓΩΓΕΙΟ ΤΖΕΡΜΙΑΔΟΥ ΛΑΣΙΘΙΟΥ,25.490358,35.198271
7587,51ο ΝΗΠΙΑΓΩΓΕΙΟ ΗΡΑΚΛΕΙΟΥ,,
7588,49ο ΝΗΠΙΑΓΩΓΕΙΟ ΗΡΑΚΛΕΙΟΥ,,
7589,1ο ΝΗΠΙΑΓΩΓΕΙΟ ΑΓΙΟΥ ΝΙΚΟΛΑΟΥ ΜΕΡΑΜΒΕΛ,,
7590,52ο ΝΗΠΙΑΓΩΓΕΙΟ ΗΡΑΚΛΕΙΟΥ,,
7591,ΝΗΠΙΑΓΩΓΕΙΟ ΧΑΡΑΚΙΟΥ ΜΟΝΟΦΑΤΣΙΟΥ,25.137908,35.111509
7592,ΝΗΠΙΑΓΩΓΕΙΟ ΚΡΙΤΣΑΣ ΜΕΡΑΜΒΕΛ,25.64525,35.155892
7593,ΝΗΠΙΑΓΩΓΕΙΟ ΚΑΒΟΥΣΙΟΥ,25.8591,35.120094
7594,1ο ΝΗΠΙΑΓΩΓΕΙΟ ΙΕΡΑΠΕΤΡΑΣ,25.741666,35.010024
7595,2ο ΝΗΠΙΑΓΩΓΕΙΟ ΙΕΡΑΠΕΤΡΑΣ,25.741666,35.010024
7596,3ο ΝΗΠΙΑΓΩΓΕΙΟ ΙΕΡΑΠΕΤΡΑΣ,25.741666,35.010024
7597,ΝΗΠΙΑΓΩΓΕΙΟ ΑΜΙΡΑ ΒΙΑΝΝΟΥ,,
7598,ΕΙΔΙΚΟ ΝΗΠΙΑΓΩΓΕΙΟ ΗΡΑΚΛΕΙΟΥ,,
7599,ΝΗΠΙΑΓΩΓΕΙΟ ΚΑΛΑΘΕΝΩΝ,,
7600,29ο ΝΗΠΙΑΓΩΓΕΙΟ ΗΡΑΚΛΕΙΟΥ,25.104797,35.331319
7601,ΝΗΠΙΑΓΩΓΕΙΟ ΣΚΕΠΑΣΤΗΣ,,
7602,5ο ΝΗΠΙΑΓΩΓΕΙΟ ΧΑΝΙΩΝ,,
7603,1ο ΝΗΠΙΑΓΩΓΕΙΟ ΣΟΥΔΑΣ ΚΥΔΩΝΙΑΣ,24.073965,35.486963
7604,12ο ΝΗΠΙΑΓΩΓΕΙΟ ΧΑΝΙΩΝ,,
7605,13ο ΝΗΠΙΑΓΩΓΕΙΟ ΧΑΝΙΩΝ,,
7606,7ο ΝΗΠΙΑΓΩΓΕΙΟ ΧΑΝΙΩΝ,,
7607,2ο ΝΗΠΙΑΓΩΓΕΙΟ ΧΑΝΙΩΝ,,
7608,2ο ΝΗΠΙΑΓΩΓΕΙΟ ΓΑΖΙΟΥ,25.065117,35.325504
7609,16ο ΝΗΠΙΑΓΩΓΕΙΟ ΧΑΝΙΩΝ,,
7610,4ο ΝΗΠΙΑΓΩΓΕΙΟ ΧΑΝΙΩΝ,,
7611,1ο ΝΗΠΙΑΓΩΓΕΙΟ ΝΕΑΣ ΚΥΔΩΝΙΑΣ,23.927664,35.514713
7612,14ο ΝΗΠΙΑΓΩΓΕΙΟ ΧΑΝΙΩΝ,,
7613,1ο ΝΗΠΙΑΓΩΓΕΙΟ ΒΑΜΒΑΚΟΠΟΥΛΟΥ,23.989709,35.491857
7614,2ο ΝΗΠΙΑΓΩΓΕΙΟ ΜΟΥΣΟΥΡΩΝ-ΣΚΙΝΕ,23.916428,35.432239
7615,17ο ΝΗΠΙΑΓΩΓΕΙΟ ΧΑΝΙΩΝ,,
7616,ΝΗΠΙΑΓΩΓΕΙΟ ΒΡΥΣΩΝ ΑΠΟΚΟΡΩΝΟΥ,24.201648,35.376607
7617,ΝΗΠΙΑΓΩΓΕΙΟ ΚΟΛΥΜΒΑΡΙΟΥ ΚΙΣΑΜΟΥ,,
7618,9ο ΝΗΠΙΑΓΩΓΕΙΟ ΧΑΝΙΩΝ,,
7619,34ο ΝΗΠΙΑΓΩΓΕΙΟ ΧΑΝΙΩΝ,,
7620,8ο ΝΗΠΙΑΓΩΓΕΙΟ ΧΑΝΙΩΝ,,
7621,69ο ΝΗΠΙΑΓΩΓΕΙΟ ΗΡΑΚΛΕΙΟΥ,,
7622,68ο ΝΗΠΙΑΓΩΓΕΙΟ ΗΡΑΚΛΕΙΟΥ,,
7623,ΝΗΠΙΑΓΩΓΕΙΟ ΑΧΕΝΤΡΙΑ,25.22603,34.990372
7624,3ο ΝΗΠΙΑΓΩΓΕΙΟ ΧΑΝΙΩΝ,,
7625,6ο ΝΗΠΙΑΓΩΓΕΙΟ ΧΑΝΙΩΝ,,
7626,33ο ΝΗΠΙΑΓΩΓΕΙΟ ΧΑΝΙΩΝ,,
7627,ΝΗΠΙΑΓΩΓΕΙΟ ΕΜΠΑΡΟΥ,25.385184,35.094912
7628,53ο ΝΗΠΙΑΓΩΓΕΙΟ ΗΡΑΚΛΕΙΟΥ,,
7629,1ο ΝΗΠΙΑΓΩΓΕΙΟ ΑΝΑΤΟΛΙΚΟΥ ΣΕΛΙΝΟΥ- ΡΟΔΟΒΑΝΙΟΥ,23.827005,35.322331
7630,30ο ΝΗΠΙΑΓΩΓΕΙΟ ΧΑΝΙΩΝ,,
7631,31ο ΝΗΠΙΑΓΩΓΕΙΟ ΧΑΝΙΩΝ,,
7632,32ο ΝΗΠΙΑΓΩΓΕΙΟ ΧΑΝΙΩΝ,,
7633,ΝΗΠΙΑΓΩΓΕΙΟ ΚΑΝΤΑΝΟΥ ΣΕΛΙΝΟΥ ΧΑΝΙΩΝ,23.74029,35.327812
7634,1ο ΝΗΠΙΑΓΩΓΕΙΟ ΠΑΛΑΙΟΧΩΡΑΣ ΣΕΛΙΝΟΥ ΧΑΝΙΩΝ,23.683398,35.228719
7635,1ο ΝΗΠΙΑΓΩΓΕΙΟ ΚΙΣΑΜΟΥ,23.655687,35.494217
7636,1ο ΝΗΠΙΑΓΩΓΕΙΟ ΧΑΝΙΩΝ,,
7637,1ο ΝΗΠΙΑΓΩΓΕΙΟ ΜΟΥΣΟΥΡΩΝ-ΑΛΙΚΙΑΝΟΥ,23.911788,35.453079
7638,2ο ΝΗΠΙΑΓΩΓΕΙΟ ΚΙΣΑΜΟΥ,23.655678,35.494196
7639,ΝΗΠΙΑΓΩΓΕΙΟ ΑΣΗΓΩΝΙΑΣ ΑΠΟΚΟΡΩΝΟΥ,,
7640,3ο ΝΗΠΙΑΓΩΓΕΙΟ ΜΟΥΣΟΥΡΩΝ-ΒΑΤΟΛΑΚΚΟΥ,23.894211,35.447901
7641,1ο ΝΗΠΙΑΓΩΓΕΙΟ ΚΑΛΥΒΩΝ ΑΠΟΚΟΡΩΝΟΥ,24.166629,35.451919
7642,5ο ΝΗΠΙΑΓΩΓΕΙΟ ΝΕΑΣ ΚΥΔΩΝΙΑΣ ΑΓΙΑΣ ΜΑΡΙΝΑΣ,23.927664,35.514713
7643,1ο ΝΗΠΙΑΓΩΓΕΙΟ ΠΛΑΤΑΝΙΑ,,
7644,ΝΗΠΙΑΓΩΓΕΙΟ ΠΛΑΤΑΝΟΥ ΚΙΣΑΜΟΥ,23.596579,35.464879
7645,1ο ΝΗΠΙΑΓΩΓΕΙΟ ΠΕΡΙΒΟΛΙΩΝ ΚΥΔΩΝΙΑΣ,23.98751,35.484028
7646,43ο ΝΗΠΙΑΓΩΓΕΙΟ ΗΡΑΚΛΕΙΟΥ,25.13189,35.303341
7647,42ο ΝΗΠΙΑΓΩΓΕΙΟ ΗΡΑΚΛΕΙΟΥ,,
7648,41ο ΝΗΠΙΑΓΩΓΕΙΟ ΗΡΑΚΛΕΙΟΥ,25.115936,35.330888
7649,1ο ΝΗΠΙΑΓΩΓΕΙΟ ΣΗΤΕΙΑΣ,26.104687,35.207281
7650,2ο ΝΗΠΙΑΓΩΓΕΙΟ ΣΗΤΕΙΑΣ,26.104687,35.207281
7651,54ο ΝΗΠΙΑΓΩΓΕΙΟ ΗΡΑΚΛΕΙΟΥ,,
7652,46ο ΝΗΠΙΑΓΩΓΕΙΟ ΗΡΑΚΛΕΙΟΥ,,
7653,ΝΗΠΙΑΓΩΓΕΙΟ ΣΤΑΒΙΩΝ,,
7654,58ο ΝΗΠΙΑΓΩΓΕΙΟ ΗΡΑΚΛΕΙΟΥ,,
7655,ΝΗΠΙΑΓΩΓΕΙΟ ΣΤΟΛΩΝ,,
7656,ΝΗΠΙΑΓΩΓΕΙΟ ΝΙΠΟΥΣ,24.17193,35.376914
7657,24ο ΝΗΠΙΑΓΩΓΕΙΟ ΧΑΝΙΩΝ,,
7658,2ο ΝΗΠΙΑΓΩΓΕΙΟ ΒΑΜΒΑΚΟΠΟΥΛΟΥ,23.989668,35.491871
7659,57ο ΝΗΠΙΑΓΩΓΕΙΟ ΗΡΑΚΛΕΙΟΥ,,
7660,ΝΗΠΙΑΓΩΓΕΙΟ ΒΑΜΟΥ,24.196962,35.408425
7661,2ο ΝΗΠΙΑΓΩΓΕΙΟ ΑΚΡΩΤΗΡΙΟΥ-ΚΟΥΝΟΥΠΙΔΙΑΝΩΝ,24.123952,35.563866
7662,2ο ΝΗΠΙΑΓΩΓΕΙΟ ΚΑΛΥΒΩΝ,24.166332,35.452231
7663,3ο ΝΗΠΙΑΓΩΓΕΙΟ ΝΕΑΣ ΚΥΔΩΝΙΑΣ,23.927664,35.514713
7664,1ο ΝΗΠΙΑΓΩΓΕΙΟ ΜΟΥΡΝΙΩΝ,24.013272,35.484513
7665,2ο ΝΗΠΙΑΓΩΓΕΙΟ ΜΟΥΡΝΙΩΝ,24.013274,35.484509
7666,3ο ΝΗΠΙΑΓΩΓΕΙΟ ΜΟΥΡΝΙΩΝ,24.013274,35.484509
7667,1ο ΝΗΠΙΑΓΩΓΕΙΟ ΧΑΝΙΩΝ ΕΙΔΙΚΟ,,
7668,2ο ΝΗΠΙΑΓΩΓΕΙΟ ΧΑΝΙΩΝ ΕΙΔΙΚΟ,,
7669,4ο ΝΗΠΙΑΓΩΓΕΙΟ ΝΕΑΣ ΚΥΔΩΝΙΑΣ,23.927664,35.514713
7670,4ο ΝΗΠΙΑΓΩΓΕΙΟ ΜΟΥΡΝΙΩΝ,24.013282,35.48451
7671,3ο ΝΗΠΙΑΓΩΓΕΙΟ ΒΑΜΒΑΚΟΠΟΥΛΟΥ,23.989677,35.491902
7672,4ο ΝΗΠΙΑΓΩΓΕΙΟ ΝΕΑΣ ΑΛΙΚΑΡΝΑΣΣΟΥ,25.160696,35.341139
7673,2ο ΝΗΠΙΑΓΩΓΕΙΟ ΝΕΑΣ ΚΥΔΩΝΙΑΣ,23.927664,35.514713
7674,ΝΗΠΙΑΓΩΓΕΙΟ ΒΟΥΒΑ,,
7675,4ο ΝΗΠΙΑΓΩΓΕΙΟ ΚΙΣΑΜΟΥ,23.655695,35.494221
7676,ΝΗΠΙΑΓΩΓΕΙΟ ΚΑΛΟΥΔΙΑΝΩΝ,23.688635,35.485121
7677,ΝΗΠΙΑΓΩΓΕΙΟ ΣΚΑΛΩΤΗΣ,24.270158,35.201705
7678,ΝΗΠΙΑΓΩΓΕΙΟ ΠΑΪΔΟΧΩΡΙΟΥ,24.134138,35.399806
7679,ΝΗΠΙΑΓΩΓΕΙΟ ΠΛΑΚΑΣ,24.21062,35.450985
7680,3ο ΝΗΠΙΑΓΩΓΕΙΟ ΓΕΩΡΓΙΟΥΠΟΛΗΣ-ΔΡΑΜΙΩΝ,24.259383,35.362219
7681,ΝΗΠΙΑΓΩΓΕΙΟ ΑΣΚΥΦΟΥ,,
7682,20ο ΝΗΠΙΑΓΩΓΕΙΟ ΧΑΝΙΩΝ,,
7683,15ο ΝΗΠΙΑΓΩΓΕΙΟ ΧΑΝΙΩΝ,,
7684,1ο ΝΗΠΙΑΓΩΓΕΙΟ ΧΡΥΣΟΠΗΓΗΣ,,
7685,1ο ΝΗΠΙΑΓΩΓΕΙΟ ΠΕΡΑΜΑΤΟΣ,24.703204,35.370699
7686,2ο ΝΗΠΙΑΓΩΓΕΙΟ ΒΟΥΤΩΝ,,
7687,2ο ΝΗΠΙΑΓΩΓΕΙΟ ΑΓΙΑΣ ΒΑΡΒΑΡΑΣ,25.005703,35.137845
7688,63ο ΝΗΠΙΑΓΩΓΕΙΟ ΗΡΑΚΛΕΙΟΥ,,
7689,62ο ΝΗΠΙΑΓΩΓΕΙΟ ΗΡΑΚΛΕΙΟΥ,,
7690,3ο ΝΗΠΙΑΓΩΓΕΙΟ ΒΟΥΤΩΝ,,
7691,ΝΗΠΙΑΓΩΓΕΙΟ ΓΟΥΔΟΥΡΑ,26.099681,35.012408
7692,ΝΗΠΙΑΓΩΓΕΙΟ ΣΦΑΚΑΣ,25.924382,35.151541
7693,3ο ΝΗΠΙΑΓΩΓΕΙΟ ΤΥΜΠΑΚΙΟΥ,24.768995,35.069745
7694,ΝΗΠΙΑΓΩΓΕΙΟ ΑΝΩ ΜΕΡΟΥΣ,24.662817,35.185874
7695,ΝΗΠΙΑΓΩΓΕΙΟ ΚΑΠΑΡΙΑΝΩΝ,,
7696,36ο ΝΗΠΙΑΓΩΓΕΙΟ ΧΑΝΙΩΝ,,
7697,2ο ΝΗΠΙΑΓΩΓΕΙΟ ΑΓΡΟΚΗΠΙΟΥ,,
7698,ΝΗΠΙΑΓΩΓΕΙΟ ΒΑΣΙΛΕΙΩΝ,,
7699,ΝΗΠΙΑΓΩΓΕΙΟ ΚΑΒΡΟΧΩΡΙΟΥ,,
7700,67ο ΝΗΠΙΑΓΩΓΕΙΟ ΗΡΑΚΛΕΙΟΥ ΠΑΠΑ ΤΙΤΟΥ ΜΕΤΟΧΙ,,
7701,55ο ΝΗΠΙΑΓΩΓΕΙΟ ΗΡΑΚΛΕΙΟΥ,,
7702,ΝΗΠΙΑΓΩΓΕΙΟ ΚΥΠΑΡΙΣΣΟΥ,25.077956,35.191079
7703,37ο ΝΗΠΙΑΓΩΓΕΙΟ ΗΡΑΚΛΕΙΟΥ,,
7704,ΝΗΠΙΑΓΩΓΕΙΟ ΑΝΤΙΣΚΑΡΙΟΥ,24.882431,34.958356
7705,ΝΗΠΙΑΓΩΓΕΙΟ ΜΗΤΡΟΠΟΛΗΣ,,
7706,ΝΗΠΙΑΓΩΓΕΙΟ ΓΩΝΙΩΝ ΠΕΔΙΑΔΑΣ,25.445294,35.226094
7707,ΝΗΠΙΑΓΩΓΕΙΟ ΓΟΥΒΩΝ,25.313934,35.310117
7708,ΝΗΠΙΑΓΩΓΕΙΟ ΜΥΡΤΕΑΣ ΗΡΑΚΛΕΙΟΥ,,
7709,45ο ΝΗΠΙΑΓΩΓΕΙΟ ΗΡΑΚΛΕΙΟΥ,,
7710,4ο ΝΗΠΙΑΓΩΓΕΙΟ ΡΕΘΥΜΝΟΥ,24.481478,35.363719
7711,ΝΗΠΙΑΓΩΓΕΙΟ ΕΛΟΥΣ ΚΙΣΑΜΟΥ,23.639695,35.359851
7712,3ο ΝΗΠΙΑΓΩΓΕΙΟ ΡΕΘΥΜΝΟΥ,24.471119,35.367063
7713,ΝΗΠΙΑΓΩΓΕΙΟ ΑΡΓΥΡΟΥΠΟΛΗΣ ΡΕΘΥΜΝΟΥ,24.333862,35.284384
7714,2ο ΝΗΠΙΑΓΩΓΕΙΟ ΡΕΘΥΜΝΟΥ,,
7715,6ο ΝΗΠΙΑΓΩΓΕΙΟ ΑΓΙΟΥ ΝΙΚΟΛΑΟΥ,25.712579,35.193946
7716,ΝΗΠΙΑΓΩΓΕΙΟ ΡΟΔΑΚΙΝΟΥ,24.31322,35.200715
7717,ΝΗΠΙΑΓΩΓΕΙΟ ΓΑΛΛΟΥ,,
7718,ΝΗΠΙΑΓΩΓΕΙΟ ΑΠΟΣΤΟΛΩΝ,,
7719,3ο ΝΗΠΙΑΓΩΓΕΙΟ ΚΟΥΝΟΥΠΙΔΙΑΝΩΝ,24.077845,35.535786
7720,ΝΗΠΙΑΓΩΓΕΙΟ ΔΡΟΣΙΑΣ,24.876165,35.34269
7721,ΝΗΠΙΑΓΩΓΕΙΟ ΡΟΥΣΣΟΣΠΙΤΙΟΥ,24.495585,35.335055
7722,ΝΗΠΙΑΓΩΓΕΙΟ ΚΑΛΥΒΙΩΝ ΠΥΡΓΙΩΤΙΣΣΗΣ,,
7723,ΝΗΠΙΑΓΩΓΕΙΟ ΣΠΗΛΙΟΥ ΡΕΘΥΜΝΟΥ,24.53673,35.218749
7724,2ο ΝΗΠΙΑΓΩΓΕΙΟ ΠΑΛΑΙΟΧΩΡΑΣ,23.682965,35.228771
7725,ΝΗΠΙΑΓΩΓΕΙΟ ΜΑΧΑΙΡΑΣ,,
7726,ΝΗΠΙΑΓΩΓΕΙΟ ΓΑΥΔΟΥ,24.082614,34.833687
7727,ΝΗΠΙΑΓΩΓΕΙΟ ΠΛΑΤΑΝΕ ΠΟΛΗΣ ΡΕΘΥΜΝΟΥ,,
7728,ΝΗΠΙΑΓΩΓΕΙΟ ΠΕΤΡΟΚΕΦΑΛΙΟΥ,24.835061,35.029551
7729,ΝΗΠΙΑΓΩΓΕΙΟ ΣΙΣΩΝ,,
7730,ΝΗΠΙΑΓΩΓΕΙΟ ΧΟΥΔΕΤΣΙΟΥ,,
7731,14ο ΝΗΠΙΑΓΩΓΕΙΟ ΗΡΑΚΛΕΙΟΥ,,
7732,ΝΗΠΙΑΓΩΓΕΙΟ ΓΑΒΑΛΟΧΩΡΙΟΥ,24.21037,35.427484
7733,ΝΗΠΙΑΓΩΓΕΙΟ ΚΕΡΑΜΕΙΩΝ,,
7734,ΝΗΠΙΑΓΩΓΕΙΟ ΧΩΡΑΣ ΣΦΑΚΙΩΝ,24.141915,35.200098
7735,26ο ΝΗΠΙΑΓΩΓΕΙΟ ΧΑΝΙΩΝ,,
7736,25ο ΝΗΠΙΑΓΩΓΕΙΟ ΧΑΝΙΩΝ,,
7737,71ο ΝΗΠΙΑΓΩΓΕΙΟ ΗΡΑΚΛΕΙΟΥ,,
7738,ΝΗΠΙΑΓΩΓΕΙΟ ΠΛΑΤΑΝΟΥ,,
7739,70ο ΝΗΠΙΑΓΩΓΕΙΟ ΗΡΑΚΛΕΙΟΥ,,
7740,ΝΗΠΙΑΓΩΓΕΙΟ ΓΡΑΜΒΟΥΣΑΣ,,
7741,ΝΗΠΙΑΓΩΓΕΙΟ ΦΕΡΜΩΝ ΙΕΡΑΠΕΤΡΑΣ,,
7742,ΝΗΠΙΑΓΩΓΕΙΟ ΚΑΜΙΝΑΚΙΟΥ,25.466176,35.155654
7743,ΝΗΠΙΑΓΩΓΕΙΟ ΛΑΤΣΙΔΑΣ,,
7744,ΝΗΠΙΑΓΩΓΕΙΟ ΚΡΟΥΣΤΑΣ,25.661017,35.136756
7745,4ο ΝΗΠΙΑΓΩΓΕΙΟ ΑΓΙΟΥ ΝΙΚΟΛΑΟΥ,,
7746,4ο ΝΗΠΙΑΓΩΓΕΙΟ ΙΕΡΑΠΕΤΡΑΣ,25.741666,35.010024
7747,ΝΗΠΙΑΓΩΓΕΙΟ ΚΕΝΤΡΙΟΥ,,
7748,5ο ΝΗΠΙΑΓΩΓΕΙΟ ΙΕΡΑΠΕΤΡΑΣ,25.741666,35.010024
7749,3ο ΝΗΠΙΑΓΩΓΕΙΟ ΣΗΤΕΙΑΣ,26.104687,35.207281
7750,ΝΗΠΙΑΓΩΓΕΙΟ ΖΗΡΟΥ,26.140491,35.07465
7751,ΝΗΠΙΑΓΩΓΕΙΟ ΠΡΙΝΕ,24.42558,35.345294
7752,ΝΗΠΙΑΓΩΓΕΙΟ ΜΑΚΡΥ ΓΙΑΛΟΥ ΣΗΤΕΙΑΣ,,
7753,1ο ΝΗΠΙΑΓΩΓΕΙΟ ΡΕΘΥΜΝΟΥ,24.476112,35.362838
7754,6ο ΝΗΠΙΑΓΩΓΕΙΟ ΣΗΤΕΙΑΣ,26.104687,35.207281
7755,ΝΗΠΙΑΓΩΓΕΙΟ ΖΑΚΡΟΥ,26.219103,35.111773
7756,ΝΗΠΙΑΓΩΓΕΙΟ ΜΑΡΓΑΡΙΤΩΝ,24.68651,35.336327
7757,4ο ΝΗΠΙΑΓΩΓΕΙΟ ΣΗΤΕΙΑΣ,26.104687,35.207281
7758,ΝΗΠΙΑΓΩΓΕΙΟ ΝΕΑΣ ΑΝΑΤΟΛΗΣ,25.655078,35.050583
7759,ΝΗΠΙΑΓΩΓΕΙΟ ΣΚΟΠΗΣ ΣΗΤΕΙΑΣ,26.040475,35.175555
7760,ΝΗΠΙΑΓΩΓΕΙΟ ΚΟΥΤΣΟΥΡΑ ΣΗΤΕΙΑΣ,25.948513,35.034095
7761,ΝΗΠΙΑΓΩΓΕΙΟ ΠΑΧΕΙΑΣ ΑΜΜΟΥ ΙΕΡΑΠΕΤΡΑΣ,,
7762,3ο ΝΗΠΙΑΓΩΓΕΙΟ ΑΓΙΟΥ ΝΙΚΟΛΑΟΥ,25.712284,35.187015
7763,ΝΗΠΙΑΓΩΓΕΙΟ ΕΛΟΥΝΤΑΣ,,
7764,ΝΗΠΙΑΓΩΓΕΙΟ ΠΑΛΑΙΚΑΣΤΡΟΥ ΣΗΤΕΙΑΣ,26.245347,35.197782
7765,ΝΗΠΙΑΓΩΓΕΙΟ ΠΙΣΚΟΚΕΦΑΛΟΥ ΣΗΤΕΙΑΣ,26.096279,35.177444
7766,ΝΗΠΙΑΓΩΓΕΙΟ ΚΑΤΩ ΚΑΣΤΕΛΙΑΝΩΝ,25.267893,35.031756
7767,3ο ΝΗΠΙΑΓΩΓΕΙΟ ΜΑΛΙΩΝ,,
7768,ΝΗΠΙΑΓΩΓΕΙΟ ΜΕΛΑΜΠΩΝ ΡΕΘΥΜΝΟΥ,24.654469,35.125148
7769,ΝΗΠΙΑΓΩΓΕΙΟ ΑΡΚΑΛΟΧΩΡΙ ΕΙΔΙΚΟ,,
7770,"ΙΔΙΩΤΙΚΟ ΓΥΜΝΑΣΙΟ ""ΚΟΡΑΗΣ""",,
7771,"ΙΔΙΩΤΙΚΟ ΓΥΜΝΑΣΙΟ ""ΘΑΛΗΣ""",,
7772,"ΙΔΙΩΤΙΚΟ ΓΥΜΝΑΣΙΟ ""ΘΕΟΔΩΡΟΠΟΥΛΟΥ""",,
7773,"ΙΔΙΩΤΙΚΟ ΓΥΜΝΑΣΙΟ ""ΜΑΥΡΟΜΑΤΑΚΗΣ ΑΝΤ.""",,
7774,"ΙΔΙΩΤΙΚΟ ΓΥΜΝΑΣΙΟ ""ΤΟ ΠΑΓΚΡΗΤΙΟΝ""",,
7775,"ΙΔΙΩΤΙΚΟ ΕΝΙΑΙΟ ΛΥΚΕΙΟ ""ΤΟ ΠΑΓΚΡΗΤΙΟΝ""",,
7776,"ΙΔΙΩΤΙΚΟ ΕΝΙΑΙΟ ΛΥΚΕΙΟ ""ΘΕΟΔΩΡΟΠΟΥΛΟΥ""",,
7777,ΚΕΝΤΡΟ ΠΕΡΙΒΑΛΛΟΝΤΙΚΗΣ ΕΚΠΑΙΔΕΥΣΗΣ ΑΡΧΑΝΩΝ ΗΡΑΚΛΕΙΟΥ,,
7778,ΚΕΝΤΡΟ ΠΕΡΙΒΑΛΛΟΝΤΙΚΗΣ ΕΚΠΑΙΔΕΥΣΗΣ ΑΝΩΓΕΙΩΝ,,
7779,ΚΕΝΤΡΟ ΠΕΡΙΒΑΛΛΟΝΤΙΚΗΣ ΕΚΠΑΙΔΕΥΣΗΣ ΝΕΑΠΟΛΗΣ ΛΑΣΙΘΙΟΥ,,
7780,ΣΧΟΛΕΙΟ ΔΕΥΤΕΡΗΣ ΕΥΚΑΙΡΙΑΣ ΡΕΘΥΜΝΟΥ,,
7781,ΣΧΟΛΕΙΟ ΔΕΥΤΕΡΗΣ ΕΥΚΑΙΡΙΑΣ ΗΡΑΚΛΕΙΟΥ,,
7782,ΣΧΟΛΕΙΟ ΔΕΥΤΕΡΗΣ ΕΥΚΑΙΡΙΑΣ ΛΑΣΙΘΙΟΥ,,
7783,ΔΗΜΟΣΙΑ ΒΙΒΛΙΟΘΗΚΗ ΡΕΘΥΜΝΟΥ ΚΕΝΤΡΙΚΗ,,
7784,"ΔΗΜΟΤΙΚΗ ΒΙΒΛΙΟΘΗΚΗ ΗΡΑΚΛΕΙΟΥ ""ΒΙΚΕΛΑΙΑ""",,
7785,"ΔΗΜΟΤΙΚΗ ΒΙΒΛΙΟΘΗΚΗ ΑΓΙΟΥ ΝΙΚΟΛΑΟΥ ""ΚΟΥΝΔΟΥΡΕΙΟΣ""",,
7786,ΓΕΝΙΚΑ ΑΡΧΕΙΑ ΤΟΥ ΚΡΑΤΟΥΣ-ΙΣΤΟΡΙΚΟ ΑΡΧΕΙΟ ΚΡΗΤΗΣ,,
7787,ΓΕΝΙΚΑ ΑΡΧΕΙΑ ΤΟΥ ΚΡΑΤΟΥΣ-ΑΡΧΕΙΑ Ν. ΡΕΘΥΜΝΟΥ,,
7788,ΓΕΝΙΚΑ ΑΡΧΕΙΑ ΤΟΥ ΚΡΑΤΟΥΣ-ΑΡΧΕΙΑ Ν. ΗΡΑΚΛΕΙΟΥ,,
7789,ΓΕΝΙΚΟ ΑΡΧΕΙΟ ΚΡΑΤΟΥΣ - ΑΡΧΕΙΑ ΝΟΜΟΥ ΛΑΣΙΘΙΟΥ,,
7790,ΕΙΔΙΚΟ ΕΡΓΑΣΤΗΡΙΟ ΕΠΑΓΓΕΛΜΑΤΙΚΗΣ ΕΚΠΑΙΔΕΥΣΗΣ ΚΑΙ ΚΑΤΑΡΤΙΣΗΣ ΧΑΝΙΩΝ,,
7791,ΕΙΔΙΚΟ ΕΡΓΑΣΤΗΡΙΟ ΕΠΑΓΓΕΛΜΑΤΙΚΗΣ ΕΚΠΑΙΔΕΥΣΗΣ ΚΑΙ ΚΑΤΑΡΤΙΣΗΣ ΣΗΤΕΙΑΣ,,
7792,ΕΙΔΙΚΟ ΕΡΓΑΣΤΗΡΙΟ ΕΠΑΓΓΕΛΜΑΤΙΚΗΣ ΕΚΠΑΙΔΕΥΣΗΣ ΚΑΙ ΚΑΤΑΡΤΙΣΗΣ ΡΕΘΥΜΝΟΥ,,
7793,ΕΙΔΙΚΟ ΕΡΓΑΣΤΗΡΙΟ ΕΠΑΓΓΕΛΜΑΤΙΚΗΣ ΕΚΠΑΙΔΕΥΣΗΣ ΚΑΙ ΚΑΤΑΡΤΙΣΗΣ ΗΡΑΚΛΕΙΟΥ,,
7794,ΕΙΔΙΚΟ ΕΡΓΑΣΤΗΡΙΟ ΕΠΑΓΓΕΛΜΑΤΙΚΗΣ ΕΚΠΑΙΔΕΥΣΗΣ ΚΑΙ ΚΑΤΑΡΤΙΣΗΣ ΙΕΡΑΠΕΤΡΑΣ,,
7795,ΕΙΔΙΚΟ ΕΡΓΑΣΤΗΡΙΟ ΕΠΑΓΓΕΛΜΑΤΙΚΗΣ ΕΚΠΑΙΔΕΥΣΗΣ ΚΑΙ ΚΑΤΑΡΤΙΣΗΣ ΑΓΙΟΥ ΝΙΚΟΛΑΟΥ,,
7796,ΕΙΔΙΚΟ ΕΡΓΑΣΤΗΡΙΟ ΕΠΑΓΓΕΛΜΑΤΙΚΗΣ ΕΚΠΑΙΔΕΥΣΗΣ ΚΑΙ ΚΑΤΑΡΤΙΣΗΣ ΑΓΙΟΥ ΝΙΚΟΛΑΟΥ,,
7797,ΙΔΙΩΤΙΚΟ ΔΗΜΟΤΙΚΟ ΣΧΟΛΕΙΟ ΝΑΥΣΤΑΘΜΟΥ ΚΡΗΤΗΣ,,
7798,ΑΝΩΤΕΡΗ ΕΚΚΛΗΣΙΑΣΤΙΚΗ ΣΧΟΛΗ ΗΡΑΚΛΕΙΟΥ,,
7799,ΓΡΑΦΕΙΟ ΠΕΡΙΒΑΛΛΟΝΤΙΚΗΣ ΕΚΠΑΙΔΕΥΣΗΣ ΧΑΝΙΩΝ,,
7800,ΓΡΑΦΕΙΟ ΠΕΡΙΒΑΛΛΟΝΤΙΚΗΣ ΕΚΠΑΙΔΕΥΣΗΣ ΡΕΘΥΜΝΟΥ,,
7801,ΓΡΑΦΕΙΟ ΠΕΡΙΒΑΛΛΟΝΤΙΚΗΣ ΕΚΠΑΙΔΕΥΣΗΣ ΛΑΣΙΘΙΟΥ,,
7802,ΚΕΝΤΡΟ ΠΕΡΙΒΑΛΛΟΝΤΙΚΗΣ ΕΚΠΑΙΔΕΥΣΗΣ ΒΑΜΟΥ ΧΑΝΙΩΝ,,
7803,ΓΡΑΦΕΙΟ ΠΕΡΙΒΑΛΛΟΝΤΙΚΗΣ ΕΚΠΑΙΔΕΥΣΗΣ ΗΡΑΚΛΕΙΟΥ,,
7804,ΚΕΝΤΡΟ ΔΙΑΓΝΩΣΗΣ ΑΞΙΟΛΟΓΗΣΗΣ ΚΑΙ ΥΠΟΣΤΗΡΙΞΗΣ ΑΤΟΜΩΝ ΜΕ ΕΙΔΙΚΕΣ ΕΚΠΑΙΔΕΥΤΙΚΕΣ ΑΝΑΓΚΕΣ ΗΡΑΚΛΕΙΟΥ,,
7805,ΚΕΝΤΡΟ ΔΑΥ ΑΤΟΜΩΝ ΜΕ ΕΙΔΙΚΕΣ ΑΝΑΓΚΕΣ ΡΕΘΥΜΝΟΥ,,
7806,ΚΕΝΤΡΟ ΔΑΥ ΑΤΟΜΩΝ ΜΕ ΕΙΔΙΚΕΣ ΑΝΑΓΚΕΣ ΛΑΣΙΘΙΟΥ,,
7807,ΠΕΡΙΦΕΡΕΙΑΚΗ ΔΙΕΥΘΥΝΣΗ ΕΚΠΑΙΔΕΥΣΗΣ ΚΡΗΤΗΣ,,
7808,ΚΟΜΒΟΣ ΔΙΑΝΟΜΗΣ ΠΣΔ ΝΟΜΟΥ ΛΑΣΙΘΙΟΥ,,
7809,ΚΟΜΒΟΣ ΔΙΑΝΟΜΗΣ ΠΣΔ ΝΟΜΟΥ ΧΑΝΙΩΝ,,
7810,ΚΟΜΒΟΣ ΔΙΑΝΟΜΗΣ ΠΣΔ ΝΟΜΟΥ ΗΡΑΚΛΕΙΟΥ,,
7811,ΚΟΜΒΟΣ ΔΙΑΝΟΜΗΣ ΠΣΔ ΝΟΜΟΥ ΡΕΘΥΜΝΟΥ,,
7812,HELPDESK ΠΑΝΕΠΙΣΤΗΜΙΟΥ ΚΡΗΤΗΣ,,
7813,ΚΕΝΤΡΟ ΕΚΠΑΙΔΕΥΣΗΣ ΕΝΗΛΙΚΩΝ ΡΕΘΥΜΝΟΥ,,
7814,ΚΕΝΤΡΟ ΕΚΠΑΙΔΕΥΣΗΣ ΕΝΗΛΙΚΩΝ ΛΑΣΙΘΙΟΥ,,
7815,ΓΥΜΝΑΣΙΟ ΗΡΑΚΛΕΙΟΥ ΤΑΔ ΑΘΛΗΤΙΚΟ (ΠΑΡΑΡΤΗΜΑ 8ου ΓΥΜΝΑΣΙΟΥ ΣΕ ’ΛΛΗ ΔΙΕΥΘΥΝΣΗ),,
7816,3ο ΓΥΜΝΑΣΙΟ ΠΕΡΙΣΤΕΡΙΟΥ,23.696327,38.006656
7817,1ο ΓΥΜΝΑΣΙΟ ΚΙΑΤΟΥ,22.74736,38.004805
7818,ΓΥΜΝΑΣΙΟ ΓΚΟΥΡΑΣ,22.344878,37.932051
7819,ΓΥΜΝΑΣΙΟ ΒΕΛΟΥ,22.76929,37.983701
7820,2ο ΓΥΜΝΑΣΙΟ ΕΛΕΥΣΙΝΑΣ,23.537473,38.042562
7821,4ο ΓΥΜΝΑΣΙΟ ΕΛΕΥΣΙΝΑΣ,23.537473,38.042562
7822,ΓΥΜΝΑΣΙΟ ΚΙΑΤΟΥ ΕΣΠΕΡΙΝΟ,22.734255,38.015823
7823,ΓΥΜΝΑΣΙΟ ΜΑΚΡΥΚΑΠΑΣ,23.747188,38.60861
7824,ΓΥΜΝΑΣΙΟ ΒΡΑΧΑΤΙΟΥ,22.81001,37.956789
7825,ΓΥΜΝΑΣΙΟ ΣΤΕΝΗΣ ΕΥΒΟΙΑΣ,23.840522,38.579442
7826,ΓΥΜΝΑΣΙΟ ΑΥΛΩΝΑΡΙΟΥ,24.125715,38.502534
7827,7ο ΓΥΜΝΑΣΙΟ ΧΑΛΚΙΔΑΣ,23.596112,38.457847
7828,ΓΥΜΝΑΣΙΟ ΚΑΘΕΝΩΝ,23.775508,38.568758
7829,2ο ΓΥΜΝΑΣΙΟ ΞΥΛΟΚΑΣΤΡΟΥ,22.636353,38.073553
7830,ΓΥΜΝΑΣΙΟ ΙΣΘΜΙΩΝ,23.005726,37.909974
7831,1ο ΓΥΜΝΑΣΙΟ ΞΥΛΟΚΑΣΤΡΟΥ,22.636353,38.073553
7832,ΔΗΜΟΤΙΚΟ ΣΧΟΛΕΙΟ ΝΕΝΗΤΩΝ ΧΙΟΥ,26.094858,38.236749
7833,ΠΕΙΡΑΜΑΤΙΚΟ ΓΥΜΝΑΣΙΟ ΚΟΡΙΝΘΟΥ ΠΑΝΕΠΙΣΤΗΜΙΟΥ ΠΕΛΟΠΟΝΝΗΣΟΥ,22.922664,37.937303
7834,ΓΥΜΝΑΣΙΟ ΣΤΥΡΩΝ ΕΥΒΟΙΑΣ,24.241876,38.156378
7835,2ο ΓΥΜΝΑΣΙΟ ΧΑΙΔΑΡΙΟΥ,23.660916,38.008248
7836,8ο ΓΥΜΝΑΣΙΟ ΑΙΓΑΛΕΩ,23.674906,37.991815
7837,3ο ΓΥΜΝΑΣΙΟ ΕΛΕΥΣΙΝΑΣ,23.5488,38.039513
7838,7ο ΓΥΜΝΑΣΙΟ ΙΛΙΟΥ,23.703325,38.024019
7839,ΓΥΜΝΑΣΙΟ ΑΓΙΩΝ ΑΝΑΡΓΥΡΩΝ ΠΕΙΡΑΜΑΤΙΚΟ,23.721287,38.025362
7840,ΓΥΜΝΑΣΙΟ ΜΑΓΟΥΛΑΣ,23.526504,38.076876
7841,ΓΥΜΝΑΣΙΟ ΔΡΟΣΙΑΣ,23.553766,38.484007
7842,8ο ΓΥΜΝΑΣΙΟ ΙΛΙΟΥ,23.705025,38.018875
7843,3ο ΓΥΜΝΑΣΙΟ ΧΑΙΔΑΡΙΟΥ,23.644516,38.00752
7844,7ο ΓΥΜΝΑΣΙΟ ΧΑΙΔΑΡΙΟΥ,23.655611,38.003131
7845,ΓΥΜΝΑΣΙΟ ΕΡΜΙΟΝΗΣ,23.228543,37.384545
7846,1ο ΓΥΜΝΑΣΙΟ ΧΑΙΔΑΡΙΟΥ,23.653288,38.009275
7847,ΓΥΜΝΑΣΙΟ ΜΑΝΔΡΑΣ ΕΣΠΕΡΙΝΟ,23.506147,38.068692
7848,ΓΥΜΝΑΣΙΟ ΝΕΑΣ ΠΕΡΑΜΟΥ,23.450196,38.022915
7849,2ο ΓΥΜΝΑΣΙΟ ΖΕΦΥΡΙΟΥ,,
7850,ΓΥΜΝΑΣΙΟ ΙΛΙΟΥ ΜΟΥΣΙΚΟ,23.701222,38.042872
7851,5ο ΓΥΜΝΑΣΙΟ ΧΑΙΔΑΡΙΟΥ,23.645964,38.017391
7852,10ο ΓΥΜΝΑΣΙΟ ΙΛΙΟΥ,23.693447,38.042449
7853,4ο ΓΥΜΝΑΣΙΟ ΑΣΠΡΟΠΥΡΓΟΥ,23.593742,38.061598
7854,2ο ΓΥΜΝΑΣΙΟ ΠΕΡΙΣΤΕΡΙΟΥ,23.696628,38.017502
7855,1ο ΓΥΜΝΑΣΙΟ ΑΝΩ ΛΙΟΣΙΩΝ,23.69712,38.07516
7856,3ο ΓΥΜΝΑΣΙΟ ΧΑΛΚΙΔΑΣ,23.599318,38.465982
7857,ΓΥΜΝΑΣΙΟ ΜΑΝΤΟΥΔΙΟΥ ΕΥΒΟΙΑΣ,23.481848,38.795785
7858,ΓΥΜΝΑΣΙΟ ΛΟΥΤΡΩΝ ΑΙΔΗΨΟΥ,23.047046,38.85486
7859,7ο ΓΥΜΝΑΣΙΟ ΠΕΡΙΣΤΕΡΙΟΥ,23.673675,38.025947
7860,10ο ΓΥΜΝΑΣΙΟ ΠΕΡΙΣΤΕΡΙΟΥ,23.67508,38.025512
7861,ΓΥΜΝΑΣΙΟ ΝΕΜΕΑΣ,22.664667,37.819926
7862,ΓΥΜΝΑΣΙΟ ΚΑΛΙΑΝΩΝ,22.498455,37.884394
7863,3ο ΓΥΜΝΑΣΙΟ ΑΣΠΡΟΠΥΡΓΟΥ,23.593742,38.061598
7864,ΓΥΜΝΑΣΙΟ ΚΟΡΙΝΘΟΥ ΕΣΠΕΡΙΝΟ,22.927564,37.933151
7865,ΓΥΜΝΑΣΙΟ ΖΕΥΓΟΛΑΤΕΙΟΥ,22.803725,37.938939
7866,ΓΥΜΝΑΣΙΟ ΕΡΕΤΡΙΑΣ,23.796722,38.393321
7867,ΓΥΜΝΑΣΙΟ ΚΑΡΥΣΤΟΥ,24.422107,38.016498
7868,ΓΥΜΝΑΣΙΟ ΩΡΕΩΝ,23.092401,38.949248
7869,3ο ΓΥΜΝΑΣΙΟ ΑΙΓΑΛΕΩ,23.680291,37.987821
7870,4ο ΓΥΜΝΑΣΙΟ ΧΑΛΚΙΔΑΣ,23.599154,38.458949
7871,1ο ΓΥΜΝΑΣΙΟ ΕΛΕΥΣΙΝΑΣ,23.534869,38.049303
7872,9ο ΓΥΜΝΑΣΙΟ ΙΛΙΟΥ,23.701576,38.023926
7873,ΓΥΜΝΑΣΙΟ ΙΣΤΙΑΙΑΣ,23.152391,38.953054
7874,ΓΥΜΝΑΣΙΟ ΦΥΛΗΣ,23.670707,38.102828
7875,ΓΥΜΝΑΣΙΟ ΜΑΡΜΑΡΙΟΥ ΕΥΒΟΙΑΣ,24.322446,38.049352
7876,2ο ΓΥΜΝΑΣΙΟ ΑΓΙΩΝ ΑΝΑΡΓΥΡΩΝ,23.720321,38.033539
7877,3ο ΓΥΜΝΑΣΙΟ ΑΓΙΩΝ ΑΝΑΡΓΥΡΩΝ,23.712281,38.019171
7878,ΓΥΜΝΑΣΙΟ ΔΕΡΒΕΝΙΟΥ,22.41316,38.129748
7879,3ο ΓΥΜΝΑΣΙΟ ΑΝΩ ΛΙΟΣΙΩΝ,23.681419,38.091499
7880,2ο ΓΥΜΝΑΣΙΟ ΑΝΩ ΛΙΟΣΙΩΝ,23.697744,38.092065
7881,1ο ΓΥΜΝΑΣΙΟ ΖΕΦΥΡΙΟΥ,23.71433,38.068206
7882,11ο ΓΥΜΝΑΣΙΟ ΙΛΙΟΥ,23.692423,38.033632
7883,ΓΥΜΝΑΣΙΟ ΙΛΙΟΥ ΕΙΔΙΚΟ,23.715095,38.032165
7884,4ο ΓΥΜΝΑΣΙΟ ΑΓΙΩΝ ΑΝΑΡΓΥΡΩΝ,23.72953,38.047552
7885,19ο ΓΥΜΝΑΣΙΟ ΠΕΡΙΣΤΕΡΙΟΥ,23.683328,38.019603
7886,20ο ΓΥΜΝΑΣΙΟ ΠΕΡΙΣΤΕΡΙΟΥ,23.6725,38.008043
7887,1ο ΓΥΜΝΑΣΙΟ ΑΓΙΩΝ ΑΝΑΡΓΥΡΩΝ,23.721287,38.025362
7888,ΓΥΜΝΑΣΙΟ ΚΟΝΙΣΤΡΩΝ ΕΥΒΟΙΑΣ,24.063395,38.573077
7889,ΓΥΜΝΑΣΙΟ ΚΥΜΗΣ,24.106588,38.63508
7890,ΔΗΜΟΤΙΚΟ ΣΧΟΛΕΙΟ ΚΩΜΗΣ ΛΕΣΒΟΥ,26.406695,39.183163
7891,ΔΗΜΟΤΙΚΟ ΣΧΟΛΕΙΟ ΚΕΡΑΜΕΙΩΝ,,
7892,2ο ΓΥΜΝΑΣΙΟ ΧΑΛΚΙΔΑΣ,23.595271,38.457182
7893,ΓΥΜΝΑΣΙΟ ΓΟΥΒΩΝ ΕΥΒΟΙΑΣ,23.246868,39.00185
7894,ΓΥΜΝΑΣΙΟ ΑΛΙΒΕΡΙΟΥ,24.041198,38.408673
7895,ΓΥΜΝΑΣΙΟ ΒΑΘΕΟΣ ΑΥΛΙΔΑΣ,23.607041,38.404768
7896,ΓΥΜΝΑΣΙΟ ΝΕΑΣ ΑΡΤΑΚΗΣ,23.640689,38.512244
7897,ΓΥΜΝΑΣΙΟ ΒΑΣΙΛΙΚΟΥ ΕΥΒΟΙΑΣ,23.673918,38.428616
7898,4ο ΓΥΜΝΑΣΙΟ ΚΟΡΙΝΘΟΥ,22.948866,37.935784
7899,2ο ΓΥΜΝΑΣΙΟ ΜΕΓΑΡΩΝ,23.34771,37.990144
7900,ΓΥΜΝΑΣΙΟ ΧΙΛΙΟΜΟΔΙΟΥ,22.871075,37.808849
7901,3ο ΓΥΜΝΑΣΙΟ ΚΑΜΑΤΕΡΟΥ,23.696025,38.050947
7902,1ο ΓΥΜΝΑΣΙΟ ΜΕΓΑΡΩΝ,23.34771,37.990144
7903,1ο ΓΥΜΝΑΣΙΟ ΚΟΡΙΝΘΟΥ,22.926774,37.93257
7904,ΓΥΜΝΑΣΙΟ ΑΓΙΩΝ ΘΕΟΔΩΡΩΝ,23.143384,37.936479
7905,ΓΥΜΝΑΣΙΟ ΛΙΜΝΗΣ ΕΥΒΟΙΑΣ,23.32335,38.763091
7906,ΓΥΜΝΑΣΙΟ ΣΚΥΡΟΥ,24.563536,38.918093
7907,8ο ΓΥΜΝΑΣΙΟ ΠΕΡΙΣΤΕΡΙΟΥ,23.669713,38.014218
7908,12ο ΓΥΜΝΑΣΙΟ ΙΛΙΟΥ,23.701576,38.023926
7909,11ο ΓΥΜΝΑΣΙΟ ΠΕΡΙΣΤΕΡΙΟΥ,23.67508,38.025512
7910,15ο ΓΥΜΝΑΣΙΟ ΠΕΡΙΣΤΕΡΙΟΥ,23.676811,38.0044
7911,ΓΥΜΝΑΣΙΟ ΑΓΙΩΝ ΑΝΑΡΓΥΡΩΝ ΕΣΠΕΡΙΝΟ,23.719755,38.0258
7912,ΓΥΜΝΑΣΙΟ ΨΑΧΝΩΝ ΕΥΒΟΙΑΣ,23.645883,38.579066
7913,ΓΥΜΝΑΣΙΟ ΧΑΛΚΙΔΑΣ ΕΣΠΕΡΙΝΟ,23.580338,38.468449
7914,17ο ΓΥΜΝΑΣΙΟ ΠΕΡΙΣΤΕΡΙΟΥ,23.673853,38.025848
7915,1ο ΓΥΜΝΑΣΙΟ ΜΑΝΔΡΑΣ,23.494127,38.061638
7916,ΓΥΜΝΑΣΙΟ ΚΡΙΕΖΩΝ,24.132152,38.398954
7917,18ο ΓΥΜΝΑΣΙΟ ΠΕΡΙΣΤΕΡΙΟΥ,23.682835,38.00961
7918,16ο ΓΥΜΝΑΣΙΟ ΠΕΡΙΣΤΕΡΙΟΥ,23.688568,38.016207
7919,2ο ΓΥΜΝΑΣΙΟ ΑΣΠΡΟΠΥΡΓΟΥ,23.589955,38.072212
7920,1ο ΓΥΜΝΑΣΙΟ ΑΣΠΡΟΠΥΡΓΟΥ,23.58214,38.059494
7921,ΓΥΜΝΑΣΙΟ ΑΝΩ ΛΙΟΣΙΩΝ ΕΣΠΕΡΙΝΟ,23.696507,38.074113
7922,1ο ΓΥΜΝΑΣΙΟ ΠΕΡΙΣΤΕΡΙΟΥ,23.674733,38.011433
7923,ΓΥΜΝΑΣΙΟ ΕΡΥΘΡΩΝ,23.326498,38.214835
7924,ΔΗΜΟΤΙΚΟ ΣΧΟΛΕΙΟ ΚΑΤΩ ΤΡΙΤΟΥΣ,,
7925,14ο ΓΥΜΝΑΣΙΟ ΠΕΡΙΣΤΕΡΙΟΥ,23.707019,38.013074
7926,2ο ΓΥΜΝΑΣΙΟ ΚΙΑΤΟΥ,22.734255,38.015823
7927,ΓΥΜΝΑΣΙΟ ΠΕΡΑΧΩΡΑΣ,22.984041,37.969507
7928,ΓΥΜΝΑΣΙΟ ΒΙΛΛΙΩΝ,23.339769,38.162777
7929,ΓΥΜΝΑΣΙΟ ΑΜΑΡΥΝΘΟΥ ΕΥΒΟΙΑΣ,23.887678,38.392033
7930,1ο ΓΥΜΝΑΣΙΟ ΧΑΛΚΙΔΑΣ,23.599053,38.465768
7931,5ο ΓΥΜΝΑΣΙΟ ΠΕΡΙΣΤΕΡΙΟΥ,23.6725,38.008043
7932,ΓΥΜΝΑΣΙΟ ΛΕΧΑΙΟΥ,22.85201,37.93378
7933,1ο ΓΥΜΝΑΣΙΟ ΚΑΜΑΤΕΡΟΥ,23.715459,38.05027
7934,ΓΥΜΝΑΣΙΟ ΚΑΝΗΘΟΥ,23.578046,38.467774
7935,3ο ΓΥΜΝΑΣΙΟ ΜΕΓΑΡΩΝ,23.34771,37.990144
7936,2ο ΓΥΜΝΑΣΙΟ ΚΟΡΙΝΘΟΥ,22.928263,37.933937
7937,6ο ΓΥΜΝΑΣΙΟ ΙΛΙΟΥ,23.692846,38.024401
7938,13ο ΓΥΜΝΑΣΙΟ ΠΕΡΙΣΤΕΡΙΟΥ,23.700356,38.006491
7939,9ο ΓΥΜΝΑΣΙΟ ΠΕΡΙΣΤΕΡΙΟΥ,23.683328,38.019603
7940,6ο ΓΥΜΝΑΣΙΟ ΠΕΡΙΣΤΕΡΙΟΥ,23.670339,38.011831
7941,ΓΥΜΝΑΣΙΟ ΠΕΡΙΣΤΕΡΙΟΥ ΕΣΠΕΡΙΝΟ,23.700149,38.001922
7942,ΓΥΜΝΑΣΙΟ ΣΟΦΙΚΟΥ,23.055396,37.79177
7943,ΓΥΜΝΑΣΙΟ ΛΟΥΤΡΑΚΙΟΥ,22.982294,37.974435
7944,2ο ΓΥΜΝΑΣΙΟ ΚΑΜΑΤΕΡΟΥ,23.696025,38.050947
7945,4ο ΓΥΜΝΑΣΙΟ ΠΕΡΙΣΤΕΡΙΟΥ,23.700149,38.001922
7946,12ο ΓΥΜΝΑΣΙΟ ΠΕΡΙΣΤΕΡΙΟΥ,23.692026,38.000893
7947,ΓΥΜΝΑΣΙΟ ΝΕΑΣ ΛΑΜΨΑΚΟΥ,23.626017,38.436134
7948,6ο ΓΥΜΝΑΣΙΟ ΧΑΛΚΙΔΑΣ,23.599318,38.465982
7949,5ο ΓΥΜΝΑΣΙΟ ΧΑΛΚΙΔΑΣ,23.596112,38.457847
7950,ΓΥΜΝΑΣΙΟ ΑΓΙΟΥ ΔΗΜΗΤΡΙΟΥ,23.040166,37.612456
7951,2ο ΓΥΜΝΑΣΙΟ ΑΡΓΟΥΣ,22.730314,37.63873
7952,2ο ΓΥΜΝΑΣΙΟ ΠΕΤΡΟΥΠΟΛΗΣ,23.684519,38.042916
7953,3ο ΓΥΜΝΑΣΙΟ ΑΡΓΟΥΣ,22.730314,37.63873
7954,ΓΥΜΝΑΣΙΟ ΑΣΚΛΗΠΙΕΙΟΥ,23.040166,37.612456
7955,3ο ΓΥΜΝΑΣΙΟ ΙΛΙΟΥ,23.709855,38.031517
7956,6ο ΓΥΜΝΑΣΙΟ ΠΕΤΡΟΥΠΟΛΗΣ,23.672044,38.043741
7957,4ο ΓΥΜΝΑΣΙΟ ΙΛΙΟΥ,23.710388,38.039896
7958,3ο ΓΥΜΝΑΣΙΟ ΑΓΙΑΣ ΒΑΡΒΑΡΑΣ,23.659348,37.985206
7959,5ο ΓΥΜΝΑΣΙΟ ΑΙΓΑΛΕΩ,23.666966,37.979978
7960,3ο ΓΥΜΝΑΣΙΟ ΠΕΤΡΟΥΠΟΛΗΣ,23.678778,38.034503
7961,ΓΥΜΝΑΣΙΟ ΚΟΥΤΣΟΠΟΔΙΟΥ,22.712146,37.684625
7962,ΓΥΜΝΑΣΙΟ ΝΕΑΣ ΚΙΟΥ,22.74473,37.589735
7963,ΓΥΜΝΑΣΙΟ ΠΡΟΣΥΜΝΗΣ,22.844393,37.713335
7964,2ο ΓΥΜΝΑΣΙΟ ΑΙΓΑΛΕΩ,23.711513,37.980667
7965,1ο ΓΥΜΝΑΣΙΟ ΑΙΓΑΛΕΩ,23.674906,37.991815
7966,ΓΥΜΝΑΣΙΟ ΚΡΥΟΝΕΡΙΟΥ ΚΟΡΙΝΘΙΑΣ,22.916397,37.928009
7967,1ο ΓΥΜΝΑΣΙΟ ΙΛΙΟΥ,23.700477,38.027633
7968,9ο ΓΥΜΝΑΣΙΟ ΑΙΓΑΛΕΩ,23.663549,37.993789
7969,1ο ΓΥΜΝΑΣΙΟ ΑΓΙΑΣ ΒΑΡΒΑΡΑΣ,23.659311,37.993148
7970,5ο ΓΥΜΝΑΣΙΟ ΠΕΤΡΟΥΠΟΛΗΣ,23.684519,38.042916
7971,1ο ΓΥΜΝΑΣΙΟ ΑΡΓΟΥΣ,22.726164,37.630366
7972,ΓΥΜΝΑΣΙΟ ΚΡΑΝΙΔΙΟΥ,23.163917,37.377597
7973,4ο ΓΥΜΝΑΣΙΟ ΑΡΓΟΥΣ,22.722905,37.632928
7974,2ο ΓΥΜΝΑΣΙΟ ΙΛΙΟΥ,23.709226,38.027653
7975,ΓΥΜΝΑΣΙΟ ΑΘΙΚΙΩΝ,22.928744,37.816934
7976,1ο ΓΥΜΝΑΣΙΟ ΝΑΥΠΛΙΟΥ,22.809829,37.567472
7977,ΓΥΜΝΑΣΙΟ ΑΓΙΑΣ ΤΡΙΑΔΑΣ,22.808585,37.63681
7978,2ο ΓΥΜΝΑΣΙΟ ΝΑΥΠΛΙΟΥ,22.809829,37.567472
7979,4ο ΓΥΜΝΑΣΙΟ ΑΙΓΑΛΕΩ,23.672898,37.997283
7980,ΓΥΜΝΑΣΙΟ ΑΡΓΟΥΣ ΕΣΠΕΡΙΝΟ,22.727474,37.632248
7981,2ο ΓΥΜΝΑΣΙΟ ΑΓΙΑΣ ΒΑΡΒΑΡΑΣ,23.659311,37.993148
7982,ΓΥΜΝΑΣΙΟ ΑΙΓΑΛΕΩ ΕΣΠΕΡΙΝΟ,23.674906,37.991815
7983,ΓΥΜΝΑΣΙΟ ΔΡΕΠΑΝΟΥ,22.893257,37.537423
7984,5ο ΓΥΜΝΑΣΙΟ ΙΛΙΟΥ,23.697096,38.036168
7985,7ο ΓΥΜΝΑΣΙΟ ΑΙΓΑΛΕΩ,23.666566,37.978967
7986,4ο ΓΥΜΝΑΣΙΟ ΠΕΤΡΟΥΠΟΛΗΣ,23.677702,38.034545
7987,4ο ΓΥΜΝΑΣΙΟ ΧΑΙΔΑΡΙΟΥ,23.662264,38.014106
7988,6ο ΓΥΜΝΑΣΙΟ ΧΑΙΔΑΡΙΟΥ,23.645964,38.017391
7989,1ο ΓΥΜΝΑΣΙΟ ΠΕΤΡΟΥΠΟΛΗΣ,23.677702,38.034545
7990,ΕΝΙΑΙΟ ΛΥΚΕΙΟ ΙΛΙΟΥ ΜΟΥΣΙΚΟ,23.701222,38.042872
7991,2ο ΕΝΙΑΙΟ ΛΥΚΕΙΟ ΠΕΡΙΣΤΕΡΙΟΥ,23.696628,38.017502
7992,8ο ΕΝΙΑΙΟ ΛΥΚΕΙΟ ΠΕΡΙΣΤΕΡΙΟΥ,23.671132,38.016652
7993,9ο ΕΝΙΑΙΟ ΛΥΚΕΙΟ ΠΕΡΙΣΤΕΡΙΟΥ ΑΘΛΗΤΙΚΟ,23.683328,38.019603
7994,ΕΝΙΑΙΟ ΛΥΚΕΙΟ ΧΑΛΚΙΔΑΣ ΕΣΠΕΡΙΝΟ,23.599154,38.458949
7995,3ο ΕΝΙΑΙΟ ΛΥΚΕΙΟ ΠΕΡΙΣΤΕΡΙΟΥ,23.698463,38.005665
7996,4ο ΕΝΙΑΙΟ ΛΥΚΕΙΟ ΚΟΡΙΝΘΟΥ,22.92718,37.932093
7997,ΕΝΙΑΙΟ ΛΥΚΕΙΟ ΖΕΥΓΟΛΑΤΕΙΟΥ,22.803725,37.938939
7998,3ο ΕΝΙΑΙΟ ΛΥΚΕΙΟ ΑΓΙΩΝ ΑΝΑΡΓΥΡΩΝ,23.72422,38.039609
7999,ΕΝΙΑΙΟ ΛΥΚΕΙΟ ΑΥΛΩΝΑΡΙΟΥ,24.125715,38.502534
8000,ΕΝΙΑΙΟ ΛΥΚΕΙΟ ΝΕΑΣ ΑΡΤΑΚΗΣ,23.640689,38.512244
8001,2ο ΕΝΙΑΙΟ ΛΥΚΕΙΟ ΝΑΥΠΛΙΟΥ,22.80226,37.563966
8002,ΕΝΙΑΙΟ ΛΥΚΕΙΟ ΑΣΚΛΗΠΙΕΙΟΥ,23.040166,37.612456
8003,ΕΝΙΑΙΟ ΛΥΚΕΙΟ ΝΑΥΠΛΙΟΥ ΕΣΠΕΡΙΝΟ,22.80226,37.563966
8004,4ο ΕΝΙΑΙΟ ΛΥΚΕΙΟ ΧΑΛΚΙΔΑΣ,23.596112,38.457847
8005,ΕΝΙΑΙΟ ΛΥΚΕΙΟ ΜΑΓΟΥΛΑΣ,,
8006,ΕΝΙΑΙΟ ΛΥΚΕΙΟ ΨΑΧΝΩΝ ΕΥΒΟΙΑΣ,23.645883,38.579066
8007,1ο ΕΝΙΑΙΟ ΛΥΚΕΙΟ ΠΕΡΙΣΤΕΡΙΟΥ ΕΣΠΕΡΙΝΟ,23.700149,38.001922
8008,6ο ΕΝΙΑΙΟ ΛΥΚΕΙΟ ΑΙΓΑΛΕΩ,23.669535,37.978814
8009,4ο ΕΝΙΑΙΟ ΛΥΚΕΙΟ ΧΑΙΔΑΡΙΟΥ,23.662264,38.014106
8010,13ο ΕΝΙΑΙΟ ΛΥΚΕΙΟ ΠΕΡΙΣΤΕΡΙΟΥ,23.700149,38.001922
8011,5ο ΕΝΙΑΙΟ ΛΥΚΕΙΟ ΠΕΤΡΟΥΠΟΛΗΣ,23.689687,38.038825
8012,1ο ΕΝΙΑΙΟ ΛΥΚΕΙΟ ΑΓΙΩΝ ΑΝΑΡΓΥΡΩΝ,23.719755,38.0258
8013,3ο ΕΝΙΑΙΟ ΛΥΚΕΙΟ ΑΡΓΟΥΣ,22.735483,37.634061
8014,ΕΝΙΑΙΟ ΛΥΚΕΙΟ ΓΚΟΥΡΑΣ,22.344878,37.932051
8015,3ο ΕΝΙΑΙΟ ΛΥΚΕΙΟ ΧΑΙΔΑΡΙΟΥ,23.642041,38.015695
8016,ΕΝΙΑΙΟ ΛΥΚΕΙΟ ΙΛΙΟΥ ΕΙΔΙΚΟ,23.715095,38.032165
8017,4ο ΕΝΙΑΙΟ ΛΥΚΕΙΟ ΠΕΡΙΣΤΕΡΙΟΥ,23.700149,38.001922
8018,1ο ΕΝΙΑΙΟ ΛΥΚΕΙΟ ΑΛΙΒΕΡΙΟΥ,24.041198,38.408673
8019,1ο ΕΝΙΑΙΟ ΛΥΚΕΙΟ ΚΡΑΝΙΔΙΟΥ,23.163917,37.377597
8020,2ο ΕΝΙΑΙΟ ΛΥΚΕΙΟ ΑΓΙΩΝ ΑΝΑΡΓΥΡΩΝ,23.71094,38.019208
8021,7ο ΕΝΙΑΙΟ ΛΥΚΕΙΟ ΠΕΡΙΣΤΕΡΙΟΥ,23.673434,38.026012
8022,2ο ΕΝΙΑΙΟ ΛΥΚΕΙΟ ΙΛΙΟΥ,23.709639,38.034278
8023,ΕΝΙΑΙΟ ΛΥΚΕΙΟ ΚΟΝΙΣΤΡΩΝ ΕΥΒΟΙΑΣ,24.063395,38.573077
8024,ΔΗΜΟΤΙΚΟ ΣΧΟΛΕΙΟ ΙΠΠΕΙΟΥ,,
8025,5ο ΕΝΙΑΙΟ ΛΥΚΕΙΟ ΠΕΡΙΣΤΕΡΙΟΥ,23.673615,38.007691
8026,"2ο ΕΝΙΑΙΟ ΛΥΚΕΙΟ ΕΛΕΥΣΙΝΑΣ ""ΠΥΡΟΥΝΑΚΕΙΟ""",23.537473,38.042562
8027,ΕΝΙΑΙΟ ΛΥΚΕΙΟ ΑΣΠΡΟΠΥΡΓΟΥ,23.579996,38.060307
8028,2ο ΕΝΙΑΙΟ ΛΥΚΕΙΟ ΑΝΩ ΛΙΟΣΙΩΝ,23.683578,38.093001
8029,2ο ΕΝΙΑΙΟ ΛΥΚΕΙΟ ΜΕΓΑΡΩΝ,23.34771,37.990144
8030,1ο ΕΝΙΑΙΟ ΛΥΚΕΙΟ ΜΕΓΑΡΩΝ,23.34771,37.990144
8031,ΕΝΙΑΙΟ ΛΥΚΕΙΟ ΒΑΘΕΟΣ ΑΥΛΙΔΑΣ,23.607041,38.404768
8032,2ο ΕΝΙΑΙΟ ΛΥΚΕΙΟ ΑΛΙΒΕΡΙΟΥ,24.041198,38.408673
8033,ΕΝΙΑΙΟ ΛΥΚΕΙΟ ΚΥΜΗΣ,24.106588,38.63508
8034,2ο ΕΝΙΑΙΟ ΛΥΚΕΙΟ ΚΙΑΤΟΥ,22.745463,38.009137
8035,2ο ΕΝΙΑΙΟ ΛΥΚΕΙΟ ΚΟΡΙΝΘΟΥ,22.927696,37.933136
8036,ΕΝΙΑΙΟ ΛΥΚΕΙΟ ΚΑΝΗΘΟΥ ΧΑΛΚΙΔΑΣ,23.596112,38.457847
8037,ΕΝΙΑΙΟ ΛΥΚΕΙΟ ΚΟΡΙΝΘΟΥ ΕΚΚΛΗΣΙΑΣΤΙΚΟ,22.982294,37.974435
8038,2ο ΕΝΙΑΙΟ ΛΥΚΕΙΟ ΑΡΓΟΥΣ,22.718593,37.626074
8039,ΕΝΙΑΙΟ ΛΥΚΕΙΟ ΚΑΡΥΣΤΟΥ,24.422107,38.016498
8040,ΕΝΙΑΙΟ ΛΥΚΕΙΟ ΔΕΡΒΕΝΙΟΥ,22.41316,38.129748
8041,1ο ΕΝΙΑΙΟ ΛΥΚΕΙΟ ΚΟΡΙΝΘΟΥ,22.926857,37.932444
8042,ΕΝΙΑΙΟ ΛΥΚΕΙΟ ΝΕΜΕΑΣ,22.664667,37.819926
8043,1ο ΕΝΙΑΙΟ ΛΥΚΕΙΟ ΚΙΑΤΟΥ,22.734255,38.015823
8044,12ο ΕΝΙΑΙΟ ΛΥΚΕΙΟ ΠΕΡΙΣΤΕΡΙΟΥ,23.6725,38.008043
8045,ΕΝΙΑΙΟ ΛΥΚΕΙΟ ΕΡΥΘΡΩΝ,23.326498,38.214835
8046,ΕΝΙΑΙΟ ΛΥΚΕΙΟ ΧΙΛΙΟΜΟΔΙΟΥ,22.871075,37.808849
8047,ΕΝΙΑΙΟ ΛΥΚΕΙΟ ΒΡΑΧΑΤΙΟΥ,22.81001,37.956789
8048,ΕΝΙΑΙΟ ΛΥΚΕΙΟ ΒΕΛΟΥ,22.76929,37.983701
8049,ΕΝΙΑΙΟ ΛΥΚΕΙΟ ΑΓΙΩΝ ΑΝΑΡΓΥΡΩΝ ΕΣΠΕΡΙΝΟ,23.719755,38.0258
8050,1ο ΕΝΙΑΙΟ ΛΥΚΕΙΟ ΚΑΜΑΤΕΡΟΥ,23.715459,38.05027
8051,6ο ΕΝΙΑΙΟ ΛΥΚΕΙΟ ΠΕΡΙΣΤΕΡΙΟΥ,23.671986,38.017974
8052,ΕΝΙΑΙΟ ΛΥΚΕΙΟ ΑΓΙΩΝ ΑΝΑΡΓΥΡΩΝ ΠΕΙΡΑΜΑΤΙΚΟ,23.72422,38.039609
8053,3ο ΕΝΙΑΙΟ ΛΥΚΕΙΟ ΙΛΙΟΥ,23.703199,38.022795
8054,3ο ΕΝΙΑΙΟ ΛΥΚΕΙΟ ΠΕΤΡΟΥΠΟΛΗΣ,23.678778,38.034503
8055,1ο ΕΝΙΑΙΟ ΛΥΚΕΙΟ ΑΡΓΟΥΣ,22.730314,37.63873
8056,1ο ΕΝΙΑΙΟ ΛΥΚΕΙΟ ΑΝΩ ΛΙΟΣΙΩΝ,23.695604,38.074593
8057,14ο ΕΝΙΑΙΟ ΛΥΚΕΙΟ ΠΕΡΙΣΤΕΡΙΟΥ,23.682705,37.999695
8058,1ο ΕΝΙΑΙΟ ΛΥΚΕΙΟ ΑΙΓΑΛΕΩ,23.685458,37.992095
8059,ΕΝΙΑΙΟ ΛΥΚΕΙΟ ΜΑΝΔΡΑΣ,23.487755,38.064107
8060,1ο ΕΝΙΑΙΟ ΛΥΚΕΙΟ ΙΛΙΟΥ,23.700477,38.027633
8061,4ο ΕΝΙΑΙΟ ΛΥΚΕΙΟ ΙΛΙΟΥ,23.703325,38.024019
8062,4ο ΕΝΙΑΙΟ ΛΥΚΕΙΟ ΑΙΓΑΛΕΩ,23.670269,37.99428
8063,3ο ΕΝΙΑΙΟ ΛΥΚΕΙΟ ΑΙΓΑΛΕΩ,23.673895,37.992012
8064,ΕΝΙΑΙΟ ΛΥΚΕΙΟ ΖΕΦΥΡΙΟΥ,23.718975,38.068699
8065,ΕΝΙΑΙΟ ΛΥΚΕΙΟ ΞΥΛΟΚΑΣΤΡΟΥ,22.636353,38.073553
8066,1ο ΕΝΙΑΙΟ ΛΥΚΕΙΟ ΕΛΕΥΣΙΝΑΣ,23.535332,38.048881
8067,ΕΝΙΑΙΟ ΛΥΚΕΙΟ ΝΕΑΣ ΠΕΡΑΜΟΥ,23.450196,38.022915
8068,ΕΝΙΑΙΟ ΛΥΚΕΙΟ ΑΜΑΡΥΝΘΟΥ ΕΥΒΟΙΑΣ,23.887678,38.392033
8069,ΕΝΙΑΙΟ ΛΥΚΕΙΟ ΑΓΙΑΣ ΤΡΙΑΔΑΣ,22.808585,37.63681
8070,ΕΝΙΑΙΟ ΛΥΚΕΙΟ ΒΑΣΙΛΙΚΟΥ ΕΥΒΟΙΑΣ,23.673918,38.428616
8071,1ο ΕΝΙΑΙΟ ΛΥΚΕΙΟ ΝΑΥΠΛΙΟΥ,22.80226,37.563966
8072,3ο ΕΝΙΑΙΟ ΛΥΚΕΙΟ ΚΟΡΙΝΘΟΥ,22.948866,37.935784
8073,ΕΝΙΑΙΟ ΛΥΚΕΙΟ ΣΚΥΡΟΥ,24.563536,38.918093
8074,1ο ΕΝΙΑΙΟ ΛΥΚΕΙΟ ΧΑΙΔΑΡΙΟΥ,23.653288,38.009275
8075,6ο ΕΝΙΑΙΟ ΛΥΚΕΙΟ ΙΛΙΟΥ,23.692846,38.024401
8076,4ο ΕΝΙΑΙΟ ΛΥΚΕΙΟ ΠΕΤΡΟΥΠΟΛΗΣ,23.683392,38.043535
8077,2ο ΕΝΙΑΙΟ ΛΥΚΕΙΟ ΧΑΛΚΙΔΑΣ,23.595243,38.45734
8078,ΕΝΙΑΙΟ ΛΥΚΕΙΟ ΙΣΤΙΑΙΑΣ,23.152391,38.953054
8079,10ο ΕΝΙΑΙΟ ΛΥΚΕΙΟ ΠΕΡΙΣΤΕΡΙΟΥ,23.673434,38.026012
8080,3ο ΕΝΙΑΙΟ ΛΥΚΕΙΟ ΑΝΩ ΛΙΟΣΙΩΝ,,
8081,2ο ΕΝΙΑΙΟ ΛΥΚΕΙΟ ΚΑΜΑΤΕΡΟΥ,23.696025,38.050947
8082,1ο ΕΝΙΑΙΟ ΛΥΚΕΙΟ ΠΕΡΙΣΤΕΡΙΟΥ,23.682835,38.00961
8083,7ο ΕΝΙΑΙΟ ΛΥΚΕΙΟ ΙΛΙΟΥ,23.701938,38.02749
8084,ΕΝΙΑΙΟ ΛΥΚΕΙΟ ΛΟΥΤΡΩΝ ΑΙΔΗΨΟΥ,23.047046,38.85486
8085,1ο ΕΝΙΑΙΟ ΛΥΚΕΙΟ ΧΑΛΚΙΔΑΣ,23.598442,38.467856
8086,ΕΝΙΑΙΟ ΛΥΚΕΙΟ ΕΡΜΙΟΝΗΣ,23.228543,37.384545
8087,ΕΝΙΑΙΟ ΛΥΚΕΙΟ ΑΓΙΩΝ ΘΕΟΔΩΡΩΝ,23.143384,37.936479
8088,ΕΝΙΑΙΟ ΛΥΚΕΙΟ ΛΙΜΝΗΣ ΕΥΒΟΙΑΣ,23.32335,38.763091
8089,ΕΝΙΑΙΟ ΛΥΚΕΙΟ ΛΟΥΤΡΑΚΙΟΥ,22.982294,37.974435
8090,3ο ΕΝΙΑΙΟ ΛΥΚΕΙΟ ΧΑΛΚΙΔΑΣ,23.596112,38.457847
8091,2ο ΕΝΙΑΙΟ ΛΥΚΕΙΟ ΧΑΙΔΑΡΙΟΥ,23.660199,38.008518
8092,ΕΝΙΑΙΟ ΛΥΚΕΙΟ ΑΙΓΑΛΕΩ ΕΣΠΕΡΙΝΟ,23.674906,37.991815
8093,ΕΝΙΑΙΟ ΛΥΚΕΙΟ ΕΡΕΤΡΙΑΣ,,
8094,2ο ΕΝΙΑΙΟ ΛΥΚΕΙΟ ΑΓΙΑΣ ΒΑΡΒΑΡΑΣ,23.659311,37.993148
8095,5ο ΕΝΙΑΙΟ ΛΥΚΕΙΟ ΙΛΙΟΥ,23.701222,38.042872
8096,5ο ΕΝΙΑΙΟ ΛΥΚΕΙΟ ΑΙΓΑΛΕΩ,23.672898,37.997283
8097,1ο ΕΝΙΑΙΟ ΛΥΚΕΙΟ ΑΓΙΑΣ ΒΑΡΒΑΡΑΣ,23.658529,37.993223
8098,11ο ΕΝΙΑΙΟ ΛΥΚΕΙΟ ΠΕΡΙΣΤΕΡΙΟΥ,23.70991,38.011907
8099,2ο ΕΝΙΑΙΟ ΛΥΚΕΙΟ ΠΕΤΡΟΥΠΟΛΗΣ,23.673057,38.03474
8100,1ο ΕΝΙΑΙΟ ΛΥΚΕΙΟ ΠΕΤΡΟΥΠΟΛΗΣ,23.677702,38.034545
8101,1ο ΤΕΕ ΑΝΩ ΛΙΟΣΙΩΝ,23.684421,38.08363
8102,1ο ΤΕΕ ΞΥΛΟΚΑΣΤΡΟΥ,22.636353,38.073553
8103,3ο ΤΕΕ ΛΟΥΤΡΑΚΙΟΥ (ΚΟΡΙΝΘΟΥ),22.982294,37.97441
8104,1ο ΤΕΕ ΠΕΡΙΣΤΕΡΙΟΥ,23.700375,38.010393
8105,2ο ΤΕΕ ΚΙΑΤΟΥ,22.745463,38.009137
8106,4ο ΤΕΕ ΠΕΡΙΣΤΕΡΙΟΥ,23.674085,38.028095
8107,"1ο ΤΕΕ ΧΑΙΔΑΡΙΟΥ ""ΔΙΟΝΥΣΙΟΣ ΣΟΛΩΜΟΣ""",23.66347,38.015602
8108,1ο ΤΕΕ ΚΟΡΙΝΘΟΥ ΕΣΠΕΡΙΝΟ,22.927818,37.933137
8109,1ο ΤΕΕ ΠΕΡΙΣΤΕΡΙΟΥ ΕΣΠΕΡΙΝΟ,23.698463,38.005665
8110,3ο ΤΕΕ ΙΛΙΟΥ,23.713504,38.0345
8111,1ο ΤΕΕ ΕΛΕΥΣΙΝΑΣ,23.54253,38.048544
8112,2ο ΤΕΕ ΠΕΡΙΣΤΕΡΙΟΥ,23.673351,38.028265
8113,3ο ΤΕΕ ΑΓΙΩΝ ΑΝΑΡΓΥΡΩΝ,23.710582,38.01444
8114,2ο ΤΕΕ ΑΓΙΩΝ ΑΝΑΡΓΥΡΩΝ,23.713442,38.027285
8115,1ο ΤΕΕ ΑΡΓΟΥΣ,22.735483,37.634061
8116,2ο ΤΕΕ ΠΕΡΙΣΤΕΡΙΟΥ ΕΣΠΕΡΙΝΟ,23.701123,38.010395
8117,3ο ΤΕΕ ΑΙΓΑΛΕΩ,23.679448,37.9985
8118,2ο ΤΕΕ ΧΑΛΚΙΔΑΣ,23.594427,38.457109
8119,1ο ΤΕΕ ΖΕΥΓΟΛΑΤΕΙΟΥ,22.803725,37.938939
8120,1ο ΤΕΕ ΑΣΠΡΟΠΥΡΓΟΥ,23.584282,38.059912
8121,1ο ΤΕΕ ΑΙΓΑΛΕΩ,23.679448,37.9985
8122,1ο ΤΕΕ ΝΕΜΕΑΣ,22.664667,37.819926
8123,2ο ΤΕΕ ΑΝΩ ΛΙΟΣΙΩΝ,23.683578,38.092938
8124,ΔΗΜΟΤΙΚΟ ΣΧΟΛΕΙΟ ΠΑΣΤΙΔΑΣ ΡΟΔΟΥ,28.137227,36.385359
8125,1ο ΤΕΕ ΠΕΤΡΟΥΠΟΛΗΣ,23.689687,38.038825
8126,1ο ΤΕΕ ΙΣΤΙΑΙΑΣ,23.152391,38.953054
8127,ΤΕΕ ΙΛΙΟΥ ΕΙΔΙΚΟ,23.715095,38.032165
8128,3ο ΤΕΕ ΠΕΡΙΣΤΕΡΙΟΥ,23.687614,38.000405
8129,2ο ΤΕΕ ΑΙΓΑΛΕΩ,23.679448,37.9985
8130,1ο ΤΕΕ ΑΓΙΩΝ ΑΝΑΡΓΥΡΩΝ,23.710582,38.01444
8131,1ο ΤΕΕ ΨΑΧΝΩΝ,,
8132,ΤΕΕ ΚΟΝΙΣΤΡΩΝ,24.063409,38.573063
8133,2ο ΤΕΕ ΕΛΕΥΣΙΝΑΣ,23.54253,38.048544
8134,2ο ΤΕΕ ΑΣΠΡΟΠΥΡΓΟΥ,,
8135,5ο ΤΕΕ ΧΑΛΚΙΔΑΣ,23.580346,38.46856
8136,3ο ΤΕΕ ΧΑΛΚΙΔΑΣ ΕΣΠΕΡΙΝΟ,23.594427,38.457109
8137,1ο ΤΕΕ ΝΑΥΠΛΙΟΥ,22.809829,37.567472
8138,4ο ΤΕΕ ΧΑΛΚΙΔΑΣ,23.594427,38.457109
8139,1ο ΤΕΕ ΙΛΙΟΥ,23.713504,38.0345
8140,1ο ΤΕΕ ΜΕΓΑΡΩΝ,23.34771,37.990144
8141,2ο ΤΕΕ ΙΛΙΟΥ,23.713504,38.0345
8142,1ο ΤΕΕ ΧΑΛΚΙΔΑΣ,23.594432,38.457296
8143,2ο ΤΕΕ ΑΛΙΒΕΡΙΟΥ,24.041198,38.408673
8144,2ο ΤΕΕ ΛΟΥΤΡΑΚΙΟΥ,22.982294,37.974435
8145,ΤΕΕ ΚΑΡΥΣΤΟΥ,24.422107,38.016498
8146,1ο ΤΕΕ ΑΛΙΒΕΡΙΟΥ,24.041198,38.408673
8147,1ο ΤΕΕ ΚΙΑΤΟΥ,22.745463,38.009137
8148,1ο ΤΕΕ ΚΡΑΝΙΔΙΟΥ,23.163917,37.377597
8149,1ο ΤΕΕ ΚΟΡΙΝΘΟΥ ΗΜΕΡΗΣΙΟ,,
8150,1ο ΤΕΕ ΑΙΓΑΛΕΩ ΕΣΠΕΡΙΝΟ,,
8151,1ο ΤΕΕ ΛΟΥΤΡΑΚΙΟΥ,22.982294,37.974435
8152,2ο ΤΕΕ ΑΡΓΟΥΣ,22.735483,37.634061
8153,1ο ΤΕΕ ΚΑΜΑΤΕΡΟΥ,,
8154,1ο ΣΕΚ ΚΙΑΤΟΥ,22.747005,38.005051
8155,4ο ΣΕΚ Γ' ΑΘΗΝΑΣ (ΠΕΡΙΣΤΕΡΙΟΥ),,
8156,2ο ΣΕΚ ΔΥΤΙΚΗΣ ΑΤΤΙΚΗΣ (ΑΝΩ ΛΙΟΣΙΩΝ),23.684457,38.083545
8157,2ο ΣΕΚ Γ' ΑΘΗΝΑΣ (ΑΙΓΑΛΕΩ),23.679448,37.9985
8158,1ο ΣΕΚ ΚΟΡΙΝΘΙΑΣ (ΛΟΥΤΡΑΚΙ),22.982294,37.974435
8159,5ο ΣΕΚ Γ' ΑΘΗΝΑΣ ( ΙΛΙΟΥ),23.714952,38.033445
8160,3ο ΣΕΚ Γ' ΑΘΗΝΑΣ (ΠΕΡΙΣΤΕΡΙΟΥ),23.674085,38.028095
8161,6ο ΣΕΚ Γ' ΑΘΗΝΑΣ (ΧΑΙΔΑΡΙΟΥ),23.66347,38.015602
8162,1ο ΣΕΚ ΔΥΤΙΚΗΣ ΑΤΤΙΚΗΣ (ΕΛΕΥΣΙΝΑΣ),23.54253,38.048544
8163,3ο ΣΕΚ ΔΥΤΙΚΗΣ ΑΤΤΙΚΗΣ (ΜΕΓΑΡΩΝ),23.34771,37.990144
8164,1ο ΣΕΚ ΑΛΙΒΕΡΙΟΥ,24.041198,38.408673
8165,1ο ΣΕΚ ΕΥΒΟΙΑΣ (ΧΑΛΚΙΔΑΣ),23.594432,38.457296
8166,1ο ΣΕΚ Γ' ΑΘΗΝΑΣ (ΑΓΙΩΝ ΑΝΑΡΓΥΡΩΝ),23.710582,38.01444
8167,1ο ΣΕΚ ΑΡΓΟΛΙΔΑΣ (ΑΡΓΟΥΣ),22.735483,37.634061
8168,ΣΥΜΒΟΥΛΕΥΤΙΚΟΣ ΣΤΑΘΜΟΣ ΝΕΩΝ ΔΥΤΙΚΗΣ ΑΤΤΙΚΗΣ,23.537883,38.046636
8169,ΣΥΜΒΟΥΛΕΥΤΙΚΟΣ ΣΤΑΘΜΟΣ ΝΕΩΝ Γ' ΑΘΗΝΑΣ,,
8170,ΔΗΜΟΤΙΚΟ ΣΧΟΛΕΙΟ ΑΣΚΛΗΠΙΕΙΟΥ,,
8171,ΔΗΜΟΤΙΚΟ ΣΧΟΛΕΙΟ ΑΓΙΟΥ ΑΔΡΙΑΝΟΥ ΝΑΥΠΛΙΑΣ,22.849126,37.599502
8172,ΔΗΜΟΤΙΚΟ ΣΧΟΛΕΙΟ ΔΗΜΑΙΝΗΣ ΝΑΥΠΛΙΑΣ,23.074215,37.692084
8173,ΔΗΜΟΤΙΚΟ ΣΧΟΛΕΙΟ ΑΡΑΧΝΑΙΟΥ ΝΑΥΠΛΙΑΣ,22.961038,37.678504
8174,ΔΗΜΟΤΙΚΟ ΣΧΟΛΕΙΟ ΑΝΥΦΙΟΥ ΑΓΓΕΛΟΠΟΥΛΕΙΟΝ,,
8175,2ο ΔΗΜΟΤΙΚΟ ΣΧΟΛΕΙΟ ΝΑΥΠΛΙΟΥ,22.809133,37.564697
8176,ΔΗΜΟΤΙΚΟ ΣΧΟΛΕΙΟ ΔΡΕΠΑΝΟΥ,22.893273,37.537242
8177,ΔΗΜΟΤΙΚΟ ΣΧΟΛΕΙΟ ΑΝΩ ΙΡΙΩΝ ΝΑΥΠΛΙΑΣ,,
8178,ΔΗΜΟΤΙΚΟ ΣΧΟΛΕΙΟ ΛΕΥΚΑΚΙΩΝ,22.863646,37.559595
8179,3ο ΔΗΜΟΤΙΚΟ ΣΧΟΛΕΙΟ ΝΑΥΠΛΙΟΥ,,
8180,1ο ΔΗΜΟΤΙΚΟ ΣΧΟΛΕΙΟ ΝΑΥΠΛΙΟΥ,22.800815,37.564102
8181,ΔΗΜΟΤΙΚΟ ΣΧΟΛΕΙΟ ΑΓΙΑΣ ΤΡΙΑΔΑΣ,,
8182,ΔΗΜΟΤΙΚΟ ΣΧΟΛΕΙΟ ΑΔΑΜΙΟΥ ΝΑΥΠΛΙΑΣ,23.073179,37.571491
8183,ΔΗΜΟΤΙΚΟ ΣΧΟΛΕΙΟ ΑΓΙΟΥ ΔΗΜΗΤΡΙΟΥ,,
8184,49ο ΔΗΜΟΤΙΚΟ ΣΧΟΛΕΙΟ ΠΕΡΙΣΤΕΡΙΟΥ,23.672553,38.018118
8185,ΔΗΜΟΤΙΚΟ ΣΧΟΛΕΙΟ ΑΓΙΟΥ ΠΡΟΚΟΠΙΟΥ,,
8186,48ο ΔΗΜΟΤΙΚΟ ΣΧΟΛΕΙΟ ΠΕΡΙΣΤΕΡΙΟΥ,23.673545,38.00413
8187,25ο ΔΗΜΟΤΙΚΟ ΣΧΟΛΕΙΟ ΙΛΙΟΥ,23.694314,38.042049
8188,26ο ΔΗΜΟΤΙΚΟ ΣΧΟΛΕΙΟ ΙΛΙΟΥ,23.707432,38.021203
8189,2ο ΔΗΜΟΤΙΚΟ ΣΧΟΛΕΙΟ ΑΡΓΟΥΣ,22.731562,37.636508
8190,ΔΗΜΟΤΙΚΟ ΣΧΟΛΕΙΟ ΔΑΛΑΜΑΝΑΡΑΣ,22.769108,37.616724
8191,47ο ΔΗΜΟΤΙΚΟ ΣΧΟΛΕΙΟ ΠΕΡΙΣΤΕΡΙΟΥ,23.709537,38.010728
8192,5ο ΔΗΜΟΤΙΚΟ ΣΧΟΛΕΙΟ ΑΡΓΟΥΣ,22.724942,37.640213
8193,6ο ΔΗΜΟΤΙΚΟ ΣΧΟΛΕΙΟ ΑΡΓΟΥΣ,22.727132,37.639819
8194,ΔΗΜΟΤΙΚΟ ΣΧΟΛΕΙΟ ΛΙΜΝΩΝ,22.883271,37.71396
8195,1ο ΔΗΜΟΤΙΚΟ ΣΧΟΛΕΙΟ ΑΡΓΟΥΣ,22.726381,37.630846
8196,3ο ΔΗΜΟΤΙΚΟ ΣΧΟΛΕΙΟ ΑΡΓΟΥΣ,22.71907,37.636816
8197,4ο ΔΗΜΟΤΙΚΟ ΣΧΟΛΕΙΟ ΑΡΓΟΥΣ,22.731512,37.627809
8198,ΔΗΜΟΤΙΚΟ ΣΧΟΛΕΙΟ ΚΕΦΑΛΑΡΙΟΥ,22.688066,37.595784
8199,9ο ΔΗΜΟΤΙΚΟ ΣΧΟΛΕΙΟ ΑΝΩ ΛΙΟΣΙΩΝ,23.69666,38.082524
8200,ΔΗΜΟΤΙΚΟ ΣΧΟΛΕΙΟ ΚΟΥΤΣΟΠΟΔΙΟΥ,22.711283,37.684058
8201,ΔΗΜΟΤΙΚΟ ΣΧΟΛΕΙΟ ΕΛΛΗΝΙΚΟΥ,,
8202,ΔΗΜΟΤΙΚΟ ΣΧΟΛΕΙΟ ΣΧΙΝΟΧΩΡΙΟΥ,22.625675,37.679072
8203,ΔΗΜΟΤΙΚΟ ΣΧΟΛΕΙΟ ΚΑΡΔΑΜΑΙΝΗΣ ΚΩ,,
8204,ΔΗΜΟΤΙΚΟ ΣΧΟΛΕΙΟ ΜΑΛΑΝΤΡΕΝΙΟΥ,22.641502,37.724355
8205,ΔΗΜΟΤΙΚΟ ΣΧΟΛΕΙΟ ΑΧΛΑΔΟΚΑΜΠΟΥ,22.584671,37.521984
8206,ΔΗΜΟΤΙΚΟ ΣΧΟΛΕΙΟ ΚΙΒΕΡΙΟΥ,22.72904,37.519811
8207,ΔΗΜΟΤΙΚΟ ΣΧΟΛΕΙΟ ΙΝΑΧΟΥ,22.752987,37.663983
8208,ΔΗΜΟΤΙΚΟ ΣΧΟΛΕΙΟ ΜΥΛΩΝ,22.714476,37.54997
8209,ΔΗΜΟΤΙΚΟ ΣΧΟΛΕΙΟ ΛΥΡΚΕΙΑΣ,22.552624,37.703526
8210,ΔΗΜΟΤΙΚΟ ΣΧΟΛΕΙΟ ΓΥΜΝΟΥ,22.57348,37.774206
8211,ΔΗΜΟΤΙΚΟ ΣΧΟΛΕΙΟ ΣΤΑΘΑΙΙΚΩΝ,22.673869,37.662793
8212,2ο ΔΗΜΟΤΙΚΟ ΣΧΟΛΕΙΟ ΜΑΓΟΥΛΑΣ,23.519826,38.076112
8213,ΔΗΜΟΤΙΚΟ ΣΧΟΛΕΙΟ ΔΙΔΥΜΩΝ ΕΡΜΙΟΝΗΣ,23.175155,37.460299
8214,12ο ΔΗΜΟΤΙΚΟ ΣΧΟΛΕΙΟ ΠΕΤΡΟΥΠΟΛΗΣ,23.681201,38.037477
8215,6ο ΔΗΜΟΤΙΚΟ ΣΧΟΛΕΙΟ ΝΑΥΠΛΙΟΥ,22.830987,37.569333
8216,1ο ΔΗΜΟΤΙΚΟ ΣΧΟΛΕΙΟ ΚΡΑΝΙΔΙΟΥ,23.163998,37.375246
8217,ΔΗΜΟΤΙΚΟ ΣΧΟΛΕΙΟ ΗΛΙΟΚΑΣΤΡΟΥ ΕΡΜΙΟΝΗΣ,23.269503,37.440971
8218,ΔΗΜΟΤΙΚΟ ΣΧΟΛΕΙΟ ΑΣΙΝΗΣ ΝΑΥΠΛΙΑΣ,22.867833,37.543422
8219,ΔΗΜΟΤΙΚΟ ΣΧΟΛΕΙΟ ΦΟΥΡΝΩΝ ΕΡΜΙΟΝΗΣ,,
8220,ΔΗΜΟΤΙΚΟ ΣΧΟΛΕΙΟ ΕΡΜΙΟΝΗΣ,23.231382,37.383853
8221,ΔΗΜΟΤΙΚΟ ΣΧΟΛΕΙΟ ΛΟΥΚΑΙΤΙΟΥ ΕΡΜΙΟΝΗΣ,,
8222,2ο ΔΗΜΟΤΙΚΟ ΣΧΟΛΕΙΟ ΚΡΑΝΙΔΙΟΥ,23.164054,37.375202
8223,ΔΗΜΟΤΙΚΟ ΣΧΟΛΕΙΟ ΠΟΡΤΟΧΕΛΙΟΥ ΕΡΜΙΟΝΗΣ,23.137247,37.323702
8224,ΔΗΜΟΤΙΚΟ ΣΧΟΛΕΙΟ ΚΟΙΛΑΔΑΣ ΕΡΜΙΟΝΗΣ,,
8225,ΔΗΜΟΤΙΚΟ ΣΧΟΛΕΙΟ ΘΕΡΜΗΣΙΑΣ ΕΡΜΙΟΝΗΣ,23.322135,37.409343
8226,ΔΗΜΟΤΙΚΟ ΣΧΟΛΕΙΟ ΝΕΟΥ ΗΡΑΙΟΥ,22.775271,37.671406
8227,ΔΗΜΟΤΙΚΟ ΣΧΟΛΕΙΟ ΦΙΧΤΙΟΥ,22.724012,37.72348
8228,ΔΗΜΟΤΙΚΟ ΣΧΟΛΕΙΟ ΣΚΑΦΙΔΑΚΙΟΥ,22.688872,37.562424
8229,ΔΗΜΟΤΙΚΟ ΣΧΟΛΕΙΟ ΑΡΓΟΥΣ ΚΑΛΥΜΝΟΥ,,
8230,ΔΗΜΟΤΙΚΟ ΣΧΟΛΕΙΟ ΑΓΙΑΣ ΣΟΦΙΑΣ ΧΑΛΚΙΔΑΣ,,
8231,ΔΗΜΟΤΙΚΟ ΣΧΟΛΕΙΟ ΒΑΘΕΟΣ ΑΥΛΙΔΑΣ,23.605705,38.404213
8232,ΔΗΜΟΤΙΚΟ ΣΧΟΛΕΙΟ ΑΤΤΑΛΗΣ ΧΑΛΚΙΔΑΣ,23.739168,38.619854
8233,ΔΗΜΟΤΙΚΟ ΣΧΟΛΕΙΟ ΑΦΡΑΤΙΟΥ ΧΑΛΚΙΔΑΣ,,
8234,ΔΗΜΟΤΙΚΟ ΣΧΟΛΕΙΟ ΚΑΘΕΝΩΝ ΧΑΛΚΙΔΑΣ,23.774563,38.567932
8235,ΔΗΜΟΤΙΚΟ ΣΧΟΛΕΙΟ ΑΓΙΟΥ ΑΘΑΝΑΣΙΟΥ ΧΑΛΚΙΔΑΣ,,
8236,ΔΗΜΟΤΙΚΟ ΣΧΟΛΕΙΟ ΑΓΙΟΥ ΝΙΚΟΛΑΟΥ ΧΑΛΚΙΔΑΣ,23.648509,38.422629
8237,ΔΗΜΟΤΙΚΟ ΣΧΟΛΕΙΟ ΘΕΟΛΟΓΟΥ ΧΑΛΚΙΔΑΣ,23.801468,38.486016
8238,ΔΗΜΟΤΙΚΟ ΣΧΟΛΕΙΟ ΜΑΛΑΚΩΝΤΟΣ ΧΑΛΚΙΔΑΣ,,
8239,1ο ΔΗΜΟΤΙΚΟ ΣΧΟΛΕΙΟ ΕΡΕΤΡΙΑΣ,,
8240,ΔΗΜΟΤΙΚΟ ΣΧΟΛΕΙΟ ΠΕΥΚΙΟΥ ΙΣΤΙΑΙΑΣ,,
8241,ΔΗΜΟΤΙΚΟ ΣΧΟΛΕΙΟ ΠΡΙΝΙΑΣ,,
8242,ΔΗΜΟΤΙΚΟ ΣΧΟΛΕΙΟ ΛΥΚΟΠΟΡΙΑΣ,,
8243,1ο ΔΗΜΟΤΙΚΟ ΣΧΟΛΕΙΟ ΒΑΣΙΛΙΚΟΥ ΧΑΛΚΙΔΑΣ,,
8244,ΔΗΜΟΤΙΚΟ ΣΧΟΛΕΙΟ ΗΛΙΩΝ ΙΣΤΙΑΙΑΣ,23.152839,38.952488
8245,ΔΗΜΟΤΙΚΟ ΣΧΟΛΕΙΟ ΚΑΛΟΧΩΡΙΟΥ-ΠΑΝΤΕΙΧΙΟΥ,23.597754,38.388139
8246,ΔΗΜΟΤΙΚΟ ΣΧΟΛΕΙΟ ΦΑΡΟΥ ΑΥΛΙΔΑΣ,23.621127,38.397517
8247,1ο ΔΗΜΟΤΙΚΟ ΣΧΟΛΕΙΟ ΚΑΣΤΕΛΛΑΣ,23.630663,38.569161
8248,ΔΗΜΟΤΙΚΟ ΣΧΟΛΕΙΟ ΔΡΟΣΙΑΣ ΧΑΛΚΙΔΑΣ,,
8249,ΔΗΜΟΤΙΚΟ ΣΧΟΛΕΙΟ ΓΙΑΛΤΡΩΝ ΑΙΔΗΨΟΥ,22.977065,38.862651
8250,ΔΗΜΟΤΙΚΟ ΣΧΟΛΕΙΟ ΛΟΥΤΡΩΝ ΑΙΔΗΨΟΥ ΙΣΤΙΑΙΑΣ,23.046949,38.854639
8251,ΔΗΜΟΤΙΚΟ ΣΧΟΛΕΙΟ ΦΥΛΛΩΝ ΧΑΛΚΙΔΑΣ,,
8252,ΔΗΜΟΤΙΚΟ ΣΧΟΛΕΙΟ ΜΥΤΙΚΑ ΧΑΛΚΙΔΑΣ,,
8253,ΔΗΜΟΤΙΚΟ ΣΧΟΛΕΙΟ ΜΙΣΤΡΟΥ ΧΑΛΚΙΔΑΣ,,
8254,ΔΗΜΟΤΙΚΟ ΣΧΟΛΕΙΟ ΜΑΚΡΥΚΑΠΑΣ ΧΑΛΚΙΔΑΣ,,
8255,ΔΗΜΟΤΙΚΟ ΣΧΟΛΕΙΟ ΛΟΥΤΣΑΣ,,
8256,ΔΗΜΟΤΙΚΟ ΣΧΟΛΕΙΟ ΜΑΡΚΑΤΩΝ ΧΑΛΚΙΔΑΣ,,
8257,ΔΗΜΟΤΙΚΟ ΣΧΟΛΕΙΟ ΠΙΣΣΩΝΑ,23.719436,38.525009
8258,18ο ΔΗΜΟΤΙΚΟ ΣΧΟΛΕΙΟ ΧΑΛΚΙΔΑΣ,,
8259,ΔΗΜΟΤΙΚΟ ΣΧΟΛΕΙΟ ΑΝΤΙΜΑΧΕΙΑΣ ΚΩ,,
8260,ΔΗΜΟΤΙΚΟ ΣΧΟΛΕΙΟ ΠΑΡΑΛΙΑΣ ΑΥΛΙΔΑΣ,,
8261,ΔΗΜΟΤΙΚΟ ΣΧΟΛΕΙΟ ΑΝΘΗΔΟΝΑΣ,,
8262,ΔΗΜΟΤΙΚΟ ΣΧΟΛΕΙΟ ΚΟΝΤΟΔΕΣΠΟΤΙΟΥ,,
8263,ΔΗΜΟΤΙΚΟ ΣΧΟΛΕΙΟ ΣΙΝΑΣΟΥ ΙΣΤΙΑΙΑΣ,23.150764,38.952779
8264,2ο ΔΗΜΟΤΙΚΟ ΣΧΟΛΕΙΟ ΙΣΤΙΑΙΑΣ,23.150634,38.953144
8265,1ο ΔΗΜΟΤΙΚΟ ΣΧΟΛΕΙΟ ΙΣΤΙΑΙΑΣ,23.150636,38.953141
8266,ΔΗΜΟΤΙΚΟ ΣΧΟΛΕΙΟ ΑΙΔΗΨΟΥ ΙΣΤΙΑΙΑΣ,,
8267,1ο ΔΗΜΟΤΙΚΟ ΣΧΟΛΕΙΟ ΝΕΑΣ ΑΡΤΑΚΗΣ ΧΑΛΚΙΔΑΣ,,
8268,ΔΗΜΟΤΙΚΟ ΣΧΟΛΕΙΟ ΑΓΙΟΥ ΓΕΩΡΓΙΟΥ ΙΣΤΙΑΙΑΣ,23.150666,38.952879
8269,ΔΗΜΟΤΙΚΟ ΣΧΟΛΕΙΟ ΑΓΔΙΝΩΝ ΙΣΤΙΑΙΑΣ,23.295654,38.958459
8270,14ο ΔΗΜΟΤΙΚΟ ΣΧΟΛΕΙΟ ΧΑΛΚΙΔΑΣ,,
8271,12ο ΔΗΜΟΤΙΚΟ ΣΧΟΛΕΙΟ ΧΑΛΚΙΔΑΣ,,
8272,10ο ΔΗΜΟΤΙΚΟ ΣΧΟΛΕΙΟ ΧΑΛΚΙΔΑΣ,,
8273,11ο ΔΗΜΟΤΙΚΟ ΣΧΟΛΕΙΟ ΧΑΛΚΙΔΑΣ,,
8274,ΔΗΜΟΤΙΚΟ ΣΧΟΛΕΙΟ ΜΕΤΟΧΙΟΥ ΔΙΡΦΥΟΣ,,
8275,ΔΗΜΟΤΙΚΟ ΣΧΟΛΕΙΟ ΑΝΩ ΒΑΘΕΙΑΣ,,
8276,13ο ΔΗΜΟΤΙΚΟ ΣΧΟΛΕΙΟ ΧΑΛΚΙΔΑΣ,,
8277,ΔΗΜΟΤΙΚΟ ΣΧΟΛΕΙΟ ΔΑΜΑΤΡΙΑΣ ΡΟΔΟΥ,28.084314,36.377123
8278,17ο ΔΗΜΟΤΙΚΟ ΣΧΟΛΕΙΟ ΧΑΛΚΙΔΑΣ,,
8279,3ο ΔΗΜΟΤΙΚΟ ΣΧΟΛΕΙΟ ΧΑΛΚΙΔΑΣ,,
8280,ΔΗΜΟΤΙΚΟ ΣΧΟΛΕΙΟ ΓΥΜΝΟΥ,,
8281,1ο ΔΗΜΟΤΙΚΟ ΣΧΟΛΕΙΟ ΑΜΑΡΥΝΘΟΥ,23.887449,38.391993
8282,ΔΗΜΟΤΙΚΟ ΣΧΟΛΕΙΟ ΚΑΛΑΒΑΡΔΩΝ ΡΟΔΟΥ,27.947774,36.338876
8283,ΔΗΜΟΤΙΚΟ ΣΧΟΛΕΙΟ ΠΡΑΣΙΝΟΥ ΕΥΒΟΙΑΣ,,
8284,7ο ΔΗΜΟΤΙΚΟ ΣΧΟΛΕΙΟ ΧΑΛΚΙΔΑΣ,,
8285,6ο ΔΗΜΟΤΙΚΟ ΣΧΟΛΕΙΟ ΧΑΛΚΙΔΑΣ,,
8286,16ο ΔΗΜΟΤΙΚΟ ΣΧΟΛΕΙΟ ΧΑΛΚΙΔΑΣ,,
8287,15ο ΔΗΜΟΤΙΚΟ ΣΧΟΛΕΙΟ ΧΑΛΚΙΔΑΣ,,
8288,2ο ΔΗΜΟΤΙΚΟ ΣΧΟΛΕΙΟ ΧΑΛΚΙΔΑΣ,,
8289,ΔΗΜΟΤΙΚΟ ΣΧΟΛΕΙΟ ΘΕΟΛΟΓΟΥ ΡΟΔΟΥ,28.039884,36.369296
8290,ΔΗΜΟΤΙΚΟ ΣΧΟΛΕΙΟ ΑΝΩ ΣΤΕΝΗΣ ΧΑΛΚΙΔΑΣ,,
8291,ΔΗΜΟΤΙΚΟ ΣΧΟΛΕΙΟ ΣΤΟΥΠΠΑΙΩΝ,24.313403,38.124349
8292,1ο ΔΗΜΟΤΙΚΟ ΣΧΟΛΕΙΟ ΑΛΙΒΕΡΙΟΥ ΕΥΒΟΙΑΣ,24.040436,38.408428
8293,ΔΗΜΟΤΙΚΟ ΣΧΟΛΕΙΟ ΤΡΙΑΔΑΣ ΧΑΛΚΙΔΑΣ,,
8294,ΔΗΜΟΤΙΚΟ ΣΧΟΛΕΙΟ ΜΑΡΙΤΣΩΝ ΡΟΔΟΥ,28.119028,36.357795
8295,ΔΗΜΟΤΙΚΟ ΣΧΟΛΕΙΟ ΠΟΛΙΤΙΚΩΝ ΧΑΛΚΙΔΑΣ,,
8296,ΔΗΜΟΤΙΚΟ ΣΧΟΛΕΙΟ ΣΚΥΡΟΥ ΕΥΒΟΙΑΣ,,
8297,ΔΗΜΟΤΙΚΟ ΣΧΟΛΕΙΟ ΣΤΑΥΡΟΥ ΧΑΛΚΙΔΑΣ,,
8298,ΔΗΜΟΤΙΚΟ ΣΧΟΛΕΙΟ ΠΟΥΡΝΟΥ ΧΑΛΚΙΔΑΣ,,
8299,ΔΗΜΟΤΙΚΟ ΣΧΟΛΕΙΟ ΝΕΑΣ ΛΑΜΨΑΚΟΥ,,
8300,ΔΗΜΟΤΙΚΟ ΣΧΟΛΕΙΟ ΒΑΤΩΝΤΑ ΧΑΛΚΙΔΑΣ,,
8301,2ο ΔΗΜΟΤΙΚΟ ΣΧΟΛΕΙΟ ΝΕΑΣ ΑΡΤΑΚΗΣ ΧΑΛΚΙΔΑΣ,,
8302,ΔΗΜΟΤΙΚΟ ΣΧΟΛΕΙΟ ΣΤΡΟΠΩΝΩΝ ΧΑΛΚΙΔΑΣ,23.89248,38.616289
8303,ΔΗΜΟΤΙΚΟ ΣΧΟΛΕΙΟ ΒΕΛΟΥΣ ΕΥΒΟΙΑΣ,,
8304,ΔΗΜΟΤΙΚΟ ΣΧΟΛΕΙΟ ΝΕΟΧΩΡΙΟΥ ΕΥΒΟΙΑΣ,,
8305,ΔΗΜΟΤΙΚΟ ΣΧΟΛΕΙΟ ΜΟΝΟΔΡΙΟΥ ΕΥΒΟΙΑΣ,24.080116,38.542684
8306,ΔΗΜΟΤΙΚΟ ΣΧΟΛΕΙΟ ΚΡΙΕΖΩΝ,,
8307,ΔΗΜΟΤΙΚΟ ΣΧΟΛΕΙΟ ΚΟΝΙΣΤΡΩΝ ΕΥΒΟΙΑΣ,24.062094,38.573093
8308,ΔΗΜΟΤΙΚΟ ΣΧΟΛΕΙΟ ΦΑΝΩΝ ΡΟΔΟΥ,27.983635,36.348632
8309,ΔΗΜΟΤΙΚΟ ΣΧΟΛΕΙΟ ΣΟΡΩΝΗΣ ΡΟΔΟΥ,28.008589,36.360203
8310,1ο ΔΗΜΟΤΙΚΟ ΣΧΟΛΕΙΟ ΚΥΜΗΣ,24.104906,38.635191
8311,3ο ΔΗΜΟΤΙΚΟ ΣΧΟΛΕΙΟ ΑΛΙΒΕΡΙΟΥ,24.040503,38.408375
8312,2ο ΔΗΜΟΤΙΚΟ ΣΧΟΛΕΙΟ ΑΛΙΒΕΡΙΟΥ ΕΥΒΟΙΑΣ,24.040476,38.408386
8313,ΔΗΜΟΤΙΚΟ ΣΧΟΛΕΙΟ ΑΝΩ ΣΥΡΟΥ ΣΥΡΟΥ,,
8314,ΔΗΜΟΤΙΚΟ ΣΧΟΛΕΙΟ ΑΓΙΟΥ ΛΟΥΚΑ ΕΥΒΟΙΑΣ,,
8315,ΔΗΜΟΤΙΚΟ ΣΧΟΛΕΙΟ ΑΡΓΥΡΟΥ,,
8316,ΔΗΜΟΤΙΚΟ ΣΧΟΛΕΙΟ ΒΟΥΒΟΠΟΤΑΜΟΥ,20.609988,39.308558
8317,ΔΗΜΟΤΙΚΟ ΣΧΟΛΕΙΟ ΑΓΙΟΥ ΙΩΑΝΝΗ ΕΥΒΟΙΑΣ,24.006655,38.445942
8318,ΔΗΜΟΤΙΚΟ ΣΧΟΛΕΙΟ ΠΑΛΙΟΥΡΑ ΧΑΛΚΙΔΑΣ,,
8319,ΔΗΜΟΤΙΚΟ ΣΧΟΛΕΙΟ ΑΥΛΩΝΑΡΙΟΥ ΕΥΒΟΙΑΣ,,
8320,4ο ΔΗΜΟΤΙΚΟ ΣΧΟΛΕΙΟ ΧΑΛΚΙΔΑΣ,23.598177,38.466797
8321,ΔΗΜΟΤΙΚΟ ΣΧΟΛΕΙΟ ΑΓΙΟΥ ΙΣΤΙΑΙΑΣ,,
8322,1ο ΔΗΜΟΤΙΚΟ ΣΧΟΛΕΙΟ ΧΑΛΚΙΔΑΣ ΕΙΔΙΚΟ,,
8323,ΔΗΜΟΤΙΚΟ ΣΧΟΛΕΙΟ ΠΟΘΙΟΥ,,
8324,2ο ΔΗΜΟΤΙΚΟ ΣΧΟΛΕΙΟ ΨΑΧΝΩΝ ΧΑΛΚΙΔΑΣ,,
8325,ΔΗΜΟΤΙΚΟ ΣΧΟΛΕΙΟ ΚΑΜΑΡΙΤΣΑΣ ΧΑΛΚΙΔΑΣ,23.573773,38.614124
8326,5ο ΔΗΜΟΤΙΚΟ ΣΧΟΛΕΙΟ ΧΑΛΚΙΔΑΣ,,
8327,2ο ΔΗΜΟΤΙΚΟ ΣΧΟΛΕΙΟ ΑΜΑΡΥΝΘΟΥ,23.88747,38.391993
8328,2ο ΔΗΜΟΤΙΚΟ ΣΧΟΛΕΙΟ ΒΑΣΙΛΙΚΟΥ ΧΑΛΚΙΔΑΣ,,
8329,1ο ΔΗΜΟΤΙΚΟ ΣΧΟΛΕΙΟ ΨΑΧΝΩΝ ΧΑΛΚΙΔΑΣ,,
8330,3ο ΔΗΜΟΤΙΚΟ ΣΧΟΛΕΙΟ ΨΑΧΝΩΝ,,
8331,3ο ΔΗΜΟΤΙΚΟ ΣΧΟΛΕΙΟ ΝΕΑΣ ΑΡΤΑΚΗΣ,,
8332,2ο ΔΗΜΟΤΙΚΟ ΣΧΟΛΕΙΟ ΚΑΣΤΕΛΛΑΣ,23.630644,38.569154
8333,9ο ΔΗΜΟΤΙΚΟ ΣΧΟΛΕΙΟ ΧΑΛΚΙΔΑΣ,,
8334,ΔΗΜΟΤΙΚΟ ΣΧΟΛΕΙΟ ΚΑΨΟΥΡΙΟΥ,,
8335,24ο ΔΗΜΟΤΙΚΟ ΣΧΟΛΕΙΟ ΧΑΛΚΙΔΑΣ,,
8336,2ο ΔΗΜΟΤΙΚΟ ΣΧΟΛΕΙΟ ΚΥΜΗΣ,24.104926,38.635186
8337,4ο ΔΗΜΟΤΙΚΟ ΣΧΟΛΕΙΟ ΝΕΑΣ ΑΡΤΑΚΗΣ,23.639953,38.512026
8338,2ο ΔΗΜΟΤΙΚΟ ΣΧΟΛΕΙΟ ΚΑΡΥΣΤΟΥ,24.421507,38.016369
8339,2ο ΔΗΜΟΤΙΚΟ ΣΧΟΛΕΙΟ ΕΡΕΤΡΙΑΣ,,
8340,26ο ΔΗΜΟΤΙΚΟ ΣΧΟΛΕΙΟ ΧΑΛΚΙΔΑΣ,,
8341,25ο ΔΗΜΟΤΙΚΟ ΣΧΟΛΕΙΟ ΧΑΛΚΙΔΑΣ,23.602604,38.46763
8342,ΔΗΜΟΤΙΚΟ ΣΧΟΛΕΙΟ ΤΟΛΟΥ ΝΑΥΠΛΙΑΣ,22.856291,37.521116
8343,ΔΗΜΟΤΙΚΟ ΣΧΟΛΕΙΟ ΝΕΟΥ ΡΟΙΝΟΥ,22.860346,37.615352
8344,ΔΗΜΟΤΙΚΟ ΣΧΟΛΕΙΟ ΚΟΜΗΤΟΥ,24.538897,38.063156
8345,ΔΗΜΟΤΙΚΟ ΣΧΟΛΕΙΟ ΚΑΤΣΑΡΩΝΙΟΥ,,
8346,ΔΗΜΟΤΙΚΟ ΣΧΟΛΕΙΟ ΚΡΑΝΕΑΣ,20.748794,39.245386
8347,ΔΗΜΟΤΙΚΟ ΣΧΟΛΕΙΟ ΝΕΟΥ ΠΥΡΓΟΥ ΙΣΤΙΑΙΑΣ,,
8348,ΔΗΜΟΤΙΚΟ ΣΧΟΛΕΙΟ ΜΕΣΟΧΩΡΙΩΝ,24.212011,38.249413
8349,ΔΗΜΟΤΙΚΟ ΣΧΟΛΕΙΟ ΕΝΟΡΙΑΣ ΚΥΜΗΣ,,
8350,ΔΗΜΟΤΙΚΟ ΣΧΟΛΕΙΟ ΣΠΑΘΑΡΙΟΥ ΙΣΤΙΑΙΑΣ,23.42834,38.760515
8351,ΔΗΜΟΤΙΚΟ ΣΧΟΛΕΙΟ ΡΟΒΙΩΝ,,
8352,ΔΗΜΟΤΙΚΟ ΣΧΟΛΕΙΟ ΔΥΣΤΟΥ,,
8353,ΔΗΜΟΤΙΚΟ ΣΧΟΛΕΙΟ ΘΕΜΕΛΟΥ,20.533738,39.259506
8354,7ο ΔΗΜΟΤΙΚΟ ΣΧΟΛΕΙΟ ΙΛΙΟΥ,23.705368,38.018866
8355,ΔΗΜΟΤΙΚΟ ΣΧΟΛΕΙΟ ΠΑΝΑΡΙΤΗ,,
8356,2ο ΔΗΜΟΤΙΚΟ ΣΧΟΛΕΙΟ ΖΕΥΓΟΛΑΤΕΙΟΥ,22.803721,37.939185
8357,ΔΗΜΟΤΙΚΟ ΣΧΟΛΕΙΟ ΚΟΛΛΙΑΚΙΟΥ ΝΑΥΠΛΙΑΣ,,
8358,ΔΗΜΟΤΙΚΟ ΣΧΟΛΕΙΟ ΜΕΓΑΛΟΥ ΒΑΛΤΟΥ,22.654606,38.002465
8359,ΔΗΜΟΤΙΚΟ ΣΧΟΛΕΙΟ ΤΡΑΧΕΙΑΣ ΝΑΥΠΛΙΑΣ,23.152562,37.564904
8360,8ο ΔΗΜΟΤΙΚΟ ΣΧΟΛΕΙΟ ΧΑΛΚΙΔΑΣ,,
8361,ΔΗΜΟΤΙΚΟ ΣΧΟΛΕΙΟ ΚΑΜΑΡΙΟΥ,,
8362,23ο ΔΗΜΟΤΙΚΟ ΣΧΟΛΕΙΟ ΧΑΛΚΙΔΑΣ,,
8363,ΔΗΜΟΤΙΚΟ ΣΧΟΛΕΙΟ ΓΟΥΒΩΝ ΙΣΤΙΑΙΑΣ,23.246228,39.001192
8364,ΔΗΜΟΤΙΚΟ ΣΧΟΛΕΙΟ ΚΟΡΩΝΗΣ,20.553555,39.276418
8365,19ο ΔΗΜΟΤΙΚΟ ΣΧΟΛΕΙΟ ΑΙΓΑΛΕΩ,23.667569,38.001001
8366,ΔΗΜΟΤΙΚΟ ΣΧΟΛΕΙΟ ΠΡΟΚΟΠΙΟΥ ΙΣΤΙΑΙΑΣ,23.490047,38.734246
8367,ΔΗΜΟΤΙΚΟ ΣΧΟΛΕΙΟ ΚΑΜΑΡΙΩΝ ΙΣΤΙΑΙΑΣ,23.172941,38.927591
8368,ΔΗΜΟΤΙΚΟ ΣΧΟΛΕΙΟ ΒΑΣΙΛΙΚΩΝ ΙΣΤΙΑΙΑΣ,23.358167,38.965441
8369,4ο ΔΗΜΟΤΙΚΟ ΣΧΟΛΕΙΟ ΚΙΑΤΟΥ,,
8370,19ο ΔΗΜΟΤΙΚΟ ΣΧΟΛΕΙΟ ΧΑΛΚΙΔΑΣ,,
8371,ΔΗΜΟΤΙΚΟ ΣΧΟΛΕΙΟ ΜΟΥΡΤΙΑΣ ΙΣΤΙΑΙΑΣ,,
8372,ΔΗΜΟΤΙΚΟ ΣΧΟΛΕΙΟ ΩΡΕΩΝ,,
8373,ΔΗΜΟΤΙΚΟ ΣΧΟΛΕΙΟ ΠΛΑΤΑΝΑΣ ΚΥΜΗΣ,,
8374,5ο ΔΗΜΟΤΙΚΟ ΣΧΟΛΕΙΟ ΠΕΤΡΟΥΠΟΛΗΣ,23.684809,38.040769
8375,1ο ΔΗΜΟΤΙΚΟ ΣΧΟΛΕΙΟ ΧΑΛΚΙΔΑΣ,,
8376,1ο ΔΗΜΟΤΙΚΟ ΣΧΟΛΕΙΟ ΚΑΡΥΣΤΟΥ,24.421507,38.016369
8377,ΔΗΜΟΤΙΚΟ ΣΧΟΛΕΙΟ ΧΑΛΚΙΔΑΣ ΕΙΔΙΚΟ ΚΩΦΩΝ ΚΑΙ ΒΑΡΗΚΟΩΝ,,
8378,2ο ΔΗΜΟΤΙΚΟ ΣΧΟΛΕΙΟ ΠΕΤΡΟΥΠΟΛΗΣ,23.684978,38.040994
8379,10ο ΔΗΜΟΤΙΚΟ ΣΧΟΛΕΙΟ ΙΛΙΟΥ,23.699945,38.021749
8380,ΔΗΜΟΤΙΚΟ ΣΧΟΛΕΙΟ ΚΡΥΟΠΗΓΗΣ,20.662994,39.150427
8381,ΔΗΜΟΤΙΚΟ ΣΧΟΛΕΙΟ ΑΓΙΑΣ ΑΝΝΑΣ ΙΣΤΙΑΙΑΣ,23.401545,38.858987
8382,21ο ΔΗΜΟΤΙΚΟ ΣΧΟΛΕΙΟ ΧΑΛΚΙΔΑΣ,,
8383,ΔΗΜΟΤΙΚΟ ΣΧΟΛΕΙΟ ΠΟΥΛΑΚΙΔΑΣ ΑΓΓΕΛΟΠΟΥΛΕΙΟ,,
8384,ΔΗΜΟΤΙΚΟ ΣΧΟΛΕΙΟ ΜΗΛΕΩΝ ΙΣΤΙΑΙΑΣ,23.276288,38.942111
8385,ΔΗΜΟΤΙΚΟ ΣΧΟΛΕΙΟ ΧΕΙΜΑΔΙΟΥ,20.599078,39.165513
8386,ΔΗΜΟΤΙΚΟ ΣΧΟΛΕΙΟ ΚΑΛΥΒΙΩΝ,24.407277,38.038599
8387,ΔΗΜΟΤΙΚΟ ΣΧΟΛΕΙΟ ΜΑΡΜΑΡΙΟΥ,24.321909,38.048261
8388,ΔΗΜΟΤΙΚΟ ΣΧΟΛΕΙΟ ΚΕΧΡΙΩΝ ΙΣΤΙΑΙΑΣ,23.36421,38.807478
8389,ΔΗΜΟΤΙΚΟ ΣΧΟΛΕΙΟ ΛΕΠΤΟΚΑΡΥΑΣ ΦΙΛΙΑΤΩΝ,20.515537,39.663969
8390,ΔΗΜΟΤΙΚΟ ΣΧΟΛΕΙΟ ΚΟΡΦΟΒΟΥΝΙΟΥ,20.977055,39.251225
8391,ΔΗΜΟΤΙΚΟ ΣΧΟΛΕΙΟ ΚΡΥΟΝΕΡΙΤΟΥ ΙΣΤΙΑΙΑΣ,23.28324,38.926075
8392,ΔΗΜΟΤΙΚΟ ΣΧΟΛΕΙΟ ΛΟΥΤΣΑΣ,20.534021,39.196689
8393,41ο ΔΗΜΟΤΙΚΟ ΣΧΟΛΕΙΟ ΠΕΡΙΣΤΕΡΙΟΥ,23.677141,38.025547
8394,2ο ΔΗΜΟΤΙΚΟ ΣΧΟΛΕΙΟ ΧΑΙΔΑΡΙΟΥ,23.651108,38.003341
8395,7ο ΔΗΜΟΤΙΚΟ ΣΧΟΛΕΙΟ ΑΝΩ ΛΙΟΣΙΩΝ,23.693387,38.086211
8396,"9ο ΔΗΜΟΤΙΚΟ ΣΧΟΛΕΙΟ ΠΕΤΡΟΥΠΟΛΗΣ ""ΔΙΟΜΗΔΗΣ ΚΟΜΝΗΝΟΣ""",23.668173,38.038544
8397,36ο ΔΗΜΟΤΙΚΟ ΣΧΟΛΕΙΟ ΠΕΡΙΣΤΕΡΙΟΥ,23.703154,38.015192
8398,42ο ΔΗΜΟΤΙΚΟ ΣΧΟΛΕΙΟ ΠΕΡΙΣΤΕΡΙΟΥ,23.683313,38.003351
8399,8ο ΔΗΜΟΤΙΚΟ ΣΧΟΛΕΙΟ ΧΑΙΔΑΡΙΟΥ,23.643876,38.012742
8400,3ο ΔΗΜΟΤΙΚΟ ΣΧΟΛΕΙΟ ΖΕΦΥΡΙΟΥ,23.719236,38.068642
8401,7ο ΔΗΜΟΤΙΚΟ ΣΧΟΛΕΙΟ ΧΑΙΔΑΡΙΟΥ,23.657659,38.008177
8402,6ο ΔΗΜΟΤΙΚΟ ΣΧΟΛΕΙΟ ΧΑΙΔΑΡΙΟΥ,23.627852,38.014498
8403,5ο ΔΗΜΟΤΙΚΟ ΣΧΟΛΕΙΟ ΧΑΙΔΑΡΙΟΥ,23.645236,38.008616
8404,9ο ΔΗΜΟΤΙΚΟ ΣΧΟΛΕΙΟ ΑΓΙΩΝ ΑΝΑΡΓΥΡΩΝ,23.725267,38.034316
8405,7ο ΔΗΜΟΤΙΚΟ ΣΧΟΛΕΙΟ ΚΑΜΑΤΕΡΟΥ,23.715274,38.050027
8406,4ο ΔΗΜΟΤΙΚΟ ΣΧΟΛΕΙΟ ΜΑΝΔΡΑΣ,,
8407,11ο ΔΗΜΟΤΙΚΟ ΣΧΟΛΕΙΟ ΧΑΙΔΑΡΙΟΥ,23.643876,38.012733
8408,20ο ΔΗΜΟΤΙΚΟ ΣΧΟΛΕΙΟ ΑΙΓΑΛΕΩ,23.671615,37.979862
8409,8ο ΔΗΜΟΤΙΚΟ ΣΧΟΛΕΙΟ ΠΕΤΡΟΥΠΟΛΗΣ,23.667199,38.037034
8410,10ο ΔΗΜΟΤΙΚΟ ΣΧΟΛΕΙΟ ΧΑΙΔΑΡΙΟΥ,23.66051,38.011788
8411,9ο ΔΗΜΟΤΙΚΟ ΣΧΟΛΕΙΟ ΜΕΓΑΡΩΝ,23.34415,37.999709
8412,1ο ΔΗΜΟΤΙΚΟ ΣΧΟΛΕΙΟ ΜΕΓΑΡΩΝ,23.344144,37.993014
8413,"1ο ΔΗΜΟΤΙΚΟ ΣΧΟΛΕΙΟ ""ΑΡΙΣΤΟΤΕΛΗΣ"" ΟΛΟΗΜΕΡΟ ΠΕΙΡΑΜΑΤΙΚΟ",23.679685,37.994083
8414,10ο ΔΗΜΟΤΙΚΟ ΣΧΟΛΕΙΟ ΕΛΕΥΣΙΝΑΣ,23.540453,38.047357
8415,ΔΗΜΟΤΙΚΟ ΣΧΟΛΕΙΟ ΑΡΧΑΙΑΣ ΕΠΙΔΑΥΡΟΥ,,
8416,6ο ΔΗΜΟΤΙΚΟ ΣΧΟΛΕΙΟ ΠΕΤΡΟΥΠΟΛΗΣ,23.678074,38.034961
8417,5ο ΔΗΜΟΤΙΚΟ ΣΧΟΛΕΙΟ ΑΓΙΑΣ ΒΑΡΒΑΡΑΣ,23.650274,37.993749
8418,4ο ΔΗΜΟΤΙΚΟ ΣΧΟΛΕΙΟ ΑΓΙΑΣ ΒΑΡΒΑΡΑΣ,23.659251,37.985344
8419,ΔΗΜΟΤΙΚΟ ΣΧΟΛΕΙΟ ΝΕΑΣ ΕΠΙΔΑΥΡΟΥ,23.13005,37.675267
8420,1ο ΔΗΜΟΤΙΚΟ ΣΧΟΛΕΙΟ ΧΑΙΔΑΡΙΟΥ,23.645957,38.016081
8421,ΔΗΜΟΤΙΚΟ ΣΧΟΛΕΙΟ ΜΑΝΕΣΗ,,
8422,4ο ΔΗΜΟΤΙΚΟ ΣΧΟΛΕΙΟ ΚΑΜΑΤΕΡΟΥ,23.691104,38.05216
8423,7ο ΔΗΜΟΤΙΚΟ ΣΧΟΛΕΙΟ ΜΕΓΑΡΩΝ,23.339025,37.986139
8424,20ο ΔΗΜΟΤΙΚΟ ΣΧΟΛΕΙΟ ΙΛΙΟΥ,23.705652,38.040944
8425,9ο ΔΗΜΟΤΙΚΟ ΣΧΟΛΕΙΟ ΕΛΕΥΣΙΝΑΣ,23.528568,38.057221
8426,8ο ΔΗΜΟΤΙΚΟ ΣΧΟΛΕΙΟ ΕΛΕΥΣΙΝΑΣ,23.541245,38.03818
8427,7ο ΔΗΜΟΤΙΚΟ ΣΧΟΛΕΙΟ ΕΛΕΥΣΙΝΑΣ,23.544145,38.039322
8428,3ο ΔΗΜΟΤΙΚΟ ΣΧΟΛΕΙΟ ΜΑΝΔΡΑΣ,,
8429,3ο ΔΗΜΟΤΙΚΟ ΣΧΟΛΕΙΟ ΕΛΕΥΣΙΝΑΣ,23.529787,38.047899
8430,1ο ΔΗΜΟΤΙΚΟ ΣΧΟΛΕΙΟ ΕΛΕΥΣΙΝΑΣ,23.53693,38.038779
8431,ΔΗΜΟΤΙΚΟ ΣΧΟΛΕΙΟ ΒΙΛΛΙΩΝ,23.339561,38.162085
8432,ΔΗΜΟΤΙΚΟ ΣΧΟΛΕΙΟ ΑΙΓΑΛΕΩ ΕΙΔΙΚΟ,23.669958,37.986225
8433,"ΔΗΜΟΤΙΚΟ ΣΧΟΛΕΙΟ ΙΛΙΟΥ ""ΝΕΣΤΟΡΕΙΟ"" ",23.695179,38.021916
8434,35ο ΔΗΜΟΤΙΚΟ ΣΧΟΛΕΙΟ ΠΕΡΙΣΤΕΡΙΟΥ,23.693351,38.004336
8435,3ο ΔΗΜΟΤΙΚΟ ΣΧΟΛΕΙΟ ΚΑΜΑΤΕΡΟΥ,23.691002,38.05207
8436,1ο ΔΗΜΟΤΙΚΟ ΣΧΟΛΕΙΟ ΠΕΡΙΣΤΕΡΙΟΥ ΕΙΔΙΚΟ,23.689914,37.998069
8437,8ο ΔΗΜΟΤΙΚΟ ΣΧΟΛΕΙΟ ΜΕΓΑΡΩΝ,23.344458,37.999574
8438,33ο ΔΗΜΟΤΙΚΟ ΣΧΟΛΕΙΟ ΠΕΡΙΣΤΕΡΙΟΥ,23.676698,38.013031
8439,1ο ΔΗΜΟΤΙΚΟ ΣΧΟΛΕΙΟ ΙΛΙΟΥ ΕΙΔΙΚΟ,23.691486,38.028797
8440,46ο ΔΗΜΟΤΙΚΟ ΣΧΟΛΕΙΟ ΠΕΡΙΣΤΕΡΙΟΥ,23.670973,38.014652
8441,1ο ΔΗΜΟΤΙΚΟ ΣΧΟΛΕΙΟ ΜΑΝΔΡΑΣ,23.496425,38.063611
8442,9ο ΔΗΜΟΤΙΚΟ ΣΧΟΛΕΙΟ ΑΙΓΑΛΕΩ,23.673455,37.987461
8443,10ο ΔΗΜΟΤΙΚΟ ΣΧΟΛΕΙΟ ΠΕΡΙΣΤΕΡΙΟΥ,23.685166,38.024466
8444,1ο ΔΗΜΟΤΙΚΟ ΣΧΟΛΕΙΟ ΠΕΡΙΣΤΕΡΙΟΥ,23.695657,38.00455
8445,10ο ΔΗΜΟΤΙΚΟ ΣΧΟΛΕΙΟ ΑΓΙΩΝ ΑΝΑΡΓΥΡΩΝ,23.727308,38.038004
8446,16ο ΔΗΜΟΤΙΚΟ ΣΧΟΛΕΙΟ ΙΛΙΟΥ,23.69571,38.031034
8447,21ο ΔΗΜΟΤΙΚΟ ΣΧΟΛΕΙΟ ΠΕΡΙΣΤΕΡΙΟΥ,23.667933,38.028293
8448,8ο ΔΗΜΟΤΙΚΟ ΣΧΟΛΕΙΟ ΑΓΙΑΣ ΒΑΡΒΑΡΑΣ,23.659633,37.99354
8449,4ο ΔΗΜΟΤΙΚΟ ΣΧΟΛΕΙΟ ΕΛΕΥΣΙΝΑΣ,23.527485,38.051312
8450,8ο ΔΗΜΟΤΙΚΟ ΣΧΟΛΕΙΟ ΑΓΙΩΝ ΑΝΑΡΓΥΡΩΝ,23.726057,38.047133
8451,9ο ΔΗΜΟΤΙΚΟ ΣΧΟΛΕΙΟ ΧΑΙΔΑΡΙΟΥ,23.659965,37.998134
8452,8ο ΔΗΜΟΤΙΚΟ ΣΧΟΛΕΙΟ ΙΛΙΟΥ,23.712658,38.030142
8453,4ο ΔΗΜΟΤΙΚΟ ΣΧΟΛΕΙΟ ΑΝΩ ΛΙΟΣΙΩΝ,23.698491,38.074787
8454,2ο ΔΗΜΟΤΙΚΟ ΣΧΟΛΕΙΟ ΕΛΕΥΣΙΝΑΣ,23.536822,38.038592
8455,ΔΗΜΟΤΙΚΟ ΣΧΟΛΕΙΟ ΑΡΓΟΥΣ ΕΙΔΙΚΟ,,
8456,4ο ΔΗΜΟΤΙΚΟ ΣΧΟΛΕΙΟ ΝΑΥΠΛΙΟΥ,,
8457,7ο ΔΗΜΟΤΙΚΟ ΣΧΟΛΕΙΟ ΑΡΓΟΥΣ,22.726517,37.630752
8458,5ο ΔΗΜΟΤΙΚΟ ΣΧΟΛΕΙΟ ΝΑΥΠΛΙΟΥ,22.809142,37.564648
8459,29ο ΔΗΜΟΤΙΚΟ ΣΧΟΛΕΙΟ ΠΕΡΙΣΤΕΡΙΟΥ,23.684657,38.018569
8460,28ο ΔΗΜΟΤΙΚΟ ΣΧΟΛΕΙΟ ΠΕΡΙΣΤΕΡΙΟΥ,23.696423,38.017925
8461,26ο ΔΗΜΟΤΙΚΟ ΣΧΟΛΕΙΟ ΠΕΡΙΣΤΕΡΙΟΥ,23.691631,38.000528
8462,25ο ΔΗΜΟΤΙΚΟ ΣΧΟΛΕΙΟ ΠΕΡΙΣΤΕΡΙΟΥ,23.677435,38.019891
8463,4ο ΔΗΜΟΤΙΚΟ ΣΧΟΛΕΙΟ ΙΛΙΟΥ,23.699949,38.021973
8464,3ο ΔΗΜΟΤΙΚΟ ΣΧΟΛΕΙΟ ΙΛΙΟΥ,23.707132,38.021291
8465,2ο ΔΗΜΟΤΙΚΟ ΣΧΟΛΕΙΟ ΙΛΙΟΥ,23.702209,38.026945
8466,7ο ΔΗΜΟΤΙΚΟ ΣΧΟΛΕΙΟ ΠΕΡΙΣΤΕΡΙΟΥ,23.6833,38.003362
8467,27ο ΔΗΜΟΤΙΚΟ ΣΧΟΛΕΙΟ ΠΕΡΙΣΤΕΡΙΟΥ,23.682842,38.008732
8468,7ο ΔΗΜΟΤΙΚΟ ΣΧΟΛΕΙΟ ΑΓΙΩΝ ΑΝΑΡΓΥΡΩΝ,23.723265,38.028487
8469,31ο ΔΗΜΟΤΙΚΟ ΣΧΟΛΕΙΟ ΠΕΡΙΣΤΕΡΙΟΥ,23.685735,37.999019
8470,6ο ΔΗΜΟΤΙΚΟ ΣΧΟΛΕΙΟ ΙΛΙΟΥ,23.69419,38.04185
8471,30ο ΔΗΜΟΤΙΚΟ ΣΧΟΛΕΙΟ ΠΕΡΙΣΤΕΡΙΟΥ,23.67254,38.018118
8472,2ο ΔΗΜΟΤΙΚΟ ΣΧΟΛΕΙΟ ΑΓΙΩΝ ΑΝΑΡΓΥΡΩΝ,23.70934,38.018462
8473,4ο ΔΗΜΟΤΙΚΟ ΣΧΟΛΕΙΟ ΑΓΙΩΝ ΑΝΑΡΓΥΡΩΝ,23.710858,38.023488
8474,9ο ΔΗΜΟΤΙΚΟ ΣΧΟΛΕΙΟ ΠΕΡΙΣΤΕΡΙΟΥ,23.677308,38.005635
8475,5ο ΔΗΜΟΤΙΚΟ ΣΧΟΛΕΙΟ ΑΓΙΩΝ ΑΝΑΡΓΥΡΩΝ,23.727304,38.037966
8476,1ο ΔΗΜΟΤΙΚΟ ΣΧΟΛΕΙΟ ΑΓΙΩΝ ΑΝΑΡΓΥΡΩΝ,23.719416,38.025785
8477,8ο ΔΗΜΟΤΙΚΟ ΣΧΟΛΕΙΟ ΠΕΡΙΣΤΕΡΙΟΥ,23.692114,38.017089
8478,5ο ΔΗΜΟΤΙΚΟ ΣΧΟΛΕΙΟ ΙΛΙΟΥ,23.689031,38.027545
8479,5ο ΔΗΜΟΤΙΚΟ ΣΧΟΛΕΙΟ ΠΕΡΙΣΤΕΡΙΟΥ,23.7092,38.012028
8480,4ο ΔΗΜΟΤΙΚΟ ΣΧΟΛΕΙΟ ΠΕΡΙΣΤΕΡΙΟΥ,23.687264,38.010388
8481,32ο ΔΗΜΟΤΙΚΟ ΣΧΟΛΕΙΟ ΠΕΡΙΣΤΕΡΙΟΥ,23.673373,38.022755
8482,3ο ΔΗΜΟΤΙΚΟ ΣΧΟΛΕΙΟ ΑΓΙΩΝ ΑΝΑΡΓΥΡΩΝ,23.725267,38.034324
8483,ΔΗΜΟΤΙΚΟ ΣΧΟΛΕΙΟ ΚΑΡΥΑΣ,22.547395,37.638344
8484,ΔΗΜΟΤΙΚΟ ΣΧΟΛΕΙΟ ΑΓΡΙΛΙΤΣΑΣ,,
8485,ΔΗΜΟΤΙΚΟ ΣΧΟΛΕΙΟ ΠΡΟΣΥΜΝΗΣ,22.843343,37.713149
8486,ΔΗΜΟΤΙΚΟ ΣΧΟΛΕΙΟ ΝΕΑΣ ΚΙΟΥ,22.745473,37.591645
8487,6ο ΔΗΜΟΤΙΚΟ ΣΧΟΛΕΙΟ ΚΑΜΑΤΕΡΟΥ,23.716199,38.053783
8488,2ο ΔΗΜΟΤΙΚΟ ΣΧΟΛΕΙΟ ΖΕΦΥΡΙΟΥ,23.711387,38.067463
8489,ΔΗΜΟΤΙΚΟ ΣΧΟΛΕΙΟ ΝΕΑΣ ΤΙΡΥΝΘΑΣ,22.821486,37.607082
8490,1ο ΔΗΜΟΤΙΚΟ ΣΧΟΛΕΙΟ ΑΝΩ ΛΙΟΣΙΩΝ,23.699293,38.083419
8491,2ο ΔΗΜΟΤΙΚΟ ΣΧΟΛΕΙΟ ΠΕΡΙΣΤΕΡΙΟΥ,23.693213,38.012782
8492,19ο ΔΗΜΟΤΙΚΟ ΣΧΟΛΕΙΟ ΠΕΡΙΣΤΕΡΙΟΥ,23.705358,38.00527
8493,18ο ΔΗΜΟΤΙΚΟ ΣΧΟΛΕΙΟ ΠΕΡΙΣΤΕΡΙΟΥ,23.670973,38.014652
8494,16ο ΔΗΜΟΤΙΚΟ ΣΧΟΛΕΙΟ ΠΕΡΙΣΤΕΡΙΟΥ,23.673545,38.00413
8495,14ο ΔΗΜΟΤΙΚΟ ΣΧΟΛΕΙΟ ΠΕΡΙΣΤΕΡΙΟΥ,23.67985,38.009166
8496,13ο ΔΗΜΟΤΙΚΟ ΣΧΟΛΕΙΟ ΠΕΡΙΣΤΕΡΙΟΥ,23.676698,38.013031
8497,20ο ΔΗΜΟΤΙΚΟ ΣΧΟΛΕΙΟ ΠΕΡΙΣΤΕΡΙΟΥ,23.693129,38.016806
8498,11ο ΔΗΜΟΤΙΚΟ ΣΧΟΛΕΙΟ ΠΕΡΙΣΤΕΡΙΟΥ,23.699585,38.015076
8499,12ο ΔΗΜΟΤΙΚΟ ΣΧΟΛΕΙΟ ΠΕΡΙΣΤΕΡΙΟΥ,23.698057,38.00986
8500,3ο ΔΗΜΟΤΙΚΟ ΣΧΟΛΕΙΟ ΑΝΩ ΛΙΟΣΙΩΝ,23.697235,38.066973
8501,15ο ΔΗΜΟΤΙΚΟ ΣΧΟΛΕΙΟ ΠΕΡΙΣΤΕΡΙΟΥ,23.684657,38.018569
8502,2ο ΔΗΜΟΤΙΚΟ ΣΧΟΛΕΙΟ ΚΑΜΑΤΕΡΟΥ,23.7036,38.058111
8503,17ο ΔΗΜΟΤΙΚΟ ΣΧΟΛΕΙΟ ΠΕΡΙΣΤΕΡΙΟΥ,23.677681,38.026021
8504,24ο ΔΗΜΟΤΙΚΟ ΣΧΟΛΕΙΟ ΠΕΡΙΣΤΕΡΙΟΥ,23.682451,38.022934
8505,3ο ΔΗΜΟΤΙΚΟ ΣΧΟΛΕΙΟ ΠΕΡΙΣΤΕΡΙΟΥ,23.686181,38.005135
8506,23ο ΔΗΜΟΤΙΚΟ ΣΧΟΛΕΙΟ ΠΕΡΙΣΤΕΡΙΟΥ,23.684086,38.002816
8507,22ο ΔΗΜΟΤΙΚΟ ΣΧΟΛΕΙΟ ΠΕΡΙΣΤΕΡΙΟΥ,23.682906,38.013124
8508,2ο ΔΗΜΟΤΙΚΟ ΣΧΟΛΕΙΟ ΑΝΩ ΛΙΟΣΙΩΝ,23.681906,38.091648
8509,2ο ΔΗΜΟΤΙΚΟ ΣΧΟΛΕΙΟ ΑΣΠΡΟΠΥΡΓΟΥ,23.592892,38.066116
8510,6ο ΔΗΜΟΤΙΚΟ ΣΧΟΛΕΙΟ ΑΣΠΡΟΠΥΡΓΟΥ,,
8511,1ο ΔΗΜΟΤΙΚΟ ΣΧΟΛΕΙΟ ΑΣΠΡΟΠΥΡΓΟΥ,23.587953,38.057928
8512,16ο ΔΗΜΟΤΙΚΟ ΣΧΟΛΕΙΟ ΑΙΓΑΛΕΩ,23.665042,37.998378
8513,38ο ΔΗΜΟΤΙΚΟ ΣΧΟΛΕΙΟ ΠΕΡΙΣΤΕΡΙΟΥ,23.686042,38.024175
8514,6ο ΔΗΜΟΤΙΚΟ ΣΧΟΛΕΙΟ ΑΙΓΑΛΕΩ,23.684244,37.991401
8515,14ο ΔΗΜΟΤΙΚΟ ΣΧΟΛΕΙΟ ΑΙΓΑΛΕΩ,23.678475,37.988232
8516,13ο ΔΗΜΟΤΙΚΟ ΣΧΟΛΕΙΟ ΑΙΓΑΛΕΩ,23.667631,38.001129
8517,12ο ΔΗΜΟΤΙΚΟ ΣΧΟΛΕΙΟ ΑΙΓΑΛΕΩ,23.663299,37.982257
8518,11ο ΔΗΜΟΤΙΚΟ ΣΧΟΛΕΙΟ ΑΙΓΑΛΕΩ,23.671615,37.979862
8519,10ο ΔΗΜΟΤΙΚΟ ΣΧΟΛΕΙΟ ΑΙΓΑΛΕΩ,23.669754,37.985725
8520,17ο ΔΗΜΟΤΙΚΟ ΣΧΟΛΕΙΟ ΑΙΓΑΛΕΩ,23.670959,37.994441
8521,39ο ΔΗΜΟΤΙΚΟ ΣΧΟΛΕΙΟ ΠΕΡΙΣΤΕΡΙΟΥ,23.677349,38.018574
8522,7ο ΔΗΜΟΤΙΚΟ ΣΧΟΛΕΙΟ ΑΓΙΑΣ ΒΑΡΒΑΡΑΣ,23.649812,37.988265
8523,6ο ΔΗΜΟΤΙΚΟ ΣΧΟΛΕΙΟ ΑΓΙΑΣ ΒΑΡΒΑΡΑΣ,23.658541,37.985633
8524,15ο ΔΗΜΟΤΙΚΟ ΣΧΟΛΕΙΟ ΑΙΓΑΛΕΩ,23.671948,37.999355
8525,1ο ΔΗΜΟΤΙΚΟ ΣΧΟΛΕΙΟ ΑΓΙΑΣ ΒΑΡΒΑΡΑΣ,23.65547,37.99392
8526,2ο ΔΗΜΟΤΙΚΟ ΣΧΟΛΕΙΟ ΑΓΙΑΣ ΒΑΡΒΑΡΑΣ,23.654532,37.988777
8527,5ο ΔΗΜΟΤΙΚΟ ΣΧΟΛΕΙΟ ΕΛΕΥΣΙΝΑΣ,23.524524,38.049228
8528,3ο ΔΗΜΟΤΙΚΟ ΣΧΟΛΕΙΟ ΑΙΓΑΛΕΩ,23.669958,37.986235
8529,4ο ΔΗΜΟΤΙΚΟ ΣΧΟΛΕΙΟ ΧΑΙΔΑΡΙΟΥ,23.660273,38.011845
8530,7ο ΔΗΜΟΤΙΚΟ ΣΧΟΛΕΙΟ ΑΙΓΑΛΕΩ,23.672028,37.999786
8531,5ο ΔΗΜΟΤΙΚΟ ΣΧΟΛΕΙΟ ΑΙΓΑΛΕΩ,23.664906,37.99844
8532,4ο ΔΗΜΟΤΙΚΟ ΣΧΟΛΕΙΟ ΑΙΓΑΛΕΩ,23.679941,37.994843
8533,8ο ΔΗΜΟΤΙΚΟ ΣΧΟΛΕΙΟ ΑΙΓΑΛΕΩ,23.680215,37.994718
8534,2ο ΔΗΜΟΤΙΚΟ ΣΧΟΛΕΙΟ ΑΙΓΑΛΕΩ,23.673455,37.987461
8535,40ο ΔΗΜΟΤΙΚΟ ΣΧΟΛΕΙΟ ΠΕΡΙΣΤΕΡΙΟΥ,23.668204,38.022822
8536,3ο ΔΗΜΟΤΙΚΟ ΣΧΟΛΕΙΟ ΧΑΙΔΑΡΙΟΥ,23.655515,38.010903
8537,6ο ΔΗΜΟΤΙΚΟ ΣΧΟΛΕΙΟ ΑΓΙΩΝ ΑΝΑΡΓΥΡΩΝ,23.715498,38.019392
8538,1ο ΔΗΜΟΤΙΚΟ ΣΧΟΛΕΙΟ ΙΛΙΟΥ,23.706357,38.030591
8539,ΔΗΜΟΤΙΚΟ ΣΧΟΛΕΙΟ ΑΜΥΓΔΑΛΙΤΣΑΣ,,
8540,24ο ΔΗΜΟΤΙΚΟ ΣΧΟΛΕΙΟ ΙΛΙΟΥ,23.71164,38.041189
8541,ΔΗΜΟΤΙΚΟ ΣΧΟΛΕΙΟ ΠΑΡΑΔΕΙΣΙΟΥ,24.380034,38.078006
8542,4ο ΔΗΜΟΤΙΚΟ ΣΧΟΛΕΙΟ ΑΣΠΡΟΠΥΡΓΟΥ,23.583602,38.064508
8543,5ο ΔΗΜΟΤΙΚΟ ΣΧΟΛΕΙΟ ΜΑΝΔΡΑΣ,23.487936,38.071652
8544,3ο ΔΗΜΟΤΙΚΟ ΣΧΟΛΕΙΟ ΝΕΑΣ ΠΕΡΑΜΟΥ,23.42789,38.013741
8545,6ο ΔΗΜΟΤΙΚΟ ΣΧΟΛΕΙΟ ΕΛΕΥΣΙΝΑΣ,23.537091,38.038727
8546,11ο ΔΗΜΟΤΙΚΟ ΣΧΟΛΕΙΟ ΕΛΕΥΣΙΝΑΣ,23.540534,38.047362
8547,2ο ΔΗΜΟΤΙΚΟ ΣΧΟΛΕΙΟ ΝΕΑΣ ΠΕΡΑΜΟΥ,,
8548,7ο ΔΗΜΟΤΙΚΟ ΣΧΟΛΕΙΟ ΑΣΠΡΟΠΥΡΓΟΥ,,
8549,ΔΗΜΟΤΙΚΟ ΣΧΟΛΕΙΟ ΕΛΕΥΣΙΝΑΣ ΕΙΔΙΚΟ,23.527485,38.051317
8550,45ο ΔΗΜΟΤΙΚΟ ΣΧΟΛΕΙΟ ΠΕΡΙΣΤΕΡΙΟΥ,23.671635,38.021075
8551,9ο ΔΗΜΟΤΙΚΟ ΣΧΟΛΕΙΟ ΑΣΠΡΟΠΥΡΓΟΥ,,
8552,11ο ΔΗΜΟΤΙΚΟ ΣΧΟΛΕΙΟ ΑΓΙΩΝ ΑΝΑΡΓΥΡΩΝ,23.715497,38.019521
8553,13ο ΔΗΜΟΤΙΚΟ ΣΧΟΛΕΙΟ ΙΛΙΟΥ,23.690346,38.026429
8554,5ο ΔΗΜΟΤΙΚΟ ΣΧΟΛΕΙΟ ΚΑΜΑΤΕΡΟΥ,23.707324,38.058534
8555,8ο ΔΗΜΟΤΙΚΟ ΣΧΟΛΕΙΟ ΚΑΜΑΤΕΡΟΥ,23.699693,38.062296
8556,14ο ΔΗΜΟΤΙΚΟ ΣΧΟΛΕΙΟ ΧΑΙΔΑΡΙΟΥ,23.660042,38.006522
8557,4ο ΔΗΜΟΤΙΚΟ ΣΧΟΛΕΙΟ ΖΕΦΥΡΙΟΥ,23.714454,38.063231
8558,5ο ΔΗΜΟΤΙΚΟ ΣΧΟΛΕΙΟ ΑΝΩ ΛΙΟΣΙΩΝ,23.683227,38.098062
8559,10ο ΔΗΜΟΤΙΚΟ ΣΧΟΛΕΙΟ ΠΕΤΡΟΥΠΟΛΗΣ,23.68345,38.036469
8560,10ο ΔΗΜΟΤΙΚΟ ΣΧΟΛΕΙΟ ΑΣΠΡΟΠΥΡΓΟΥ,,
8561,4ο ΔΗΜΟΤΙΚΟ ΣΧΟΛΕΙΟ ΝΕΑΣ ΠΕΡΑΜΟΥ,,
8562,8ο ΔΗΜΟΤΙΚΟ ΣΧΟΛΕΙΟ ΑΣΠΡΟΠΥΡΓΟΥ,23.59292,38.066123
8563,7ο ΔΗΜΟΤΙΚΟ ΣΧΟΛΕΙΟ ΠΕΤΡΟΥΠΟΛΗΣ,23.667351,38.036766
8564,14ο ΔΗΜΟΤΙΚΟ ΣΧΟΛΕΙΟ ΙΛΙΟΥ,23.69323,38.032219
8565,3ο ΔΗΜΟΤΙΚΟ ΣΧΟΛΕΙΟ ΑΣΠΡΟΠΥΡΓΟΥ,23.598727,38.05701
8566,13ο ΔΗΜΟΤΙΚΟ ΣΧΟΛΕΙΟ ΚΟΡΙΝΘΟΥ,22.930158,37.93875
8567,ΔΗΜΟΤΙΚΟ ΣΧΟΛΕΙΟ ΣΤΙΜΑΓΚΑΣ ΚΟΡΙΝΘΙΑΣ,22.700455,37.908221
8568,ΔΗΜΟΤΙΚΟ ΣΧΟΛΕΙΟ ΑΡΧΑΙΑΣ ΣΙΚΥΩΝΑΣ,22.724041,37.978028
8569,4ο ΔΗΜΟΤΙΚΟ ΣΧΟΛΕΙΟ ΠΕΤΡΟΥΠΟΛΗΣ,23.677535,38.046383
8570,ΔΗΜΟΤΙΚΟ ΣΧΟΛΕΙΟ ΠΑΠΑΔΩΝ ΙΣΤΙΑΙΑΣ,23.365383,38.931116
8571,ΔΗΜΟΤΙΚΟ ΣΧΟΛΕΙΟ ΠΡΩΤΟΠΑΠΠΑ,20.689155,39.780341
8572,12ο ΔΗΜΟΤΙΚΟ ΣΧΟΛΕΙΟ ΚΟΡΙΝΘΟΥ,,
8573,ΔΗΜΟΤΙΚΟ ΣΧΟΛΕΙΟ ΓΙΑΝΝΙΤΣΙΟΥ,,
8574,ΔΗΜΟΤΙΚΟ ΣΧΟΛΕΙΟ ΑΓΙΟΥ ΒΑΣΙΛΕΙΟΥ ΚΟΡΙΝΘΙΑΣ,,
8575,3ο ΔΗΜΟΤΙΚΟ ΣΧΟΛΕΙΟ ΞΥΛΟΚΑΣΤΡΟΥ,22.635124,38.072842
8576,11ο ΔΗΜΟΤΙΚΟ ΣΧΟΛΕΙΟ ΚΟΡΙΝΘΟΥ,,
8577,ΔΗΜΟΤΙΚΟ ΣΧΟΛΕΙΟ ΑΓΙΩΝ ΘΕΟΔΩΡΩΝ,23.104599,37.969562
8578,ΔΗΜΟΤΙΚΟ ΣΧΟΛΕΙΟ ΑΓΙΟΝΟΡΙΟΥ ΚΟΡΙΝΘΙΑΣ,22.881663,37.751791
8579,ΔΗΜΟΤΙΚΟ ΣΧΟΛΕΙΟ ΑΡΧΑΙΑΣ ΚΟΡΙΝΘΟΥ,22.884931,37.905461
8580,ΔΗΜΟΤΙΚΟ ΣΧΟΛΕΙΟ ΚΑΛΠΑΚΙΟΥ ΚΟΝΙΤΣΗΣ,20.626179,39.884275
8581,ΔΗΜΟΤΙΚΟ ΣΧΟΛΕΙΟ ΑΣΣΟΥ ΚΟΡΙΝΘΙΑΣ,22.82479,37.936747
8582,6ο ΔΗΜΟΤΙΚΟ ΣΧΟΛΕΙΟ ΠΕΡΙΣΤΕΡΙΟΥ,23.67985,38.009166
8583,ΔΗΜΟΤΙΚΟ ΣΧΟΛΕΙΟ ΑΘΙΚΙΩΝ ΚΟΡΙΝΘΙΑΣ,22.928163,37.816562
8584,15ο ΔΗΜΟΤΙΚΟ ΣΧΟΛΕΙΟ ΙΛΙΟΥ,23.706319,38.030799
8585,ΔΗΜΟΤΙΚΟ ΣΧΟΛΕΙΟ ΜΕΓΑΡΧΗΣ,21.072965,39.137484
8586,ΔΗΜΟΤΙΚΟ ΣΧΟΛΕΙΟ ΑΜΜΟΤΟΠΟΥ,20.947694,39.268789
8587,6ο ΔΗΜΟΤΙΚΟ ΣΧΟΛΕΙΟ ΑΝΩ ΛΙΟΣΙΩΝ,23.708246,38.086048
8588,1ο ΔΗΜΟΤΙΚΟ ΣΧΟΛΕΙΟ ΛΟΥΤΡΑΚΙΟΥ,,
8589,ΔΗΜΟΤΙΚΟ ΣΧΟΛΕΙΟ ΠΑΣΙΟΥ,22.726304,38.009515
8590,ΔΗΜΟΤΙΚΟ ΣΧΟΛΕΙΟ ΑΜΠΕΛΙΩΝ ΑΜΜΟΤΟΠΟΥ,,
8591,ΔΗΜΟΤΙΚΟ ΣΧΟΛΕΙΟ ΠΙΤΣΩΝ,22.534273,38.107845
8592,ΔΗΜΟΤΙΚΟ ΣΧΟΛΕΙΟ ΒΟΧΑΙΚΟΥ ΚΟΡΙΝΘΙΑΣ,22.79412,37.946495
8593,ΔΗΜΟΤΙΚΟ ΣΧΟΛΕΙΟ ΕΛΑΤΟΥ ΚΟΡΦΟΒΟΥΝΙΟΥ,20.977037,39.251227
8594,11ο ΔΗΜΟΤΙΚΟ ΣΧΟΛΕΙΟ ΑΣΠΡΟΠΥΡΓΟΥ,,
8595,3ο ΔΗΜΟΤΙΚΟ ΣΧΟΛΕΙΟ ΜΕΓΑΡΩΝ,,
8596,ΔΗΜΟΤΙΚΟ ΣΧΟΛΕΙΟ ΒΡΑΧΑΤΙΟΥ ΚΟΡΙΝΘΙΑΣ,22.810036,37.956376
8597,ΔΗΜΟΤΙΚΟ ΣΧΟΛΕΙΟ ΑΛΜΥΡΗΣ ΚΟΡΙΝΘΙΑΣ,,
8598,ΔΗΜΟΤΙΚΟ ΣΧΟΛΕΙΟ ΕΞΑΜΙΛΙΩΝ ΚΟΡΙΝΘΙΑΣ,22.928776,37.895744
8599,ΔΗΜΟΤΙΚΟ ΣΧΟΛΕΙΟ ΣΤΕΦΑΝΙΟΥ ΚΟΡΙΝΘΙΑΣ,,
8600,ΔΗΜΟΤΙΚΟ ΣΧΟΛΕΙΟ ΖΕΥΓΟΛΑΤΕΙΟΥ ΚΟΡΙΝΘΙΑΣ,,
8601,7ο ΔΗΜΟΤΙΚΟ ΣΧΟΛΕΙΟ ΚΙΑΤΟΥ,,
8602,ΔΗΜΟΤΙΚΟ ΣΧΟΛΕΙΟ ΜΟΥΛΚΙΟΥ,,
8603,ΔΗΜΟΤΙΚΟ ΣΧΟΛΕΙΟ ΜΕΛΙΣΣΙΟΥ,22.682894,38.046384
8604,ΔΗΜΟΤΙΚΟ ΣΧΟΛΕΙΟ ΖΕΦΥΡΙΟΥ ΕΙΔΙΚΟ,23.712492,38.062976
8605,ΔΗΜΟΤΙΚΟ ΣΧΟΛΕΙΟ ΦΥΛΗΣ,,
8606,ΔΗΜΟΤΙΚΟ ΣΧΟΛΕΙΟ ΔΕΡΒΕΝΙΟΥ,22.413244,38.128733
8607,ΔΗΜΟΤΙΚΟ ΣΧΟΛΕΙΟ ΒΕΛΟΥ ΚΟΡΙΝΘΙΑΣ,22.768582,37.982764
8608,1ο ΔΗΜΟΤΙΚΟ ΣΧΟΛΕΙΟ ΚΟΡΙΝΘΟΥ,22.930306,37.938636
8609,ΔΟΜΠΟΛΕΙΟ ΔΗΜΟΤΙΚΟ ΣΧΟΛΕΙΟ ΜΟΛΟΣΣΩΝ,20.59043,39.665953
8610,ΔΗΜΟΤΙΚΟ ΣΧΟΛΕΙΟ ΜΗΛΙΩΤΑΔΩΝ,20.965484,39.730174
8611,1ο ΔΗΜΟΤΙΚΟ ΣΧΟΛΕΙΟ ΚΙΑΤΟΥ,,
8612,ΔΗΜΟΤΙΚΟ ΣΧΟΛΕΙΟ ΤΕΡΟΒΟΥ ΙΩΑΝΝΙΝΩΝ,,
8613,ΔΗΜΟΤΙΚΟ ΣΧΟΛΕΙΟ ΣΟΛΩΜΟΥ ΚΟΡΙΝΘΙΑΣ,,
8614,ΔΗΜΟΤΙΚΟ ΣΧΟΛΕΙΟ ΛΕΧΑΙΟΥ ΚΟΡΙΝΘΙΑΣ,,
8615,ΔΗΜΟΤΙΚΟ ΣΧΟΛΕΙΟ ΧΙΛΙΟΜΟΔΙΟΥ ΚΟΡΙΝΘΙΑΣ,22.871184,37.807875
8616,ΔΗΜΟΤΙΚΟ ΣΧΟΛΕΙΟ ΑΡΧΑΙΩΝ ΚΛΕΩΝΩΝ ΚΟΡΙΝΘΙΑΣ,22.748382,37.818411
8617,ΔΗΜΟΤΙΚΟ ΣΧΟΛΕΙΟ ΚΑΛΕΝΤΖΙΟΥ ΚΟΡΙΝΘΙΑΣ,,
8618,2ο ΔΗΜΟΤΙΚΟ ΣΧΟΛΕΙΟ ΝΕΜΕΑΣ ΚΟΡΙΝΘΙΑΣ,22.664177,37.818538
8619,ΔΗΜΟΤΙΚΟ ΣΧΟΛΕΙΟ ΡΙΖΑΣ,22.582811,38.043429
8620,ΔΗΜΟΤΙΚΟ ΣΧΟΛΕΙΟ ΣΟΦΙΚΟΥ ΚΟΡΙΝΘΙΑΣ,23.055291,37.790445
8621,2ο ΔΗΜΟΤΙΚΟ ΣΧΟΛΕΙΟ ΚΙΑΤΟΥ ΕΥΑΓΟΡΑΣ ΠΑΛΗΚΑΡΙΔΗΣ,,
8622,1ο ΔΗΜΟΤΙΚΟ ΣΧΟΛΕΙΟ ΕΡΥΘΡΩΝ,23.32702,38.213404
8623,ΔΗΜΟΤΙΚΟ ΣΧΟΛΕΙΟ ΠΕΡΙΓΙΑΛΙΟΥ ΚΟΡΙΝΘΙΑΣ,22.840532,37.937214
8624,3ο ΔΗΜΟΤΙΚΟ ΣΧΟΛΕΙΟ ΚΙΑΤΟΥ,,
8625,ΔΗΜΟΤΙΚΟ ΣΧΟΛΕΙΟ ΙΣΘΜΙΑΣ ΚΟΡΙΝΘΙΑΣ,23.005994,37.909187
8626,ΔΗΜΟΤΙΚΟ ΣΧΟΛΕΙΟ ΞΥΛΟΚΕΡΙΖΑΣ,,
8627,10ο ΔΗΜΟΤΙΚΟ ΣΧΟΛΕΙΟ ΚΟΡΙΝΘΟΥ,,
8628,ΔΗΜΟΤΙΚΟ ΣΧΟΛΕΙΟ ΤΑΡΣΙΝΩΝ ΚΟΡΙΝΘΙΑΣ,22.748635,37.952769
8629,2ο ΔΗΜΟΤΙΚΟ ΣΧΟΛΕΙΟ ΛΟΥΤΡΑΚΙΟΥ,22.980082,37.97398
8630,ΔΗΜΟΤΙΚΟ ΣΧΟΛΕΙΟ ΖΙΤΣΗΣ,20.649102,39.753908
8631,9ο ΔΗΜΟΤΙΚΟ ΣΧΟΛΕΙΟ ΚΟΡΙΝΘΟΥ,,
8632,ΔΗΜΟΤΙΚΟ ΣΧΟΛΕΙΟ ΔΟΥΝΕΙΚΩΝ ΤΡΙΧΩΝΙΔΑΣ,,
8633,ΔΗΜΟΤΙΚΟ ΣΧΟΛΕΙΟ ΡΟΖΕΝΩΝ,22.399321,38.119243
8634,ΔΗΜΟΤΙΚΟ ΣΧΟΛΕΙΟ ΚΟΡΙΝΘΟΥ ΕΙΔΙΚΟ,,
8635,ΔΗΜΟΤΙΚΟ ΣΧΟΛΕΙΟ ΚΟΚΚΩΝΙΟΥ ΠΟΥΛΙΤΣΑΣ,22.782785,37.967525
8636,ΔΗΜΟΤΙΚΟ ΣΧΟΛΕΙΟ ΑΛΑΜΑΝΟΥ,21.222704,40.065498
8637,ΔΗΜΟΤΙΚΟ ΣΧΟΛΕΙΟ ΜΑΝΤΟΥΔΙΟΥ,23.480672,38.79493
8638,ΔΗΜΟΤΙΚΟ ΣΧΟΛΕΙΟ ΛΑΛΙΩΤΗ,22.675936,38.014452
8639,ΔΗΜΟΤΙΚΟ ΣΧΟΛΕΙΟ ΚΡΥΟΝΕΡΙΟΥ,22.637401,37.961918
8640,5ο ΔΗΜΟΤΙΚΟ ΣΧΟΛΕΙΟ ΚΟΡΙΝΘΟΥ,,
8641,4ο ΔΗΜΟΤΙΚΟ ΣΧΟΛΕΙΟ ΚΟΡΙΝΘΟΥ,,
8642,ΔΗΜΟΤΙΚΟ ΣΧΟΛΕΙΟ ΠΕΡΑΧΩΡΑΣ ΚΟΡΙΝΘΙΑΣ,,
8643,7ο ΔΗΜΟΤΙΚΟ ΣΧΟΛΕΙΟ ΚΟΡΙΝΘΟΥ,,
8644,12ο ΔΗΜΟΤΙΚΟ ΣΧΟΛΕΙΟ ΙΛΙΟΥ,23.699308,38.037196
8645,11ο ΔΗΜΟΤΙΚΟ ΣΧΟΛΕΙΟ ΙΛΙΟΥ,23.689245,38.027318
8646,8ο ΔΗΜΟΤΙΚΟ ΣΧΟΛΕΙΟ ΚΟΡΙΝΘΟΥ,,
8647,1ο ΔΗΜΟΤΙΚΟ ΣΧΟΛΕΙΟ ΝΕΑΣ ΠΕΡΑΜΟΥ,,
8648,6ο ΔΗΜΟΤΙΚΟ ΣΧΟΛΕΙΟ ΚΟΡΙΝΘΟΥ,,
8649,ΔΗΜΟΤΙΚΟ ΣΧΟΛΕΙΟ ΜΕΣΑΡΙΣΤΗΣ ΜΕΣΟΛΟΓΓΙΟΥ,21.589987,38.480824
8650,2ο ΔΗΜΟΤΙΚΟ ΣΧΟΛΕΙΟ ΚΟΡΙΝΘΟΥ,22.925556,37.935095
8651,1ο ΔΗΜΟΤΙΚΟ ΣΧΟΛΕΙΟ ΜΑΓΟΥΛΑΣ,23.520151,38.07585
8652,9ο ΔΗΜΟΤΙΚΟ ΣΧΟΛΕΙΟ ΙΛΙΟΥ,23.692393,38.032748
8653,6ο ΔΗΜΟΤΙΚΟ ΣΧΟΛΕΙΟ ΜΕΓΑΡΩΝ,23.340264,37.995902
8654,4ο ΔΗΜΟΤΙΚΟ ΣΧΟΛΕΙΟ ΜΕΓΑΡΩΝ,23.330855,37.989554
8655,5ο ΔΗΜΟΤΙΚΟ ΣΧΟΛΕΙΟ ΜΕΓΑΡΩΝ,23.340264,37.995909
8656,1ο ΔΗΜΟΤΙΚΟ ΣΧΟΛΕΙΟ ΠΕΤΡΟΥΠΟΛΗΣ,23.671452,38.04376
8657,1ο ΔΗΜΟΤΙΚΟ ΣΧΟΛΕΙΟ ΝΕΜΕΑΣ ΚΟΡΙΝΘΙΑΣ,22.664177,37.818538
8658,ΔΗΜΟΤΙΚΟ ΣΧΟΛΕΙΟ ΚΛΕΝΙΑΣ ΚΟΡΙΝΘΙΑΣ,22.862946,37.785423
8659,ΔΗΜΟΤΙΚΟ ΣΧΟΛΕΙΟ ΣΠΑΘΟΒΟΥΝΙΟΥ ΚΟΡΙΝΘΙΑΣ,,
8660,1ο ΔΗΜΟΤΙΚΟ ΣΧΟΛΕΙΟ ΖΕΦΥΡΙΟΥ,23.716401,38.060082
8661,3ο ΔΗΜΟΤΙΚΟ ΣΧΟΛΕΙΟ ΠΕΤΡΟΥΠΟΛΗΣ,23.678321,38.034663
8662,2ο ΔΗΜΟΤΙΚΟ ΣΧΟΛΕΙΟ ΞΥΛΟΚΑΣΤΡΟΥ,22.635227,38.072697
8663,1ο ΔΗΜΟΤΙΚΟ ΣΧΟΛΕΙΟ ΚΑΜΑΤΕΡΟΥ,23.699855,38.062045
8664,3ο ΔΗΜΟΤΙΚΟ ΣΧΟΛΕΙΟ ΚΟΡΙΝΘΟΥ,,
8665,6ο ΔΗΜΟΤΙΚΟ ΣΧΟΛΕΙΟ ΚΙΑΤΟΥ,,
8666,ΔΗΜΟΤΙΚΟ ΣΧΟΛΕΙΟ ΑΜΥΓΔΑΛΙΑΣ,24.570475,38.119738
8667,22ο ΔΗΜΟΤΙΚΟ ΣΧΟΛΕΙΟ ΧΑΛΚΙΔΑΣ,,
8668,ΔΗΜΟΤΙΚΟ ΣΧΟΛΕΙΟ ΦΕΝΕΟΥ,22.325411,37.949109
8669,ΔΗΜΟΤΙΚΟ ΣΧΟΛΕΙΟ ΤΑΞΙΑΡΧΟΥ ΙΣΤΙΑΙΑΣ,23.111821,38.913763
8670,1ο ΔΗΜΟΤΙΚΟ ΣΧΟΛΕΙΟ ΜΟΣΙΑΣ,,
8671,ΔΗΜΟΤΙΚΟ ΣΧΟΛΕΙΟ ΕΛΛΗΝΙΚΩΝ ΙΣΤΙΑΙΑΣ,23.331026,39.002227
8672,ΔΗΜΟΤΙΚΟ ΣΧΟΛΕΙΟ ΑΓΙΟΥ ΓΕΩΡΓΙΟΥ ΛΙΧΑΔΑΣ,,
8673,ΔΗΜΟΤΙΚΟ ΣΧΟΛΕΙΟ ΜΥΡΩΝΙΩΝ ΟΛΥΜΠΙΑΣ,21.823096,37.490543
8674,ΔΗΜΟΤΙΚΟ ΣΧΟΛΕΙΟ ΚΗΡΙΝΘΟΥ,23.448024,38.807398
8675,ΔΗΜΟΤΙΚΟ ΣΧΟΛΕΙΟ ΛΙΜΝΗΣ,23.322346,38.762322
8676,ΔΗΜΟΤΙΚΟ ΣΧΟΛΕΙΟ ΚΥΠΑΡΙΣΣΟΥ,21.482231,38.76643
8677,ΔΗΜΟΤΙΚΟ ΣΧΟΛΕΙΟ ΑΝΤΙΑΣ,,
8678,ΔΗΜΟΤΙΚΟ ΣΧΟΛΕΙΟ ΚΡΥΟΒΡΥΣΗΣ,21.806861,37.919242
8679,1ο ΔΗΜΟΤΙΚΟ ΣΧΟΛΕΙΟ ΞΥΛΟΚΑΣΤΡΟΥ,22.634831,38.073013
8680,ΔΗΜΟΤΙΚΟ ΣΧΟΛΕΙΟ ΒΡΕΣΤΟΥ ΟΛΥΜΠΙΑΣ,21.801494,37.507997
8681,20ο ΔΗΜΟΤΙΚΟ ΣΧΟΛΕΙΟ ΧΑΛΚΙΔΑΣ,,
8682,ΔΗΜΟΤΙΚΟ ΣΧΟΛΕΙΟ ΔΡΥΜΩΝΑ,,
8683,ΔΗΜΟΤΙΚΟ ΣΧΟΛΕΙΟ ΣΤΡΟΦΥΛΙΑΣ ΙΣΤΙΑΙΑΣ,23.413192,38.819851
8684,ΔΗΜΟΤΙΚΟ ΣΧΟΛΕΙΟ ΘΥΑΜΟΥ ΑΜΦΙΛΟΧΙΑΣ,,
8685,ΔΗΜΟΤΙΚΟ ΣΧΟΛΕΙΟ ΠΑΟΥ ΚΑΛΑΒΡΥΤΩΝ,,
8686,ΔΗΜΟΤΙΚΟ ΣΧΟΛΕΙΟ ΚΑΡΥΩΤΙΚΩΝ,,
8687,ΔΗΜΟΤΙΚΟ ΣΧΟΛΕΙΟ ΣΚΙΑΔΑ ΠΑΤΡΑΣ,21.684794,37.88118
8688,2ο ΔΗΜΟΤΙΚΟ ΣΧΟΛΕΙΟ ΜΑΝΔΡΑΣ,23.488286,38.07169
8689,3ο ΔΗΜΟΤΙΚΟ ΣΧΟΛΕΙΟ ΒΑΣΙΛΙΚΟΥ,23.672759,38.428407
8690,2ο ΔΗΜΟΤΙΚΟ ΣΧΟΛΕΙΟ ΜΕΓΑΡΩΝ,23.34561,37.99224
8691,5ο ΔΗΜΟΤΙΚΟ ΣΧΟΛΕΙΟ ΑΣΠΡΟΠΥΡΓΟΥ,,
8692,ΔΗΜΟΤΙΚΟ ΣΧΟΛΕΙΟ ΑΓΙΟΥ ΝΙΚΟΛΑΟΥ ΣΠΑΤΩΝ,21.515774,38.003215
8693,ΔΗΜΟΤΙΚΟ ΣΧΟΛΕΙΟ ΑΣΜΗΝΙΟΥ ΙΣΤΙΑΙΑΣ,,
8694,ΔΙΕΥΘΥΝΣΗ Δ.Ε. Γ ΑΘΗΝΑΣ,23.679448,37.9985
8695,ΔΙΕΥΘΥΝΣΗ Δ.Ε. ΚΟΡΙΝΘΙΑΣ,22.928394,37.940926
8696,ΔΙΕΥΘΥΝΣΗ Δ.Ε. ΕΥΒΟΙΑΣ,23.594947,38.466179
8697,ΔΙΕΥΘΥΝΣΗ Δ.Ε. ΔΥΤΙΚΗΣ ΑΤΤΙΚΗΣ,23.535352,38.047173
8698,ΔΙΕΥΘΥΝΣΗ Δ.Ε. ΑΡΓΟΛΙΔΑΣ,22.809829,37.567472
8699,2ο ΕΡΓΑΣΤΗΡΙΑΚΟ ΚΕΝΤΡΟ ΦΥΣΙΚΩΝ ΕΠΙΣΤΗΜΩΝ Γ' ΑΘΗΝΑΣ,23.670344,37.98
8700,1ο ΕΡΓΑΣΤΗΡΙΑΚΟ ΚΕΝΤΡΟ ΦΥΣΙΚΩΝ ΕΠΙΣΤΗΜΩΝ ΕΥΒΟΙΑΣ (ΧΑΛΚΙΔΑ),23.594909,38.466177
8701,1ο ΕΡΓΑΣΤΗΡΙΑΚΟ ΚΕΝΤΡΟ ΦΥΣΙΚΩΝ ΕΠΙΣΤΗΜΩΝ ΑΡΓΟΛΙΔΑΣ (ΑΡΓΟΣ),22.737018,37.632179
8702,1ο  ΕΡΓΑΣΤΗΡΙΑΚΟ ΚΕΝΤΡΟ ΦΥΣΙΚΩΝ ΕΠΙΣΤΗΜΩΝ Γ' ΑΘΗΝΑΣ (ΑΓΙΟΙ ΑΝΑΡΓΥΡΟΙ),,
8703,1ο ΕΡΓΑΣΤΗΡΙΑΚΟ ΚΕΝΤΡΟ ΦΥΣΙΚΩΝ ΕΠΙΣΤΗΜΩΝ ΚΟΡΙΝΘΙΑΣ (ΚΟΡΙΝΘΟΣ),22.916397,37.928009
8704,1ο ΕΡΓΑΣΤΗΡΙΑΚΟ ΚΕΝΤΡΟ ΦΥΣΙΚΩΝ ΕΠΙΣΤΗΜΩΝ ΔΥΤΙΚΗΣ ΑΤΤΙΚΗΣ (ΜΑΝΔΡΑ),,
8705,ΚΕΣΥΠ ΑΘΗΝΑΣ - Γ1,23.679448,37.9985
8706,ΚΕΣΥΠ ΑΘΗΝΑΣ - Γ2,23.671481,38.004756
8707,ΚΕΣΥΠ ΕΥΒΟΙΑΣ,23.596112,38.457847
8708,ΚΕΣΥΠ ΔΥΤΙΚΗΣ ΑΤΤΙΚΗΣ,23.538659,38.04117
8709,ΚΕΣΥΠ ΚΟΡΙΝΘΟΥ,22.926712,37.934619
8710,ΚΕΣΥΠ ΑΡΓΟΛΙΔΑΣ,22.807714,37.564333
8711,ΚΕΣΥΠ ΥΠΕΠΘ,23.728034,37.97483
8712,1ο ΓΡΑΦΕΙΟ Δ.Ε. Γ ΑΘΗΝΑΣ,23.673828,37.990308
8713,1ο ΓΡΑΦΕΙΟ Δ.Ε. ΕΥΒΟΙΑΣ,23.594947,38.466179
8714,1ο ΓΡΑΦΕΙΟ Δ.Ε. ΔΥΤΙΚΗΣ ΑΤΤΙΚΗΣ,23.538659,38.04117
8715,2ο ΓΡΑΦΕΙΟ Δ.Ε. ΔΥΤΙΚΗΣ ΑΤΤΙΚΗΣ,23.695604,38.074593
8716,4ο ΓΡΑΦΕΙΟ Δ.Ε. Γ ΑΘΗΝΑΣ,23.710711,38.026438
8717,2ο ΓΡΑΦΕΙΟ Δ.Ε. Γ ΑΘΗΝΑΣ,23.673828,37.990308
8718,3ο ΓΡΑΦΕΙΟ Δ.Ε. Γ ΑΘΗΝΑΣ,23.678453,38.012771
8719,5ο ΓΡΑΦΕΙΟ Δ.Ε. Γ ΑΘΗΝΑΣ,23.706487,38.030464
8720,ΓΡΑΦΕΙΟ Δ.Ε. ΚΟΡΙΝΘΙΑΣ,22.749715,38.007454
8721,ΓΡΑΦΕΙΟ ΤΕΕ ΕΥΒΟΙΑΣ,23.594947,38.466179
8722,ΓΡΑΦΕΙΟ ΤΕΕ Γ ΑΘΗΝΑΣ,23.672902,37.9891
8723,ΓΡΑΦΕΙΟ ΤΕΕ ΚΟΡΙΝΘΙΑΣ,22.928518,37.940856
8724,ΓΡΑΦΕΙΟ ΤΕΕ ΔΥΤΙΚΗΣ ΑΤΤΙΚΗΣ,,
8725,ΙΕΚ ΜΕΓΑΡΩΝ,,
8726,ΙΕΚ ΚΟΡΙΝΘΟΥ,,
8727,ΙΕΚ ΑΛΙΒΕΡΙΟΥ,,
8728,ΙΕΚ ΧΑΪΔΑΡΙΟΥ,,
8729,ΙΕΚ ΠΕΡΙΣΤΕΡΙΟΥ,,
8730,ΙΕΚ ΚΙΑΤΟΥ,,
8731,ΙΕΚ ΑΡΓΟΛΙΔΑΣ,,
8732,ΙΕΚ ΑΓΙΩΝ ΑΝΑΡΓΥΡΩΝ,,
8733,ΙΕΚ ΕΛΕΥΣΙΝΑΣ,,
8734,ΙΕΚ ΙΣΤΙΑΙΑ,,
8735,ΙΕΚ ΑΙΓΑΛΕΩ,,
8736,ΙΕΚ ΧΑΛΚΙΔΑΣ,,
8737,ΔΙΕΥΘΥΝΣΗ Π.Ε. ΚΟΡΙΝΘΙΑΣ,,
8738,ΔΙΕΥΘΥΝΣΗ Π.Ε. ΔΥΤ. ΑΤΤΙΚΗΣ,23.535623,38.043287
8739,ΔΙΕΥΘΥΝΣΗ Π.Ε. Γ' ΑΘΗΝΑΣ,23.670931,37.987667
8740,ΔΙΕΥΘΥΝΣΗ Π.Ε. ΕΥΒΟΙΑΣ,,
8741,ΔΙΕΥΘΥΝΣΗ Π.Ε. ΑΡΓΟΛΙΔΑΣ,,
8742,3ο ΓΡΑΦΕΙΟ Π.Ε. ΕΥΒΟΙΑΣ,,
8743,4ο ΓΡΑΦΕΙΟ Π.Ε. ΕΥΒΟΙΑΣ,,
8744,3ο ΓΡΑΦΕΙΟ Π.Ε. Γ' ΑΘΗΝΑΣ,,
8745,1ο ΓΡΑΦΕΙΟ Π.Ε. ΕΥΒΟΙΑΣ,,
8746,2ο ΓΡΑΦΕΙΟ Π.Ε. ΔΥΤ. ΑΤΤΙΚΗΣ,,
8747,2ο ΓΡΑΦΕΙΟ Π.Ε. Γ' ΑΘΗΝΑΣ,,
8748,1ο ΓΡΑΦΕΙΟ Π.Ε. ΚΟΡΙΝΘΙΑΣ,,
8749,5ο ΓΡΑΦΕΙΟ Π.Ε. Γ' ΑΘΗΝΑΣ,,
8750,1ο ΓΡΑΦΕΙΟ Π.Ε. Γ' ΑΘΗΝΑΣ,23.670942,37.987778
8751,4ο ΓΡΑΦΕΙΟ Π.Ε. Γ' ΑΘΗΝΑΣ,23.720564,38.02986
8752,1ο ΓΡΑΦΕΙΟ Π.Ε. ΑΡΓΟΛΙΔΑΣ,,
8753,2ο ΓΡΑΦΕΙΟ Π.Ε. ΑΡΓΟΛΙΔΑΣ,,
8754,1ο ΓΡΑΦΕΙΟ Π.Ε. ΔΥΤ. ΑΤΤΙΚΗΣ,23.536267,38.045189
8755,2ο ΓΡΑΦΕΙΟ Π.Ε. ΚΟΡΙΝΘΙΑΣ,,
8756,2ο ΓΡΑΦΕΙΟ Π.Ε. ΕΥΒΟΙΑΣ,,
8757,ΟΡΓΑΝΙΣΜΟΣ ΕΚΔΟΣΕΩΝ ΔΙΔΑΚΤΙΚΩΝ ΒΙΒΛΙΩΝ,,
8758,ΒΙΒΛΙΟΘΗΚΗ ΣΥΜΒΟΥΛΙΟΥ ΕΠΙΚΡΑΤΕΙΑΣ,,
8759,ΟΡΓΑΝΙΣΜΟΣ ΣΧΟΛΙΚΩΝ ΚΤΙΡΙΩΝ,23.719959,37.986122
8760,ΓΡΑΦΕΙΟ ΕΚΠΑΙΔΕΥΤΙΚΗΣ ΔΙΚΤΥΑΚΗΣ ΠΥΛΗΣ,,
8761,ΙΝΣΤΙΤΟΥΤΟ ΠΑΙΔΑΓΩΓΙΚΩΝ ΕΡΕΥΝΩΝ-ΜΕΛΕΤΩΝ ΤΗΣ Δ.Ο.Ε.,23.729149,37.972066
8762,ΙΝΣΤΙΤΟΥΤΟ ΠΑΙΔΕΙΑΣ ΟΜΟΓΕΝΩΝ ΚΑΙ ΔΙΑΠΟΛΙΤΙΣΜΙΚΗΣ ΕΚΠΑΙΔΕΥΣΗΣ,23.75324,37.98503
8763,ΔΙΕΥΘΥΝΣΗ ΞΕΝΩΝ ΚΑΙ ΜΕΙΟΝΟΤΙΚΩΝ ΣΧΟΛΕΙΩΝ,,
8764,ΟΡΓΑΝΙΣΜΟΣ ΕΠΑΓΓΕΛΜΑΤΙΚΗΣ ΕΚΠΑΙΔΕΥΣΗΣ ΚΑΙ ΚΑΤΑΡΤΙΣΗΣ,,
8765,ΔΙΕΥΘΥΝΣΗ ΕΦΑΡΜΟΓΗΣ ΠΡΟΓΡΑΜΜΑΤΩΝ ΣΧΟΛΩΝ ΕΚΠΑΙΔΕΥΣΗΣ ΔΙΔΑΚΤΙΚΟΥ ΠΡΟΣΩΠΙΚΟΥ,,
8766,ΔΙΕΥΘΥΝΣΗ ΔΙΑΠΟΛΙΤΙΣΜΙΚΗΣ ΕΚΠΑΙΔΕΥΣΗΣ ,,
8767,ΓΡΑΦΕΙΟ ΟΛΥΜΠΙΑΚΗΣ ΠΑΙΔΕΙΑΣ,,
8768,ΚΥΒΕΡΝΗΤΙΚΗ ΕΠΙΤΡΟΠΗ ΠΑΙΔΕΙΑΣ ΚΑΙ ΠΟΛΙΤΙΣΜΟΥ,,
8769,ΔΙΕΥΘΥΝΣΕΙΣ ΥΠΕΠΘ,,
8770,3ο ΠΕΡΙΦΕΡΕΙΑΚΟ ΕΠΙΜΟΡΦΩΤΙΚΟ ΚΕΝΤΡΟ ΑΘΗΝΑΣ (Γ ΑΘΗΝΑΣ),,
8771,ΓΡΑΦΕΙΟ ΦΥΣΙΚΗΣ ΑΓΩΓΗΣ ΚΟΡΙΝΘΙΑΣ,,
8772,ΓΡΑΦΕΙΟ ΦΥΣΙΚΗΣ ΑΓΩΓΗΣ ΔΥΤΙΚΗΣ ΑΤΤΙΚΗΣ,,
8773,ΓΡΑΦΕΙΟ ΦΥΣΙΚΗΣ ΑΓΩΓΗΣ ΕΥΒΟΙΑΣ,,
8774,ΓΡΑΦΕΙΟ ΦΥΣΙΚΗΣ ΑΓΩΓΗΣ Γ' ΑΘΗΝΩΝ,23.674899,37.996617
8775,ΓΡΑΦΕΙΟ ΦΥΣΙΚΗΣ ΑΓΩΓΗΣ ΑΡΓΟΛΙΔΑΣ,,
8776,6ο ΝΗΠΙΑΓΩΓΕΙΟ ΜΕΓΑΡΩΝ,,
8777,ΝΗΠΙΑΓΩΓΕΙΟ ΜΑΡΜΑΡΙΟΥ,24.321876,38.048142
8778,5ο ΝΗΠΙΑΓΩΓΕΙΟ ΧΑΛΚΙΔΑΣ,,
8779,2ο ΝΗΠΙΑΓΩΓΕΙΟ ΣΚΥΡΟΥ,,
8780,ΝΗΠΙΑΓΩΓΕΙΟ ΘΕΟΛΟΓΟΥ,23.801661,38.48632
8781,21ο ΝΗΠΙΑΓΩΓΕΙΟ ΧΑΛΚΙΔΑΣ,,
8782,3ο ΝΗΠΙΑΓΩΓΕΙΟ ΝΕΑΣ ΑΡΤΑΚΗΣ,23.639979,38.512051
8783,ΝΗΠΙΑΓΩΓΕΙΟ ΜΑΛΑΚΩΝΤΑ,,
8784,23ο ΝΗΠΙΑΓΩΓΕΙΟ ΧΑΛΚΙΔΑΣ,,
8785,22ο ΝΗΠΙΑΓΩΓΕΙΟ ΧΑΛΚΙΔΑΣ,,
8786,4ο ΝΗΠΙΑΓΩΓΕΙΟ ΚΑΜΑΤΕΡΟΥ,23.701957,38.050447
8787,1ο ΝΗΠΙΑΓΩΓΕΙΟ ΨΑΧΝΩΝ,23.645297,38.578191
8788,8ο ΝΗΠΙΑΓΩΓΕΙΟ ΙΛΙΟΥ,23.69595,38.041916
8789,29ο ΝΗΠΙΑΓΩΓΕΙΟ ΧΑΛΚΙΔΑΣ,,
8790,12ο ΝΗΠΙΑΓΩΓΕΙΟ ΠΕΡΙΣΤΕΡΙΟΥ,23.677333,38.005729
8791,ΝΗΠΙΑΓΩΓΕΙΟ ΛΟΥΤΡΩΝ ΑΙΔΗΨΟΥ ΙΣΤΙΑΙΑΣ,23.046566,38.854713
8792,9ο ΝΗΠΙΑΓΩΓΕΙΟ ΠΕΡΙΣΤΕΡΙΟΥ,23.671609,38.021074
8793,8ο ΝΗΠΙΑΓΩΓΕΙΟ ΠΕΡΙΣΤΕΡΙΟΥ,23.674841,38.009233
8794,ΝΗΠΙΑΓΩΓΕΙΟ ΑΓΙΟΥ ΙΣΤΙΑΙΑΣ,23.061936,38.873281
8795,16ο ΝΗΠΙΑΓΩΓΕΙΟ ΙΛΙΟΥ,23.702797,38.022476
8796,1ο ΝΗΠΙΑΓΩΓΕΙΟ ΙΣΤΙΑΙΑΣ,23.150642,38.953137
8797,ΝΗΠΙΑΓΩΓΕΙΟ ΑΙΔΗΨΟΥ ΙΣΤΙΑΙΑΣ,23.045709,38.857922
8798,41ο ΝΗΠΙΑΓΩΓΕΙΟ ΠΕΡΙΣΤΕΡΙΟΥ,23.683349,38.008538
8799,4ο ΝΗΠΙΑΓΩΓΕΙΟ ΠΕΤΡΟΥΠΟΛΗΣ,23.68514,38.039917
8800,2ο ΝΗΠΙΑΓΩΓΕΙΟ ΠΕΤΡΟΥΠΟΛΗΣ,23.677914,38.04571
8801,ΝΗΠΙΑΓΩΓΕΙΟ ΣΙΝΑΣΟΥ ΙΣΤΙΑΙΑΣ,23.150615,38.953026
8802,ΝΗΠΙΑΓΩΓΕΙΟ ΒΡΥΣΗΣ,24.051596,38.549024
8803,1ο ΝΗΠΙΑΓΩΓΕΙΟ ΝΕΑΣ ΛΑΜΨΑΚΟΥ,23.62626,38.437354
8804,ΝΗΠΙΑΓΩΓΕΙΟ ΧΑΛΚΙΔΑΣ ΕΙΔΙΚΟ ΚΩΦΩΝ,,
8805,3ο ΝΗΠΙΑΓΩΓΕΙΟ ΨΑΧΝΩΝ,,
8806,ΝΗΠΙΑΓΩΓΕΙΟ ΑΡΓΥΡΟΥ,,
8807,4ο ΝΗΠΙΑΓΩΓΕΙΟ ΒΑΣΙΛΙΚΟΥ,23.672761,38.428401
8808,ΝΗΠΙΑΓΩΓΕΙΟ ΗΛΙΩΝ,23.052934,38.880134
8809,3ο ΝΗΠΙΑΓΩΓΕΙΟ ΒΑΣΙΛΙΚΟΥ,23.672765,38.428401
8810,ΝΗΠΙΑΓΩΓΕΙΟ ΠΟΥΡΝΟΥ,23.781754,38.511778
8811,24ο ΝΗΠΙΑΓΩΓΕΙΟ ΧΑΛΚΙΔΑΣ,,
8812,25ο ΝΗΠΙΑΓΩΓΕΙΟ ΧΑΛΚΙΔΑΣ,23.602604,38.46763
8813,3ο ΝΗΠΙΑΓΩΓΕΙΟ ΑΛΙΒΕΡΙΟΥ,24.040376,38.408419
8814,ΝΗΠΙΑΓΩΓΕΙΟ ΚΟΣΚΙΝΩΝ,,
8815,ΝΗΠΙΑΓΩΓΕΙΟ ΠΕΥΚΙΟΥ,,
8816,26ο ΝΗΠΙΑΓΩΓΕΙΟ ΧΑΛΚΙΔΑΣ,,
8817,ΝΗΠΙΑΓΩΓΕΙΟ ΑΛΜΥΡΟΠΟΤΑΜΟΥ,24.190774,38.269487
8818,ΝΗΠΙΑΓΩΓΕΙΟ ΕΝΟΡΙΑΣ,24.10927,38.6167
8819,7ο ΝΗΠΙΑΓΩΓΕΙΟ ΑΙΓΑΛΕΩ,23.684175,37.991413
8820,ΝΗΠΙΑΓΩΓΕΙΟ ΚΟΥΡΚΟΥΛΩΝ,23.344048,38.832286
8821,ΝΗΠΙΑΓΩΓΕΙΟ ΦΥΛΛΩΝ,23.685597,38.441759
8822,ΝΗΠΙΑΓΩΓΕΙΟ ΑΓΙΟΥ ΔΗΜΗΤΡΙΟΥ,24.444344,38.106014
8823,2ο ΝΗΠΙΑΓΩΓΕΙΟ ΝΕΑΣ ΑΡΤΑΚΗΣ,23.639971,38.512031
8824,2ο ΝΗΠΙΑΓΩΓΕΙΟ ΚΑΜΑΤΕΡΟΥ,23.699869,38.062037
8825,ΝΗΠΙΑΓΩΓΕΙΟ ΔΥΣΤΟΥ,,
8826,9ο ΝΗΠΙΑΓΩΓΕΙΟ ΕΛΕΥΣΙΝΑΣ,23.528554,38.05719
8827,36ο ΝΗΠΙΑΓΩΓΕΙΟ ΠΕΡΙΣΤΕΡΙΟΥ,23.684657,38.018569
8828,3ο ΝΗΠΙΑΓΩΓΕΙΟ ΑΝΩ ΛΙΟΣΙΩΝ,23.697091,38.086676
8829,2ο ΝΗΠΙΑΓΩΓΕΙΟ ΔΡΟΣΙΑΣ,,
8830,2ο ΝΗΠΙΑΓΩΓΕΙΟ ΖΕΦΥΡΙΟΥ,23.711398,38.067454
8831,12ο ΝΗΠΙΑΓΩΓΕΙΟ ΙΛΙΟΥ,23.706928,38.017035
8832,ΝΗΠΙΑΓΩΓΕΙΟ ΑΓΙΟΥ ΓΕΩΡΓΙΟΥ ΛΙΧΑΔΑΣ,,
8833,24ο ΝΗΠΙΑΓΩΓΕΙΟ ΠΕΡΙΣΤΕΡΙΟΥ,23.677435,38.019891
8834,ΝΗΠΙΑΓΩΓΕΙΟ ΓΙΑΛΤΡΩΝ,22.977069,38.862412
8835,ΝΗΠΙΑΓΩΓΕΙΟ ΑΓΙΟΥ ΝΙΚΟΛΑΟΥ,23.64851,38.422621
8836,ΝΗΠΙΑΓΩΓΕΙΟ ΣΤΑΥΡΟΥ,23.614799,38.634392
8837,ΝΗΠΙΑΓΩΓΕΙΟ ΠΛΑΤΑΝΑΣ ΚΥΜΗΣ,,
8838,ΝΗΠΙΑΓΩΓΕΙΟ ΚΑΡΑΒΟΥ,,
8839,ΝΗΠΙΑΓΩΓΕΙΟ ΑΧΛΑΔΙΟΥ,23.400744,38.896811
8840,15ο ΝΗΠΙΑΓΩΓΕΙΟ ΑΙΓΑΛΕΩ,23.670615,37.994619
8841,1ο ΝΗΠΙΑΓΩΓΕΙΟ ΧΑΛΚΙΔΑΣ,,
8842,27ο ΝΗΠΙΑΓΩΓΕΙΟ ΠΕΡΙΣΤΕΡΙΟΥ,23.672553,38.018118
8843,ΝΗΠΙΑΓΩΓΕΙΟ ΚΡΙΕΖΩΝ,,
8844,ΝΗΠΙΑΓΩΓΕΙΟ ΣΤΡΟΦΥΛΙΑΣ,23.413395,38.819725
8845,3ο ΝΗΠΙΑΓΩΓΕΙΟ ΚΑΡΥΣΤΟΥ,24.421507,38.016369
8846,ΝΗΠΙΑΓΩΓΕΙΟ ΒΕΛΟΥΣ,,
8847,6ο ΝΗΠΙΑΓΩΓΕΙΟ ΠΕΤΡΟΥΠΟΛΗΣ,23.664948,38.038789
8848,13ο ΝΗΠΙΑΓΩΓΕΙΟ ΙΛΙΟΥ,23.690346,38.026429
8849,ΝΗΠΙΑΓΩΓΕΙΟ ΠΑΠΑΔΩΝ,,
8850,23ο ΝΗΠΙΑΓΩΓΕΙΟ ΠΕΡΙΣΤΕΡΙΟΥ,23.667748,38.028462
8851,ΝΗΠΙΑΓΩΓΕΙΟ ΑΝΩ ΒΑΘΕΙΑΣ,,
8852,ΝΗΠΙΑΓΩΓΕΙΟ ΝΕΡΟΤΡΙΒΙΑΣ,23.533398,38.612114
8853,27ο ΝΗΠΙΑΓΩΓΕΙΟ ΧΑΛΚΙΔΑΣ,,
8854,ΝΗΠΙΑΓΩΓΕΙΟ ΑΦΡΑΤΙΟΥ,23.689625,38.451561
8855,14ο ΝΗΠΙΑΓΩΓΕΙΟ ΧΑΛΚΙΔΑΣ,,
8856,ΝΗΠΙΑΓΩΓΕΙΟ ΜΕΤΟΧΙΟΥ ΔΙΡΦΥΟΣ,23.954734,38.62203
8857,12ο ΝΗΠΙΑΓΩΓΕΙΟ ΧΑΛΚΙΔΑΣ,,
8858,ΝΗΠΙΑΓΩΓΕΙΟ ΑΝΘΗΔΟΝΑΣ,,
8859,ΝΗΠΙΑΓΩΓΕΙΟ ΜΥΤΙΚΑ,23.655142,38.439592
8860,9ο ΝΗΠΙΑΓΩΓΕΙΟ ΑΓΙΩΝ ΑΝΑΡΓΥΡΩΝ,23.715539,38.019707
8861,ΝΗΠΙΑΓΩΓΕΙΟ ΑΓΙΟΥ ΑΠΟΣΤΟΛΩΝ,,
8862,ΝΗΠΙΑΓΩΓΕΙΟ ΠΡΑΣΙΝΟΥ,,
8863,ΝΗΠΙΑΓΩΓΕΙΟ ΠΗΛΙΟΥ,23.583928,38.753066
8864,ΝΗΠΙΑΓΩΓΕΙΟ ΚΕΡΑΣΙΑΣ,23.327732,38.909069
8865,15ο ΝΗΠΙΑΓΩΓΕΙΟ ΧΑΛΚΙΔΑΣ,,
8866,ΝΗΠΙΑΓΩΓΕΙΟ ΚΟΙΛΑΔΑΣ,23.121171,37.410481
8867,ΝΗΠΙΑΓΩΓΕΙΟ ΑΝΥΦΙΟΥ,22.791971,37.657462
8868,ΝΗΠΙΑΓΩΓΕΙΟ ΚΙΒΕΡΙΟΥ,22.666129,37.613783
8869,ΝΗΠΙΑΓΩΓΕΙΟ ΠΑΡΑΛΙΑΣ ΙΡΙΩΝ,,
8870,ΝΗΠΙΑΓΩΓΕΙΟ ΒΑΘΕΟΣ ΑΥΛΙΔΑΣ,23.60582,38.404081
8871,ΝΗΠΙΑΓΩΓΕΙΟ ΠΥΡΓΟΥ,,
8872,ΝΗΠΙΑΓΩΓΕΙΟ ΑΡΧΑΙΑΣ ΝΕΜΕΑΣ,22.707615,37.805404
8873,ΝΗΠΙΑΓΩΓΕΙΟ ΑΧΛΑΔΟΚΑΜΠΟΥ,22.584721,37.522043
8874,ΝΗΠΙΑΓΩΓΕΙΟ ΝΕΑΣ ΕΠΙΔΑΥΡΟΥ,23.13005,37.675272
8875,2ο ΝΗΠΙΑΓΩΓΕΙΟ ΚΡΑΝΙΔΙΟΥ,23.164012,37.375235
8876,ΝΗΠΙΑΓΩΓΕΙΟ ΑΓΙΑΣ ΑΝΝΑΣ,23.401366,38.858845
8877,ΝΗΠΙΑΓΩΓΕΙΟ ΝΕΩΝ ΣΤΥΡΩΝ,24.209144,38.178228
8878,ΝΗΠΙΑΓΩΓΕΙΟ ΠΕΡΑΧΩΡΑΣ ΚΟΡΙΝΘΙΑΣ,,
8879,1ο ΝΗΠΙΑΓΩΓΕΙΟ ΛΟΥΤΡΑΚΙΟΥ,,
8880,ΝΗΠΙΑΓΩΓΕΙΟ ΚΗΡΙΝΘΟΥ,23.448045,38.80743
8881,2ο ΝΗΠΙΑΓΩΓΕΙΟ ΚΟΡΙΝΘΟΥ,,
8882,ΝΗΠΙΑΓΩΓΕΙΟ ΑΓΓΕΛΟΚΑΣΤΡΟΥ ΚΟΡΙΝΘΙΑΣ,,
8883,ΝΗΠΙΑΓΩΓΕΙΟ ΣΤΕΦΑΝΙΟΥ ΑΓΙΟΝΟΡΙΟΥ,,
8884,ΝΗΠΙΑΓΩΓΕΙΟ ΣΤΑΘΑΙΙΚΩΝ,22.673869,37.662793
8885,1ο ΝΗΠΙΑΓΩΓΕΙΟ ΚΑΡΥΣΤΟΥ,24.421507,38.016369
8886,ΝΗΠΙΑΓΩΓΕΙΟ ΡΟΒΙΩΝ,23.22984,38.810582
8887,5ο ΝΗΠΙΑΓΩΓΕΙΟ ΕΛΕΥΣΙΝΑΣ,23.527485,38.051317
8888,1ο ΝΗΠΙΑΓΩΓΕΙΟ ΙΛΙΟΥ,23.707376,38.031933
8889,8ο ΝΗΠΙΑΓΩΓΕΙΟ ΑΣΠΡΟΠΥΡΓΟΥ,,
8890,28ο ΝΗΠΙΑΓΩΓΕΙΟ ΧΑΛΚΙΔΑΣ,,
8891,51ο ΝΗΠΙΑΓΩΓΕΙΟ ΠΕΡΙΣΤΕΡΙΟΥ,,
8892,ΝΗΠΙΑΓΩΓΕΙΟ ΣΙΚΥΩΝΟΣ,,
8893,ΝΗΠΙΑΓΩΓΕΙΟ ΨΑΡΙΟΥ,22.529791,37.862674
8894,ΝΗΠΙΑΓΩΓΕΙΟ ΛΥΚΟΠΟΡΙΑΣ,,
8895,12ο ΝΗΠΙΑΓΩΓΕΙΟ ΚΟΡΙΝΘΟΥ,,
8896,11ο ΝΗΠΙΑΓΩΓΕΙΟ ΚΟΡΙΝΘΟΥ,,
8897,ΝΗΠΙΑΓΩΓΕΙΟ ΕΞΑΜΙΛΙΩΝ,22.928715,37.895881
8898,ΝΗΠΙΑΓΩΓΕΙΟ ΔΑΦΝΗΣ,,
8899,49ο ΝΗΠΙΑΓΩΓΕΙΟ ΠΕΡΙΣΤΕΡΙΟΥ,23.670973,38.014652
8900,ΝΗΠΙΑΓΩΓΕΙΟ ΣΥΚΙΩΝ,,
8901,ΝΗΠΙΑΓΩΓΕΙΟ ΜΑΛΑΝΤΡΕΝΙΟΥ,22.641705,37.724521
8902,ΝΗΠΙΑΓΩΓΕΙΟ ΝΕΟΧΩΡΙΟΥ,,
8903,ΝΗΠΙΑΓΩΓΕΙΟ ΜΥΣΤΡΟΥ,23.842748,38.521135
8904,40ο ΝΗΠΙΑΓΩΓΕΙΟ ΠΕΡΙΣΤΕΡΙΟΥ,23.677681,38.026021
8905,6ο ΝΗΠΙΑΓΩΓΕΙΟ ΕΛΕΥΣΙΝΑΣ,23.545368,38.039607
8906,6ο ΝΗΠΙΑΓΩΓΕΙΟ ΧΑΙΔΑΡΙΟΥ,23.642486,38.017682
8907,ΝΗΠΙΑΓΩΓΕΙΟ ΜΑΝΝΑΣ,22.513677,37.978769
8908,4ο ΝΗΠΙΑΓΩΓΕΙΟ ΛΟΥΤΡΑΚΙΟΥ,,
8909,ΝΗΠΙΑΓΩΓΕΙΟ ΠΡΟΚΟΠΙΟΥ,23.489783,38.734451
8910,7ο ΝΗΠΙΑΓΩΓΕΙΟ ΠΕΡΙΣΤΕΡΙΟΥ,23.699585,38.015066
8911,2ο ΝΗΠΙΑΓΩΓΕΙΟ ΑΓΙΩΝ ΑΝΑΡΓΥΡΩΝ,23.724494,38.032319
8912,38ο ΝΗΠΙΑΓΩΓΕΙΟ ΠΕΡΙΣΤΕΡΙΟΥ,23.677363,38.01847
8913,ΝΗΠΙΑΓΩΓΕΙΟ ΕΛΛΗΝΙΚΩΝ,23.330826,39.002439
8914,2ο ΝΗΠΙΑΓΩΓΕΙΟ ΝΕΜΕΑΣ,,
8915,ΝΗΠΙΑΓΩΓΕΙΟ ΓΚΟΥΡΑΣ,,
8916,ΝΗΠΙΑΓΩΓΕΙΟ ΑΓΙΟΥ ΑΔΡΙΑΝΟΥ,22.849283,37.599504
8917,ΝΗΠΙΑΓΩΓΕΙΟ ΔΕΡΒΕΝΙΟΥ,22.413244,38.128733
8918,ΝΗΠΙΑΓΩΓΕΙΟ ΑΡΧΑΙΑΣ ΚΟΡΙΝΘΟΥ,22.884627,37.905351
8919,2ο ΝΗΠΙΑΓΩΓΕΙΟ ΚΙΑΤΟΥ,,
8920,1ο ΝΗΠΙΑΓΩΓΕΙΟ ΚΙΑΤΟΥ,,
8921,ΝΗΠΙΑΓΩΓΕΙΟ ΣΟΦΙΚΟΥ ΚΟΡΙΝΘΙΑΣ,23.055291,37.790445
8922,3ο ΝΗΠΙΑΓΩΓΕΙΟ ΚΙΑΤΟΥ,,
8923,ΝΗΠΙΑΓΩΓΕΙΟ ΤΡΑΧΗΛΙΟΥ ΕΥΒΟΙΑΣ,,
8924,5ο ΝΗΠΙΑΓΩΓΕΙΟ ΚΟΡΙΝΘΟΥ,,
8925,4ο ΝΗΠΙΑΓΩΓΕΙΟ ΚΟΡΙΝΘΟΥ,,
8926,ΝΗΠΙΑΓΩΓΕΙΟ ΚΑΛΥΒΙΩΝ,24.407271,38.038604
8927,ΝΗΠΙΑΓΩΓΕΙΟ ΠΙΤΣΩΝ,22.534374,38.107534
8928,ΝΗΠΙΑΓΩΓΕΙΟ ΠΕΡΙΓΙΑΛΙΟΥ,,
8929,1ο ΝΗΠΙΑΓΩΓΕΙΟ ΒΕΛΟΥ,,
8930,ΝΗΠΙΑΓΩΓΕΙΟ ΑΣΣΟΥ,,
8931,ΝΗΠΙΑΓΩΓΕΙΟ ΚΡΥΟΝΕΡΙΟΥ,22.637401,37.961918
8932,1ο ΝΗΠΙΑΓΩΓΕΙΟ ΖΕΥΓΟΛΑΤΕΙΟΥ,22.803721,37.939185
8933,3ο ΝΗΠΙΑΓΩΓΕΙΟ ΚΟΡΙΝΘΟΥ,,
8934,10ο ΝΗΠΙΑΓΩΓΕΙΟ ΧΑΛΚΙΔΑΣ,,
8935,2ο ΝΗΠΙΑΓΩΓΕΙΟ ΚΥΜΗΣ,24.104888,38.635109
8936,ΝΗΠΙΑΓΩΓΕΙΟ ΤΑΞΙΑΡΧΟΥ ΙΣΤΙΑΙΑΣ,23.111818,38.914006
8937,ΝΗΠΙΑΓΩΓΕΙΟ ΓΥΜΝΟΥ,23.884527,38.437312
8938,8ο ΝΗΠΙΑΓΩΓΕΙΟ ΧΑΙΔΑΡΙΟΥ,23.64388,38.012746
8939,ΝΗΠΙΑΓΩΓΕΙΟ ΑΓΙΟΥ ΛΟΥΚΑ,24.025501,38.440483
8940,5ο ΝΗΠΙΑΓΩΓΕΙΟ ΚΙΑΤΟΥ,,
8941,1ο ΝΗΠΙΑΓΩΓΕΙΟ ΚΟΡΙΝΘΟΥ,,
8942,ΝΗΠΙΑΓΩΓΕΙΟ ΛΕΧΑΙΟΥ,,
8943,2ο ΝΗΠΙΑΓΩΓΕΙΟ ΙΛΙΟΥ,23.708917,38.025003
8944,8ο ΝΗΠΙΑΓΩΓΕΙΟ ΧΑΛΚΙΔΑΣ,,
8945,ΝΗΠΙΑΓΩΓΕΙΟ ΦΥΛΗΣ,,
8946,ΝΗΠΙΑΓΩΓΕΙΟ ΠΑΣΙΟΥ,22.726304,38.009515
8947,17ο ΝΗΠΙΑΓΩΓΕΙΟ ΧΑΛΚΙΔΑΣ,,
8948,ΝΗΠΙΑΓΩΓΕΙΟ ΒΟΧΑΙΚΟΥ,,
8949,8ο ΝΗΠΙΑΓΩΓΕΙΟ ΚΟΡΙΝΘΟΥ,,
8950,ΝΗΠΙΑΓΩΓΕΙΟ ΠΟΥΛΙΤΣΑΣ,,
8951,ΝΗΠΙΑΓΩΓΕΙΟ ΚΟΚΚΩΝΙΟΥ,,
8952,7ο ΝΗΠΙΑΓΩΓΕΙΟ ΚΟΡΙΝΘΟΥ,,
8953,ΝΗΠΙΑΓΩΓΕΙΟ ΑΡΧΑΙΩΝ ΚΛΕΩΝΩΝ,,
8954,7ο ΝΗΠΙΑΓΩΓΕΙΟ ΚΑΜΑΤΕΡΟΥ,23.716154,38.053611
8955,ΝΗΠΙΑΓΩΓΕΙΟ ΛΙΜΝΗΣ,23.322384,38.762297
8956,4ο ΝΗΠΙΑΓΩΓΕΙΟ ΚΙΑΤΟΥ,,
8957,ΝΗΠΙΑΓΩΓΕΙΟ ΠΙΣΣΩΝΑ,23.719436,38.525161
8958,2ο ΝΗΠΙΑΓΩΓΕΙΟ ΒΑΣΙΛΙΚΟΥ,23.67276,38.428403
8959,ΝΗΠΙΑΓΩΓΕΙΟ ΑΝΩ ΣΤΕΝΗΣ,,
8960,4ο ΝΗΠΙΑΓΩΓΕΙΟ ΑΓΙΑΣ ΒΑΡΒΑΡΑΣ,23.648614,37.988332
8961,2ο ΝΗΠΙΑΓΩΓΕΙΟ ΨΑΧΝΩΝ,,
8962,ΝΗΠΙΑΓΩΓΕΙΟ ΚΑΣΤΕΛΛΑΣ,23.630643,38.569105
8963,ΝΗΠΙΑΓΩΓΕΙΟ ΧΙΛΙΟΜΟΔΙΟΥ ΚΟΡΙΝΘΙΑΣ,22.871184,37.807875
8964,ΝΗΠΙΑΓΩΓΕΙΟ ΑΘΙΚΙΩΝ ΚΟΡΙΝΘΙΑΣ,,
8965,1ο ΝΗΠΙΑΓΩΓΕΙΟ ΑΓΙΩΝ ΘΕΟΔΩΡΩΝ,23.144324,37.937121
8966,3ο ΝΗΠΙΑΓΩΓΕΙΟ ΧΑΙΔΑΡΙΟΥ,23.659002,38.011831
8967,15ο ΝΗΠΙΑΓΩΓΕΙΟ ΠΕΡΙΣΤΕΡΙΟΥ,23.698068,38.009763
8968,ΝΗΠΙΑΓΩΓΕΙΟ ΑΝΔΡΟΝΙΑΝΩΝ,24.060092,38.616046
8969,7ο ΝΗΠΙΑΓΩΓΕΙΟ ΙΛΙΟΥ,23.695348,38.022979
8970,16ο ΝΗΠΙΑΓΩΓΕΙΟ ΧΑΛΚΙΔΑΣ,,
8971,11ο ΝΗΠΙΑΓΩΓΕΙΟ ΧΑΛΚΙΔΑΣ,,
8972,2ο ΝΗΠΙΑΓΩΓΕΙΟ ΝΕΑΣ ΛΑΜΨΑΚΟΥ,23.626256,38.437353
8973,2ο ΝΗΠΙΑΓΩΓΕΙΟ ΕΡΕΤΡΙΑΣ,23.796778,38.391634
8974,ΝΗΠΙΑΓΩΓΕΙΟ ΒΑΤΩΝΤΑ,,
8975,ΝΗΠΙΑΓΩΓΕΙΟ ΒΡΑΧΑΤΙΟΥ ΚΟΡΙΝΘΙΑΣ,,
8976,2ο ΝΗΠΙΑΓΩΓΕΙΟ ΛΟΥΤΡΑΚΙΟΥ,,
8977,1ο ΝΗΠΙΑΓΩΓΕΙΟ ΝΕΜΕΑΣ ΚΟΡΙΝΘΙΑΣ,,
8978,20ο ΝΗΠΙΑΓΩΓΕΙΟ ΧΑΛΚΙΔΑΣ,,
8979,19ο ΝΗΠΙΑΓΩΓΕΙΟ ΧΑΛΚΙΔΑΣ,,
8980,18ο ΝΗΠΙΑΓΩΓΕΙΟ ΧΑΛΚΙΔΑΣ,,
8981,9ο ΝΗΠΙΑΓΩΓΕΙΟ ΚΟΡΙΝΘΟΥ,,
8982,ΝΗΠΙΑΓΩΓΕΙΟ ΩΡΕΩΝ,23.092589,38.94838
8983,ΝΗΠΙΑΓΩΓΕΙΟ ΜΕΛΙΣΣΙΟΥ,22.682887,38.046398
8984,5ο ΝΗΠΙΑΓΩΓΕΙΟ ΚΑΜΑΤΕΡΟΥ,23.712304,38.059103
8985,22ο ΝΗΠΙΑΓΩΓΕΙΟ ΑΙΓΑΛΕΩ,23.664985,37.998436
8986,3ο ΝΗΠΙΑΓΩΓΕΙΟ ΛΟΥΤΡΑΚΙΟΥ,,
8987,ΝΗΠΙΑΓΩΓΕΙΟ ΚΑΛΕΝΤΖΙΟΥ,,
8988,3ο ΝΗΠΙΑΓΩΓΕΙΟ ΞΥΛΟΚΑΣΤΡΟΥ,,
8989,9ο ΝΗΠΙΑΓΩΓΕΙΟ ΑΓΙΑΣ ΒΑΡΒΑΡΑΣ,23.648614,37.988332
8990,4ο ΝΗΠΙΑΓΩΓΕΙΟ ΑΣΠΡΟΠΥΡΓΟΥ,23.5836,38.064504
8991,ΝΗΠΙΑΓΩΓΕΙΟ ΤΡΑΧΕΙΑΣ,,
8992,ΝΗΠΙΑΓΩΓΕΙΟ ΤΟΛΟΥ,22.856347,37.521115
8993,9ο ΝΗΠΙΑΓΩΓΕΙΟ ΠΕΤΡΟΥΠΟΛΗΣ,23.689815,38.039457
8994,24ο ΝΗΠΙΑΓΩΓΕΙΟ ΑΙΓΑΛΕΩ,23.669746,37.98327
8995,ΝΗΠΙΑΓΩΓΕΙΟ ΕΡΥΘΡΩΝ ΑΤΤΙΚΗΣ,,
8996,1ο ΝΗΠΙΑΓΩΓΕΙΟ ΝΕΑΣ ΠΕΡΑΜΟΥ,23.43201,38.012897
8997,1ο ΝΗΠΙΑΓΩΓΕΙΟ ΜΑΓΟΥΛΑΣ,23.520132,38.07588
8998,6ο ΝΗΠΙΑΓΩΓΕΙΟ ΚΑΜΑΤΕΡΟΥ,23.716155,38.05362
8999,ΝΗΠΙΑΓΩΓΕΙΟ ΛΑΥΚΑΣ,,
9000,ΝΗΠΙΑΓΩΓΕΙΟ ΤΑΡΣΙΝΩΝ,,
9001,ΝΗΠΙΑΓΩΓΕΙΟ ΚΥΡΑ ΒΡΥΣΗΣ,,
9002,2ο ΝΗΠΙΑΓΩΓΕΙΟ ΑΓΙΩΝ ΘΕΟΔΩΡΩΝ,23.144324,37.937121
9003,17ο ΝΗΠΙΑΓΩΓΕΙΟ ΚΟΡΙΝΘΟΥ,,
9004,16ο ΝΗΠΙΑΓΩΓΕΙΟ ΚΟΡΙΝΘΟΥ,,
9005,ΝΗΠΙΑΓΩΓΕΙΟ ΚΑΡΥΩΤΙΚΩΝ,,
9006,ΝΗΠΙΑΓΩΓΕΙΟ ΡΙΖΑΣ,22.582596,38.043388
9007,3ο ΝΗΠΙΑΓΩΓΕΙΟ ΙΛΙΟΥ,23.688417,38.028032
9008,ΝΗΠΙΑΓΩΓΕΙΟ ΣΠΑΘΟΒΟΥΝΙΟΥ,,
9009,7ο ΝΗΠΙΑΓΩΓΕΙΟ ΠΕΤΡΟΥΠΟΛΗΣ,23.66497,38.038254
9010,43ο ΝΗΠΙΑΓΩΓΕΙΟ ΠΕΡΙΣΤΕΡΙΟΥ,23.674841,38.009233
9011,9ο ΝΗΠΙΑΓΩΓΕΙΟ ΧΑΙΔΑΡΙΟΥ,23.660024,37.997575
9012,ΝΗΠΙΑΓΩΓΕΙΟ ΚΑΙΣΑΡΙΟΥ ΚΛΗΜΕΝΤΙΟΥ,,
9013,10ο ΝΗΠΙΑΓΩΓΕΙΟ ΧΑΙΔΑΡΙΟΥ,23.657881,38.01174
9014,9ο ΝΗΠΙΑΓΩΓΕΙΟ ΑΝΩ ΛΙΟΣΙΩΝ,23.685673,38.086363
9015,3ο ΝΗΠΙΑΓΩΓΕΙΟ ΑΣΠΡΟΠΥΡΓΟΥ,23.598774,38.057107
9016,ΝΗΠΙΑΓΩΓΕΙΟ ΠΕΤΡΙΟΥ,,
9017,ΝΗΠΙΑΓΩΓΕΙΟ ΔΡΕΠΑΝΟΥ,22.89327,37.53713
9018,3ο ΝΗΠΙΑΓΩΓΕΙΟ ΝΑΥΠΛΙΟΥ,,
9019,1ο ΝΗΠΙΑΓΩΓΕΙΟ ΞΥΛΟΚΑΣΤΡΟΥ,,
9020,ΝΗΠΙΑΓΩΓΕΙΟ ΛΕΥΚΑΚΙΟΥ,22.863868,37.559438
9021,ΝΗΠΙΑΓΩΓΕΙΟ ΑΡΙΑΣ,22.830992,37.569289
9022,13ο ΝΗΠΙΑΓΩΓΕΙΟ ΚΟΡΙΝΘΟΥ,,
9023,14ο ΝΗΠΙΑΓΩΓΕΙΟ ΚΟΡΙΝΘΟΥ,,
9024,1ο ΝΗΠΙΑΓΩΓΕΙΟ ΕΡΜΙΟΝΗΣ,23.231269,37.383645
9025,ΝΗΠΙΑΓΩΓΕΙΟ ΡΟΖΕΝΩΝ,22.399379,38.119269
9026,ΝΗΠΙΑΓΩΓΕΙΟ ΑΣΙΝΗΣ,22.867773,37.543372
9027,ΝΗΠΙΑΓΩΓΕΙΟ ΙΝΑΧΟΥ,22.753198,37.663607
9028,2ο ΝΗΠΙΑΓΩΓΕΙΟ ΝΑΥΠΛΙΟΥ,22.809125,37.564593
9029,ΝΗΠΙΑΓΩΓΕΙΟ ΠΡΟΣΥΜΝΗΣ ΑΡΓΟΛΙΔΑΣ,22.843287,37.713109
9030,2ο ΝΗΠΙΑΓΩΓΕΙΟ ΒΕΛΟΥ,,
9031,1ο ΝΗΠΙΑΓΩΓΕΙΟ ΝΑΥΠΛΙΟΥ,,
9032,1ο ΝΗΠΙΑΓΩΓΕΙΟ ΚΡΑΝΙΔΙΟΥ ΕΡΜΙΟΝΗΣ,23.164054,37.375202
9033,ΝΗΠΙΑΓΩΓΕΙΟ ΔΙΔΥΜΩΝ ΕΡΜΙΟΝΗΣ,23.175127,37.460271
9034,2ο ΝΗΠΙΑΓΩΓΕΙΟ ΖΕΥΓΟΛΑΤΕΙΟΥ,,
9035,ΝΗΠΙΑΓΩΓΕΙΟ ΑΛΜΥΡΗΣ,,
9036,15ο ΝΗΠΙΑΓΩΓΕΙΟ ΚΟΡΙΝΘΟΥ,,
9037,48ο ΝΗΠΙΑΓΩΓΕΙΟ ΠΕΡΙΣΤΕΡΙΟΥ,23.69605,38.014343
9038,13ο ΝΗΠΙΑΓΩΓΕΙΟ ΧΑΙΔΑΡΙΟΥ,23.66457,38.009678
9039,7ο ΝΗΠΙΑΓΩΓΕΙΟ ΧΑΙΔΑΡΙΟΥ,23.657816,38.008006
9040,21ο ΝΗΠΙΑΓΩΓΕΙΟ ΙΛΙΟΥ,23.712656,38.030053
9041,20ο ΝΗΠΙΑΓΩΓΕΙΟ ΙΛΙΟΥ,23.699856,38.022093
9042,8ο ΝΗΠΙΑΓΩΓΕΙΟ ΜΕΓΑΡΩΝ,23.344439,37.999604
9043,10ο ΝΗΠΙΑΓΩΓΕΙΟ ΚΟΡΙΝΘΟΥ,,
9044,1ο ΝΗΠΙΑΓΩΓΕΙΟ ΑΣΚΛΗΠΙΕΙΟΥ,,
9045,ΝΗΠΙΑΓΩΓΕΙΟ ΑΡΑΧΝΑΙΟΥ ΝΑΥΠΛΙΑΣ,22.961043,37.678512
9046,ΝΗΠΙΑΓΩΓΕΙΟ ΔΗΜΑΙΝΗΣ ΝΑΥΠΛΙΑΣ,23.074214,37.692072
9047,ΝΗΠΙΑΓΩΓΕΙΟ ΜΑΝΕΣΗ ΝΑΥΠΛΙΑΣ,,
9048,ΝΗΠΙΑΓΩΓΕΙΟ ΑΓΙΟΥ ΔΗΜΗΤΡΙΟΥ ΝΑΥΠΛΙΑΣ,,
9049,23ο ΝΗΠΙΑΓΩΓΕΙΟ ΙΛΙΟΥ,23.68414,38.028773
9050,ΝΗΠΙΑΓΩΓΕΙΟ ΠΑΝΑΡΗΤΙΟΥ,,
9051,6ο ΝΗΠΙΑΓΩΓΕΙΟ ΑΣΠΡΟΠΥΡΓΟΥ,,
9052,ΝΗΠΙΑΓΩΓΕΙΟ ΗΛΙΟΚΑΣΤΡΟΥ,23.269503,37.440971
9053,ΝΗΠΙΑΓΩΓΕΙΟ ΦΙΧΤΙΟΥ,22.723908,37.723824
9054,4ο ΝΗΠΙΑΓΩΓΕΙΟ ΑΓΙΩΝ ΑΝΑΡΓΥΡΩΝ,23.715539,38.019644
9055,17ο ΝΗΠΙΑΓΩΓΕΙΟ ΠΕΡΙΣΤΕΡΙΟΥ,23.705543,38.006551
9056,2ο ΝΗΠΙΑΓΩΓΕΙΟ ΑΜΑΡΥΝΘΟΥ,23.887449,38.391993
9057,16ο ΝΗΠΙΑΓΩΓΕΙΟ ΠΕΡΙΣΤΕΡΙΟΥ,23.683349,38.008455
9058,13ο ΝΗΠΙΑΓΩΓΕΙΟ ΠΕΡΙΣΤΕΡΙΟΥ,23.672553,38.018118
9059,ΝΗΠΙΑΓΩΓΕΙΟ ΚΑΜΑΡΙΩΝ,23.172998,38.927758
9060,14ο ΝΗΠΙΑΓΩΓΕΙΟ ΠΕΡΙΣΤΕΡΙΟΥ,23.684657,38.018569
9061,ΝΗΠΙΑΓΩΓΕΙΟ ΠΑΝΤΕΙΧΙΟΥ,23.5976,38.387639
9062,ΝΗΠΙΑΓΩΓΕΙΟ ΝΕΟΥ ΠΥΡΓΟΥ ΙΣΤΙΑΙΑΣ,23.078682,38.935235
9063,ΝΗΠΙΑΓΩΓΕΙΟ ΜΑΝΤΟΥΔΙΟΥ,23.480836,38.79485
9064,ΝΗΠΙΑΓΩΓΕΙΟ ΑΣΜΗΝΙΟΥ ΙΣΤΙΑΙΑΣ,23.197854,38.99953
9065,14ο ΝΗΠΙΑΓΩΓΕΙΟ ΠΕΤΡΟΥΠΟΛΗΣ,23.674408,38.039752
9066,ΝΗΠΙΑΓΩΓΕΙΟ ΚΑΘΕΝΩΝ,23.774521,38.567908
9067,5ο ΝΗΠΙΑΓΩΓΕΙΟ ΜΕΓΑΡΩΝ,,
9068,ΝΗΠΙΑΓΩΓΕΙΟ ΠΑΛΙΟΥΡΑ,23.768503,38.588715
9069,ΝΗΠΙΑΓΩΓΕΙΟ ΚΟΡΙΝΘΟΥ ΕΙΔΙΚΟ,,
9070,6ο ΝΗΠΙΑΓΩΓΕΙΟ ΙΛΙΟΥ,23.690274,38.02738
9071,5ο ΝΗΠΙΑΓΩΓΕΙΟ ΑΓΙΩΝ ΑΝΑΡΓΥΡΩΝ,23.725266,38.03432
9072,2ο ΝΗΠΙΑΓΩΓΕΙΟ ΑΛΙΒΕΡΙΟΥ,24.04053,38.408456
9073,30ο ΝΗΠΙΑΓΩΓΕΙΟ ΙΛΙΟΥ,23.695748,38.030947
9074,3ο ΝΗΠΙΑΓΩΓΕΙΟ ΝΕΑΣ ΠΕΡΑΜΟΥ,23.431946,38.012859
9075,2ο ΝΗΠΙΑΓΩΓΕΙΟ ΜΑΓΟΥΛΑΣ,23.519826,38.076131
9076,12ο ΝΗΠΙΑΓΩΓΕΙΟ ΑΣΠΡΟΠΥΡΓΟΥ,23.59867,38.057151
9077,8ο ΝΗΠΙΑΓΩΓΕΙΟ ΚΑΜΑΤΕΡΟΥ,23.692892,38.057217
9078,13ο ΝΗΠΙΑΓΩΓΕΙΟ ΠΕΤΡΟΥΠΟΛΗΣ,23.685194,38.041152
9079,10ο ΝΗΠΙΑΓΩΓΕΙΟ ΑΓΙΑΣ ΒΑΡΒΑΡΑΣ,23.649367,37.993553
9080,8ο ΝΗΠΙΑΓΩΓΕΙΟ ΠΕΤΡΟΥΠΟΛΗΣ,23.674956,38.03306
9081,42ο ΝΗΠΙΑΓΩΓΕΙΟ ΠΕΡΙΣΤΕΡΙΟΥ,23.685735,37.999009
9082,7ο ΝΗΠΙΑΓΩΓΕΙΟ ΑΣΠΡΟΠΥΡΓΟΥ,,
9083,44ο ΝΗΠΙΑΓΩΓΕΙΟ ΠΕΡΙΣΤΕΡΙΟΥ,23.687264,38.010388
9084,13ο ΝΗΠΙΑΓΩΓΕΙΟ ΑΓΙΑΣ ΒΑΡΒΑΡΑΣ,23.659633,37.993481
9085,7ο ΝΗΠΙΑΓΩΓΕΙΟ ΑΝΩ ΛΙΟΣΙΩΝ,23.697079,38.086677
9086,10ο ΝΗΠΙΑΓΩΓΕΙΟ ΠΕΤΡΟΥΠΟΛΗΣ,,
9087,27ο ΝΗΠΙΑΓΩΓΕΙΟ ΑΙΓΑΛΕΩ,23.661934,37.99206
9088,7ο ΝΗΠΙΑΓΩΓΕΙΟ ΜΕΓΑΡΩΝ,23.344477,37.999589
9089,50ο ΝΗΠΙΑΓΩΓΕΙΟ ΠΕΡΙΣΤΕΡΙΟΥ,,
9090,16ο ΝΗΠΙΑΓΩΓΕΙΟ ΧΑΪΔΑΡΙΟΥ,23.663967,38.015389
9091,2ο ΝΗΠΙΑΓΩΓΕΙΟ ΚΑΡΥΣΤΟΥ,24.421507,38.016369
9092,13ο ΝΗΠΙΑΓΩΓΕΙΟ ΧΑΛΚΙΔΑΣ,,
9093,9ο ΝΗΠΙΑΓΩΓΕΙΟ ΧΑΛΚΙΔΑΣ,,
9094,5ο ΝΗΠΙΑΓΩΓΕΙΟ ΙΛΙΟΥ,23.693008,38.035646
9095,1ο ΝΗΠΙΑΓΩΓΕΙΟ ΠΕΤΡΟΥΠΟΛΗΣ,23.671382,38.043675
9096,ΝΗΠΙΑΓΩΓΕΙΟ ΠΕΡΙΣΤΕΡΙΟΥ ΕΙΔΙΚΟ,,
9097,11ο ΝΗΠΙΑΓΩΓΕΙΟ ΑΓΙΩΝ ΑΝΑΡΓΥΡΩΝ,23.725263,38.034315
9098,10ο ΝΗΠΙΑΓΩΓΕΙΟ ΚΑΜΑΤΕΡΟΥ,23.712295,38.059103
9099,12ο ΝΗΠΙΑΓΩΓΕΙΟ ΑΓΙΩΝ ΑΝΑΡΓΥΡΩΝ,23.728687,38.048635
9100,6ο ΝΗΠΙΑΓΩΓΕΙΟ ΑΓΙΑΣ ΒΑΡΒΑΡΑΣ,23.654727,37.994146
9101,ΝΗΠΙΑΓΩΓΕΙΟ ΣΚΑΦΙΔΑΚΙΟΥ,22.689027,37.562298
9102,5ο ΝΗΠΙΑΓΩΓΕΙΟ ΑΝΩ ΛΙΟΣΙΩΝ,23.683424,38.09812
9103,25ο ΝΗΠΙΑΓΩΓΕΙΟ ΠΕΡΙΣΤΕΡΙΟΥ,23.673014,38.004201
9104,26ο ΝΗΠΙΑΓΩΓΕΙΟ ΠΕΡΙΣΤΕΡΙΟΥ,23.690482,38.005459
9105,10ο ΝΗΠΙΑΓΩΓΕΙΟ ΑΣΠΡΟΠΥΡΓΟΥ,,
9106,45ο ΝΗΠΙΑΓΩΓΕΙΟ ΠΕΡΙΣΤΕΡΙΟΥ,23.66834,38.022803
9107,22ο ΝΗΠΙΑΓΩΓΕΙΟ ΙΛΙΟΥ,23.710013,38.026501
9108,1ο ΝΗΠΙΑΓΩΓΕΙΟ ΕΛΕΥΣΙΝΑΣ,,
9109,12ο ΝΗΠΙΑΓΩΓΕΙΟ ΠΕΤΡΟΥΠΟΛΗΣ,23.677881,38.045788
9110,47ο ΝΗΠΙΑΓΩΓΕΙΟ ΠΕΡΙΣΤΕΡΙΟΥ,23.670973,38.014652
9111,10ο ΝΗΠΙΑΓΩΓΕΙΟ ΑΓΙΩΝ ΑΝΑΡΓΥΡΩΝ,23.720567,38.031523
9112,ΝΗΠΙΑΓΩΓΕΙΟ ΠΟΛΙΤΙΚΩΝ,23.544658,38.592934
9113,ΝΗΠΙΑΓΩΓΕΙΟ ΦΑΡΟΥ ΑΥΛΙΔΑΣ,23.620785,38.397603
9114,ΝΗΠΙΑΓΩΓΕΙΟ ΠΑΡΑΛΙΑΣ ΑΥΛΙΔΑΣ,,
9115,12ο ΝΗΠΙΑΓΩΓΕΙΟ ΧΑΙΔΑΡΙΟΥ,23.660061,38.004842
9116,8ο ΝΗΠΙΑΓΩΓΕΙΟ ΑΝΩ ΛΙΟΣΙΩΝ,23.699157,38.093763
9117,11ο ΝΗΠΙΑΓΩΓΕΙΟ ΧΑΙΔΑΡΙΟΥ,23.628204,38.014767
9118,ΝΗΠΙΑΓΩΓΕΙΟ ΚΕΧΡΙΩΝ,23.364111,38.807501
9119,14ο ΝΗΠΙΑΓΩΓΕΙΟ ΧΑΙΔΑΡΙΟΥ,23.660339,38.006456
9120,27ο ΝΗΠΙΑΓΩΓΕΙΟ ΙΛΙΟΥ,23.707127,38.02135
9121,28ο ΝΗΠΙΑΓΩΓΕΙΟ ΙΛΙΟΥ,23.706333,38.030753
9122,25ο ΝΗΠΙΑΓΩΓΕΙΟ ΙΛΙΟΥ,23.69595,38.041916
9123,10ο ΝΗΠΙΑΓΩΓΕΙΟ ΑΝΩ ΛΙΟΣΙΩΝ,23.690427,38.080708
9124,26ο ΝΗΠΙΑΓΩΓΕΙΟ ΙΛΙΟΥ,23.690346,38.026429
9125,8ο ΝΗΠΙΑΓΩΓΕΙΟ ΕΛΕΥΣΙΝΑΣ,23.541839,38.038631
9126,9ο ΝΗΠΙΑΓΩΓΕΙΟ ΚΑΜΑΤΕΡΟΥ,23.698052,38.050106
9127,29ο ΝΗΠΙΑΓΩΓΕΙΟ ΑΙΓΑΛΕΩ,23.672324,37.99975
9128,ΝΗΠΙΑΓΩΓΕΙΟ ΚΑΣΤΡΑΚΙΟΥ,22.596832,37.891125
9129,15ο ΝΗΠΙΑΓΩΓΕΙΟ ΠΕΤΡΟΥΠΟΛΗΣ,23.665366,38.036183
9130,6ο ΝΗΠΙΑΓΩΓΕΙΟ ΜΑΝΔΡΑΣ,23.501989,38.06497
9131,2ο ΝΗΠΙΑΓΩΓΕΙΟ ΝΕΑΣ ΠΕΡΑΜΟΥ,,
9132,30ο ΝΗΠΙΑΓΩΓΕΙΟ ΑΙΓΑΛΕΩ,23.66661,38.003952
9133,6ο ΝΗΠΙΑΓΩΓΕΙΟ ΑΝΩ ΛΙΟΣΙΩΝ,23.697081,38.086676
9134,32ο ΝΗΠΙΑΓΩΓΕΙΟ ΠΕΡΙΣΤΕΡΙΟΥ,23.677681,38.026021
9135,33ο ΝΗΠΙΑΓΩΓΕΙΟ ΠΕΡΙΣΤΕΡΙΟΥ,23.693213,38.012782
9136,3ο ΝΗΠΙΑΓΩΓΕΙΟ ΜΕΓΑΡΩΝ,,
9137,20ο ΝΗΠΙΑΓΩΓΕΙΟ ΠΕΡΙΣΤΕΡΙΟΥ,23.699585,38.015076
9138,17ο ΝΗΠΙΑΓΩΓΕΙΟ ΑΙΓΑΛΕΩ,23.667516,38.000919
9139,6ο ΝΗΠΙΑΓΩΓΕΙΟ ΚΙΑΤΟΥ,,
9140,22ο ΝΗΠΙΑΓΩΓΕΙΟ ΠΕΡΙΣΤΕΡΙΟΥ,23.676284,38.011693
9141,21ο ΝΗΠΙΑΓΩΓΕΙΟ ΠΕΡΙΣΤΕΡΙΟΥ,23.690081,37.997992
9142,17ο ΝΗΠΙΑΓΩΓΕΙΟ ΙΛΙΟΥ,23.692393,38.032753
9143,18ο ΝΗΠΙΑΓΩΓΕΙΟ ΙΛΙΟΥ,23.699329,38.037263
9144,30ο ΝΗΠΙΑΓΩΓΕΙΟ ΠΕΡΙΣΤΕΡΙΟΥ,23.69567,38.004457
9145,34ο ΝΗΠΙΑΓΩΓΕΙΟ ΠΕΡΙΣΤΕΡΙΟΥ,23.680353,38.023219
9146,35ο ΝΗΠΙΑΓΩΓΕΙΟ ΠΕΡΙΣΤΕΡΙΟΥ,23.681322,38.012663
9147,2ο ΝΗΠΙΑΓΩΓΕΙΟ ΑΣΚΛΗΠΙΕΙΟΥ,,
9148,15ο ΝΗΠΙΑΓΩΓΕΙΟ ΧΑΙΔΑΡΙΟΥ,23.644497,38.019308
9149,37ο ΝΗΠΙΑΓΩΓΕΙΟ ΠΕΡΙΣΤΕΡΙΟΥ,23.684657,38.018569
9150,16ο ΝΗΠΙΑΓΩΓΕΙΟ ΑΙΓΑΛΕΩ,23.663422,37.988177
9151,14ο ΝΗΠΙΑΓΩΓΕΙΟ ΑΙΓΑΛΕΩ,23.669975,37.986269
9152,15ο ΝΗΠΙΑΓΩΓΕΙΟ ΙΛΙΟΥ,23.695722,38.030968
9153,14ο ΝΗΠΙΑΓΩΓΕΙΟ ΙΛΙΟΥ,23.710025,38.026483
9154,10ο ΝΗΠΙΑΓΩΓΕΙΟ ΕΛΕΥΣΙΝΑΣ,23.54121,38.047419
9155,5ο ΝΗΠΙΑΓΩΓΕΙΟ ΧΑΙΔΑΡΙΟΥ,23.644145,38.00831
9156,2ο ΝΗΠΙΑΓΩΓΕΙΟ ΜΕΓΑΡΩΝ,,
9157,4ο ΝΗΠΙΑΓΩΓΕΙΟ ΑΝΩ ΛΙΟΣΙΩΝ,23.708434,38.087626
9158,3ο ΝΗΠΙΑΓΩΓΕΙΟ ΚΑΜΑΤΕΡΟΥ,,
9159,8ο ΝΗΠΙΑΓΩΓΕΙΟ ΑΓΙΩΝ ΑΝΑΡΓΥΡΩΝ,23.728703,38.048635
9160,7ο ΝΗΠΙΑΓΩΓΕΙΟ ΑΓΙΩΝ ΑΝΑΡΓΥΡΩΝ,23.7232,38.02841
9161,28ο ΝΗΠΙΑΓΩΓΕΙΟ ΠΕΡΙΣΤΕΡΙΟΥ,23.673793,38.009637
9162,11ο ΝΗΠΙΑΓΩΓΕΙΟ ΕΛΕΥΣΙΝΑΣ,23.537297,38.036218
9163,11ο ΝΗΠΙΑΓΩΓΕΙΟ ΙΛΙΟΥ,23.710869,38.040318
9164,1ο ΝΗΠΙΑΓΩΓΕΙΟ ΜΕΓΑΡΩΝ,23.344134,37.993022
9165,20ο ΝΗΠΙΑΓΩΓΕΙΟ ΑΙΓΑΛΕΩ,23.675569,37.986182
9166,13ο ΝΗΠΙΑΓΩΓΕΙΟ ΑΙΓΑΛΕΩ,23.679906,37.994942
9167,29ο ΝΗΠΙΑΓΩΓΕΙΟ ΠΕΡΙΣΤΕΡΙΟΥ,23.693351,38.004347
9168,9ο ΝΗΠΙΑΓΩΓΕΙΟ ΑΙΓΑΛΕΩ,23.663064,37.982694
9169,ΝΗΠΙΑΓΩΓΕΙΟ ΣΤΙΜΑΓΚΑΣ,22.700573,37.908211
9170,ΝΗΠΙΑΓΩΓΕΙΟ ΣΤΥΡΩΝ,24.241178,38.1549
9171,2ο ΝΗΠΙΑΓΩΓΕΙΟ ΜΑΝΔΡΑΣ,23.485633,38.071347
9172,ΝΗΠΙΑΓΩΓΕΙΟ ΑΓΙΟΥ ΙΩΑΝΝΟΥ ΕΥΒΟΙΑΣ,24.006731,38.445767
9173,1ο ΝΗΠΙΑΓΩΓΕΙΟ ΚΥΜΗΣ,24.104862,38.635188
9174,2ο ΝΗΠΙΑΓΩΓΕΙΟ ΑΙΓΑΛΕΩ,23.673694,37.987416
9175,5ο ΝΗΠΙΑΓΩΓΕΙΟ ΑΙΓΑΛΕΩ,23.686449,37.993296
9176,ΝΗΠΙΑΓΩΓΕΙΟ ΚΟΝΙΣΤΡΩΝ,24.062075,38.573096
9177,3ο ΝΗΠΙΑΓΩΓΕΙΟ ΑΙΓΑΛΕΩ,23.671435,37.997719
9178,4ο ΝΗΠΙΑΓΩΓΕΙΟ ΑΙΓΑΛΕΩ,23.669725,37.985642
9179,39ο ΝΗΠΙΑΓΩΓΕΙΟ ΠΕΡΙΣΤΕΡΙΟΥ,23.669642,38.023917
9180,ΝΗΠΙΑΓΩΓΕΙΟ ΙΣΘΜΙΑΣ,23.005994,37.909187
9181,1ο ΝΗΠΙΑΓΩΓΕΙΟ ΑΣΠΡΟΠΥΡΓΟΥ,23.588019,38.057914
9182,6ο ΝΗΠΙΑΓΩΓΕΙΟ ΚΟΡΙΝΘΟΥ,,
9183,1ο ΝΗΠΙΑΓΩΓΕΙΟ ΑΙΓΑΛΕΩ,23.678357,37.989657
9184,2ο ΝΗΠΙΑΓΩΓΕΙΟ ΑΣΠΡΟΠΥΡΓΟΥ,23.592873,38.066131
9185,ΝΗΠΙΑΓΩΓΕΙΟ ΑΓΙΟΥ ΒΑΣΙΛΕΙΟΥ,22.806564,37.792324
9186,ΝΗΠΙΑΓΩΓΕΙΟ ΓΟΥΒΩΝ,23.246225,39.001436
9187,4ο ΝΗΠΙΑΓΩΓΕΙΟ ΧΑΙΔΑΡΙΟΥ,23.655276,38.010813
9188,ΝΗΠΙΑΓΩΓΕΙΟ ΒΙΤΑΛΟΥ ΕΥΒΟΙΑΣ,24.056472,38.631174
9189,6ο ΝΗΠΙΑΓΩΓΕΙΟ ΑΙΓΑΛΕΩ,23.665598,38.000359
9190,1ο ΝΗΠΙΑΓΩΓΕΙΟ ΑΛΙΒΕΡΙΟΥ,24.040476,38.408439
9191,ΝΗΠΙΑΓΩΓΕΙΟ ΑΥΛΩΝΑΡΙΟΥ ΕΥΒΟΙΑΣ,,
9192,2ο ΝΗΠΙΑΓΩΓΕΙΟ ΧΑΙΔΑΡΙΟΥ,23.64694,38.016279
9193,ΝΗΠΙΑΓΩΓΕΙΟ ΝΕΑΣ ΤΙΡΥΝΘΑΣ,22.821497,37.607208
9194,2ο ΝΗΠΙΑΓΩΓΕΙΟ ΠΕΡΙΣΤΕΡΙΟΥ,23.685774,38.014107
9195,ΝΗΠΙΑΓΩΓΕΙΟ ΑΓΙΑΣ ΤΡΙΑΔΑΣ,22.807831,37.636927
9196,2ο ΝΗΠΙΑΓΩΓΕΙΟ ΑΝΩ ΛΙΟΣΙΩΝ,23.699135,38.075146
9197,26ο ΝΗΠΙΑΓΩΓΕΙΟ ΑΙΓΑΛΕΩ,23.663075,37.982659
9198,ΝΗΠΙΑΓΩΓΕΙΟ ΑΡΧΑΙΑΣ ΕΠΙΔΑΥΡΟΥ,23.149792,37.635418
9199,ΝΗΠΙΑΓΩΓΕΙΟ ΑΓΙΟΥ ΠΡΟΚΟΠΙΟΥ,,
9200,ΝΗΠΙΑΓΩΓΕΙΟ ΔΑΛΑΜΑΝΑΡΑΣ,22.769186,37.616601
9201,1o ΝΗΠΙΑΓΩΓΕΙΟ ΠΟΡΤΟΧΕΛΙΟΥ,23.137392,37.323603
9202,ΝΗΠΙΑΓΩΓΕΙΟ ΘΕΡΜΗΣΙΑΣ,23.322175,37.409421
9203,7ο ΝΗΠΙΑΓΩΓΕΙΟ ΑΡΓΟΥΣ,22.725035,37.62903
9204,8ο ΝΗΠΙΑΓΩΓΕΙΟ ΑΡΓΟΥΣ,,
9205,ΝΗΠΙΑΓΩΓΕΙΟ ΕΛΛΗΝΙΚΟΥ,,
9206,ΝΗΠΙΑΓΩΓΕΙΟ ΚΕΦΑΛΑΡΙΟΥ,22.688124,37.595798
9207,ΝΗΠΙΑΓΩΓΕΙΟ ΜΥΛΩΝ,22.714511,37.54957
9208,ΝΗΠΙΑΓΩΓΕΙΟ ΝΕΟΥ ΡΟΙΝΟΥ,,
9209,4ο ΝΗΠΙΑΓΩΓΕΙΟ ΝΑΥΠΛΙΟΥ,,
9210,ΝΗΠΙΑΓΩΓΕΙΟ ΑΓΡΙΛΙΤΣΑΣ,22.695717,37.634809
9211,ΝΗΠΙΑΓΩΓΕΙΟ ΣΚΟΤΕΙΝΗΣ,,
9212,ΝΗΠΙΑΓΩΓΕΙΟ ΛΥΡΚΕΙΑΣ,22.552761,37.702997
9213,5ο ΝΗΠΙΑΓΩΓΕΙΟ ΝΑΥΠΛΙΟΥ,,
9214,ΝΗΠΙΑΓΩΓΕΙΟ ΚΟΥΤΣΟΠΟΔΙΟΥ,22.711525,37.68429
9215,6ο ΝΗΠΙΑΓΩΓΕΙΟ ΑΡΓΟΥΣ,22.727291,37.64034
9216,4ο ΝΗΠΙΑΓΩΓΕΙΟ ΑΡΓΟΥΣ,22.731346,37.62771
9217,1ο ΝΗΠΙΑΓΩΓΕΙΟ ΖΕΦΥΡΙΟΥ,23.716401,38.060073
9218,ΝΗΠΙΑΓΩΓΕΙΟ ΣΧΙΝΟΧΩΡΙΟΥ,22.625736,37.678776
9219,3ο ΝΗΠΙΑΓΩΓΕΙΟ ΑΡΓΟΥΣ,,
9220,2ο ΝΗΠΙΑΓΩΓΕΙΟ ΑΡΓΟΥΣ,22.732564,37.633771
9221,1ο ΝΗΠΙΑΓΩΓΕΙΟ ΑΡΓΟΥΣ,22.725299,37.63131
9222,1ο ΝΗΠΙΑΓΩΓΕΙΟ ΑΝΩ ΛΙΟΣΙΩΝ,23.681976,38.091687
9223,ΝΗΠΙΑΓΩΓΕΙΟ ΝΕΑΣ ΚΙΟΥ,22.745772,37.591843
9224,6ο ΝΗΠΙΑΓΩΓΕΙΟ ΠΕΡΙΣΤΕΡΙΟΥ,23.699323,38.011473
9225,ΝΗΠΙΑΓΩΓΕΙΟ ΖΑΡΑΚΩΝ,,
9226,3ο ΝΗΠΙΑΓΩΓΕΙΟ ΠΕΡΙΣΤΕΡΙΟΥ,23.685159,38.024513
9227,1ο ΝΗΠΙΑΓΩΓΕΙΟ ΝΕΑΣ ΑΡΤΑΚΗΣ,23.639951,38.512043
9228,1ο ΝΗΠΙΑΓΩΓΕΙΟ ΔΡΟΣΙΑΣ,,
9229,4ο ΝΗΠΙΑΓΩΓΕΙΟ ΠΕΡΙΣΤΕΡΙΟΥ,23.68082,38.003488
9230,5ο ΝΗΠΙΑΓΩΓΕΙΟ ΠΕΡΙΣΤΕΡΙΟΥ,23.696155,38.014343
9231,2ο ΝΗΠΙΑΓΩΓΕΙΟ ΙΣΤΙΑΙΑΣ,23.150634,38.953134
9232,1ο ΝΗΠΙΑΓΩΓΕΙΟ ΑΓΙΩΝ ΑΝΑΡΓΥΡΩΝ,23.7232,38.028398
9233,1ο ΝΗΠΙΑΓΩΓΕΙΟ ΚΑΜΑΤΕΡΟΥ,23.702664,38.057342
9234,ΝΗΠΙΑΓΩΓΕΙΟ ΛΑΛΟΥΚΑ,,
9235,ΝΗΠΙΑΓΩΓΕΙΟ ΠΟΥΛΑΚΙΔΑΣ,,
9236,1ο ΝΗΠΙΑΓΩΓΕΙΟ ΣΚΥΡΟΥ ΕΥΒΟΙΑΣ,,
9237,9ο ΝΗΠΙΑΓΩΓΕΙΟ ΑΡΓΟΥΣ,,
9238,10ο ΝΗΠΙΑΓΩΓΕΙΟ ΑΡΓΟΥΣ,,
9239,8ο ΝΗΠΙΑΓΩΓΕΙΟ ΑΙΓΑΛΕΩ,23.672337,37.999909
9240,31ο ΝΗΠΙΑΓΩΓΕΙΟ ΠΕΡΙΣΤΕΡΙΟΥ,23.693351,38.004347
9241,1ο ΝΗΠΙΑΓΩΓΕΙΟ ΕΡΕΤΡΙΑΣ,23.797201,38.391518
9242,ΝΗΠΙΑΓΩΓΕΙΟ ΜΕΣΣΙΝΟΥ ,22.340056,37.888572
9243,4ο ΝΗΠΙΑΓΩΓΕΙΟ ΜΕΓΑΡΩΝ,23.330846,37.989532
9244,ΝΗΠΙΑΓΩΓΕΙΟ ΒΙΛΛΙΩΝ,,
9245,3ο ΝΗΠΙΑΓΩΓΕΙΟ ΠΕΤΡΟΥΠΟΛΗΣ,23.671616,38.035192
9246,ΝΗΠΙΑΓΩΓΕΙΟ ΜΑΚΡΥΚΑΠΑΣ,23.746705,38.609051
9247,3ο ΝΗΠΙΑΓΩΓΕΙΟ ΜΑΝΔΡΑΣ,,
9248,4ο ΝΗΠΙΑΓΩΓΕΙΟ ΙΛΙΟΥ,23.699856,38.022093
9249,ΝΗΠΙΑΓΩΓΕΙΟ ΤΡΙΑΔΑΣ,23.713689,38.579907
9250,1ο ΝΗΠΙΑΓΩΓΕΙΟ ΒΑΣΙΛΙΚΟΥ,23.672763,38.42841
9251,2ο ΝΗΠΙΑΓΩΓΕΙΟ ΕΛΕΥΣΙΝΑΣ,23.529977,38.047958
9252,3ο ΝΗΠΙΑΓΩΓΕΙΟ ΕΛΕΥΣΙΝΑΣ,23.540087,38.038064
9253,4ο ΝΗΠΙΑΓΩΓΕΙΟ ΕΛΕΥΣΙΝΑΣ,23.53577,38.046692
9254,1ο ΝΗΠΙΑΓΩΓΕΙΟ ΜΑΝΔΡΑΣ,23.49006,38.065725
9255,3ο ΝΗΠΙΑΓΩΓΕΙΟ ΧΑΛΚΙΔΑΣ,23.580733,38.468445
9256,2ο ΝΗΠΙΑΓΩΓΕΙΟ ΧΑΛΚΙΔΑΣ,,
9257,4ο ΝΗΠΙΑΓΩΓΕΙΟ ΧΑΛΚΙΔΑΣ,,
9258,ΝΗΠΙΑΓΩΓΕΙΟ ΜΕΓΑΛΟΥ ΒΑΛΤΟΥ,22.654606,38.002465
9259,24ο ΝΗΠΙΑΓΩΓΕΙΟ ΙΛΙΟΥ,23.69595,38.041916
9260,3ο ΝΗΠΙΑΓΩΓΕΙΟ ΖΕΦΥΡΙΟΥ,23.719226,38.06865
9261,5ο ΝΗΠΙΑΓΩΓΕΙΟ ΜΑΝΔΡΑΣ,23.499657,38.063795
9262,12ο ΝΗΠΙΑΓΩΓΕΙΟ ΑΓΙΑΣ ΒΑΡΒΑΡΑΣ,23.659384,37.982266
9263,28ο ΝΗΠΙΑΓΩΓΕΙΟ ΑΙΓΑΛΕΩ,23.670622,37.994558
9264,7ο ΝΗΠΙΑΓΩΓΕΙΟ ΕΛΕΥΣΙΝΑΣ,23.529889,38.047923
9265,3ο ΝΗΠΙΑΓΩΓΕΙΟ ΑΓΙΩΝ ΑΝΑΡΓΥΡΩΝ,23.70948,38.018593
9266,ΝΗΠΙΑΓΩΓΕΙΟ ΔΑΦΝΗΣ ΚΕΧΡΙΩΝ,,
9267,18ο ΝΗΠΙΑΓΩΓΕΙΟ ΠΕΡΙΣΤΕΡΙΟΥ,23.699585,38.015076
9268,9ο ΝΗΠΙΑΓΩΓΕΙΟ ΙΛΙΟΥ,23.706609,38.030698
9269,ΝΗΠΙΑΓΩΓΕΙΟ ΣΤΡΟΠΩΝΩΝ,23.892476,38.616294
9270,ΝΗΠΙΑΓΩΓΕΙΟ ΟΚΤΩΝΙΑΣ ΕΥΒΟΙΑΣ,,
9271,ΝΗΠΙΑΓΩΓΕΙΟ ΟΞΥΛΙΘΟΥ ΕΥΒΟΙΑΣ,24.113162,38.578573
9272,ΝΗΠΙΑΓΩΓΕΙΟ ΒΑΣΙΛΙΚΩΝ,23.358009,38.965562
9273,10ο ΝΗΠΙΑΓΩΓΕΙΟ ΙΛΙΟΥ,23.705803,38.040001
9274,6ο ΝΗΠΙΑΓΩΓΕΙΟ ΑΓΙΩΝ ΑΝΑΡΓΥΡΩΝ,23.710858,38.023513
9275,19ο ΝΗΠΙΑΓΩΓΕΙΟ ΠΕΡΙΣΤΕΡΙΟΥ,23.709161,38.011924
9276,5ο ΝΗΠΙΑΓΩΓΕΙΟ ΠΕΤΡΟΥΠΟΛΗΣ,23.679921,38.0355
9277,10ο ΝΗΠΙΑΓΩΓΕΙΟ ΠΕΡΙΣΤΕΡΙΟΥ,23.69008,37.997991
9278,11ο ΝΗΠΙΑΓΩΓΕΙΟ ΑΙΓΑΛΕΩ,23.671451,37.979876
9279,ΝΗΠΙΑΓΩΓΕΙΟ ΜΟΝΟΔΡΙΟΥ ΕΥΒΟΙΑΣ,24.08013,38.542735
9280,12ο ΝΗΠΙΑΓΩΓΕΙΟ ΑΙΓΑΛΕΩ,23.661934,37.99206
9281,1ο ΝΗΠΙΑΓΩΓΕΙΟ ΧΑΙΔΑΡΙΟΥ,23.651157,38.003351
9282,11ο ΝΗΠΙΑΓΩΓΕΙΟ ΠΕΡΙΣΤΕΡΙΟΥ,23.684657,38.018569
9283,1ο ΝΗΠΙΑΓΩΓΕΙΟ ΑΜΑΡΥΝΘΟΥ,23.887491,38.39196
9284,1ο ΝΗΠΙΑΓΩΓΕΙΟ ΑΓΙΑΣ ΒΑΡΒΑΡΑΣ,23.65202,37.989583
9285,1ο ΝΗΠΙΑΓΩΓΕΙΟ ΠΕΡΙΣΤΕΡΙΟΥ,23.699309,38.011577
9286,4ο ΝΗΠΙΑΓΩΓΕΙΟ ΜΑΝΔΡΑΣ,,
9287,3ο ΝΗΠΙΑΓΩΓΕΙΟ ΑΓΙΑΣ ΒΑΡΒΑΡΑΣ,23.657046,37.989701
9288,5ο ΝΗΠΙΑΓΩΓΕΙΟ ΑΓΙΑΣ ΒΑΡΒΑΡΑΣ,23.660463,37.986073
9289,5ο ΝΗΠΙΑΓΩΓΕΙΟ ΑΡΓΟΥΣ,22.716428,37.62779
9290,7ο ΝΗΠΙΑΓΩΓΕΙΟ ΧΑΛΚΙΔΑΣ,,
9291,9ο ΝΗΠΙΑΓΩΓΕΙΟ ΑΣΠΡΟΠΥΡΓΟΥ,,
9292,6ο ΝΗΠΙΑΓΩΓΕΙΟ ΧΑΛΚΙΔΑΣ,23.592443,38.45921
9293,2ο ΝΗΠΙΑΓΩΓΕΙΟ ΞΥΛΟΚΑΣΤΡΟΥ,,
9294,ΝΗΠΙΑΓΩΓΕΙΟ ΝΕΟΥ ΗΡΑΙΟΥ,,
9295,ΝΗΠΙΑΓΩΓΕΙΟ ΞΥΛΟΚΕΡΙΖΑΣ,22.944544,37.881007
9296,ΝΗΠΙΑΓΩΓΕΙΟ ΚΟΥΤΑΛΑ,,
9297,ΝΗΠΙΑΓΩΓΕΙΟ ΜΟΥΛΚΙΟΥ,,
9298,ΝΗΠΙΑΓΩΓΕΙΟ ΚΑΜΑΡΙΟΥ,,
9299,46ο ΝΗΠΙΑΓΩΓΕΙΟ ΠΕΡΙΣΤΕΡΙΟΥ,23.677359,38.005791
9300,19ο ΝΗΠΙΑΓΩΓΕΙΟ ΙΛΙΟΥ,23.698294,38.02565
9301,ΝΗΠΙΑΓΩΓΕΙΟ ΣΟΛΟΜΟΥ,22.889991,37.875059
9302,11ο ΝΗΠΙΑΓΩΓΕΙΟ ΠΕΤΡΟΥΠΟΛΗΣ,23.67979,38.035499
9303,11ο ΝΗΠΙΑΓΩΓΕΙΟ ΑΓΙΑΣ ΒΑΡΒΑΡΑΣ,23.655533,37.991088
9304,ΝΗΠΙΑΓΩΓΕΙΟ ΚΛΕΝΙΑΣ,,
9305,"ΙΔΙΩΤΙΚΟ ΓΥΜΝΑΣΙΟ ""ΕΚΠΑΙΔΕΥΤΗΡΙΑ Θ. ΠΑΠΑΧΑΡΑΛΑΜΠΟΥΣ ΑΕΕ""",,
9306,"ΙΔΙΩΤΙΚΟ ΓΥΜΝΑΣΙΟ ""ΕΚΠΑΙΔΕΥΤΗΡΙΑ Η ΕΛΛΗΝΙΚΗ ΠΑΙΔΕΙΑ""",,
9307,"ΙΔΙΩΤΙΚΟ ΓΥΜΝΑΣΙΟ ""ΕΚΠΑΙΔΕΥΤΗΡΙΑ Ι. ΤΣΙΑΜΟΥΛΗ""",,
9308,"ΙΔΙΩΤΙΚΟ ΓΥΜΝΑΣΙΟ ""ΕΚΠΑΙΔΕΥΤΗΡΙΑ ΔΟΥΚΑ ΠΑΛΛΑΔΙΟΝ""",,
9309,"ΙΔΙΩΤΙΚΟ ΓΥΜΝΑΣΙΟ ""ΣΤ. ΚΑΠΑΡΟΣ""",,
9310,"ΙΔΙΩΤΙΚΟ ΓΥΜΝΑΣΙΟ ""Σ. ΑΥΓΟΥΛΕΑ - ΛΙΝΑΡΔΑΤΟΥ""",,
9311,"ΙΔΙΩΤΙΚΟ ΓΥΜΝΑΣΙΟ ""ΕΚΠΑΙΔΕΥΤΗΡΙΑ ΕΥΡΙΠΙΔΗΣ""",,
9312,"ΙΔΙΩΤΙΚΟ ΓΥΜΝΑΣΙΟ ""ΜΕΝ. ΞΑΝΘΟΣ""",,
9313,"ΙΔΙΩΤΙΚΟ ΓΥΜΝΑΣΙΟ ""Μ. ΒΑΣΚΑ""",,
9314,"ΙΔΙΩΤΙΚΟ ΓΥΜΝΑΣΙΟ ""ΕΛΛΗΝΟΑΜΕΡΙΚΑΝΙΚΟ ΕΚΠΑΙΔΕΥΤΙΚΟ ΙΔΡΥΜΑ""",,
9315,"ΙΔΙΩΤΙΚΟ ΓΥΜΝΑΣΙΟ ""ΒΑΣ. ΠΡΟΒΑΤΑ""",,
9316,"ΙΔΙΩΤΙΚΟ ΓΥΜΝΑΣΙΟ ""ΑΡΙΣΤΟΤΕΛΕΙΟ ΚΟΡΙΝΘΙΑΚΟ ΕΚΠΑΙΔΕΥΤΗΡΙΟ""",,
9317,"ΙΔΙΩΤΙΚΟ ΓΥΜΝΑΣΙΟ ""ΝΕΟ ΣΧΟΛΕΙΟ"" ΑΡΓΟΛΙΔΑΣ",,
9318,"ΙΔΙΩΤΙΚΟ ΓΥΜΝΑΣΙΟ ""Η ΕΥΡΩΠΑΙΚΗ ΠΑΙΔΕΙΑ""",,
9319,"ΙΔΙΩΤΙΚΟ ΓΥΜΝΑΣΙΟ ""ΑΦΟΙ ΔΙΑΜΑΝΤΟΠΟΥΛΟΥ""",,
9320,"ΙΔΙΩΤΙΚΟ ΓΥΜΝΑΣΙΟ ""Κ. ΣΤΕΓΚΑΣ""",,
9321,ΙΔΙΩΤΙΚΟ ΓΥΜΝΑΣΙΟ ΑΠΟΣΤΟΛΟΣ ΠΑΥΛΟΣ,,
9322,"ΙΔΙΩΤΙΚΟ ΓΥΜΝΑΣΙΟ ""ΕΚΠΑΙΔΕΥΤΗΡΙΑ Β. ΚΑΡΓΑΚΟΥ & ΣΙΑ""",,
9323,"ΙΔΙΩΤΙΚΟ ΓΥΜΝΑΣΙΟ ΕΛΛΗΝΟΓΑΛΛΙΚΗΣ ΣΧΟΛΗΣ ""JEANNE D""",,
9324,"ΙΔΙΩΤΙΚΟ ΓΥΜΝΑΣΙΟ ""ΣΥΓΧΡΟΝΗ ΠΑΙΔΕΙΑ-ΚΟΥΤΡΟΥΜΠΗ""",,
9325,"ΙΔΙΩΤΙΚΟ ΓΥΜΝΑΣΙΟ ""ΒΥΖΑΝΤΙΟ""",,
9326,"ΙΔΙΩΤΙΚΟ ΕΝΙΑΙΟ ΛΥΚΕΙΟ ""ΣΤ.ΚΑΠΑΡΟΣ"" ΕΣΠΕΡΙΝΟ",,
9327,"ΙΔΙΩΤΙΚΟ ΕΝΙΑΙΟ ΛΥΚΕΙΟ ""ΕΚΠΑΙΔΕΥΤΗΡΙΑ Β. ΚΑΡΓΑΚΟΥ & ΣΙΑ""",,
9328,"ΙΔΙΩΤΙΚΟ ΕΝΙΑΙΟ ΛΥΚΕΙΟ ""Σ. ΑΥΓΟΥΛΕΑ-ΛΙΝΑΡΔΑΤΟΥ""",,
9329,"ΙΔΙΩΤΙΚΟ ΕΝΙΑΙΟ ΛΥΚΕΙΟ ""ΒΥΖΑΝΤΙΟ""",,
9330,"ΙΔΙΩΤΙΚΟ ΕΝΙΑΙΟ ΛΥΚΕΙΟ ""ΕΚΠΑΙΔΕΥΤΗΡΙΑ Ι. ΤΣΙΑΜΟΥΛΗ""",,
9331,"ΙΔΙΩΤΙΚΟ ΕΝΙΑΙΟ ΛΥΚΕΙΟ ""ΑΦΟΙ ΔΙΑΜΑΝΤΟΠΟΥΛΟΥ""",,
9332,"ΙΔΙΩΤΙΚΟ ΕΝΙΑΙΟ ΛΥΚΕΙΟ ΕΛΛΗΝΟΓΑΛΛΙΚΗΣ ΣΧΟΛΗΣ ""JEAN",,
9333,"ΙΔΙΩΤΙΚΟ ΕΝΙΑΙΟ ΛΥΚΕΙΟ ""ΑΡΙΣΤΟΤΕΛΕΙΟ ΚΟΡΙΝΘΙΑΚΟ ΕΚΠΑΙΔΕΥΤΗΡΙΟ""",,
9334,"ΙΔΙΩΤΙΚΟ ΕΝΙΑΙΟ ΛΥΚΕΙΟ ""ΣΤ.ΚΑΠΑΡΟΣ""",,
9335,"ΙΔΙΩΤΙΚΟ ΕΝΙΑΙΟ ΛΥΚΕΙΟ ""ΒΑΣ. ΠΡΟΒΑΤΑ""",,
9336,"ΙΔΙΩΤΙΚΟ ΕΝΙΑΙΟ ΛΥΚΕΙΟ ""ΝΕΟ ΣΧΟΛΕΙΟ"" ΑΡΓΟΛΙΔΑΣ",,
9337,"ΙΔΙΩΤΙΚΟ ΕΝΙΑΙΟ ΛΥΚΕΙΟ ""ΣΥΓΧΡΟΝΗ ΠΑΙΔΕΙΑ-ΚΟΥΤΡΟΥΜΠΗ""",,
9338,"ΙΔΙΩΤΙΚΟ ΕΝΙΑΙΟ ΛΥΚΕΙΟ ""ΜΕΝ. ΞΑΝΘΟΣ""",,
9339,ΙΔΙΩΤΙΚΟ ΕΝΙΑΙΟ ΛΥΚΕΙΟ ΑΠΟΣΤΟΛΟΣ ΠΑΥΛΟΣ,,
9340,"ΙΔΙΩΤΙΚΟ ΕΝΙΑΙΟ ΛΥΚΕΙΟ ""ΔΙΑΜΑΝΤΗ ΦΛ.""",,
9341,"ΙΔΙΩΤΙΚΟ ΕΝΙΑΙΟ ΛΥΚΕΙΟ ""ΘΕΜΙΣΤΟΚΛΗΣ""",,
9342,"ΙΔΙΩΤΙΚΟ ΕΝΙΑΙΟ ΛΥΚΕΙΟ ""ΕΚΠΑΙΔΕΥΤΗΡΙΑ Θ. ΠΑΠΑΧΑΡΑΛΑΜΠΟΥΣ ΑΕΕ""",,
9343,ΙΔΙΩΤΙΚΟ ΤΕΕ ΜΕΛΕΤΗ ΠΑΝΑΓΙΩΤΑ,,
9344,"ΙΔΙΩΤΙΚΟ ΤΕΕ ""ΣΗΜ"" Σ.ΚΑΠΑΡΟΥ",,
9345,ΙΔΙΩΤΙΚΟ ΣΕ-ΤΕΕ ΜΙΣΕΛ ΑΘΗΝΑΣ,,
9346,ΙΔΙΩΤΙΚΟ ΤΕΕ ΣΙΤΑΜ ΑΒ ΑΘΗΝΑΣ,,
9347,ΙΔΙΩΤΙΚΟ ΣΕ-ΤΕΕ ΜΕΛΕΤΗ ΠΑΝΑΓΙΩΤΑ ΚΟΡΙΝΘΟΥ,,
9348,ΤΕΧΝΙΚΟ ΕΠΑΓΓΕΛΜΑΤΙΚΟ ΕΚΠΑΙΔΕΥΤΗΡΙΟ ΠΡΩΤΕΑΣ,,
9349,ΚΕΝΤΡΟ ΠΕΡΙΒΑΛΛΟΝΤΙΚΗΣ ΕΚΠΑΙΔΕΥΣΗΣ ΝΕΑΣ ΚΙΟΥ-ΑΡΓΟΛΙΔΑΣ,,
9350,ΣΧΟΛΕΙΟ ΔΕΥΤΕΡΗΣ ΕΥΚΑΙΡΙΑΣ ΠΕΡΙΣΤΕΡΙΟΥ,,
9351,ΣΧΟΛΕΙΟ ΔΕΥΤΕΡΗΣ ΕΥΚΑΙΡΙΑΣ ΑΛΙΒΕΡΙΟΥ,24.040503,38.408375
9352,ΣΧΟΛΕΙΟ ΔΕΥΤΕΡΗΣ ΕΥΚΑΙΡΙΑΣ ΑΓΙΩΝ ΑΝΑΡΓΥΡΩΝ,,
9353,ΣΧΟΛΕΙΟ ΔΕΥΤΕΡΗΣ ΕΥΚΑΙΡΙΑΣ ΑΣΣΟΥ-ΛΕΧΑΙΟΥ,,
9354,ΔΗΜΟΤΙΚΗ ΒΙΒΛΙΟΘΗΚΗ ΜΑΝΔΡΑΣ,,
9355,"ΔΗΜΟΤΙΚΗ ΒΙΒΛΙΟΘΗΚΗ ΕΛΕΥΣΙΝΑΣ ""ΑΙΣΧΥΛΕΙΑ""",,
9356,ΔΗΜΟΣΙΑ ΒΙΒΛΙΟΘΗΚΗ ΧΑΛΚΙΔΑΣ ΚΕΝΤΡΙΚΗ,,
9357,ΔΗΜΟΣΙΑ ΒΙΒΛΙΟΘΗΚΗ ΝΑΥΠΛΙΟΥ ΚΕΝΤΡΙΚΗ,,
9358,ΓΕΝΙΚΑ ΑΡΧΕΙΑ ΤΟΥ ΚΡΑΤΟΥΣ-ΑΡΧΕΙΑ Ν. ΚΟΡΙΝΘΙΑΣ,,
9359,ΓΕΝΙΚΑ ΑΡΧΕΙΑ ΤΟΥ ΚΡΑΤΟΥΣ-ΚΕΝΤΡΙΚΗ ΥΠΗΡΕΣΙΑ,23.721884,37.979873
9360,ΓΕΝΙΚΑ ΑΡΧΕΙΑ ΤΟΥ ΚΡΑΤΟΥΣ-ΑΡΧΕΙΑ Ν. ΕΥΒΟΙΑΣ,,
9361,ΓΕΝΙΚΑ ΑΡΧΕΙΑ ΤΟΥ ΚΡΑΤΟΥΣ-ΑΡΧΕΙΑ Ν. ΑΡΓΟΛΙΔΑΣ,,
9362,ΓΕΝΙΚΑ ΑΡΧΕΙΑ ΤΟΥ ΚΡΑΤΟΥΣ-ΤΟΠΙΚΟ ΑΡΧΕΙΟ ΛΙΜΝΗΣ ΕΥΒΟΙΑΣ,,
9363,ΚΕΝΤΡΟ ΕΚΠΑΙΔΕΥΤΙΚΗΣ ΕΡΕΥΝΑΣ,,
9364,ΚΕΝΤΡΟ ΕΚΠΑΙΔΕΥΤΙΚΗΣ ΕΡΕΥΝΑΣ - ΓΡΑΦΕΙΟ ΤΕΚΜΗΡΙΩΣΗΣ ΤΡΙΤΟΒΑΘΜΙΑΣ,,
9365,ΥΠΗΡΕΣΙΑ ΔΙΑΧΕΙΡΙΣΗΣ ΕΠΕΑΕΚ - ΥΠΕΠΘ,,
9366,ΕΙΔΙΚΟ ΕΡΓΑΣΤΗΡΙΟ ΕΠΑΓΓΕΛΜΑΤΙΚΗΣ ΕΚΠΑΙΔΕΥΣΗΣ ΚΑΙ ΚΑΤΑΡΤΙΣΗΣ ΑΙΓΑΛΕΩ,23.666403,37.979177
9367,ΕΙΔΙΚΟ ΕΡΓΑΣΤΗΡΙΟ ΕΠΑΓΓΕΛΜΑΤΙΚΗΣ ΕΚΠΑΙΔΕΥΣΗΣ ΚΑΙ ΚΑΤΑΡΤΙΣΗΣ ΑΡΓΟΛΙΔΑΣ,,
9368,ΕΙΔΙΚΟ ΕΡΓΑΣΤΗΡΙΟ ΕΠΑΓΓΕΛΜΑΤΙΚΗΣ ΕΚΠΑΙΔΕΥΣΗΣ ΚΑΙ ΚΑΤΑΡΤΙΣΗΣ ΕΥΒΟΙΑΣ,,
9369,ΕΙΔΙΚΟ ΕΡΓΑΣΤΗΡΙΟ ΕΠΑΓΓΕΛΜΑΤΙΚΗΣ ΕΚΠΑΙΔΕΥΣΗΣ ΚΑΙ ΚΑΤΑΡΤΙΣΗΣ ΚΟΡΙΝΘΟΥ,,
9370,ΕΙΔΙΚΟ ΕΡΓΑΣΤΗΡΙΟ ΕΠΑΓΓΕΛΜΑΤΙΚΗΣ ΕΚΠΑΙΔΕΥΣΗΣ ΚΑΙ ΚΑΤΑΡΤΙΣΗΣ ΕΛΕΥΣΙΝΑΣ,,
9371,"ΙΔΙΩΤΙΚΟ ΔΗΜΟΤΙΚΟ ΣΧΟΛΕΙΟ ""ΕΚΠΑΙΔΕΥΤΗΡΙΟ ΓΙΑΝΝΗΜΑΡΑ ΔΙΟΝΥΣΙΟΥ""",,
9372,"ΙΔΙΩΤΙΚΟ ΔΗΜΟΤΙΚΟ ΣΧΟΛΕΙΟ ""ΣΧΟΛΗ ΧΙΛΛ""",,
9373,"ΙΔΙΩΤΙΚΟ ΔΗΜΟΤΙΚΟ ΣΧΟΛΕΙΟ ""ΕΛΙΣΑΒΕΤΕΙΟ""",,
9374,"ΙΔΙΩΤΙΚΟ ΔΗΜΟΤΙΚΟ ΣΧΟΛΕΙΟ ""ΠΑΝΤΑΖΟΠΟΥΛΟΥ ΜΑΡΙΑ""",,
9375,"ΙΔΙΩΤΙΚΟ ΔΗΜΟΤΙΚΟ ΣΧΟΛΕΙΟ ""Ι. ΤΣΙΑΜΟΥΛΗ""",,
9376,"ΙΔΙΩΤΙΚΟ ΔΗΜΟΤΙΚΟ ΣΧΟΛΕΙΟ ""ΔΗΜΗΤΡΙΟΥ ΧΑΛΙΚΙΑ""",,
9377,"2ο ΙΔΙΩΤΙΚΟ ΔΗΜΟΤΙΚΟ ΣΧΟΛΕΙΟ ""Σ. ΑΥΓΟΥΛΕΑ - ΛΙΝΑΡΔΑΤΟΥ ΑΕΕ""",,
9378,"ΙΔΙΩΤΙΚΟ ΔΗΜΟΤΙΚΟ ΣΧΟΛΕΙΟ ""ΕΚΠΑΙΔΕΥΤΗΡΙΑ Θ. ΠΑΠΑΧΑΡΑΛΑΜΠΟΥΣ ΑΕΕ""",,
9379,"ΙΔΙΩΤΙΚΟ ΔΗΜΟΤΙΚΟ ΣΧΟΛΕΙΟ ""ΝΕΑ ΓΝΩΣΗ""",,
9380,"ΙΔΙΩΤΙΚΟ ΔΗΜΟΤΙΚΟ ΣΧΟΛΕΙΟ ""ΠΡΟΤΥΠΑ ΕΚΠΑΙΔΕΥΤΗΡΙΑ ΑΔΕΛΦΩΝ ΜΑΛΤΕΖΟΥ""",,
9381,"ΙΔΙΩΤΙΚΟ ΔΗΜΟΤΙΚΟ ΣΧΟΛΕΙΟ ""ΜΟΝΤΕΣΣΟΡΙΑΝΗ ΣΧΟΛΗ ΑΘΗΝΩΝ""",,
9382,"1ο ΙΔΙΩΤΙΚΟ ΔΗΜΟΤΙΚΟ ΣΧΟΛΕΙΟ ""Σ. ΑΥΓΟΥΛΕΑ -ΛΙΝΑΡΔΑΤΟΥ ΑΕΕ""",,
9383,"ΙΔΙΩΤΙΚΟ ΔΗΜΟΤΙΚΟ ΣΧΟΛΕΙΟ ""ΘΕΜΙΣΤΟΚΛΗ ΒΑΘΕΙΑ""",,
9384,"ΙΔΙΩΤΙΚΟ ΔΗΜΟΤΙΚΟ ΣΧΟΛΕΙΟ ""ΜΑΡΙΑ ΓΙΑΝΝΑΚΟΠΟΥΛΟΥ""",,
9385,"ΙΔΙΩΤΙΚΟ ΔΗΜΟΤΙΚΟ ΣΧΟΛΕΙΟ ""ΑΡΜΕΝΙΚΟΣ ΚΥΑΝΟΥΣ ΣΤΑΥΡΟΣ"" ΝΕΟΣ ΚΟΣΜΟΣ",,
9386,"ΙΔΙΩΤΙΚΟ ΔΗΜΟΤΙΚΟ ΣΧΟΛΕΙΟ ""Η ΘΕΟΜΗΤΩΡ""",,
9387,"ΙΔΙΩΤΙΚΟ ΔΗΜΟΤΙΚΟ ΣΧΟΛΕΙΟ ""ΒΥΖΑΝΤΙΟΝ""",,
9388,"ΙΔΙΩΤΙΚΟ ΔΗΜΟΤΙΚΟ ΣΧΟΛΕΙΟ ""ΑΦΟΙ Ι. ΔΙΑΜΑΝΤΟΠΟΥΛΟΥ""",,
9389,"ΙΔΙΩΤΙΚΟ ΔΗΜΟΤΙΚΟ ΣΧΟΛΕΙΟ ""ΣΧΟΛΗ ΡΑΔΟΥ""",,
9390,"ΙΔΙΩΤΙΚΟ ΔΗΜΟΤΙΚΟ ΣΧΟΛΕΙΟ ""ΝΕΑ ΠΑΙΔΕΙΑ""",,
9391,"ΙΔΙΩΤΙΚΟ ΔΗΜΟΤΙΚΟ ""ΑΡΙΣΤΟΤΕΛΕΙΟ ΚΟΡΙΝΘΙΑΚΟ ΕΚΠΑΙΔΕΥΤΗΡΙΟ""",,
9392,"ΙΔΙΩΤΙΚΟ ΔΗΜΟΤΙΚΟ ΣΧΟΛΕΙΟ ""ΚΑΝΑΣΗ-ΚΑΝΤΕΜΙΡΗ""",,
9393,"ΙΔΙΩΤΙΚΟ ΔΗΜΟΤΙΚΟ ΣΧΟΛΕΙΟ ""ΣΥΛΛΟΓΟΣ Η ΕΛΛ. ΠΑΙΔΕΙΑ""",,
9394,"ΙΔΙΩΤΙΚΟ ΔΗΜΟΤΙΚΟ ΣΧΟΛΕΙΟ ""ΣΦΗΚΑ-ΚΑΣΣΑΒΗΤΑ""",,
9395,"ΙΔΙΩΤΙΚΟ ΔΗΜΟΤΙΚΟ ΣΧΟΛΕΙΟ ""ΣΧΟΛΗ ΑΡΜΟΥΤΗ Η ΠΡΟΟΔΟΣ""",,
9396,"ΙΔΙΩΤΙΚΟ ΔΗΜΟΤΙΚΟ ΣΧΟΛΕΙΟ ""Π.ΣΑΜΠΑΝΗ""",,
9397,"ΙΔΙΩΤΙΚΟ ΝΗΠΙΑΓΩΓΕΙΟ ""Σ.ΑΥΓΟΥΛΕΑ-ΛΙΝΑΡΔΑΤΟΥ""",,
9398,"ΙΔΙΩΤΙΚΟ ΝΗΠΙΑΓΩΓΕΙΟ ""Αφοι Ι. ΔΙΑΜΑΝΤΟΠΟΥΛΟΥ""",,
9399,ΓΡΑΦΕΙΟ ΠΕΡΙΒΑΛΛΟΝΤΙΚΗΣ ΕΚΠΑΙΔΕΥΣΗΣ Δ.Ε. ΔΥΤΙΚΗΣ ΑΤΤΙΚΗΣ,,
9400,ΓΡΑΦΕΙΟ ΠΕΡΙΒΑΛΛΟΝΤΙΚΗΣ ΕΚΠΑΙΔΕΥΣΗΣ Δ.Ε. ΕΥΒΟΙΑΣ,,
9401,ΓΡΑΦΕΙΟ ΠΕΡΙΒΑΛΛΟΝΤΙΚΗΣ ΕΚΠΑΙΔΕΥΣΗΣ Δ.Ε. Γ' ΑΘΗΝΩΝ,23.672615,37.990515
9402,ΓΡΑΦΕΙΟ ΠΕΡΙΒΑΛΛΟΝΤΙΚΗΣ ΕΚΠΑΙΔΕΥΣΗΣ Δ.Ε. ΑΡΓΟΛΙΔΑΣ,,
9403,ΓΡΑΦΕΙΟ ΠΕΡΙΒΑΛΛΟΝΤΙΚΗΣ ΕΚΠΑΙΔΕΥΣΗΣ Δ.Ε. ΚΟΡΙΝΘΙΑΣ,,
9404,ΚΕΝΤΡΟ ΔΙΑΓΝΩΣΗΣ ΑΞΙΟΛΟΓΗΣΗΣ ΚΑΙ ΥΠΟΣΤΗΡΙΞΗΣ ΑΤΟΜΩΝ ΜΕ ΕΙΔΙΚΕΣ ΕΚΠΑΙΔΕΥΤΙΚΕΣ ΑΝΑΓΚΕΣ ΕΥΒΟΙΑΣ,,
9405,ΚΕΝΤΡΟ ΔΙΑΓΝΩΣΗΣ ΑΞΙΟΛΟΓΗΣΗΣ ΚΑΙ ΥΠΟΣΤΗΡΙΞΗΣ ΑΤΟΜΩΝ ΜΕ ΕΙΔΙΚΕΣ ΕΚΠΑΙΔΕΥΤΙΚΕΣ ΑΝΑΓΚΕΣ ΑΘΗΝΑΣ,23.666472,37.979312
9406,ΚΕΝΤΡΟ ΔΙΑΓΝΩΣΗΣ ΑΞΙΟΛΟΓΗΣΗΣ ΚΑΙ ΥΠΟΣΤΗΡΙΞΗΣ ΑΤΟΜΩΝ ΜΕ ΕΙΔΙΚΕΣ ΕΚΠΑΙΔΕΥΤΙΚΕΣ ΑΝΑΓΚΕΣ ΔΥΤ. ΑΤΤΙΚΗΣ,,
9407,ΚΕΝΤΡΟ ΔΙΑΓΝΩΣΗΣ ΑΞΙΟΛΟΓΗΣΗΣ ΚΑΙ ΥΠΟΣΤΗΡΙΞΗΣ ΑΤΟΜΩΝ ΜΕ ΕΙΔΙΚΕΣ ΕΚΠΑΙΔΕΥΤΙΚΕΣ ΑΝΑΓΚΕΣ ΑΡΓΟΛΙΔΑΣ,,
9408,ΚΕΝΤΡΟ ΔΙΑΓΝΩΣΗΣ ΑΞΙΟΛΟΓΗΣΗΣ ΚΑΙ ΥΠΟΣΤΗΡΙΞΗΣ ΑΤΟΜΩΝ ΜΕ ΕΙΔΙΚΕΣ ΕΚΠΑΙΔΕΥΤΙΚΕΣ ΑΝΑΓΚΕΣ ΚΟΡΙΝΘΙΑΣ,,
9409,ΠΕΡΙΦΕΡΕΙΑΚΗ ΔΙΕΥΘΥΝΣΗ ΕΚΠΑΙΔΕΥΣΗΣ ΑΤΤΙΚΗΣ,23.753684,37.984047
9410,ΓΡΑΦΕΙΟ ΣΧΟΛΙΚΩΝ ΣΥΜΒΟΥΛΩΝ Π.Ε. 34ης ΠΕΡΙΦΕΡΕΙΑΣ ΑΘΗΝΩΝ,,
9411,ΓΡΑΦΕΙΟ ΣΧΟΛΙΚΩΝ ΣΥΜΒΟΥΛΩΝ Π.Ε. 33ης ΠΕΡΙΦΕΡΕΙΑΣ ΑΘΗΝΩΝ,23.713096,37.982919
9412,ΚΕΝΤΡΟ ΕΠΑΓΓΕΛΜΑΤΙΚΗΣ ΚΑΤΑΡΤΙΣΗΣ ΑΘΗΝΑΣ,,
9413,ΚΕΝΤΡΟ ΕΠΑΓΓΕΛΜΑΤΙΚΗΣ ΚΑΤΑΡΤΙΣΗΣ ΧΑΙΔΑΡΙΟΥ,,
9414,ΟΡΓΑΝΙΣΜΟΣ ΕΠΙΜΟΡΦΩΣΗΣ ΕΚΠΑΙΔΕΥΤΙΚΩΝ,23.725841,37.987296
9415,ΠΑΡΑΡΤΗΜΑ ΔΙΕΥΘΥΝΣΗΣ ΣΧΟΛΙΚΩΝ ΒΙΒΛΙΟΘΗΚΩΝ,,
9416,ΔΙΕΥΘΥΝΣΗ ΕΙΔΙΚΗΣ ΑΓΩΓΗΣ ΥΠΕΠΘ,23.728223,37.974831
9417,ΤΜΗΜΑ ΕΙΔΙΚΗΣ ΑΓΩΓΗΣ ΠΑΙΔΑΓΩΓΙΚΟΥ ΙΝΣΤΙΤΟΥΤΟΥ,,
9418,ΚΟΜΒΟΣ ΔΙΑΝΟΜΗΣ ΠΣΔ ΝΟΜΟΥ ΑΡΓΟΛΙΔΑΣ,,
9419,ΚΟΜΒΟΣ ΔΙΑΝΟΜΗΣ ΠΣΔ ΝΟΜΟΥ ΚΟΡΙΝΘΙΑΣ,,
9420,ΚΟΜΒΟΣ ΔΙΑΝΟΜΗΣ ΠΣΔ ΝΟΜΟΥ ΕΥΒΟΙΑΣ,,
9421,HELPDESK ΤΕΙ ΑΘΗΝΑΣ,23.666624,38.001626
9422,ΚΕΝΤΡΟ ΕΚΠΑΙΔΕΥΣΗΣ ΕΝΗΛΙΚΩΝ ΑΡΓΟΛΙΔΑΣ.,,
9423,ΚΕΝΤΡΟ ΕΚΠΑΙΔΕΥΣΗΣ ΕΝΗΛΙΚΩΝ ΑΙΓΑΛΕΩ,,
9424,ΚΕΝΤΡΟ ΕΚΠΑΙΔΕΥΣΗΣ ΕΝΗΛΙΚΩΝ ΚΟΡΙΝΘΙΑΣ,,
9425,1ο ΓΥΜΝΑΣΙΟ ΚΟΖΑΝΗΣ,21.784707,40.298294
9426,2ο ΓΥΜΝΑΣΙΟ ΚΟΖΑΝΗΣ,21.796969,40.299438
9427,ΔΗΜΟΤΙΚΟ ΣΧΟΛΕΙΟ ΜΙΧΟΙΟΥ,,
9428,4ο ΓΥΜΝΑΣΙΟ ΚΟΖΑΝΗΣ,21.790047,40.289185
9429,ΓΥΜΝΑΣΙΟ ΑΙΑΝΗΣ ΚΟΖΑΝΗΣ,21.82302,40.164143
9430,ΓΥΜΝΑΣΙΟ ΚΟΖΑΝΗΣ ΠΕΙΡΑΜΑΤΙΚΟ,21.78993,40.28925
9431,6ο ΓΥΜΝΑΣΙΟ ΚΟΖΑΝΗΣ,21.777722,40.300443
9432,ΓΥΜΝΑΣΙΟ ΤΣΟΤΥΛΙΟΥ,21.32745,40.260413
9433,ΓΥΜΝΑΣΙΟ ΕΡΑΤΥΡΑΣ,21.51535,40.342052
9434,ΓΥΜΝΑΣΙΟ ΚΟΖΑΝΗΣ ΕΣΠΕΡΙΝΟ,21.797463,40.293956
9435,ΓΥΜΝΑΣΙΟ ΝΕΑΠΟΛΗΣ ΚΟΖΑΝΗΣ,21.389307,40.311367
9436,ΓΥΜΝΑΣΙΟ ΛΕΥΚΟΠΗΓΗΣ,21.75272,40.229007
9437,ΔΗΜΟΤΙΚΟ ΣΧΟΛΕΙΟ ΤΡΙΠΟΤΑΜΩΝ ΚΑΛΑΒΡΥΤΩΝ,,
9438,ΓΥΜΝΑΣΙΟ ΠΕΡΔΙΚΚΑ,21.698181,40.561361
9439,ΓΥΜΝΑΣΙΟ ΚΡΟΚΟΥ ΚΟΖΑΝΗΣ,21.817376,40.260961
9440,ΓΥΜΝΑΣΙΟ ΞΗΡΟΛΙΜΝΗΣ ΚΟΖΑΝΗΣ,21.657429,40.299443
9441,ΓΥΜΝΑΣΙΟ ΤΡΑΝΟΒΑΛΤΟΥ ΚΟΖΑΝΗΣ,21.868921,40.057903
9442,3ο ΓΥΜΝΑΣΙΟ ΠΤΟΛΕΜΑΙΔΑΣ,21.66481,40.507689
9443,ΓΥΜΝΑΣΙΟ ΣΙΑΤΙΣΤΑΣ ΤΡΑΜΠΑΝΤΖΕΙΟ,21.548896,40.258828
9444,ΓΥΜΝΑΣΙΟ ΚΑΠΝΟΧΩΡΙΟΥ,21.979398,40.358341
9445,ΔΗΜΟΤΙΚΟ ΣΧΟΛΕΙΟ ΨΩΦΙΔΑΣ ΚΑΛΑΒΡΥΤΩΝ,22.077139,37.889027
9446,ΓΥΜΝΑΣΙΟ ΣΙΑΤΙΣΤΑΣ ΜΟΥΣΙΚΟ,21.548896,40.258828
9447,ΓΥΜΝΑΣΙΟ ΒΕΛΒΕΝΤΟΥ,22.072255,40.255646
9448,4ο ΓΥΜΝΑΣΙΟ ΠΤΟΛΕΜΑΙΔΑΣ,21.681957,40.517964
9449,ΓΥΜΝΑΣΙΟ ΔΕΣΚΑΤΗΣ,21.427819,40.082859
9450,2ο ΓΥΜΝΑΣΙΟ ΓΡΕΒΕΝΩΝ,21.434717,40.082667
9451,1ο ΓΥΜΝΑΣΙΟ ΓΡΕΒΕΝΩΝ,21.418234,40.069789
9452,ΓΥΜΝΑΣΙΟ ΓΑΛΑΤΕΙΑΣ ΚΟΖΑΝΗΣ,21.599539,40.556002
9453,ΓΥΜΝΑΣΙΟ ΓΑΛΑΤΙΝΗΣ ΚΟΖΑΝΗΣ,21.554786,40.314769
9454,1ο ΓΥΜΝΑΣΙΟ ΠΤΟΛΕΜΑΙΔΑΣ,21.679729,40.506904
9455,3ο ΓΥΜΝΑΣΙΟ ΚΟΖΑΝΗΣ,21.798349,40.294455
9456,5ο ΓΥΜΝΑΣΙΟ ΠΤΟΛΕΜΑΙΔΑΣ,21.679813,40.506667
9457,ΓΥΜΝΑΣΙΟ ΠΤΟΛΕΜΑΪΔΑΣ ΜΟΥΣΙΚΟ,21.679999,40.516273
9458,ΓΥΜΝΑΣΙΟ ΣΕΡΒΙΩΝ,21.997287,40.183625
9459,5ο ΓΥΜΝΑΣΙΟ ΚΟΖΑΝΗΣ,21.796901,40.299445
9460,ΓΥΜΝΑΣΙΟ ΠΑΛΑΙΟΧΩΡΙΟΥ ΓΡΕΒΕΝΩΝ,21.427819,40.082859
9461,ΓΥΜΝΑΣΙΟ ΑΝΑΡΡΑΧΗΣ ΕΜΠΟΡΙΟΥ,21.573033,40.491467
9462,ΓΥΜΝΑΣΙΟ ΚΙΒΩΤΟΥ ΓΡΕΒΕΝΩΝ,21.427819,40.082859
9463,ΓΥΜΝΑΣΙΟ ΠΟΝΤΟΚΩΜΗΣ ΚΟΖΑΝΗΣ,21.764214,40.408682
9464,2ο ΓΥΜΝΑΣΙΟ ΠΤΟΛΕΜΑΙΔΑΣ,21.679716,40.516478
9465,ΓΥΜΝΑΣΙΟ ΑΓΙΟΥ ΧΡΙΣΤΟΦΟΡΟΥ,21.757298,40.514554
9466,"ΓΥΜΝΑΣΙΟ ΠΕΝΤΑΛΟΦΟΥ ""ΚΑΡΟΥΤΕΙΟ""",21.143313,40.193924
9467,ΓΥΜΝΑΣΙΟ ΑΝΩ ΚΩΜΗΣ ΚΟΖΑΝΗΣ,21.831202,40.225956
9468,ΓΥΜΝΑΣΙΟ ΑΝΑΤΟΛΙΚΟΥ,,
9469,1ο ΕΝΙΑΙΟ ΛΥΚΕΙΟ ΚΟΖΑΝΗΣ,21.785042,40.306615
9470,2ο ΕΝΙΑΙΟ ΛΥΚΕΙΟ ΚΟΖΑΝΗΣ,21.797131,40.293788
9471,2ο ΕΝΙΑΙΟ ΛΥΚΕΙΟ ΠΤΟΛΕΜΑΙΔΑΣ,21.683199,40.506749
9472,1ο ΕΝΙΑΙΟ ΛΥΚΕΙΟ ΠΤΟΛΕΜΑΙΔΑΣ,21.683161,40.506959
9473,ΕΝΙΑΙΟ ΛΥΚΕΙΟ ΝΕΑΠΟΛΗΣ ΚΟΖΑΝΗΣ,21.389307,40.311367
9474,2ο ΕΝΙΑΙΟ ΛΥΚΕΙΟ ΓΡΕΒΕΝΩΝ,21.434717,40.082667
9475,ΕΝΙΑΙΟ ΛΥΚΕΙΟ ΚΑΡΠΕΡΟΥ ΓΡΕΒΕΝΩΝ,21.623846,39.947879
9476,ΕΝΙΑΙΟ ΛΥΚΕΙΟ ΔΕΣΚΑΤΗΣ ΓΡΕΒΕΝΩΝ,21.812375,39.924222
9477,ΕΝΙΑΙΟ ΛΥΚΕΙΟ ΣΕΡΒΙΩΝ,21.997287,40.183625
9478,3ο ΕΝΙΑΙΟ ΛΥΚΕΙΟ ΚΟΖΑΝΗΣ,21.789048,40.289711
9479,1ο ΕΝΙΑΙΟ ΛΥΚΕΙΟ ΓΡΕΒΕΝΩΝ,21.418234,40.069789
9480,ΕΝΙΑΙΟ ΛΥΚΕΙΟ ΒΕΛΒΕΝΤΟΥ,22.072255,40.255646
9481,ΕΝΙΑΙΟ ΛΥΚΕΙΟ ΚΟΖΑΝΗΣ ΕΣΠΕΡΙΝΟ,21.797359,40.293891
9482,3ο ΕΝΙΑΙΟ ΛΥΚΕΙΟ ΠΤΟΛΕΜΑΙΔΑΣ,21.682448,40.51801
9483,4ο ΕΝΙΑΙΟ ΛΥΚΕΙΟ ΚΟΖΑΝΗΣ,21.779813,40.284795
9484,ΕΝΙΑΙΟ ΛΥΚΕΙΟ ΣΙΑΤΙΣΤΑΣ,21.548896,40.258828
9485,ΕΝΙΑΙΟ ΛΥΚΕΙΟ ΕΡΑΤΥΡΑΣ,21.51535,40.342052
9486,ΕΝΙΑΙΟ ΛΥΚΕΙΟ ΤΣΟΤΥΛΙΟΥ,21.32745,40.260413
9487,2ο ΤΕΕ ΠΤΟΛΕΜΑΙΔΑΣ,21.671113,40.515172
9488,3ο ΤΕΕ ΠΤΟΛΕΜΑΙΔΑΣ,21.664767,40.508025
9489,3ο ΤΕΕ ΚΟΖΑΝΗΣ,21.801499,40.299411
9490,1ο ΤΕΕ ΓΡΕΒΕΝΩΝ,21.440978,40.087418
9491,4ο ΤΕΕ ΚΟΖΑΝΗΣ ΕΣΠΕΡΙΝΟ,21.8017,40.299496
9492,1ο ΤΕΕ ΠΤΟΛΕΜΑΙΔΑΣ,21.664755,40.507956
9493,1ο ΤΕΕ ΣΕΡΒΙΩΝ,21.997287,40.183625
9494,1ο ΤΕΕ ΚΟΖΑΝΗΣ,21.801625,40.299468
9495,2ο ΤΕΕ ΚΟΖΑΝΗΣ,21.797236,40.293831
9496,1ο ΤΕΕ ΣΙΑΤΙΣΤΑΣ,21.548896,40.258828
9497,1ο ΤΕΕ ΔΕΣΚΑΤΗΣ,21.812375,39.924222
9498,1ο ΣΕΚ ΓΡΕΒΕΝΩΝ,,
9499,1ο ΣΕΚ ΚΟΖΑΝΗΣ,21.801567,40.299444
9500,2ο ΣΕΚ ΚΟΖΑΝΗΣ (ΠΤΟΛΕΜΑΙΔΑΣ),21.664754,40.507871
9501,ΔΗΜΟΤΙΚΟ ΣΧΟΛΕΙΟ ΓΑΛΑΤΙΝΗΣ ΒΟΙΟΥ,21.553833,40.313866
9502,ΔΗΜΟΤΙΚΟ ΣΧΟΛΕΙΟ ΠΡΟΑΣΤΙΟΥ ΕΟΡΔΑΙΑΣ,,
9503,2ο ΔΗΜΟΤΙΚΟ ΣΧΟΛΕΙΟ ΣΙΑΤΙΣΤΑΣ ΒΟΙΟΥ,21.547878,40.25817
9504,ΔΗΜΟΤΙΚΟ ΣΧΟΛΕΙΟ ΤΕΤΡΑΛΟΦΟΥ ΚΟΖΑΝΗΣ,21.965915,40.385482
9505,8ο ΔΗΜΟΤΙΚΟ ΣΧΟΛΕΙΟ ΠΤΟΛΕΜΑΪΔΑΣ,21.664663,40.50746
9506,5ο ΔΗΜΟΤΙΚΟ ΣΧΟΛΕΙΟ ΠΤΟΛΕΜΑΪΔΑΣ,21.680668,40.503664
9507,ΔΗΜΟΤΙΚΟ ΣΧΟΛΕΙΟ ΠΥΡΓΩΝ ΕΟΡΔΑΙΑΣ,21.834408,40.66812
9508,ΔΗΜΟΤΙΚΟ ΣΧΟΛΕΙΟ ΠΕΡΔΙΚΚΑ ΕΟΡΔΑΙΑΣ,,
9509,ΔΗΜΟΤΙΚΟ ΣΧΟΛΕΙΟ ΦΟΥΦΑ ΕΟΡΔΑΙΑΣ,21.552835,40.520879
9510,ΔΗΜΟΤΙΚΟ ΣΧΟΛΕΙΟ ΤΡΙΦΥΛΛΙΟΥ ΓΡΕΒΕΝΩΝ,,
9511,ΔΗΜΟΤΙΚΟ ΣΧΟΛΕΙΟ ΠΑΛΙΟΥΡΙΑΣ ΓΡΕΒΕΝΩΝ,21.730547,39.955633
9512,ΔΗΜΟΤΙΚΟ ΣΧΟΛΕΙΟ ΦΕΛΛΙΟΥ ΓΡΕΒΕΝΩΝ,21.534781,40.022386
9513,ΔΗΜΟΤΙΚΟ ΣΧΟΛΕΙΟ ΤΡΥΦΟΥ ΞΗΡΟΜΕΡΟΥ,21.07734,38.820328
9514,ΔΗΜΟΤΙΚΟ ΣΧΟΛΕΙΟ ΚΟΙΛΩΝ ΚΟΖΑΝΗΣ,21.791371,40.329112
9515,ΔΗΜΟΤΙΚΟ ΣΧΟΛΕΙΟ ΠΕΡΙΣΤΕΡΙΟΥ,,
9516,1ο ΔΗΜΟΤΙΚΟ ΣΧΟΛΕΙΟ ΣΙΑΤΙΣΤΑΣ ΒΟΙΟΥ,21.547878,40.25817
9517,7ο ΔΗΜΟΤΙΚΟ ΣΧΟΛΕΙΟ ΠΤΟΛΕΜΑΪΔΑΣ,21.688329,40.507871
9518,ΔΗΜΟΤΙΚΟ ΣΧΟΛΕΙΟ ΕΜΠΕΣΟΥ ΑΜΦΙΛΟΧ,,
9519,ΔΗΜΟΤΙΚΟ ΣΧΟΛΕΙΟ ΑΝΩ ΜΑΚΡΥΝΟΥΣ ΜΕΣΟΛΟΓΓΙΟΥ,21.622238,38.469696
9520,ΔΗΜΟΤΙΚΟ ΣΧΟΛΕΙΟ ΠΤΕΛΕΑΣ ΑΜΦΙΛΟΧΙΑΣ,,
9521,ΔΗΜΟΤΙΚΟ ΣΧΟΛΕΙΟ ΣΥΔΕΝΔΡΟΥ ΓΡΕΒΕΝΩΝ,21.353356,40.118956
9522,ΔΗΜΟΤΙΚΟ ΣΧΟΛΕΙΟ ΠΕΡΙΟΧΗΣ ΒΑΘΥΛΑΚΚΟΥ ΚΟΖΑΝΗΣ,21.916358,40.25489
9523,ΔΗΜΟΤΙΚΟ ΣΧΟΛΕΙΟ ΚΛΕΙΤΟΥ ΚΟΖΑΝΗΣ,21.860826,40.428813
9524,6ο ΔΗΜΟΤΙΚΟ ΣΧΟΛΕΙΟ ΚΟΖΑΝΗΣ,,
9525,ΔΗΜΟΤΙΚΟ ΣΧΟΛΕΙΟ ΠΟΝΤΟΚΩΜΗΣ ΚΟΖΑΝΗΣ,21.762847,40.408919
9526,ΔΗΜΟΤΙΚΟ ΣΧΟΛΕΙΟ ΚΟΜΠΩΤΗΣ ΞΗΡΟΜΕΡΟΥ,21.07062,38.755996
9527,ΔΗΜΟΤΙΚΟ ΣΧΟΛΕΙΟ ΕΛΕΥΘΕΡΟΥ ΠΡΟΣΦΥΓ ΓΡΕΒΕΝΩΝ,21.433999,40.151156
9528,ΔΗΜΟΤΙΚΟ ΣΧΟΛΕΙΟ ΕΛΑΤΟΥ ΓΡΕΒΕΝΩΝ,21.341249,40.077778
9529,ΔΗΜΟΤΙΚΟ ΣΧΟΛΕΙΟ ΜΙΤΟΠΟΛΗΣ ΠΑΤΡΑΣ,21.680707,38.057234
9530,ΔΗΜΟΤΙΚΟ ΣΧΟΛΕΙΟ ΠΗΓΑΔΙΤΣΗΣ ΓΡΕΒΕΝΩΝ,21.413838,39.983152
9531,ΔΗΜΟΤΙΚΟ ΣΧΟΛΕΙΟ ΑΓΙΑΣ ΘΕΚΛΑΣ,20.383813,38.246768
9532,2ο ΔΗΜΟΤΙΚΟ ΣΧΟΛΕΙΟ ΔΕΣΚΑΤΗΣ ΓΡΕΒΕΝΩΝ,21.81164,39.923448
9533,3ο ΔΗΜΟΤΙΚΟ ΣΧΟΛΕΙΟ ΓΡΕΒΕΝΩΝ,21.421508,40.075994
9534,1ο ΔΗΜΟΤΙΚΟ ΣΧΟΛΕΙΟ ΓΡΕΒΕΝΩΝ,21.425081,40.08128
9535,ΔΗΜΟΤΙΚΟ ΣΧΟΛΕΙΟ ΑΓΙΩΝ ΘΕΟΔΩΡΩΝ ΓΡΕΒΕΝΩΝ,21.508805,39.97965
9536,ΔΗΜΟΤΙΚΟ ΣΧΟΛΕΙΟ ΔΑΣΟΧΩΡΙΟΥ ΓΡΕΒΕΝΩΝ,21.819675,39.876259
9537,2ο ΔΗΜΟΤΙΚΟ ΣΧΟΛΕΙΟ ΓΡΕΒΕΝΩΝ,21.422788,40.0832
9538,6ο ΔΗΜΟΤΙΚΟ ΣΧΟΛΕΙΟ ΓΡΕΒΕΝΩΝ,,
9539,ΔΗΜΟΤΙΚΟ ΣΧΟΛΕΙΟ ΒΛΑΧΑΤΩΝ,20.627305,38.123182
9540,ΔΗΜΟΤΙΚΟ ΣΧΟΛΕΙΟ ΧΙΟΝΑΤΩΝ,20.721699,38.080163
9541,ΔΗΜΟΤΙΚΟ ΣΧΟΛΕΙΟ ΣΑΜΗΣ,20.649114,38.250624
9542,ΔΗΜΟΤΙΚΟ ΣΧΟΛΕΙΟ ΠΥΛΑΡΟΥ,,
9543,3ο ΔΗΜΟΤΙΚΟ ΣΧΟΛΕΙΟ ΔΕΣΚΑΤΗΣ,21.81164,39.923415
9544,1ο ΔΗΜΟΤΙΚΟ ΣΧΟΛΕΙΟ ΔΕΣΚΑΤΗΣ ΓΡΕΒΕΝΩΝ,21.811631,39.923488
9545,1ο ΔΗΜΟΤΙΚΟ ΣΧΟΛΕΙΟ ΓΡΕΒΕΝΩΝ ΕΙΔΙΚΟ,,
9546,4ο ΔΗΜΟΤΙΚΟ ΣΧΟΛΕΙΟ ΓΡΕΒΕΝΩΝ,21.434016,40.083991
9547,ΔΗΜΟΤΙΚΟ ΣΧΟΛΕΙΟ ΠΟΥΛΙΘΡΩΝ ΚΥΝΟΥΡΙΑΣ,22.887825,37.106444
9548,5ο ΔΗΜΟΤΙΚΟ ΣΧΟΛΕΙΟ ΓΡΕΒΕΝΩΝ,,
9549,6ο ΔΗΜΟΤΙΚΟ ΣΧΟΛΕΙΟ ΠΤΟΛΕΜΑΪΔΑΣ,21.680591,40.503494
9550,3ο ΔΗΜΟΤΙΚΟ ΣΧΟΛΕΙΟ ΣΙΑΤΙΣΤΑΣ,21.547878,40.25817
9551,ΔΗΜΟΤΙΚΟ ΣΧΟΛΕΙΟ ΜΕΓΑΛΟΥ ΣΕΙΡΗΝΙΟΥ,21.41396,40.117445
9552,ΔΗΜΟΤΙΚΟ ΣΧΟΛΕΙΟ ΤΡΟΠΑΙΩΝ ΓΟΡΤΥΝΙΑΣ,21.95663,37.732341
9553,12ο ΔΗΜΟΤΙΚΟ ΣΧΟΛΕΙΟ ΚΟΖΑΝΗΣ,,
9554,ΔΗΜΟΤΙΚΟ ΣΧΟΛΕΙΟ ΠΟΛΥΔΕΝΔΡΟΥ ΓΡΕΒΕΝΩΝ,21.482268,40.219511
9555,ΔΗΜΟΤΙΚΟ ΣΧΟΛΕΙΟ ΡΟΔΙΑΣ ΓΡΕΒΕΝΩΝ,21.330119,40.144837
9556,ΔΗΜΟΤΙΚΟ ΣΧΟΛΕΙΟ ΤΡΙΚΟΚΚΙΑΣ ΓΡΕΒΕΝΩΝ,,
9557,11ο ΔΗΜΟΤΙΚΟ ΣΧΟΛΕΙΟ ΚΟΖΑΝΗΣ,,
9558,ΔΗΜΟΤΙΚΟ ΣΧΟΛΕΙΟ ΟΛΥΜΠΙΑΔΑΣ ΕΟΡΔΑΙΑΣ,,
9559,4ο ΔΗΜΟΤΙΚΟ ΣΧΟΛΕΙΟ ΣΕΡΒΙΩΝ,21.998041,40.182165
9560,9ο ΔΗΜΟΤΙΚΟ ΣΧΟΛΕΙΟ ΚΟΖΑΝΗΣ,,
9561,8ο ΔΗΜΟΤΙΚΟ ΣΧΟΛΕΙΟ ΚΟΖΑΝΗΣ,,
9562,ΔΗΜΟΤΙΚΟ ΣΧΟΛΕΙΟ ΠΕΝΤΑΒΡΥΣΟΥ,,
9563,15ο ΔΗΜΟΤΙΚΟ ΣΧΟΛΕΙΟ ΚΟΖΑΝΗΣ,,
9564,ΔΗΜΟΤΙΚΟ ΣΧΟΛΕΙΟ ΚΟΖΑΝΗΣ ΕΙΔΙΚΟ,,
9565,ΔΗΜΟΤΙΚΟ ΣΧΟΛΕΙΟ ΚΝΙΔΗΣ,21.594759,40.095635
9566,ΔΗΜΟΤΙΚΟ ΣΧΟΛΕΙΟ ΠΤΟΛΕΜΑΪΔΑΣ ΕΙΔΙΚΟ,21.688332,40.507774
9567,ΔΗΜΟΤΙΚΟ ΣΧΟΛΕΙΟ ΚΑΜΑΡΑΣ ΜΕΓΑΛΟΠΟΛΗΣ,22.181249,37.250634
9568,ΔΗΜΟΤΙΚΟ ΣΧΟΛΕΙΟ ΜΥΓΔΑΛΙΑΣ ΓΟΡΤΥΝΙΑΣ,22.081481,37.747913
9569,ΔΗΜΟΤΙΚΟ ΣΧΟΛΕΙΟ ΜΥΡΣΙΝΗΣ ΓΡΕΒΕΝΩΝ,21.475093,40.121676
9570,5ο ΔΗΜΟΤΙΚΟ ΣΧΟΛΕΙΟ ΚΟΖΑΝΗΣ,,
9571,ΔΗΜΟΤΙΚΟ ΣΧΟΛΕΙΟ ΠΡΩΤΟΧΩΡΙΟΥ ΚΟΖΑΝΗΣ,21.747807,40.243633
9572,ΔΗΜΟΤΙΚΟ ΣΧΟΛΕΙΟ ΜΑΥΡΟΔΕΝΔΡΙΟΥ,21.77304,40.381067
9573,ΔΗΜΟΤΙΚΟ ΣΧΟΛΕΙΟ ΚΑΡΙΤΑΙΝΗΣ ΜΕΓΑΛΟΠΟΛΗΣ,22.042525,37.482479
9574,ΔΗΜΟΤΙΚΟ ΣΧΟΛΕΙΟ ΑΚΡΙΝΗΣ ΚΟΖΑΝΗΣ,21.908253,40.434176
9575,ΔΗΜΟΤΙΚΟ ΣΧΟΛΕΙΟ ΛΕΥΚΟΒΡΥΣΗΣ ΚΟΖΑΝΗΣ,21.78165,40.271731
9576,ΔΗΜΟΤΙΚΟ ΣΧΟΛΕΙΟ ΒΑΣΙΛΙΤΣΙΟΥ ΠΥΛΙΑΣ,21.908169,36.764308
9577,ΔΗΜΟΤΙΚΟ ΣΧΟΛΕΙΟ ΚΑΡΥΔΙΤΣΑΣ ΚΟΖΑΝΗΣ,21.800004,40.247962
9578,1ο ΔΗΜΟΤΙΚΟ ΣΧΟΛΕΙΟ ΚΡΟΚΟΥ,21.816825,40.260882
9579,ΔΗΜΟΤΙΚΟ ΣΧΟΛΕΙΟ ΚΑΤΩ ΚΩΜΗΣ ΚΟΖΑΝΗΣ,21.844302,40.208079
9580,ΔΗΜΟΤΙΚΟ ΣΧΟΛΕΙΟ ΚΟΜΝΗΝΩΝ ΕΟΡΔΑΙΑΣ,21.777394,40.588647
9581,ΔΗΜΟΤΙΚΟ ΣΧΟΛΕΙΟ ΔΡΕΠΑΝΟΥ ΚΟΖΑΝΗΣ,21.82845,40.345583
9582,ΔΗΜΟΤΙΚΟ ΣΧΟΛΕΙΟ ΚΟΙΛΑΔΑΣ ΚΟΖΑΝΗΣ,21.930931,40.356764
9583,ΔΗΜΟΤΙΚΟ ΣΧΟΛΕΙΟ ΠΕΤΡΑΝΩΝ ΚΟΖΑΝΗΣ,21.86586,40.288875
9584,10ο ΔΗΜΟΤΙΚΟ ΣΧΟΛΕΙΟ ΚΟΖΑΝΗΣ,,
9585,ΔΗΜΟΤΙΚΟ ΣΧΟΛΕΙΟ ΤΡΑΝΟΒΑΛΤΟΥ ΚΟΖΑΝΗΣ,21.867795,40.057513
9586,9ο ΔΗΜΟΤΙΚΟ ΣΧΟΛΕΙΟ ΠΤΟΛΕΜΑΪΔΑΣ,21.681706,40.517905
9587,1ο ΔΗΜΟΤΙΚΟ ΣΧΟΛΕΙΟ ΣΕΡΒΙΩΝ ΚΟΖΑΝΗΣ,21.998036,40.182165
9588,2ο ΔΗΜΟΤΙΚΟ ΣΧΟΛΕΙΟ ΣΕΡΒΙΩΝ ΚΟΖΑΝΗΣ,21.998045,40.182167
9589,ΔΗΜΟΤΙΚΟ ΣΧΟΛΕΙΟ ΠΛΑΤΑΝΟΡΕΥΜΑΤΟΣ ΚΟΖΑΝΗΣ,22.027595,40.198722
9590,ΔΗΜΟΤΙΚΟ ΣΧΟΛΕΙΟ ΚΑΙΣΑΡΕΙΑΣ ΚΟΖΑΝΗΣ,21.865869,40.169394
9591,1ο ΔΗΜΟΤΙΚΟ ΣΧΟΛΕΙΟ ΠΤΟΛΕΜΑΪΔΑΣ,21.679052,40.511943
9592,10ο ΔΗΜΟΤΙΚΟ ΣΧΟΛΕΙΟ ΠΤΟΛΕΜΑΪΔΑΣ,21.674383,40.513638
9593,2ο ΔΗΜΟΤΙΚΟ ΣΧΟΛΕΙΟ ΠΤΟΛΕΜΑΪΔΑΣ,,
9594,ΔΗΜΟΤΙΚΟ ΣΧΟΛΕΙΟ ΚΑΡΥΟΧΩΡΙΟΥ ΕΟΡΔΑΙΑΣ,21.777259,40.500931
9595,ΔΗΜΟΤΙΚΟ ΣΧΟΛΕΙΟ ΨΑΡΙ,21.884636,37.328943
9596,ΔΗΜΟΤΙΚΟ ΣΧΟΛΕΙΟ ΚΥΠΑΡΙΣΣΙΟΥ ΜΟΛΑΩΝ,22.991227,36.957534
9597,ΔΗΜΟΤΙΚΟ ΣΧΟΛΕΙΟ ΣΤΕΝΟΣΙΑΣ ΠΥΛΙΑΣ,,
9598,ΔΗΜΟΤΙΚΟ ΣΧΟΛΕΙΟ ΒΑΤΕΡΟΥ ΚΟΖΑΝΗΣ,21.737227,40.290307
9599,7ο ΔΗΜΟΤΙΚΟ ΣΧΟΛΕΙΟ ΚΟΖΑΝΗΣ,,
9600,ΔΗΜΟΤΙΚΟ ΣΧΟΛΕΙΟ ΜΗΛΟΧΩΡΙΟΥ ΕΟΡΔΑΙΑΣ,21.536944,40.503217
9601,ΔΗΜΟΤΙΚΟ ΣΧΟΛΕΙΟ ΑΓΙΟΥ ΔΗΜΗΤΡΙΟΥ ΚΟΖΑΝΗΣ,21.927753,40.413403
9602,ΔΗΜΟΤΙΚΟ ΣΧΟΛΕΙΟ ΑΙΑΝΗΣ ΚΟΖΑΝΗΣ,21.822295,40.162816
9603,ΔΗΜΟΤΙΚΟ ΣΧΟΛΕΙΟ ΑΝΑΡΡΑΧΗΣ ΕΟΡΔΑΙΑΣ,21.571948,40.491769
9604,ΔΗΜΟΤΙΚΟ ΣΧΟΛΕΙΟ ΑΝΩ ΚΩΜΗΣ ΚΟΖΑΝΗΣ,21.829995,40.225756
9605,1ο ΔΗΜΟΤΙΚΟ ΣΧΟΛΕΙΟ ΚΟΖΑΝΗΣ,,
9606,ΔΗΜΟΤΙΚΟ ΣΧΟΛΕΙΟ ΑΝΑΤΟΛΙΚΟΥ ΕΟΡΔΑΙΑΣ,21.752566,40.541298
9607,ΔΗΜΟΤΙΚΟ ΣΧΟΛΕΙΟ ΑΓΙΟΥ ΧΡΙΣΤΟΦΟΡΟΥ ΕΟΡΔΑΙΑΣ,21.75601,40.514518
9608,ΔΗΜΟΤΙΚΟ ΣΧΟΛΕΙΟ ΞΗΡΟΛΙΜΝΗΣ ΚΟΖΑΝΗΣ,21.656966,40.297995
9609,ΔΗΜΟΤΙΚΟ ΣΧΟΛΕΙΟ ΚΟΡΥΦΑΣΙΟΥ ΠΥΛΙΑΣ,21.68587,36.999076
9610,ΔΗΜΟΤΙΚΟ ΣΧΟΛΕΙΟ ΚΟΖΑΝΗΣ ΧΑΡΙΣΙΟΣ ΜΟΥΚΑΣ,,
9611,4ο ΔΗΜΟΤΙΚΟ ΣΧΟΛΕΙΟ ΠΤΟΛΕΜΑΪΔΑΣ,21.674314,40.513798
9612,ΔΗΜΟΤΙΚΟ ΣΧΟΛΕΙΟ ΕΛΑΤΗΣ ΚΟΖΑΝΗΣ,21.82319,39.977903
9613,3ο ΔΗΜΟΤΙΚΟ ΣΧΟΛΕΙΟ ΠΤΟΛΕΜΑΪΔΑΣ,21.684015,40.514445
9614,ΔΗΜΟΤΙΚΟ ΣΧΟΛΕΙΟ ΚΑΛΟΝΕΡΙΟΥ ΒΟΙΟΥ,21.491367,40.287182
9615,ΔΗΜΟΤΙΚΟ ΣΧΟΛΕΙΟ ΕΡΑΤΥΡΑΣ ΒΟΙΟΥ,21.514653,40.340605
9616,17ο ΔΗΜΟΤΙΚΟ ΣΧΟΛΕΙΟ ΚΟΖΑΝΗΣ,,
9617,ΔΗΜΟΤΙΚΟ ΣΧΟΛΕΙΟ ΑΡΔΑΣΣΗΣ ΕΟΡΔΑΙΑΣ,21.633655,40.47561
9618,ΔΗΜΟΤΙΚΟ ΣΧΟΛΕΙΟ ΧΑΡΑΥΓΗΣ,21.842119,40.438971
9619,ΔΗΜΟΤΙΚΟ ΣΧΟΛΕΙΟ ΑΓΙΑΣ ΠΑΡΑΣΚΕΥΗΣ ΚΟΖΑΝΗΣ,21.776396,40.219455
9620,"ΔΗΜΟΤΙΚΟ ΣΧΟΛΕΙΟ ΒΕΛΒΕΝΤΟΥ ""ΧΑΡΙΣΙΟΣ ΠΑΠΑΜΑΡΚΟΥ""",22.071425,40.255188
9621,13ο ΔΗΜΟΤΙΚΟ ΣΧΟΛΕΙΟ ΚΟΖΑΝΗΣ,,
9622,11ο ΔΗΜΟΤΙΚΟ ΣΧΟΛΕΙΟ ΠΤΟΛΕΜΑΪΔΑΣ,21.671207,40.51471
9623,3ο ΔΗΜΟΤΙΚΟ ΣΧΟΛΕΙΟ ΣΕΡΒΙΩΝ ΚΟΖΑΝΗΣ,21.998037,40.182165
9624,12ο ΔΗΜΟΤΙΚΟ ΣΧΟΛΕΙΟ ΠΤΟΛΕΜΑΪΔΑΣ,,
9625,ΔΗΜΟΤΙΚΟ ΣΧΟΛΕΙΟ ΠΑΛΑΙΟΚΑΣΤΡΟΥ ΒΟ.Ι.ΟΥ,21.60009,40.19979
9626,ΔΗΜΟΤΙΚΟ ΣΧΟΛΕΙΟ ΦΟΙΝΙΚΟΥΝΤΟΣ ΠΥΛΙΑΣ,21.806328,36.808038
9627,ΔΗΜΟΤΙΚΟ ΣΧΟΛΕΙΟ ΛΕΥΚΟΠΗΓΗΣ ΚΟΖΑΝΗΣ,21.75295,40.227524
9628,ΔΗΜΟΤΙΚΟ ΣΧΟΛΕΙΟ ΚΟΖΑΝΗΣ ΧΑΡΙΣΙΟΥ ΜΕΓΔΑΝΗ,21.789647,40.299507
9629,ΔΗΜΟΤΙΚΟ ΣΧΟΛΕΙΟ ΤΡΑΠΕΖΙΤΣΗΣ ΒΟΙΟΥ,21.459454,40.243381
9630,ΔΗΜΟΤΙΚΟ ΣΧΟΛΕΙΟ ΠΕΝΤΑΛΟΦΟΥ ΒΟΙΟΥ,21.142166,40.193223
9631,ΔΗΜΟΤΙΚΟ ΣΧΟΛΕΙΟ ΝΕΑΠΟΛΗΣ ΒΟΙΟΥ,21.389048,40.309768
9632,ΔΗΜΟΤΙΚΟ ΣΧΟΛΕΙΟ ΤΣΟΤΥΛΙΟΥ,,
9633,ΔΗΜΟΤΙΚΟ ΣΧΟΛΕΙΟ ΤΡΙΚΟΡΦΟΥ ΜΕΣΣΗΝΗΣ,21.874919,37.130324
9634,ΔΗΜΟΤΙΚΟ ΣΧΟΛΕΙΟ ΜΟΛΟΧΑΣ ΒΟΙΟΥ,21.356438,40.359549
9635,2ο ΔΗΜΟΤΙΚΟ ΣΧΟΛΕΙΟ ΚΟΖΑΝΗΣ,,
9636,7ο ΔΗΜΟΤΙΚΟ ΣΧΟΛΕΙΟ ΓΡΕΒΕΝΩΝ,,
9637,ΔΗΜΟΤΙΚΟ ΣΧΟΛΕΙΟ ΑΛΑΤΟΠΕΤΡΑΣ,,
9638,ΔΙΕΥΘΥΝΣΗ Δ.Ε. ΓΡΕΒΕΝΩΝ,21.427302,40.081465
9639,ΔΙΕΥΘΥΝΣΗ Δ.Ε. ΚΟΖΑΝΗΣ,21.782232,40.30216
9640,1ο ΕΡΓΑΣΤΗΡΙΑΚΟ ΚΕΝΤΡΟ ΦΥΣΙΚΩΝ ΕΠΙΣΤΗΜΩΝ ΚΟΖΑΝΗΣ (ΚΟΖΑΝΗ),21.779813,40.284795
9641,1ο ΕΡΓΑΣΤΗΡΙΑΚΟ ΚΕΝΤΡΟ ΦΥΣΙΚΩΝ ΕΠΙΣΤΗΜΩΝ ΓΡΕΒΕΝΩΝ (ΓΡΕΒΕΝΑ),21.440978,40.087418
9642,ΚΕΣΥΠ ΓΡΕΒΕΝΩΝ,21.427482,40.081712
9643,ΚΕΣΥΠ ΚΟΖΑΝΗΣ,21.782423,40.301862
9644,2ο ΓΡΑΦΕΙΟ Δ.Ε. ΚΟΖΑΝΗΣ,21.782249,40.302147
9645,1ο ΓΡΑΦΕΙΟ Δ.Ε. ΚΟΖΑΝΗΣ,21.676071,40.510714
9646,ΓΡΑΦΕΙΟ ΤΕΕ ΚΟΖΑΝΗΣ,21.782251,40.302165
9647,ΙΕΚ ΠΤΟΛΕΜΑΪΔΑΣ,,
9648,ΙΕΚ ΚΟΖΑΝΗΣ,,
9649,ΙΕΚ ΓΡΕΒΕΝΩΝ,,
9650,ΔΙΕΥΘΥΝΣΗ Π.Ε. ΚΟΖΑΝΗΣ,,
9651,ΔΙΕΥΘΥΝΣΗ Π.Ε. ΓΡΕΒΕΝΩΝ,,
9652,2ο ΓΡΑΦΕΙΟ Π.Ε. ΚΟΖΑΝΗΣ,21.676075,40.51081
9653,1ο ΓΡΑΦΕΙΟ Π.Ε. ΚΟΖΑΝΗΣ,,
9654,3ο ΓΡΑΦΕΙΟ Π.Ε. ΚΟΖΑΝΗΣ,,
9655,4o ΓΡΑΦΕΙΟ ΠΡΩΤΟΒΑΘΜΙΑΣ ΕΚΠΑΙΔΕΥΣΗΣ ΚΟΖΑΝΗΣ,,
9656,ΠΕΡΙΦΕΡΕΙΑΚΟ ΕΠΙΜΟΡΦΩΤΙΚΟ ΚΕΝΤΡΟ ΚΟΖΑΝΗΣ,,
9657,6ο ΝΗΠΙΑΓΩΓΕΙΟ ΚΟΖΑΝΗΣ,,
9658,14ο ΝΗΠΙΑΓΩΓΕΙΟ ΠΤΟΛΕΜΑΪΔΑΣ,,
9659,2ο ΝΗΠΙΑΓΩΓΕΙΟ ΝΕΑΠΟΛΗΣ,21.389048,40.309768
9660,ΝΗΠΙΑΓΩΓΕΙΟ ΟΛΥΜΠΙΑΔΑΣ ΕΟΡΔΑΙΑΣ,,
9661,ΝΗΠΙΑΓΩΓΕΙΟ ΠΟΛΥΔΕΝΔΡΟΥ,21.48205,40.219334
9662,4ο ΝΗΠΙΑΓΩΓΕΙΟ ΚΟΖΑΝΗΣ,,
9663,5ο ΝΗΠΙΑΓΩΓΕΙΟ ΚΟΖΑΝΗΣ,,
9664,ΝΗΠΙΑΓΩΓΕΙΟ ΑΜΥΓΔΑΛΕΩΝ,21.375448,40.154489
9665,ΝΗΠΙΑΓΩΓΕΙΟ ΑΓΙΩΝ ΘΕΟΔΩΡΩΝ,21.508821,39.979682
9666,ΝΗΠΙΑΓΩΓΕΙΟ ΦΟΥΦΑ ΕΟΡΔΑΙΑΣ,21.552835,40.520879
9667,4ο ΝΗΠΙΑΓΩΓΕΙΟ ΓΡΕΒΕΝΩΝ,,
9668,1ο ΝΗΠΙΑΓΩΓΕΙΟ ΣΙΑΤΙΣΤΑΣ,21.547878,40.25817
9669,ΝΗΠΙΑΓΩΓΕΙΟ ΜΙΚΡΟΚΑΣΤΡΟΥ,21.50478,40.264445
9670,17ο ΝΗΠΙΑΓΩΓΕΙΟ ΠΤΟΛΕΜΑΪΔΑΣ,21.670256,40.503486
9671,16ο ΝΗΠΙΑΓΩΓΕΙΟ ΚΟΖΑΝΗΣ,,
9672,11ο ΝΗΠΙΑΓΩΓΕΙΟ ΠΤΟΛΕΜΑΪΔΑΣ,,
9673,ΝΗΠΙΑΓΩΓΕΙΟ ΤΣΟΤΙΛΙΟΥ,,
9674,ΝΗΠΙΑΓΩΓΕΙΟ ΠΕΝΤΑΛΟΦΟΥ,21.142219,40.193209
9675,ΝΗΠΙΑΓΩΓΕΙΟ ΑΣΒΕΣΤΟΠΕΤΡΑΣ ΕΟΡΔΑΙΑΣ,,
9676,1ο ΝΗΠΙΑΓΩΓΕΙΟ ΝΕΑΠΟΛΗΣ,21.389048,40.309768
9677,12ο ΝΗΠΙΑΓΩΓΕΙΟ ΠΤΟΛΕΜΑΪΔΑΣ,,
9678,ΝΗΠΙΑΓΩΓΕΙΟ ΠΤΟΛΕΜΑΪΔΑΣ ΟΙΚΙΣΜΟΥ ΔΕΗ,,
9679,2ο ΝΗΠΙΑΓΩΓΕΙΟ ΒΕΛΒΕΝΤΟΥΣ,22.07143,40.255189
9680,15ο ΝΗΠΙΑΓΩΓΕΙΟ ΚΟΖΑΝΗΣ,,
9681,14ο ΝΗΠΙΑΓΩΓΕΙΟ ΚΟΖΑΝΗΣ,,
9682,2ο ΝΗΠΙΑΓΩΓΕΙΟ ΚΡΟΚΟΥ,21.816825,40.260882
9683,16ο ΝΗΠΙΑΓΩΓΕΙΟ ΠΤΟΛΕΜΑΪΔΑΣ,,
9684,19ο ΝΗΠΙΑΓΩΓΕΙΟ ΠΤΟΛΕΜΑΪΔΑΣ,21.673337,40.508362
9685,20ο ΝΗΠΙΑΓΩΓΕΙΟ ΚΟΖΑΝΗΣ,,
9686,18ο ΝΗΠΙΑΓΩΓΕΙΟ ΠΤΟΛΕΜΑΪΔΑΣ,21.677011,40.514208
9687,19ο ΝΗΠΙΑΓΩΓΕΙΟ ΚΟΖΑΝΗΣ,,
9688,17ο ΝΗΠΙΑΓΩΓΕΙΟ ΚΟΖΑΝΗΣ,,
9689,ΝΗΠΙΑΓΩΓΕΙΟ ΚΑΛΑΜΙΑΣ,21.697038,40.309337
9690,ΝΗΠΙΑΓΩΓΕΙΟ ΚΟΖΑΝΗΣ ΕΙΔΙΚΟ,,
9691,ΝΗΠΙΑΓΩΓΕΙΟ ΑΛΩΝΑΚΙΩΝ,21.672101,40.304622
9692,ΝΗΠΙΑΓΩΓΕΙΟ ΡΟΔΙΑΝΗΣ,21.753821,40.200442
9693,13ο ΝΗΠΙΑΓΩΓΕΙΟ ΚΟΖΑΝΗΣ,,
9694,9ο ΝΗΠΙΑΓΩΓΕΙΟ ΚΟΖΑΝΗΣ,,
9695,12ο ΝΗΠΙΑΓΩΓΕΙΟ ΚΟΖΑΝΗΣ,,
9696,3ο ΝΗΠΙΑΓΩΓΕΙΟ ΣΕΡΒΙΩΝ,21.998043,40.182162
9697,10ο ΝΗΠΙΑΓΩΓΕΙΟ ΠΤΟΛΕΜΑΪΔΑΣ,,
9698,2ο ΝΗΠΙΑΓΩΓΕΙΟ ΣΕΡΒΙΩΝ,21.998038,40.182163
9699,ΝΗΠΙΑΓΩΓΕΙΟ ΚΟΙΛΩΝ,21.791385,40.329464
9700,ΝΗΠΙΑΓΩΓΕΙΟ ΠΑΛΑΙΟΚΑΣΤΡΟΥ,21.600096,40.19979
9701,11ο ΝΗΠΙΑΓΩΓΕΙΟ ΚΟΖΑΝΗΣ,,
9702,10ο ΝΗΠΙΑΓΩΓΕΙΟ ΚΟΖΑΝΗΣ,,
9703,3ο ΝΗΠΙΑΓΩΓΕΙΟ ΣΙΑΤΙΣΤΑΣ,21.547878,40.25817
9704,ΝΗΠΙΑΓΩΓΕΙΟ ΚΑΡΥΔΙΤΣΑΣ,21.800004,40.247962
9705,ΝΗΠΙΑΓΩΓΕΙΟ ΜΙΚΡΟΒΑΛΤΟΥ,21.876243,40.080722
9706,ΝΗΠΙΑΓΩΓΕΙΟ ΑΥΛΩΝ ΚΟΖΑΝΗΣ,21.963103,40.174964
9707,ΝΗΠΙΑΓΩΓΕΙΟ ΜΗΛΕΑΣ,,
9708,ΝΗΠΙΑΓΩΓΕΙΟ ΒΑΘΥΛΑΚΚΟΥ ΚΟΖΑΝΗΣ,21.915912,40.254752
9709,21ο ΝΗΠΙΑΓΩΓΕΙΟ ΚΟΖΑΝΗΣ,,
9710,ΝΗΠΙΑΓΩΓΕΙΟ ΠΛΑΤΑΝΟΡΕΥΜΑΤΟΣ,22.027594,40.198718
9711,ΝΗΠΙΑΓΩΓΕΙΟ ΚΑΤΩ ΚΩΜΗΣ,21.844323,40.208035
9712,18ο ΝΗΠΙΑΓΩΓΕΙΟ ΚΟΖΑΝΗΣ,,
9713,1ο ΝΗΠΙΑΓΩΓΕΙΟ ΣΕΡΒΙΩΝ,21.998036,40.182168
9714,ΝΗΠΙΑΓΩΓΕΙΟ ΑΚΡΙΝΗΣ ΚΟΖΑΝΗΣ,21.908257,40.43417
9715,ΝΗΠΙΑΓΩΓΕΙΟ ΠΕΤΡΑΝΩΝ ΚΟΖΑΝΗΣ,21.865865,40.288881
9716,ΝΗΠΙΑΓΩΓΕΙΟ ΚΟΙΛΑΔΑΣ ΚΟΖΑΝΗΣ,21.93093,40.356763
9717,ΝΗΠΙΑΓΩΓΕΙΟ ΚΟΜΝΗΝΩΝ ΕΟΡΔΑΙΑΣ,21.77741,40.588665
9718,ΝΗΠΙΑΓΩΓΕΙΟ ΚΑΠΝΟΧΩΡΙΟΥ,21.978295,40.357632
9719,ΝΗΠΙΑΓΩΓΕΙΟ ΜΕΣΙΑΝΗΣ ΚΟΖΑΝΗΣ,21.929032,40.259349
9720,ΝΗΠΙΑΓΩΓΕΙΟ ΣΚΗΤΗΣ,21.65037,40.308813
9721,9ο ΝΗΠΙΑΓΩΓΕΙΟ ΠΤΟΛΕΜΑΪΔΑΣ,21.672697,40.512779
9722,8ο ΝΗΠΙΑΓΩΓΕΙΟ ΚΟΖΑΝΗΣ,,
9723,7ο ΝΗΠΙΑΓΩΓΕΙΟ ΚΟΖΑΝΗΣ,,
9724,1ο ΝΗΠΙΑΓΩΓΕΙΟ ΚΡΟΚΟΥ,21.816825,40.260882
9725,1ο ΝΗΠΙΑΓΩΓΕΙΟ ΑΙΑΝΗΣ,21.822295,40.162816
9726,ΝΗΠΙΑΓΩΓΕΙΟ ΠΟΛΥΜΥΛΟΥ,22.068584,40.368803
9727,ΝΗΠΙΑΓΩΓΕΙΟ ΠΕΡΔΙΚΚΑ ΕΟΡΔΑΙΑΣ,,
9728,ΝΗΠΙΑΓΩΓΕΙΟ ΠΡΟΑΣΤΙΟΥ ΕΟΡΔΑΙΑΣ,,
9729,ΝΗΠΙΑΓΩΓΕΙΟ ΠΟΝΤΟΚΩΜΗΣ ΚΟΖΑΝΗΣ,21.762984,40.408811
9730,1ο ΝΗΠΙΑΓΩΓΕΙΟ ΚΟΖΑΝΗΣ,,
9731,2ο ΝΗΠΙΑΓΩΓΕΙΟ ΑΙΑΝΗΣ,,
9732,5ο ΝΗΠΙΑΓΩΓΕΙΟ ΠΤΟΛΕΜΑΪΔΑΣ,21.680268,40.516057
9733,ΝΗΠΙΑΓΩΓΕΙΟ ΧΑΡΑΥΓΗΣ,21.842118,40.438973
9734,ΝΗΠΙΑΓΩΓΕΙΟ ΞΗΡΟΛΙΜΝΗΣ ΚΟΖΑΝΗΣ,21.656967,40.297995
9735,ΝΗΠΙΑΓΩΓΕΙΟ ΑΡΔΑΣΣΗΣ ΕΟΡΔΑΙΑΣ,21.633689,40.475618
9736,ΝΗΠΙΑΓΩΓΕΙΟ ΑΝΑΤΟΛΙΚΟΥ ΕΟΡΔΑΙΑΣ,21.752561,40.541299
9737,8ο ΝΗΠΙΑΓΩΓΕΙΟ ΠΤΟΛΕΜΑΪΔΑΣ,21.67726,40.507018
9738,7ο ΝΗΠΙΑΓΩΓΕΙΟ ΠΤΟΛΕΜΑΪΔΑΣ,21.672422,40.504634
9739,ΝΗΠΙΑΓΩΓΕΙΟ ΜΑΥΡΟΠΗΓΗΣ ΕΟΡΔΑΙΑΣ,,
9740,ΝΗΠΙΑΓΩΓΕΙΟ ΒΑΤΕΡΟΥ ΚΟΖΑΝΗΣ,21.737223,40.290304
9741,ΝΗΠΙΑΓΩΓΕΙΟ ΛΙΒΑΔΕΡΟΥ ΚΟΖΑΝΗΣ,,
9742,ΝΗΠΙΑΓΩΓΕΙΟ ΠΡΩΤΟΧΩΡΙΟΥ,21.747806,40.243632
9743,ΝΗΠΙΑΓΩΓΕΙΟ ΜΕΣΟΒΟΥΝΟΥ ΕΟΡΔΑΙΑΣ,21.8387,40.62462
9744,ΝΗΠΙΑΓΩΓΕΙΟ ΑΝΑΡΡΑΧΗΣ ΕΟΡΔΑΙΑΣ,21.571951,40.491688
9745,ΝΗΠΙΑΓΩΓΕΙΟ ΚΑΡΥΟΧΩΡΙΟΥ ΕΟΡΔΑΙΑΣ,21.777259,40.500929
9746,ΝΗΠΙΑΓΩΓΕΙΟ ΕΜΠΟΡΙΟΥ ΕΟΡΔΑΙΑΣ,21.559946,40.489375
9747,ΝΗΠΙΑΓΩΓΕΙΟ ΔΡΟΣΕΡΟΥ ΕΟΡΔΑΙΑΣ,,
9748,ΝΗΠΙΑΓΩΓΕΙΟ ΓΑΛΑΤΕΙΑΣ ΕΟΡΔΑΙΑΣ,,
9749,ΝΗΠΙΑΓΩΓΕΙΟ ΜΗΛΟΧΩΡΙΟΥ ΕΟΡΔΑΙΑΣ,21.536949,40.503218
9750,6ο ΝΗΠΙΑΓΩΓΕΙΟ ΠΤΟΛΕΜΑΪΔΑΣ,21.683169,40.507638
9751,ΝΗΠΙΑΓΩΓΕΙΟ ΔΡΕΠΑΝΟΥ ΚΟΖΑΝΗΣ,21.82845,40.345584
9752,4ο ΝΗΠΙΑΓΩΓΕΙΟ ΠΤΟΛΕΜΑΪΔΑΣ,,
9753,3ο ΝΗΠΙΑΓΩΓΕΙΟ ΠΤΟΛΕΜΑΪΔΑΣ,21.674802,40.513775
9754,2ο ΝΗΠΙΑΓΩΓΕΙΟ ΠΤΟΛΕΜΑΪΔΑΣ,21.687967,40.511615
9755,1ο ΝΗΠΙΑΓΩΓΕΙΟ ΠΤΟΛΕΜΑΪΔΑΣ,21.673227,40.508489
9756,2ο ΝΗΠΙΑΓΩΓΕΙΟ ΚΟΖΑΝΗΣ,,
9757,3ο ΝΗΠΙΑΓΩΓΕΙΟ ΚΟΖΑΝΗΣ,,
9758,ΝΗΠΙΑΓΩΓΕΙΟ ΑΓΙΑΣ ΠΑΡΑΣΚΕΥΗΣ ΚΟΖΑΝΗΣ,21.776396,40.219455
9759,ΝΗΠΙΑΓΩΓΕΙΟ ΛΕΥΚΟΒΡΥΣΗΣ,21.781652,40.271729
9760,ΝΗΠΙΑΓΩΓΕΙΟ ΓΗΛΟΦΟΥ,,
9761,ΝΗΠΙΑΓΩΓΕΙΟ ΤΑΞΙΑΡΧΟΥ,21.525034,40.174064
9762,ΝΗΠΙΑΓΩΓΕΙΟ ΛΕΥΚΟΠΗΓΗΣ,21.75295,40.227524
9763,6ο ΝΗΠΙΑΓΩΓΕΙΟ ΓΡΕΒΕΝΩΝ,,
9764,15ο ΝΗΠΙΑΓΩΓΕΙΟ ΠΤΟΛΕΜΑΪΔΑΣ,21.676859,40.514318
9765,13ο ΝΗΠΙΑΓΩΓΕΙΟ ΠΤΟΛΕΜΑΪΔΑΣ,21.674224,40.504712
9766,ΝΗΠΙΑΓΩΓΕΙΟ ΚΑΙΣΑΡΕΙΑΣ,21.865894,40.1696
9767,ΝΗΠΙΑΓΩΓΕΙΟ ΕΛΑΤΗΣ,21.823178,39.977903
9768,5ο ΝΗΠΙΑΓΩΓΕΙΟ ΣΙΑΤΙΣΤΑΣ,21.547878,40.25817
9769,ΝΗΠΙΑΓΩΓΕΙΟ ΤΡΑΝΟΒΑΛΤΟΥ,21.867793,40.057514
9770,ΝΗΠΙΑΓΩΓΕΙΟ ΜΕΤΑΜΟΡΦΩΣΗΣ,21.681428,40.244049
9771,4ο ΝΗΠΙΑΓΩΓΕΙΟ ΣΙΑΤΙΣΤΑΣ,21.547878,40.25817
9772,ΝΗΠΙΑΓΩΓΕΙΟ ΠΑΛΑΙΟΧΩΡΙΟΥ,21.691028,40.042908
9773,ΝΗΠΙΑΓΩΓΕΙΟ ΚΡΑΝΙΔΙΩΝ ΚΟΖΑΝΗΣ,21.959392,40.194165
9774,7ο ΝΗΠΙΑΓΩΓΕΙΟ ΓΡΕΒΕΝΩΝ,,
9775,ΝΗΠΙΑΓΩΓΕΙΟ ΜΕΓΑΛΟΥ ΣΕΙΡΗΝΙΟΥ,21.413666,40.117213
9776,ΝΗΠΙΑΓΩΓΕΙΟ ΒΑΤΟΛΑΚΟΥ ΓΡΕΒΕΝΩΝ,21.482334,40.150827
9777,1ο ΝΗΠΙΑΓΩΓΕΙΟ ΒΕΛΒΕΝΤΟΥ ΚΟΖΑΝΗΣ,22.071431,40.255189
9778,ΝΗΠΙΑΓΩΓΕΙΟ ΚΙΒΩΤΟΥ ΓΡΕΒΕΝΩΝ,21.444567,40.20436
9779,ΝΗΠΙΑΓΩΓΕΙΟ ΜΑΥΡΟΔΕΝΔΡΙΟΥ,21.773132,40.381033
9780,ΝΗΠΙΑΓΩΓΕΙΟ ΠΑΛΙΟΥΡΙΑΣ,21.730595,39.955437
9781,ΝΗΠΙΑΓΩΓΕΙΟ ΔΗΜΗΤΡΑΣ ΓΡΕΒΕΝΩΝ,,
9782,ΝΗΠΙΑΓΩΓΕΙΟ ΑΓΙΟΥ ΔΗΜΗΤΡΙΟΥ ΚΟΖΑΝΗΣ,21.92775,40.413402
9783,ΝΗΠΙΑΓΩΓΕΙΟ ΚΑΡΠΕΡΟΥ ΓΡΕΒΕΝΩΝ,,
9784,ΝΗΠΙΑΓΩΓΕΙΟ ΠΥΡΓΩΝ ΕΟΡΔΑΙΑΣ,21.83441,40.668119
9785,ΝΗΠΙΑΓΩΓΕΙΟ ΙΤΕΑΣ,,
9786,ΝΗΠΙΑΓΩΓΕΙΟ ΚΛΕΙΤΟΥ ΚΟΖΑΝΗΣ,21.860831,40.428809
9787,ΝΗΠΙΑΓΩΓΕΙΟ ΑΓΙΟΥ ΧΡΙΣΤΟΦΟΡΟΥ ΕΟΡΔΑΙΑΣ,21.756013,40.514517
9788,ΝΗΠΙΑΓΩΓΕΙΟ ΚΑΛΟΝΕΡΙΟΥ ΒΟΙΟΥ,,
9789,ΝΗΠΙΑΓΩΓΕΙΟ ΜΕΓΑΡΟΥ,21.264962,40.111092
9790,5ο ΝΗΠΙΑΓΩΓΕΙΟ ΓΡΕΒΕΝΩΝ,,
9791,4ο ΝΗΠΙΑΓΩΓΕΙΟ ΣΕΡΒΙΩΝ,21.99804,40.182168
9792,ΝΗΠΙΑΓΩΓΕΙΟ ΤΡΙΦΥΛΛΙΟΥ,,
9793,1ο ΝΗΠΙΑΓΩΓΕΙΟ ΓΡΕΒΕΝΩΝ,,
9794,2ο ΝΗΠΙΑΓΩΓΕΙΟ ΓΡΕΒΕΝΩΝ,,
9795,ΝΗΠΙΑΓΩΓΕΙΟ ΑΓΙΟΥ ΓΕΩΡΓΙΟΥ ΓΡΕΒΕΝΩΝ,21.408337,40.194765
9796,3ο ΝΗΠΙΑΓΩΓΕΙΟ ΓΡΕΒΕΝΩΝ,,
9797,1ο ΝΗΠΙΑΓΩΓΕΙΟ ΔΕΣΚΑΤΗΣ,21.811609,39.923568
9798,2ο ΝΗΠΙΑΓΩΓΕΙΟ ΔΕΣΚΑΤΗΣ,21.811629,39.923527
9799,ΝΗΠΙΑΓΩΓΕΙΟ ΑΝΩ ΚΩΜΗΣ,21.829992,40.225758
9800,ΝΗΠΙΑΓΩΓΕΙΟ ΡΥΜΝΙΟΥ,21.872228,40.131135
9801,ΝΗΠΙΑΓΩΓΕΙΟ ΕΡΑΤΥΡΑΣ,21.51466,40.34042
9802,ΝΗΠΙΑΓΩΓΕΙΟ ΓΑΛΑΤΙΝΗΣ,21.553833,40.313872
9803,2ο ΝΗΠΙΑΓΩΓΕΙΟ ΣΙΑΤΙΣΤΑΣ,21.547878,40.25817
9804,ΝΗΠΙΑΓΩΓΕΙΟ ΤΕΤΡΑΛΟΦΟΥ,21.965913,40.385483
9805,ΚΕΝΤΡΟ ΠΕΡΙΒΑΛΛΟΝΤΙΚΗΣ ΕΚΠΑΙΔΕΥΣΗΣ ΓΡΕΒΕΝΩΝ ΘΕΟΔΩΡΟΥ ΖΙΑΚΑ,,
9806,ΣΧΟΛΕΙΟ ΔΕΥΤΕΡΗΣ ΕΥΚΑΙΡΙΑΣ ΚΟΖΑΝΗΣ,,
9807,"ΔΗΜΟΤΙΚΗ ΒΙΒΛΙΟΘΗΚΗ ΚΟΖΑΝΗΣ ""ΚΟΒΕΝΤΑΡΕΙΟ""",,
9808,ΔΗΜΟΣΙΑ ΒΙΒΛΙΟΘΗΚΗ ΓΡΕΒΕΝΩΝ ΚΕΝΤΡΙΚΗ,,
9809,ΔΗΜΟΣΙΑ ΒΙΒΛΙΟΘΗΚΗ ΣΙΑΤΙΣΤΑΣ ΚΕΝΤΡΙΚΗ,,
9810,ΓΕΝΙΚΑ ΑΡΧΕΙΑ ΤΟΥ ΚΡΑΤΟΥΣ-ΑΡΧΕΙΑ Ν. ΚΟΖΑΝΗΣ,,
9811,ΕΙΔΙΚΟ ΕΡΓΑΣΤΗΡΙΟ ΕΠΑΓΓΕΛΜΑΤΙΚΗΣ ΕΚΠΑΙΔΕΥΣΗΣ ΚΑΙ ΚΑΤΑΡΤΙΣΗΣ ΓΡΕΒΕΝΩΝ,,
9812,ΓΡΑΦΕΙΟ ΠΕΡΙΒΑΛΛΟΝΤΙΚΗΣ ΕΚΠΑΙΔΕΥΣΗΣ ΚΟΖΑΝΗΣ,,
9813,ΓΡΑΦΕΙΟ ΠΕΡΙΒΑΛΛΟΝΤΙΚΗΣ ΕΚΠΑΙΔΕΥΣΗΣ ΓΡΕΒΕΝΩΝ,,
9814,ΚΕΝΤΡΟ ΔΙΑΓΝΩΣΗΣ ΑΞΙΟΛΟΓΗΣΗΣ ΚΑΙ ΥΠΟΣΤΗΡΙΞΗΣ ΑΤΟΜΩΝ ΜΕ ΕΙΔΙΚΕΣ ΕΚΠΑΙΔΕΥΤΙΚΕΣ ΑΝΑΓΚΕΣ ΚΟΖΑΝΗΣ,,
9815,ΠΕΡΙΦΕΡΕΙΑΚΗ ΔΙΕΥΘΥΝΣΗ ΕΚΠΑΙΔΕΥΣΗΣ ΔΥΤΙΚΗΣ ΜΑΚΕΔΟΝΙΑΣ,,
9816,ΚΟΜΒΟΣ ΔΙΑΝΟΜΗΣ ΠΣΔ ΝΟΜΟΥ ΓΡΕΒΕΝΩΝ,,
9817,ΚΟΜΒΟΣ ΔΙΑΝΟΜΗΣ ΠΣΔ ΝΟΜΟΥ ΚΟΖΑΝΗΣ,,
9818,ΚΕΝΤΡΟ ΕΚΠΑΙΔΕΥΣΗΣ ΕΝΗΛΙΚΩΝ ΓΡΕΒΕΝΩΝ,,
9819,ΚΕΝΤΡΟ ΕΚΠΑΙΔΕΥΣΗΣ ΕΝΗΛΙΚΩΝ ΚΟΖΑΝΗΣ,,
9820,2ο ΓΥΜΝΑΣΙΟ ΜΕΝΕΜΕΝΗΣ,22.892575,40.652151
9821,ΓΥΜΝΑΣΙΟ ΝΕΟΧΩΡΟΥΔΑΣ - ΠΕΝΤΑΛΟΦΟΥ,22.857824,40.742312
9822,ΓΥΜΝΑΣΙΟ ΣΙΝΔΟΥ,22.810492,40.668577
9823,1ο ΓΥΜΝΑΣΙΟ ΜΕΝΕΜΕΝΗΣ,22.890953,40.652659
9824,1ο ΓΥΜΝΑΣΙΟ ΤΡΙΑΝΔΡΙΑΣ ΘΕΣΣΑΛΟΝΙΚΗΣ,22.97139,40.624182
9825,ΓΥΜΝΑΣΙΟ ΚΑΛΟΧΩΡΙΟΥ ΘΕΣΣΑΛΟΝΙΚΗΣ,22.858255,40.641152
9826,ΓΥΜΝΑΣΙΟ ΘΕΣΣΑΛΟΝΙΚΗΣ ΜΟΥΣΙΚΟ,22.989465,40.587579
9827,1ο ΓΥΜΝΑΣΙΟ ΘΕΣΣΑΛΟΝΙΚΗΣ,22.951789,40.616636
9828,2ο ΓΥΜΝΑΣΙΟ ΤΟΥΜΠΑΣ,22.962693,40.611451
9829,ΓΥΜΝΑΣΙΟ ΑΓΙΟΥ ΑΘΑΝΑΣΙΟΥ,22.73086,40.714467
9830,ΓΥΜΝΑΣΙΟ ΚΙΛΚΙΣ ΕΣΠΕΡΙΝΟ,22.88092,40.995389
9831,ΓΥΜΝΑΣΙΟ ΚΑΜΠΑΝΗΣ ΚΙΛΚΙΣ,22.919457,40.889439
9832,ΓΥΜΝΑΣΙΟ ΝΕΟΥ ΑΓΙΟΝΕΡΙΟΥ ΚΙΛΚΙΣ,22.713505,40.807495
9833,ΓΥΜΝΑΣΙΟ ΝΕΑΣ ΧΑΛΚΗΔΟΝΑΣ,22.600234,40.731265
9834,ΓΥΜΝΑΣΙΟ ΚΟΥΦΑΛΙΩΝ,22.577588,40.778841
9835,16ο ΓΥΜΝΑΣΙΟ ΘΕΣΣΑΛΟΝΙΚΗΣ,22.930002,40.644759
9836,2ο ΓΥΜΝΑΣΙΟ ΚΙΛΚΙΣ,22.878751,40.995003
9837,1ο ΓΥΜΝΑΣΙΟ ΚΙΛΚΙΣ,22.865303,40.983642
9838,ΓΥΜΝΑΣΙΟ ΠΡΟΧΩΜΑΤΟΣ,22.667237,40.812413
9839,ΓΥΜΝΑΣΙΟ ΑΝΑΤΟΛΙΚΟΥ,22.712288,40.66047
9840,ΓΥΜΝΑΣΙΟ ΒΑΘΥΛΑΚΚΟΥ ΘΕΣΣΑΛΟΝΙΚΗΣ,22.710733,40.768605
9841,ΓΥΜΝΑΣΙΟ ΔΙΑΒΑΤΩΝ,22.826284,40.700023
9842,ΓΥΜΝΑΣΙΟ ΔΡΥΜΟΥ,22.962267,40.780902
9843,1ο ΓΥΜΝΑΣΙΟ ΤΟΥΜΠΑΣ,22.963625,40.610567
9844,ΓΥΜΝΑΣΙΟ ΦΙΛΥΡΟΥ,22.999622,40.688359
9845,ΓΥΜΝΑΣΙΟ ΓΕΦΥΡΑΣ,22.695248,40.730302
9846,ΓΥΜΝΑΣΙΟ ΧΑΛΑΣΤΡΑΣ ΘΕΣΣΑΛΟΝΙΚΗΣ,22.736168,40.623846
9847,1ο ΓΥΜΝΑΣΙΟ ΩΡΑΙΟΚΑΣΤΡΟΥ,22.912705,40.708293
9848,2ο ΓΥΜΝΑΣΙΟ ΑΝΩ ΤΟΥΜΠΑΣ,22.970152,40.612648
9849,3ο ΓΥΜΝΑΣΙΟ ΕΛΕΥΘΕΡΙΟΥ ΚΟΡΔΕΛΙΟΥ,22.886895,40.666302
9850,ΓΥΜΝΑΣΙΟ ΠΛΑΤΑΝΙΑΣ,22.572039,41.070412
9851,ΓΥΜΝΑΣΙΟ ΒΑΣΙΛΙΚΩΝ,23.133668,40.479452
9852,7ο ΓΥΜΝΑΣΙΟ ΘΕΣΣΑΛΟΝΙΚΗΣ,22.954308,40.636455
9853,3ο ΓΥΜΝΑΣΙΟ ΚΙΛΚΙΣ,22.867046,40.99683
9854,ΓΥΜΝΑΣΙΟ ΑΣΒΕΣΤΟΧΩΡΙΟΥ,23.028152,40.640482
9855,3ο ΓΥΜΝΑΣΙΟ ΜΕΝΕΜΕΝΗΣ,22.881975,40.654944
9856,ΓΥΜΝΑΣΙΟ ΑΞΙΟΥΠΟΛΗΣ,22.541371,40.983494
9857,ΓΥΜΝΑΣΙΟ ΕΥΚΑΡΠΙΑΣ ΚΙΛΚΙΣ,22.910486,41.071027
9858,ΓΥΜΝΑΣΙΟ ΒΑΠΤΙΣΤΗ ΚΙΛΚΙΣ,22.774078,40.990683
9859,ΓΥΜΝΑΣΙΟ ΕΥΡΩΠΟΥ ΚΙΛΚΙΣ,22.554987,40.895832
9860,2ο ΓΥΜΝΑΣΙΟ ΠΥΛΑΙΑΣ,22.997805,40.606323
9861,ΓΥΜΝΑΣΙΟ ΠΕΥΚΩΝ,22.951662,40.637377
9862,ΓΥΜΝΑΣΙΟ ΚΥΜΙΝΩΝ,22.693163,40.612593
9863,2ο ΓΥΜΝΑΣΙΟ ΩΡΑΙΟΚΑΣΤΡΟΥ,,
9864,ΓΥΜΝΑΣΙΟ ΜΟΥΡΙΩΝ ΚΙΛΚΙΣ,22.797371,41.254109
9865,ΓΥΜΝΑΣΙΟ ΧΕΡΣΟΥ,22.77982,41.087889
9866,ΓΥΜΝΑΣΙΟ ΝΕΟΥ ΓΥΝΑΙΚΟΚΑΣΤΡΟΥ,22.762056,40.906679
9867,ΓΥΜΝΑΣΙΟ ΓΟΥΜΕΝΙΣΣΑΣ,22.452316,40.946204
9868,ΓΥΜΝΑΣΙΟ ΠΟΛΥΚΑΣΤΡΟΥ,22.575709,40.99301
9869,ΓΥΜΝΑΣΙΟ ΚΑΤΩ ΜΗΛΙΑΣ,22.343963,40.25358
9870,ΓΥΜΝΑΣΙΟ ΚΑΤΕΡΙΝΗΣ ΕΣΠΕΡΙΝΟ,22.508095,40.270388
9871,3ο ΓΥΜΝΑΣΙΟ ΚΑΤΕΡΙΝΗΣ,22.48942,40.272822
9872,ΓΥΜΝΑΣΙΟ ΠΕΡΙΣΤΑΣΗΣ ΠΙΕΡΙΑΣ,22.545457,40.272786
9873,ΓΥΜΝΑΣΙΟ ΑΙΓΙΝΙΟΥ,22.543017,40.504312
9874,ΓΥΜΝΑΣΙΟ ΚΟΝΤΑΡΙΩΤΙΣΣΑΣ,22.451825,40.229164
9875,6ο ΓΥΜΝΑΣΙΟ ΚΑΤΕΡΙΝΗΣ,22.499157,40.270409
9876,7ο ΓΥΜΝΑΣΙΟ ΚΑΤΕΡΙΝΗΣ,22.50731,40.277808
9877,ΓΥΜΝΑΣΙΟ ΛΙΤΟΧΩΡΟΥ,22.498124,40.101038
9878,5ο ΓΥΜΝΑΣΙΟ ΚΑΤΕΡΙΝΗΣ,22.508095,40.270388
9879,ΓΥΜΝΑΣΙΟ ΚΟΛΙΝΔΡΟΥ,22.486612,40.479139
9880,ΓΥΜΝΑΣΙΟ ΜΑΚΡΥΓΙΑΛΟΥ ΠΙΕΡΙΑΣ,22.605246,40.414643
9881,4ο ΓΥΜΝΑΣΙΟ ΚΑΤΕΡΙΝΗΣ,22.499157,40.270409
9882,1ο ΓΥΜΝΑΣΙΟ ΚΑΤΕΡΙΝΗΣ,22.508581,40.267128
9883,ΓΥΜΝΑΣΙΟ ΠΛΑΤΑΜΩΝΑ,22.622602,39.99202
9884,2ο ΓΥΜΝΑΣΙΟ ΚΑΤΕΡΙΝΗΣ,22.508581,40.267128
9885,ΓΥΜΝΑΣΙΟ ΚΟΡΙΝΟΥ ΠΙΕΡΙΑΣ,22.590351,40.31445
9886,ΓΥΜΝΑΣΙΟ ΛΕΠΤΟΚΑΡΥΑΣ,22.565195,40.060129
9887,ΓΥΜΝΑΣΙΟ ΡΗΤΙΝΗΣ,22.288839,40.289558
9888,ΓΥΜΝΑΣΙΟ ΑΛΩΝΙΩΝ,22.543141,40.393702
9889,2ο ΓΥΜΝΑΣΙΟ ΕΛΕΥΘΕΡΙΟΥ ΚΟΡΔΕΛΙΟΥ,22.896545,40.66535
9890,1ο ΓΥΜΝΑΣΙΟ ΘΕΣΣΑΛΟΝΙΚΗΣ ΕΣΠΕΡΙΝΟ,22.946889,40.626523
9891,12ο ΓΥΜΝΑΣΙΟ ΘΕΣΣΑΛΟΝΙΚΗΣ,22.929732,40.64509
9892,ΓΥΜΝΑΣΙΟ ΝΕΑΣ ΜΑΔΥΤΟΥ,23.56329,40.621603
9893,ΓΥΜΝΑΣΙΟ ΚΑΤΕΡΙΝΗΣ ΜΟΥΣΙΚΟ,,
9894,27ο ΕΝΙΑΙΟ ΛΥΚΕΙΟ ΘΕΣΣΑΛΟΝΙΚΗΣ,22.967657,40.614414
9895,ΕΝΙΑΙΟ ΛΥΚΕΙΟ Β ΘΕΣΣΑΛΟΝΙΚΗΣ ΔΙΑΠΟΛΙΤΙΣΜΙΚΟ,,
9896,ΕΝΙΑΙΟ ΛΥΚΕΙΟ ΚΥΜΙΝΩΝ,22.951662,40.637377
9897,2ο ΕΝΙΑΙΟ ΛΥΚΕΙΟ ΜΕΝΕΜΕΝΗΣ,22.881975,40.654944
9898,29ο ΕΝΙΑΙΟ ΛΥΚΕΙΟ ΘΕΣΣΑΛΟΝΙΚΗΣ,22.970258,40.612825
9899,ΕΝΙΑΙΟ ΛΥΚΕΙΟ ΚΑΜΠΑΝΗΣ,22.919447,40.889451
9900,15ο ΕΝΙΑΙΟ ΛΥΚΕΙΟ ΘΕΣΣΑΛΟΝΙΚΗΣ,22.941009,40.632239
9901,1ο ΕΝΙΑΙΟ ΛΥΚΕΙΟ ΜΕΝΕΜΕΝΗΣ,22.892575,40.652151
9902,ΕΝΙΑΙΟ ΛΥΚΕΙΟ ΑΓΙΟΥ ΑΘΑΝΑΣΙΟΥ,22.73086,40.714467
9903,ΕΝΙΑΙΟ ΛΥΚΕΙΟ ΧΕΡΣΟΥ,22.77982,41.087889
9904,16ο ΕΝΙΑΙΟ ΛΥΚΕΙΟ ΘΕΣΣΑΛΟΝΙΚΗΣ,22.930274,40.644419
9905,1ο ΕΝΙΑΙΟ ΛΥΚΕΙΟ ΘΕΣΣΑΛΟΝΙΚΗΣ,22.950287,40.621679
9906,ΕΝΙΑΙΟ ΛΥΚΕΙΟ ΝΕΑΣ ΜΑΔΥΤΟΥ,22.951662,40.637377
9907,ΕΝΙΑΙΟ ΛΥΚΕΙΟ ΣΙΝΔΟΥ,22.951783,40.636254
9908,ΕΝΙΑΙΟ ΛΥΚΕΙΟ ΔΡΥΜΟΥ,22.951662,40.637377
9909,ΕΝΙΑΙΟ ΛΥΚΕΙΟ ΛΙΤΟΧΩΡΟΥ,22.498124,40.101038
9910,1ο ΕΝΙΑΙΟ ΛΥΚΕΙΟ ΩΡΑΙΟΚΑΣΤΡΟΥ,22.910296,40.719773
9911,ΕΝΙΑΙΟ ΛΥΚΕΙΟ ΧΑΛΑΣΤΡΑΣ,22.951662,40.637377
9912,ΕΝΙΑΙΟ ΛΥΚΕΙΟ ΓΟΥΜΕΝΙΣΣΑΣ,22.452316,40.946204
9913,1ο ΕΝΙΑΙΟ ΛΥΚΕΙΟ ΚΙΛΚΙΣ,22.881739,40.989188
9914,1ο ΕΝΙΑΙΟ ΛΥΚΕΙΟ ΕΛΕΥΘΕΡΙΟΥ - ΚΟΡΔΕΛΙΟΥ,22.896545,40.66535
9915,ΕΝΙΑΙΟ ΛΥΚΕΙΟ ΑΙΓΙΝΙΟΥ ΠΙΕΡΙΑΣ,22.543017,40.504312
9916,2ο ΕΝΙΑΙΟ ΛΥΚΕΙΟ ΚΑΤΕΡΙΝΗΣ,22.510438,40.262885
9917,ΕΝΙΑΙΟ ΛΥΚΕΙΟ ΚΑΛΟΧΩΡΙΟΥ ΘΕΣΣΑΛΟΝΙΚΗΣ,22.858269,40.641139
9918,ΕΝΙΑΙΟ ΛΥΚΕΙΟ ΑΣΒΕΣΤΟΧΩΡΙΟΥ ΘΕΣΣΑΛΟΝΙΚΗΣ,23.028154,40.640484
9919,ΕΝΙΑΙΟ ΛΥΚΕΙΟ ΚΟΛΙΝΔΡΟΥ,22.486612,40.479139
9920,ΕΝΙΑΙΟ ΛΥΚΕΙΟ ΕΥΡΩΠΟΥ,22.554987,40.895832
9921,12ο ΕΝΙΑΙΟ ΛΥΚΕΙΟ ΘΕΣΣΑΛΟΝΙΚΗΣ,22.983963,40.610443
9922,ΕΝΙΑΙΟ ΛΥΚΕΙΟ ΠΡΟΧΩΜΑΤΟΣ,22.951662,40.637377
9923,ΕΝΙΑΙΟ ΛΥΚΕΙΟ ΝΕΑΣ ΧΑΛΚΗΔΟΝΑΣ,22.600405,40.731043
9924,ΕΝΙΑΙΟ ΛΥΚΕΙΟ ΔΙΑΒΑΤΩΝ,22.951662,40.637377
9925,ΕΝΙΑΙΟ ΛΥΚΕΙΟ Σ.Σ. ΜΟΥΡΙΩΝ,22.797371,41.254109
9926,ΕΝΙΑΙΟ ΛΥΚΕΙΟ ΘΕΣΣΑΛΟΝΙΚΗΣ ΜΟΥΣΙΚΟ,22.989398,40.587678
9927,1ο ΕΝΙΑΙΟ ΛΥΚΕΙΟ ΚΑΤΕΡΙΝΗΣ,22.508581,40.267128
9928,11ο ΕΝΙΑΙΟ ΛΥΚΕΙΟ ΘΕΣΣΑΛΟΝΙΚΗΣ,22.964661,40.625832
9929,3ο ΕΝΙΑΙΟ ΛΥΚΕΙΟ ΚΑΤΕΡΙΝΗΣ,22.48942,40.272822
9930,4ο ΕΝΙΑΙΟ ΛΥΚΕΙΟ ΚΑΛΑΜΑΡΙΑΣ - Τ.Α.Δ.,22.963354,40.584105
9931,4ο ΕΝΙΑΙΟ ΛΥΚΕΙΟ ΚΑΤΕΡΙΝΗΣ,22.499157,40.270409
9932,1ο ΕΝΙΑΙΟ ΛΥΚΕΙΟ ΑΞΙΟΥΠΟΛΗΣ,22.541371,40.983494
9933,2ο ΕΝΙΑΙΟ ΛΥΚΕΙΟ ΚΙΛΚΙΣ,22.880744,40.995167
9934,ΕΝΙΑΙΟ ΛΥΚΕΙΟ ΛΕΠΤΟΚΑΡΥΑΣ,,
9935,ΕΝΙΑΙΟ ΛΥΚΕΙΟ ΚΟΥΦΑΛΙΩΝ ΘΕΣΣΑΛΟΝΙΚΗΣ,22.577617,40.778826
9936,2ο ΕΝΙΑΙΟ ΛΥΚΕΙΟ ΕΛΕΥΘΕΡΙΟΥ - ΚΟΡΔΕΛΙΟΥ,22.881016,40.671748
9937,24ο ΕΝΙΑΙΟ ΛΥΚΕΙΟ ΘΕΣΣΑΛΟΝΙΚΗΣ,22.951662,40.637377
9938,5ο ΕΝΙΑΙΟ ΛΥΚΕΙΟ ΘΕΣΣΑΛΟΝΙΚΗΣ,22.948157,40.597932
9939,1ο ΕΝΙΑΙΟ ΛΥΚΕΙΟ ΤΡΙΑΝΔΡΙΑΣ,22.976375,40.626014
9940,ΕΝΙΑΙΟ ΛΥΚΕΙΟ ΠΟΛΥΚΑΣΤΡΟΥ,22.575709,40.99301
9941,ΕΝΙΑΙΟ ΛΥΚΕΙΟ ΚΙΛΚΙΣ ΕΚΚΛΗΣΙΑΣΤΙΚΟ,22.878017,40.992706
9942,ΕΝΙΑΙΟ ΛΥΚΕΙΟ ΚΟΝΤΑΡΙΩΤΙΣΣΑΣ,22.451825,40.229164
9943,ΕΝΙΑΙΟ ΛΥΚΕΙΟ ΚΑΤΕΡΙΝΗΣ ΕΣΠΕΡΙΝΟ,22.508095,40.270388
9944,ΕΝΙΑΙΟ ΛΥΚΕΙΟ ΚΙΛΚΙΣ ΕΣΠΕΡΙΝΟ,22.88092,40.995389
9945,ΤΕΕ ΚΟΡΔΕΛΙΟΥ,22.896545,40.66535
9946,3ο ΤΕΕ ΚΑΤΕΡΙΝΗΣ,22.504391,40.271284
9947,1ο ΤΕΕ ΚΑΤΕΡΙΝΗΣ,22.504391,40.271284
9948,1ο ΤΕΕ ΑΙΓΙΝΙΟΥ,22.543017,40.504312
9949,2ο ΤΕΕ ΚΑΤΕΡΙΝΗΣ,22.504391,40.271284
9950,ΤΕΕ ΑΓΙΟΥ ΑΘΑΝΑΣΙΟΥ,,
9951,ΤΕΕ ΛΕΠΤΟΚΑΡΥΑΣ,22.565206,40.06023
9952,1ο ΤΕΕ ΚΟΥΦΑΛΙΩΝ,22.577588,40.778841
9953,1ο ΤΕΕ ΣΙΝΔΟΥ,,
9954,1ο ΤΕΕ ΕΠΑΝΟΜΗΣ,22.930922,40.424305
9955,ΤΕΕ ΧΑΛΑΣΤΡΑΣ,22.736162,40.623844
9956,ΤΕΕ ΚΑΤΕΡΙΝΗΣ ΕΣΠΕΡΙΝΟ,,
9957,2ο ΤΕΕ ΚΙΛΚΙΣ,22.864169,40.994988
9958,1ο ΤΕΕ ΚΙΛΚΙΣ,22.881813,40.988838
9959,1ο ΤΕΕ ΑΞΙΟΥΠΟΛΗΣ,22.541371,40.983494
9960,ΣΕΚ ΣΙΝΔΟΥ,,
9961,1ο ΣΕΚ ΚΙΛΚΙΣ,22.864001,40.995278
9962,8ο ΣΕΚ Α' ΘΕΣΣΑΛΟΝΙΚΗΣ (ΕΠΑΝΟΜΗΣ),22.930922,40.424305
9963,1ο ΣΕΚ ΚΟΥΦΑΛΙΩΝ,,
9964,1ο ΣΕΚ ΠΙΕΡΙΑΣ (ΚΑΤΕΡΙΝΗΣ),22.504391,40.271284
9965,ΔΗΜΟΤΙΚΟ ΣΧΟΛΕΙΟ ΠΕΔΙΝΟΥ ΚΙΛΚΙΣ,22.873357,40.910061
9966,ΔΗΜΟΤΙΚΟ ΣΧΟΛΕΙΟ ΣΤΑΥΡΟΧΩΡΙΟΥ ΚΙΛΚΙΣ,22.800551,41.033214
9967,ΙΔΙΩΤΙΚΟ ΔΗΜΟΤΙΚΟ ΣΧΟΛΕΙΟ ΠΛΑΤΩΝ ΚΑΤΕΡΙΝΗΣ,,
9968,ΔΗΜΟΤΙΚΟ ΣΧΟΛΕΙΟ ΑΞΙΟΧΩΡΙΟΥ ΠΑΙΟΝΙΑΣ,22.643893,40.873522
9969,ΔΗΜΟΤΙΚΟ ΣΧΟΛΕΙΟ ΠΛΑΤΑΝΙΑΣ,,
9970,ΔΗΜΟΤΙΚΟ ΣΧΟΛΕΙΟ ΠΛΑΓΙΩΝ ΠΑΙΟΝΙΑΣ,22.4979,41.078447
9971,2ο ΔΗΜΟΤΙΚΟ ΣΧΟΛΕΙΟ ΓΟΥΜΕΝΙΣΣΑΣ ΠΑΙΟΝΙΑΣ,22.451062,40.945982
9972,ΔΗΜΟΤΙΚΟ ΣΧΟΛΕΙΟ ΑΓΙΟΥ ΠΕΤΡΟΥ ΠΑΙΟΝΙΑΣ,22.58571,40.863999
9973,1ο ΔΗΜΟΤΙΚΟ ΣΧΟΛΕΙΟ ΑΞΙΟΥΠΟΛΗΣ,22.541624,40.981653
9974,ΔΗΜΟΤΙΚΟ ΣΧΟΛΕΙΟ ΡΥΖΙΩΝ ΠΑΙΟΝΙΑΣ,,
9975,3ο ΔΗΜΟΤΙΚΟ ΣΧΟΛΕΙΟ ΧΑΛΑΣΤΡΑΣ,22.734548,40.624605
9976,ΔΗΜΟΤΙΚΟ ΣΧΟΛΕΙΟ ΠΑΛΑΙΟΥ ΚΕΡΑΜΙΔΙΟΥ,22.469314,40.312641
9977,ΔΗΜΟΤΙΚΟ ΣΧΟΛΕΙΟ ΠΕΡΙΣΤΑΣΗΣ,22.544237,40.273264
9978,ΔΗΜΟΤΙΚΟ ΣΧΟΛΕΙΟ ΜΑΥΡΟΝΕΡΙΟΥ ΚΙΛΚΙΣ,22.815583,40.887141
9979,ΔΗΜΟΤΙΚΟ ΣΧΟΛΕΙΟ ΤΕΡΠΥΛΛΟΥ ΚΙΛΚΙΣ,22.957052,41.038107
9980,ΔΗΜΟΤΙΚΟ ΣΧΟΛΕΙΟ ΓΡΙΒΑΣ ΠΑΙΟΝΙΑΣ,22.411631,40.95474
9981,ΔΗΜΟΤΙΚΟ ΣΧΟΛΕΙΟ ΜΕΤΑΜΟΡΦΩΣΗΣ ΠΥΛΙΑΣ,21.764083,37.055006
9982,ΔΗΜΟΤΙΚΟ ΣΧΟΛΕΙΟ ΧΕΡΣΟΥ,22.779304,41.087867
9983,ΔΗΜΟΤΙΚΟ ΣΧΟΛΕΙΟ ΠΥΡΓΩΤΟΥ ΚΙΛΚΙΣ,,
9984,8ο ΔΗΜΟΤΙΚΟ ΣΧΟΛΕΙΟ ΚΙΛΚΙΣ,,
9985,ΔΗΜΟΤΙΚΟ ΣΧΟΛΕΙΟ ΝΕΑΣ ΤΡΑΠΕΖΟΥΝΤΑΣ,,
9986,ΔΗΜΟΤΙΚΟ ΣΧΟΛΕΙΟ ΚΙΛΚΙΣ ΕΙΔΙΚΟ,22.865679,40.989608
9987,5ο ΔΗΜΟΤΙΚΟ ΣΧΟΛΕΙΟ ΚΙΛΚΙΣ,22.87227,40.986147
9988,ΔΗΜΟΤΙΚΟ ΣΧΟΛΕΙΟ ΤΟΥΜΠΑΣ ΠΑΙΟΝΙΑΣ,22.545733,40.933566
9989,ΔΗΜΟΤΙΚΟ ΣΧΟΛΕΙΟ ΕΥΡΩΠΟΥ ΠΑΙΟΝΙΑΣ,22.554319,40.896092
9990,ΔΗΜΟΤΙΚΟ ΣΧΟΛΕΙΟ ΒΑΠΤΙΣΤΟΥ ΚΙΛΚΙΣ,,
9991,ΔΗΜΟΤΙΚΟ ΣΧΟΛΕΙΟ ΚΑΤΩ ΑΠΟΣΤΟΛΩΝ ΚΙΛΚΙΣ,,
9992,ΔΗΜΟΤΙΚΟ ΣΧΟΛΕΙΟ ΣΤΑΘΗ ΠΑΙΟΝΙΑΣ,,
9993,1ο ΔΗΜΟΤΙΚΟ ΣΧΟΛΕΙΟ ΓΟΥΜΕΝΙΣΣΑΣ ΠΑΙΟΝΙΑΣ,22.451035,40.946012
9994,ΔΗΜΟΤΙΚΟ ΣΧΟΛΕΙΟ ΕΠΤΑΛΟΦΟΥ ΚΙΛΚΙΣ,23.014905,41.008446
9995,ΔΗΜΟΤΙΚΟ ΣΧΟΛΕΙΟ ΜΟΥΡΙΩΝ,22.796569,41.254383
9996,1ο ΔΗΜΟΤΙΚΟ ΣΧΟΛΕΙΟ ΠΟΛΥΚΑΣΤΡΟΥ ΠΑΙΟΝΙΑΣ,22.575424,40.992158
9997,ΔΗΜΟΤΙΚΟ ΣΧΟΛΕΙΟ ΧΩΡΥΓΙΟΥ ΚΙΛΚΙΣ,22.730161,40.991044
9998,ΔΗΜΟΤΙΚΟ ΣΧΟΛΕΙΟ ΒΑΘΗΣ ΚΙΛΚΙΣ,,
9999,ΔΗΜΟΤΙΚΟ ΣΧΟΛΕΙΟ ΚΑΜΠΑΝΗ ΚΙΛΚΙΣ,22.918525,40.889107
10000,ΔΗΜΟΤΙΚΟ ΣΧΟΛΕΙΟ ΝΕΟΥ ΓΥΝΑΙΚΟΚΑΣΤΡΟΥ,22.762494,40.906133
10001,2ο ΔΗΜΟΤΙΚΟ ΣΧΟΛΕΙΟ ΣΙΝΔΟΥ,22.809605,40.669505
10002,3ο ΔΗΜΟΤΙΚΟ ΣΧΟΛΕΙΟ ΚΙΛΚΙΣ,22.865428,40.993716
10003,1ο ΔΗΜΟΤΙΚΟ ΣΧΟΛΕΙΟ ΚΙΛΚΙΣ,22.876336,40.988587
10004,ΔΗΜΟΤΙΚΟ ΣΧΟΛΕΙΟ ΣΟΥΛΗΝΑΡΙΟΥ ΠΥΛΙΑΣ,21.809565,36.969782
10005,ΔΗΜΟΤΙΚΟ ΣΧΟΛΕΙΟ ΕΥΚΑΡΠΙΑΣ ΚΙΛΚΙΣ,22.90937,41.070286
10006,ΔΗΜΟΤΙΚΟ ΣΧΟΛΕΙΟ ΜΕΓ ΒΡΥΣΗΣ ΚΙΛΚΙΣ,22.795792,41.005445
10007,ΔΗΜΟΤΙΚΟ ΣΧΟΛΕΙΟ ΜΑΝΔΡΩΝ ΚΙΛΚΙΣ,,
10008,ΔΗΜΟΤΙΚΟ ΣΧΟΛΕΙΟ ΚΡΗΣΤΩΝΗΣ ΚΙΛΚΙΣ,22.862371,40.957625
10009,ΔΗΜΟΤΙΚΟ ΣΧΟΛΕΙΟ ΚΑΣΤΑΝΙΩΝ ΚΙΛΚΙΣ,,
10010,ΔΗΜΟΤΙΚΟ ΣΧΟΛΕΙΟ ΔΡΟΣΑΤΟΥ ΚΙΛΚΙΣ,22.803256,41.166507
10011,ΔΗΜΟΤΙΚΟ ΣΧΟΛΕΙΟ ΑΝΘΟΦΥΤΟΥ ΚΙΛΚΙΣ,22.711588,40.851267
10012,ΔΗΜΟΤΙΚΟ ΣΧΟΛΕΙΟ ΠΑΛΑΙΟΥ ΑΓΙΟΝΕΡΙΟΥ ΚΙΛΚΙΣ,22.728658,40.813551
10013,ΔΗΜΟΤΙΚΟ ΣΧΟΛΕΙΟ ΑΝΩ ΑΠΟΣΤΟΛΩΝ ΚΙΛΚΙΣ,,
10014,4ο ΔΗΜΟΤΙΚΟ ΣΧΟΛΕΙΟ ΚΙΛΚΙΣ,22.880184,40.993051
10015,2ο ΔΗΜΟΤΙΚΟ ΣΧΟΛΕΙΟ ΚΙΛΚΙΣ,22.876511,40.993959
10016,ΔΗΜΟΤΙΚΟ ΣΧΟΛΕΙΟ ΡΗΤΙΝΗΣ,22.287825,40.289087
10017,ΔΗΜΟΤΙΚΟ ΣΧΟΛΕΙΟ ΜΙΚΡΟΚΑΜΠΟΥ ΠΑΙΟΝΙΑΣ,22.777436,40.838576
10018,ΔΗΜΟΤΙΚΟ ΣΧΟΛΕΙΟ ΑΡΙΣΤΟΜΕΝΟΥΣ,21.84059,37.085651
10019,ΔΗΜΟΤΙΚΟ ΣΧΟΛΕΙΟ ΒΑΦΙΟΧΩΡΙΟΥ ΚΙΛΚΙΣ,22.664531,41.008387
10020,ΔΗΜΟΤΙΚΟ ΣΧΟΛΕΙΟ ΕΥΖΩΝΩΝ ΠΑΙΟΝΙΑΣ,22.560604,41.101714
10021,ΔΗΜΟΤΙΚΟ ΣΧΟΛΕΙΟ ΜΟΣΧΟΠΟΤΑΜΟΥ,22.310426,40.324005
10022,"7ο ΔΗΜΟΤΙΚΟ ΣΧΟΛΕΙΟ ΚΙΛΚΙΣ ""ΓΕΩΡΓΙΟΣ ΣΕΦΕΡΗΣ""",22.864542,40.993006
10023,ΔΗΜΟΤΙΚΟ ΣΧΟΛΕΙΟ ΑΝΩ ΑΓΙΟΥ ΙΩΑΝΝΟΥ,,
10024,ΔΗΜΟΤΙΚΟ ΣΧΟΛΕΙΟ ΓΑΝΟΧΩΡΑΣ,22.505975,40.303626
10025,ΔΗΜΟΤΙΚΟ ΣΧΟΛΕΙΟ ΛΑΓΟΡΑΧΗΣ,22.352473,40.293125
10026,ΔΗΜΟΤΙΚΟ ΣΧΟΛΕΙΟ ΠΛΑΤΑΜΩΝΑ,,
10027,ΔΗΜΟΤΙΚΟ ΣΧΟΛΕΙΟ ΚΑΛΛΙΘΕΑΣ ΠΥΛΙΑΣ,21.787096,36.877868
10028,ΔΗΜΟΤΙΚΟ ΣΧΟΛΕΙΟ ΑΥΛΩΝΑ,,
10029,4ο ΔΗΜΟΤΙΚΟ ΣΧΟΛΕΙΟ ΚΑΤΕΡΙΝΗΣ,,
10030,ΔΗΜΟΤΙΚΟ ΣΧΟΛΕΙΟ ΧΡΑΝΗΣ,,
10031,ΔΗΜΟΤΙΚΟ ΣΧΟΛΕΙΟ ΝΕΑΣ ΕΦΕΣΟΥ,22.505136,40.227026
10032,ΔΗΜΟΤΙΚΟ ΣΧΟΛΕΙΟ ΜΕΣΑΙΑΣ ΜΗΛΙΑΣ,,
10033,6ο ΔΗΜΟΤΙΚΟ ΣΧΟΛΕΙΟ ΚΙΛΚΙΣ,22.877209,40.987991
10034,2ο ΔΗΜΟΤΙΚΟ ΣΧΟΛΕΙΟ ΑΙΓΙΝΙΟΥ,22.54152,40.50422
10035,1ο ΔΗΜΟΤΙΚΟ ΣΧΟΛΕΙΟ ΑΓΙΟΥ ΑΘΑΝΑΣΙΟΥ,22.729886,40.714044
10036,2ο ΔΗΜΟΤΙΚΟ ΣΧΟΛΕΙΟ ΑΓΙΟΥ ΑΘΑΝΑΣΙΟΥ,22.729886,40.714044
10037,ΔΗΜΟΤΙΚΟ ΣΧΟΛΕΙΟ ΣΚΟΤΙΝΑΣ,,
10038,ΔΗΜΟΤΙΚΟ ΣΧΟΛΕΙΟ ΑΘΥΡΩΝ ΓΙΑΝΝΙΤΣΩΝ,,
10039,ΔΗΜΟΤΙΚΟ ΣΧΟΛΕΙΟ ΕΞΟΧΗΣ,22.431303,40.349011
10040,ΔΗΜΟΤΙΚΟ ΣΧΟΛΕΙΟ ΚΑΛΛΙΘΕΑΣ,,
10041,ΔΗΜΟΤΙΚΟ ΣΧΟΛΕΙΟ ΚΑΤΩ ΜΗΛΙΑΣ,22.343227,40.252792
10042,3ο ΔΗΜΟΤΙΚΟ ΣΧΟΛΕΙΟ ΘΕΣΣΑΛΟΝΙΚΗΣ ΠΕΙΡΑΜΑΤΙΚΟ,22.954318,40.61552
10043,ΔΗΜΟΤΙΚΟ ΣΧΟΛΕΙΟ ΡΑΧΩΝΑΣ ΓΙΑΝΝΙΤΣΩΝ,22.540015,40.809635
10044,ΔΗΜΟΤΙΚΟ ΣΧΟΛΕΙΟ ΦΩΤΕΙΝΩΝ,22.312986,40.217125
10045,ΔΗΜΟΤΙΚΟ ΣΧΟΛΕΙΟ ΘΕΣΣΑΛΟΝΙΚΗΣ ΓΙΑ ΠΑΙΔΙΑ ΜΕ ΑΥΤΙΣΜΟ ΕΙΔΙΚΟ,,
10046,ΔΗΜΟΤΙΚΟ ΣΧΟΛΕΙΟ ΚΑΡΥΩΝ,,
10047,ΔΗΜΟΤΙΚΟ ΣΧΟΛΕΙΟ ΔΙΟΥ,22.486943,40.171719
10048,ΔΗΜΟΤΙΚΟ ΣΧΟΛΕΙΟ ΕΛΑΦΟΥ,22.399564,40.371431
10049,ΔΗΜΟΤΙΚΟ ΣΧΟΛΕΙΟ ΜΟΣΧΟΧΩΡΙΟΥ,22.396676,40.263819
10050,ΔΗΜΟΤΙΚΟ ΣΧΟΛΕΙΟ ΠΑΝΤΕΛΕΗΜΟΝΑ,,
10051,ΔΗΜΟΤΙΚΟ ΣΧΟΛΕΙΟ ΣΒΟΡΩΝΟΥ,22.464372,40.267206
10052,ΔΗΜΟΤΙΚΟ ΣΧΟΛΕΙΟ ΑΓΡΟΣΥΚΕΑΣ ΓΙΑΝΝΙΤΣΩΝ,,
10053,ΔΗΜΟΤΙΚΟ ΣΧΟΛΕΙΟ ΑΝΔΡΟΜΑΧΗΣ,,
10054,ΔΗΜΟΤΙΚΟ ΣΧΟΛΕΙΟ ΝΕΟΥ ΚΕΡΑΜΙΔΙΟΥ,22.426221,40.265572
10055,ΔΗΜΟΤΙΚΟ ΣΧΟΛΕΙΟ ΠΕΥΚΟΔΑΣΟΥΣ ΠΑΙΟΝΙΑΣ,22.578741,41.038163
10056,7ο ΔΗΜΟΤΙΚΟ ΣΧΟΛΕΙΟ ΚΑΤΕΡΙΝΗΣ,,
10057,13ο ΔΗΜΟΤΙΚΟ ΣΧΟΛΕΙΟ ΚΑΤΕΡΙΝΗΣ,,
10058,1ο ΔΗΜΟΤΙΚΟ ΣΧΟΛΕΙΟ ΚΥΜΙΝΩΝ,22.69205,40.612715
10059,2ο ΔΗΜΟΤΙΚΟ ΣΧΟΛΕΙΟ ΠΥΛΑΙΑΣ ΘΕΣΣΑΛΟΝΙΚΗΣ,22.985193,40.592473
10060,1ο ΔΗΜΟΤΙΚΟ ΣΧΟΛΕΙΟ ΠΥΛΑΙΑΣ ΘΕΣΣΑΛΟΝΙΚΗΣ,22.985192,40.592514
10061,15ο ΔΗΜΟΤΙΚΟ ΣΧΟΛΕΙΟ ΘΕΣΣΑΛΟΝΙΚΗΣ,22.965565,40.600556
10062,ΔΗΜΟΤΙΚΟ ΣΧΟΛΕΙΟ ΑΣΠΡΟΥ ΠΑΙΟΝΙΑΣ,22.631314,40.901204
10063,ΔΗΜΟΤΙΚΟ ΣΧΟΛΕΙΟ ΓΟΡΓΟΠΗΣ ΠΑΙΟΝΙΑΣ,22.530929,40.957911
10064,ΔΗΜΟΤΙΚΟ ΣΧΟΛΕΙΟ ΠΡΟΧΩΜΑΤΟΣ ΘΕΣΣΑΛΟΝΙΚΗΣ,,
10065,2ο ΔΗΜΟΤΙΚΟ ΣΧΟΛΕΙΟ ΑΞΙΟΥΠΟΛΗΣ,,
10066,ΔΗΜΟΤΙΚΟ ΣΧΟΛΕΙΟ ΠΟΝΤΟΗΡΑΚΛΕΙΑΣ ΠΟΛΥΚΑΣΤΡΟΥ,22.624283,41.101047
10067,ΔΗΜΟΤΙΚΟ ΣΧΟΛΕΙΟ ΠΑΛΑΙΟΚΑΣΤΡΟΥ ΘΕΣΣΑΛΟΝΙΚΗΣ,,
10068,ΔΗΜΟΤΙΚΟ ΣΧΟΛΕΙΟ ΝΕΩΝ ΠΟΡΩΝ,,
10069,ΔΗΜΟΤΙΚΟ ΣΧΟΛΕΙΟ ΚΑΤΕΡΙΝΗΣ ΕΙΔΙΚΟ,,
10070,ΔΗΜΟΤΙΚΟ ΣΧΟΛΕΙΟ ΜΥΡΙΟΦΥΤΟΥ ΚΙΛΚΙΣ,22.830006,41.221987
10071,8ο ΔΗΜΟΤΙΚΟ ΣΧΟΛΕΙΟ ΚΑΤΕΡΙΝΗΣ,,
10072,ΔΗΜΟΤΙΚΟ ΣΧΟΛΕΙΟ ΒΟΡΕΙΝΟΥ,22.08363,41.025497
10073,ΔΗΜΟΤΙΚΟ ΣΧΟΛΕΙΟ ΠΑΡΑΛΙΑΣ,22.590116,40.266933
10074,5ο ΔΗΜΟΤΙΚΟ ΣΧΟΛΕΙΟ ΜΕΝΕΜΕΝΗΣ ΔΙΑΠΟΛΙΤΙΣΜΙΚΗΣ ΕΚΠΑΙΔΕΥΣΗΣ,22.88006,40.651651
10075,ΔΗΜΟΤΙΚΟ ΣΧΟΛΕΙΟ ΚΟΡΙΝΟΥ,22.58931,40.314365
10076,14ο ΔΗΜΟΤΙΚΟ ΣΧΟΛΕΙΟ ΚΑΤΕΡΙΝΗΣ,,
10077,1ο ΔΗΜΟΤΙΚΟ ΣΧΟΛΕΙΟ ΑΙΓΙΝΙΟΥ,22.541522,40.50421
10078,2ο ΔΗΜΟΤΙΚΟ ΣΧΟΛΕΙΟ ΩΡΑΙΟΚΑΣΤΡΟΥ,,
10079,3ο ΔΗΜΟΤΙΚΟ ΣΧΟΛΕΙΟ ΠΟΛΥΚΑΣΤΡΟΥ,22.575337,40.99211
10080,2ο ΔΗΜΟΤΙΚΟ ΣΧΟΛΕΙΟ ΠΟΛΥΚΑΣΤΡΟΥ ΠΑΙΟΝΙΑΣ,22.575425,40.992132
10081,1ο ΔΗΜΟΤΙΚΟ ΣΧΟΛΕΙΟ ΩΡΑΙΟΚΑΣΤΡΟΥ,,
10082,ΔΗΜΟΤΙΚΟ ΣΧΟΛΕΙΟ ΓΑΛΛΙΚΟΥ ΚΙΛΚΙΣ,22.882997,40.858968
10083,3ο ΔΗΜΟΤΙΚΟ ΣΧΟΛΕΙΟ ΑΙΓΙΝΙΟΥ,22.541522,40.504224
10084,1ο ΔΗΜΟΤΙΚΟ ΣΧΟΛΕΙΟ ΙΩΝΙΑΣ,,
10085,2ο ΔΗΜΟΤΙΚΟ ΣΧΟΛΕΙΟ ΛΕΠΤΟΚΑΡΥΑΣ,22.56463,40.060608
10086,1ο ΔΗΜΟΤΙΚΟ ΣΧΟΛΕΙΟ ΚΟΥΦΑΛΙΩΝ,,
10087,3ο ΔΗΜΟΤΙΚΟ ΣΧΟΛΕΙΟ ΚΟΥΦΑΛΙΩΝ ΘΕΣΣΑΛΟΝΙΚΗΣ,,
10088,2ο ΔΗΜΟΤΙΚΟ ΣΧΟΛΕΙΟ ΚΑΛΟΧΩΡΙΟΥ,22.859401,40.641022
10089,2ο ΔΗΜΟΤΙΚΟ ΣΧΟΛΕΙΟ ΚΥΜΙΝΩΝ,22.69205,40.612715
10090,2ο ΔΗΜΟΤΙΚΟ ΣΧΟΛΕΙΟ ΚΟΥΦΑΛΙΩΝ,,
10091,3ο ΔΗΜΟΤΙΚΟ ΣΧΟΛΕΙΟ ΩΡΑΙΟΚΑΣΤΡΟΥ,,
10092,1ο ΔΗΜΟΤΙΚΟ ΣΧΟΛΕΙΟ ΧΑΛΑΣΤΡΑΣ,22.734547,40.624606
10093,2ο ΔΗΜΟΤΙΚΟ ΣΧΟΛΕΙΟ ΧΑΛΑΣΤΡΑΣ,22.734548,40.624605
10094,3ο ΔΗΜΟΤΙΚΟ ΣΧΟΛΕΙΟ ΙΩΝΙΑΣ,,
10095,ΔΗΜΟΤΙΚΟ ΣΧΟΛΕΙΟ ΝΕΩΝ ΜΑΛΓΑΡΩΝ ΘΕΣΣΑΛΟΝΙΚΗΣ,22.684381,40.60789
10096,ΔΗΜΟΤΙΚΟ ΣΧΟΛΕΙΟ ΚΑΣΤΑΝΕΡΗΣ ΠΑΙΟΝΙΑΣ,22.388671,40.978043
10097,1ο ΔΗΜΟΤΙΚΟ ΣΧΟΛΕΙΟ ΣΙΝΔΟΥ,22.809605,40.669505
10098,2ο ΔΗΜΟΤΙΚΟ ΣΧΟΛΕΙΟ ΛΙΤΟΧΩΡΟΥ,22.496955,40.101154
10099,1ο ΔΗΜΟΤΙΚΟ ΣΧΟΛΕΙΟ ΛΙΤΟΧΩΡΟΥ,22.496954,40.101123
10100,1ο ΔΗΜΟΤΙΚΟ ΣΧΟΛΕΙΟ ΛΕΠΤΟΚΑΡΥΑΣ,22.564535,40.060533
10101,4ο ΔΗΜΟΤΙΚΟ ΣΧΟΛΕΙΟ ΚΟΥΦΑΛΙΩΝ,,
10102,ΔΗΜΟΤΙΚΟ ΣΧΟΛΕΙΟ ΝΕΑΣ ΣΑΝΤΑΣ ΚΙΛΚΙΣ,22.923227,40.841295
10103,ΔΗΜΟΤΙΚΟ ΣΧΟΛΕΙΟ ΝΕΟΥ ΑΓΙΟΝΕΡΙΟΥ ΚΙΛΚΙΣ,22.712443,40.807081
10104,ΔΗΜΟΤΙΚΟ ΣΧΟΛΕΙΟ ΛΟΦΟΥ,22.378353,40.242358
10105,ΔΗΜΟΤΙΚΟ ΣΧΟΛΕΙΟ ΤΡΙΛΟΦΟΥ,22.462831,40.369302
10106,ΔΗΜΟΤΙΚΟ ΣΧΟΛΕΙΟ ΣΦΕΝΔΑΜΗΣ,22.549351,40.412429
10107,ΔΗΜΟΤΙΚΟ ΣΧΟΛΕΙΟ ΚΟΝΤΑΡΙΩΤΙΣΣΑΣ,22.450802,40.229253
10108,ΔΗΜΟΤΙΚΟ ΣΧΟΛΕΙΟ ΚΑΡΙΤΣΑΣ,22.484298,40.185818
10109,ΔΗΜΟΤΙΚΟ ΣΧΟΛΕΙΟ ΚΑΤΩ ΑΓΙΟΥ ΙΩΑΝΝΗ,22.535193,40.325312
10110,3ο ΔΗΜΟΤΙΚΟ ΣΧΟΛΕΙΟ ΚΑΤΕΡΙΝΗΣ,,
10111,ΔΗΜΟΤΙΚΟ ΣΧΟΛΕΙΟ ΒΡΟΝΤΟΥΣ,22.432867,40.190635
10112,ΔΗΜΟΤΙΚΟ ΣΧΟΛΕΙΟ ΚΙΤΡΟΥΣ,22.57845,40.37283
10113,ΔΗΜΟΤΙΚΟ ΣΧΟΛΕΙΟ ΜΕΘΩΝΗΣ,,
10114,1ο ΔΗΜΟΤΙΚΟ ΣΧΟΛΕΙΟ ΚΑΤΕΡΙΝΗΣ,,
10115,10ο ΔΗΜΟΤΙΚΟ ΣΧΟΛΕΙΟ ΚΑΤΕΡΙΝΗΣ,,
10116,3ο ΔΗΜΟΤΙΚΟ ΣΧΟΛΕΙΟ ΣΙΝΔΟΥ,22.809605,40.669505
10117,ΔΗΜΟΤΙΚΟ ΣΧΟΛΕΙΟ ΜΑΚΡΥΓΙΑΛΟΥ,,
10118,11ο ΔΗΜΟΤΙΚΟ ΣΧΟΛΕΙΟ ΚΑΤΕΡΙΝΗΣ,,
10119,ΔΗΜΟΤΙΚΟ ΣΧΟΛΕΙΟ ΠΑΛΑΙΟΥ ΕΛΕΥΘΕΡΟΧΩΡΙΟΥ,,
10120,5ο ΔΗΜΟΤΙΚΟ ΣΧΟΛΕΙΟ ΚΑΤΕΡΙΝΗΣ,,
10121,6ο ΔΗΜΟΤΙΚΟ ΣΧΟΛΕΙΟ ΚΑΤΕΡΙΝΗΣ,,
10122,1ο ΔΗΜΟΤΙΚΟ ΣΧΟΛΕΙΟ ΚΑΛΟΧΩΡΙΟΥ,22.859401,40.641025
10123,2ο ΔΗΜΟΤΙΚΟ ΣΧΟΛΕΙΟ ΚΑΤΕΡΙΝΗΣ,,
10124,12ο ΔΗΜΟΤΙΚΟ ΣΧΟΛΕΙΟ ΚΑΤΕΡΙΝΗΣ,,
10125,1ο ΔΗΜΟΤΙΚΟ ΣΧΟΛΕΙΟ ΚΟΛΙΝΔΡΟΥ,22.485139,40.478766
10126,ΔΗΜΟΤΙΚΟ ΣΧΟΛΕΙΟ ΠΛΑΓΙΑΣ ΚΙΛΚΙΣ,22.848237,41.10427
10127,ΔΗΜΟΤΙΚΟ ΣΧΟΛΕΙΟ ΔΩΡΟΘΕΑΣ,22.063507,40.994259
10128,ΔΗΜΟΤΙΚΟ ΣΧΟΛΕΙΟ ΑΓΙΟΥ ΣΠΥΡΙΔΩΝΑ,22.44551,40.205988
10129,2ο ΔΗΜΟΤΙΚΟ ΣΧΟΛΕΙΟ ΚΟΛΙΝΔΡΟΥ,22.485139,40.478766
10130,ΔΗΜΟΤΙΚΟ ΣΧΟΛΕΙΟ ΑΛΩΝΙΩΝ,22.541882,40.393406
10131,ΔΗΜΟΤΙΚΟ ΣΧΟΛΕΙΟ ΣΕΒΑΣΤΗΣ,22.545665,40.356474
10132,9ο ΔΗΜΟΤΙΚΟ ΣΧΟΛΕΙΟ ΚΑΤΕΡΙΝΗΣ,,
10133,3ο ΔΗΜΟΤΙΚΟ ΣΧΟΛΕΙΟ ΛΙΤΟΧΩΡΟΥ,22.496954,40.101115
10134,15ο ΔΗΜΟΤΙΚΟ ΣΧΟΛΕΙΟ ΚΑΤΕΡΙΝΗΣ,,
10135,ΔΙΕΥΘΥΝΣΗ Δ.Ε. ΚΙΛΚΙΣ,22.870716,40.990894
10136,ΔΙΕΥΘΥΝΣΗ Δ.Ε. ΠΙΕΡΙΑΣ,22.508559,40.273471
10137,2ο  ΕΡΓΑΣΤΗΡΙΑΚΟ ΚΕΝΤΡΟ ΦΥΣΙΚΩΝ ΕΠΙΣΤΗΜΩΝ Α' ΘΕΣΣΑΛΟΝΙΚΗΣ (ΤΟΥΜΠΑ),22.951662,40.637377
10138,1ο ΕΡΓΑΣΤΗΡΙΑΚΟ ΚΕΝΤΡΟ ΦΥΣΙΚΩΝ ΕΠΙΣΤΗΜΩΝ ΚΙΛΚΙΣ (ΚΙΛΚΙΣ),22.864645,40.98942
10139,1ο ΕΡΓΑΣΤΗΡΙΑΚΟ ΚΕΝΤΡΟ ΦΥΣΙΚΩΝ ΕΠΙΣΤΗΜΩΝ ΠΙΕΡΙΑΣ (ΚΑΤΕΡΙΝΗ),22.510522,40.262962
10140,ΚΕΣΥΠ ΠΙΕΡΙΑΣ,22.508095,40.270388
10141,ΚΕΣΥΠ ΚΙΛΚΙΣ,22.871417,40.991126
10142,ΓΡΑΦΕΙΟ Δ.Ε. ΠΙΕΡΙΑΣ,22.508559,40.273471
10143,ΙΕΚ ΚΑΤΕΡΙΝΗΣ,,
10144,ΙΕΚ ΚΟΥΦΑΛΙΩΝ,,
10145,ΙΕΚ ΚΙΛΚΙΣ,,
10146,ΙΕΚ ΣΙΝΔΟΥ,,
10147,ΔΙΕΥΘΥΝΣΗ Π.Ε. ΠΙΕΡΙΑΣ,,
10148,ΔΙΕΥΘΥΝΣΗ Π.Ε. ΚΙΛΚΙΣ,,
10149,1ο ΓΡΑΦΕΙΟ Π.Ε. ΠΙΕΡΙΑΣ,,
10150,2ο ΓΡΑΦΕΙΟ Π.Ε. ΠΙΕΡΙΑΣ,,
10151,1ο ΓΡΑΦΕΙΟ Π.Ε. ΚΙΛΚΙΣ,,
10152,2ο ΠΕΡΙΦΕΡΕΙΑΚΟ ΕΠΙΜΟΡΦΩΤΙΚΟ ΚΕΝΤΡΟ ΘΕΣΣΑΛΟΝΙΚΗΣ,,
10153,2ο ΝΗΠΙΑΓΩΓΕΙΟ ΓΟΥΜΕΝΙΣΣΑΣ,22.451035,40.946042
10154,1ο ΝΗΠΙΑΓΩΓΕΙΟ ΓΟΥΜΕΝΙΣΣΑΣ,22.451061,40.946052
10155,ΝΗΠΙΑΓΩΓΕΙΟ ΠΕΥΚΟΔΑΣΟΥΣ,22.578254,41.038519
10156,ΝΗΠΙΑΓΩΓΕΙΟ ΜΕΛΙΣΣΟΧΩΡΙΟΥ,22.931131,40.768364
10157,ΝΗΠΙΑΓΩΓΕΙΟ ΠΛΑΤΑΝΙΑΣ,,
10158,5ο ΝΗΠΙΑΓΩΓΕΙΟ ΙΩΝΙΑΣ,,
10159,ΝΗΠΙΑΓΩΓΕΙΟ ΠΑΛΑΙΟΚΑΣΤΡΟΥ,,
10160,ΝΗΠΙΑΓΩΓΕΙΟ ΝΕΟΥ ΑΓΙΟΝΕΡΙΟΥ,22.712216,40.807575
10161,3ο ΝΗΠΙΑΓΩΓΕΙΟ ΙΩΝΙΑΣ,,
10162,2ο ΝΗΠΙΑΓΩΓΕΙΟ ΣΙΝΔΟΥ,22.809605,40.669505
10163,ΝΗΠΙΑΓΩΓΕΙΟ ΧΕΡΣΟΥ,22.779434,41.087577
10164,2ο ΝΗΠΙΑΓΩΓΕΙΟ ΧΑΛΑΣΤΡΑΣ,22.734548,40.624607
10165,ΝΗΠΙΑΓΩΓΕΙΟ ΡΥΖΙΩΝ,22.571835,40.927733
10166,1ο ΝΗΠΙΑΓΩΓΕΙΟ ΠΟΛΥΚΑΣΤΡΟΥ,22.575349,40.992039
10167,2ο ΝΗΠΙΑΓΩΓΕΙΟ ΑΓΙΟΥ ΑΘΑΝΑΣΙΟΥ,22.729886,40.714044
10168,ΝΗΠΙΑΓΩΓΕΙΟ ΑΝΩ ΑΠΟΣΤΟΛΩΝ,,
10169,4ο ΝΗΠΙΑΓΩΓΕΙΟ ΙΩΝΙΑΣ,,
10170,3ο ΝΗΠΙΑΓΩΓΕΙΟ ΚΟΥΦΑΛΙΩΝ,,
10171,1ο ΝΗΠΙΑΓΩΓΕΙΟ ΚΟΥΦΑΛΙΩΝ,,
10172,3ο ΝΗΠΙΑΓΩΓΕΙΟ ΩΡΑΙΟΚΑΣΤΡΟΥ,,
10173,1ο ΝΗΠΙΑΓΩΓΕΙΟ ΙΩΝΙΑΣ,,
10174,1ο ΝΗΠΙΑΓΩΓΕΙΟ ΩΡΑΙΟΚΑΣΤΡΟΥ,,
10175,ΝΗΠΙΑΓΩΓΕΙΟ ΠΕΔΙΝΟΥ,22.873366,40.910388
10176,ΝΗΠΙΑΓΩΓΕΙΟ ΕΥΡΩΠΟΥ,22.55434,40.896052
10177,1ο ΝΗΠΙΑΓΩΓΕΙΟ ΚΥΜΗΝΩΝ,22.69205,40.612715
10178,1ο ΝΗΠΙΑΓΩΓΕΙΟ ΧΑΛΑΣΤΡΑΣ,22.734547,40.624606
10179,1ο ΝΗΠΙΑΓΩΓΕΙΟ ΑΓΙΟΥ ΑΘΑΝΑΣΙΟΥ,22.729886,40.714044
10180,1ο ΝΗΠΙΑΓΩΓΕΙΟ ΣΙΝΔΟΥ,22.809605,40.669505
10181,1ο ΝΗΠΙΑΓΩΓΕΙΟ ΚΑΛΟΧΩΡΙΟΥ,22.8594,40.641023
10182,ΝΗΠΙΑΓΩΓΕΙΟ ΝΕΟΚΑΙΣΑΡΕΙΑΣ,22.426221,40.265572
10183,ΝΗΠΙΑΓΩΓΕΙΟ ΕΛΑΦΟΥ,22.399743,40.371163
10184,ΝΗΠΙΑΓΩΓΕΙΟ ΠΛΑΤΑΜΩΝΑ,,
10185,ΝΗΠΙΑΓΩΓΕΙΟ ΣΚΟΤΙΝΑΣ,,
10186,ΝΗΠΙΑΓΩΓΕΙΟ ΝΕΟΥ ΚΕΡΑΜΙΔΙΟΥ,,
10187,ΝΗΠΙΑΓΩΓΕΙΟ ΣΒΟΡΩΝΟΥ,22.464353,40.267226
10188,ΝΗΠΙΑΓΩΓΕΙΟ ΝΕΑΣ ΕΦΕΣΟΥ,22.505118,40.226934
10189,ΝΗΠΙΑΓΩΓΕΙΟ ΔΙΟΥ,22.48694,40.171649
10190,ΝΗΠΙΑΓΩΓΕΙΟ ΚΟΡΙΝΟΥ,22.589178,40.314256
10191,1ο ΝΗΠΙΑΓΩΓΕΙΟ ΚΑΤΕΡΙΝΗΣ,,
10192,ΝΗΠΙΑΓΩΓΕΙΟ ΚΑΤΩ ΜΗΛΙΑΣ,22.34324,40.252834
10193,7ο ΝΗΠΙΑΓΩΓΕΙΟ ΚΑΤΕΡΙΝΗΣ,,
10194,ΝΗΠΙΑΓΩΓΕΙΟ ΑΝΩ ΑΓΙΟΥ ΙΩΑΝΝΟΥ,22.49478,40.319912
10195,ΝΗΠΙΑΓΩΓΕΙΟ ΕΞΟΧΗΣ,22.431618,40.348803
10196,ΝΗΠΙΑΓΩΓΕΙΟ ΚΑΛΛΙΘΕΑΣ,22.578871,40.273813
10197,ΝΗΠΙΑΓΩΓΕΙΟ ΕΛΑΤΟΧΩΡΙΟΥ,22.267632,40.318093
10198,ΝΗΠΙΑΓΩΓΕΙΟ ΠΕΡΙΣΤΑΣΗΣ,22.544322,40.273337
10199,5ο ΝΗΠΙΑΓΩΓΕΙΟ ΚΑΤΕΡΙΝΗΣ,,
10200,ΝΗΠΙΑΓΩΓΕΙΟ ΑΓΙΟΥ ΔΗΜΗΤΡΙΟΥ,22.232528,40.154068
10201,ΝΗΠΙΑΓΩΓΕΙΟ ΧΡΑΝΗΣ,,
10202,13ο ΝΗΠΙΑΓΩΓΕΙΟ ΚΑΤΕΡΙΝΗΣ,,
10203,4ο ΝΗΠΙΑΓΩΓΕΙΟ ΚΑΤΕΡΙΝΗΣ,,
10204,8ο ΝΗΠΙΑΓΩΓΕΙΟ ΚΑΤΕΡΙΝΗΣ,,
10205,ΝΗΠΙΑΓΩΓΕΙΟ ΓΡΙΒΑΣ,22.411853,40.954634
10206,ΝΗΠΙΑΓΩΓΕΙΟ ΛΑΟΔΙΚΗΝΟΥ,,
10207,11ο ΝΗΠΙΑΓΩΓΕΙΟ ΚΑΤΕΡΙΝΗΣ,,
10208,ΝΗΠΙΑΓΩΓΕΙΟ ΚΑΤΑΧΑ,22.541947,40.466231
10209,9ο ΝΗΠΙΑΓΩΓΕΙΟ ΚΑΤΕΡΙΝΗΣ,,
10210,14ο ΝΗΠΙΑΓΩΓΕΙΟ ΚΑΤΕΡΙΝΗΣ,,
10211,ΝΗΠΙΑΓΩΓΕΙΟ ΓΑΝΟΧΩΡΑΣ,22.505975,40.303626
10212,ΝΗΠΙΑΓΩΓΕΙΟ ΑΝΔΡΟΜΑΧΗΣ,,
10213,ΝΗΠΙΑΓΩΓΕΙΟ ΡΑΧΗΣ,,
10214,ΝΗΠΙΑΓΩΓΕΙΟ ΚΑΤΑΛΩΝΙΩΝ,22.366572,40.349262
10215,ΝΗΠΙΑΓΩΓΕΙΟ ΜΟΣΧΟΧΩΡΙΟΥ,22.396582,40.263889
10216,ΝΗΠΙΑΓΩΓΕΙΟ ΠΑΝΤΕΛΕΗΜΟΝΑ,,
10217,ΝΗΠΙΑΓΩΓΕΙΟ ΚΑΣΤΑΝΙΑΣ,22.454363,40.458008
10218,2ο ΝΗΠΙΑΓΩΓΕΙΟ ΛΙΤΟΧΩΡΟΥ,22.496955,40.101145
10219,ΝΗΠΙΑΓΩΓΕΙΟ ΠΑΛ ΚΕΡΑΜΙΔΙΟΥ,22.469169,40.312787
10220,ΝΗΠΙΑΓΩΓΕΙΟ ΜΟΣΧΟΠΟΤΑΜΟΥ,22.310746,40.32428
10221,1ο ΝΗΠΙΑΓΩΓΕΙΟ ΛΙΤΟΧΩΡΙΟΥ,22.496955,40.101137
10222,3ο ΝΗΠΙΑΓΩΓΕΙΟ ΑΙΓΙΝΙΟΥ,22.541506,40.504209
10223,ΝΗΠΙΑΓΩΓΕΙΟ ΠΑΡΑΛΙΑΣ,22.590044,40.267041
10224,2ο ΝΗΠΙΑΓΩΓΕΙΟ ΑΙΓΙΝΙΟΥ,22.541542,40.504228
10225,2ο ΝΗΠΙΑΓΩΓΕΙΟ ΚΟΛΙΝΔΡΟΥ,22.485139,40.478766
10226,1ο ΝΗΠΙΑΓΩΓΕΙΟ ΚΟΛΙΝΔΡΟΥ,22.485139,40.478766
10227,ΝΗΠΙΑΓΩΓΕΙΟ ΚΑΤΩ ΑΓΙΟΥ ΙΩΑΝΝΟΥ,22.535177,40.325075
10228,ΝΗΠΙΑΓΩΓΕΙΟ ΡΥΑΚΙΩΝ,22.396127,40.399393
10229,ΝΗΠΙΑΓΩΓΕΙΟ ΚΙΤΡΟΥΣ,22.578575,40.372831
10230,ΝΗΠΙΑΓΩΓΕΙΟ ΜΕΘΩΝΗΣ,22.579713,40.447149
10231,ΝΗΠΙΑΓΩΓΕΙΟ ΜΑΚΡΥΓΙΑΛΟΥ,22.603504,40.414681
10232,ΝΗΠΙΑΓΩΓΕΙΟ ΑΛΩΝΙΩΝ,22.542007,40.393408
10233,ΝΗΠΙΑΓΩΓΕΙΟ ΛΑΓΟΡΑΧΗΣ,22.352651,40.292874
10234,ΝΗΠΙΑΓΩΓΕΙΟ ΠΑΛΑΙΟΥ ΕΛΕΥΘΕΡΟΧΩΡΙΟΥ,22.57588,40.435742
10235,ΝΗΠΙΑΓΩΓΕΙΟ ΛΟΦΟΥ,22.378312,40.242173
10236,ΝΗΠΙΑΓΩΓΕΙΟ ΤΡΙΛΟΦΟΥ,22.462898,40.368935
10237,ΝΗΠΙΑΓΩΓΕΙΟ ΣΦΕΝΔΑΜΗΣ,22.549474,40.412527
10238,6ο ΝΗΠΙΑΓΩΓΕΙΟ ΚΙΛΚΙΣ,,
10239,ΝΗΠΙΑΓΩΓΕΙΟ ΚΑΡΙΤΣΑΣ,22.48429,40.185926
10240,ΝΗΠΙΑΓΩΓΕΙΟ ΑΓΙΟΥ ΣΠΥΡΙΔΩΝΟΣ,22.445516,40.206008
10241,3ο ΝΗΠΙΑΓΩΓΕΙΟ ΚΑΤΕΡΙΝΗΣ,,
10242,2ο ΝΗΠΙΑΓΩΓΕΙΟ ΚΑΤΕΡΙΝΗΣ,,
10243,12ο ΝΗΠΙΑΓΩΓΕΙΟ ΚΑΤΕΡΙΝΗΣ,,
10244,8ο ΝΗΠΙΑΓΩΓΕΙΟ ΚΙΛΚΙΣ,,
10245,2ο ΝΗΠΙΑΓΩΓΕΙΟ ΑΞΙΟΥΠΟΛΗΣ,22.541724,40.981411
10246,1ο ΝΗΠΙΑΓΩΓΕΙΟ ΛΕΠΤΟΚΑΡΨΑΣ,22.564632,40.060534
10247,ΝΗΠΙΑΓΩΓΕΙΟ ΚΟΝΤΑΡΙΩΤΙΣΣΑΣ,22.450839,40.229249
10248,ΝΗΠΙΑΓΩΓΕΙΟ ΓΑΛΛΙΚΟΥ,,
10249,ΝΗΠΙΑΓΩΓΕΙΟ ΑΣΠΡΟΥ,22.631518,40.901085
10250,ΝΗΠΙΑΓΩΓΕΙΟ ΤΟΥΜΠΑΣ,22.545682,40.933409
10251,ΝΗΠΙΑΓΩΓΕΙΟ ΚΑΤΩ ΑΠΟΣΤΟΛΩΝ,,
10252,2ο ΝΗΠΙΑΓΩΓΕΙΟ ΠΟΛΥΚΑΣΤΡΟΥ,22.57546,40.992122
10253,1ο ΝΗΠΙΑΓΩΓΕΙΟ ΒΡΟΝΤΟΥΣ,22.432869,40.190645
10254,2ο ΝΗΠΙΑΓΩΓΕΙΟ ΩΡΑΙΟΚΑΣΤΡΟΥ,,
10255,ΝΗΠΙΑΓΩΓΕΙΟ ΠΡΟΧΩΜΑΤΟΣ,,
10256,3ο ΝΗΠΙΑΓΩΓΕΙΟ ΑΓΙΟΥ ΑΘΑΝΑΣΙΟΥ,22.729886,40.714044
10257,ΝΗΠΙΑΓΩΓΕΙΟ ΔΡΟΣΑΤΟΥ,22.803256,41.166507
10258,1ο ΝΗΠΙΑΓΩΓΕΙΟ ΑΞΙΟΥΠΟΛΗΣ,22.541705,40.98135
10259,ΝΗΠΙΑΓΩΓΕΙΟ ΚΡΗΣΤΩΝΗΣ,22.86238,40.957135
10260,ΝΗΠΙΑΓΩΓΕΙΟ ΜΑΝΔΡΩΝ,,
10261,ΝΗΠΙΑΓΩΓΕΙΟ ΑΓΙΟΥ ΠΕΤΡΟΥ,22.585518,40.864279
10262,ΝΗΠΙΑΓΩΓΕΙΟ ΓΟΡΓΟΠΗΣ,22.530849,40.957903
10263,ΝΗΠΙΑΓΩΓΕΙΟ ΗΛΙΟΛΟΥΣΤΟΥ,,
10264,7ο ΝΗΠΙΑΓΩΓΕΙΟ ΚΙΛΚΙΣ,,
10265,ΝΗΠΙΑΓΩΓΕΙΟ ΜΑΥΡΟΝΕΡΙΟΥ,22.815583,40.887141
10266,ΝΗΠΙΑΓΩΓΕΙΟ ΒΑΠΤΙΣΤΟΥ,22.77351,40.990533
10267,4ο ΝΗΠΙΑΓΩΓΕΙΟ ΚΟΥΦΑΛΙΩΝ,,
10268,ΝΗΠΙΑΓΩΓΕΙΟ ΚΑΣΤΑΝΕΩΝ,22.767059,41.024283
10269,3ο ΝΗΠΙΑΓΩΓΕΙΟ ΚΙΛΚΙΣ,,
10270,ΝΗΠΙΑΓΩΓΕΙΟ ΝΕΟΥ ΓΥΝΑΙΚΟΚΑΣΤΡΟΥ,22.762445,40.90628
10271,ΝΗΠΙΑΓΩΓΕΙΟ ΠΑΛΑΙΟΣΤΑΝΗΣ,22.464035,40.418689
10272,ΝΗΠΙΑΓΩΓΕΙΟ ΝΕΑΣ ΜΑΔΥΤΟΥ ΛΑΓΚΑΔΑ,23.562484,40.621678
10273,ΝΗΠΙΑΓΩΓΕΙΟ ΜΕΓ ΒΡΥΣΗΣ,22.795874,41.005718
10274,ΝΗΠΙΑΓΩΓΕΙΟ ΙΣΩΜΑΤΟΣ,23.138305,40.995867
10275,20ο ΝΗΠΙΑΓΩΓΕΙΟ ΚΑΤΕΡΙΝΗΣ,,
10276,ΝΗΠΙΑΓΩΓΕΙΟ ΠΑΛ. ΑΓΙΟΝΕΡΙΟΥ,22.72844,40.813549
10277,10ο ΝΗΠΙΑΓΩΓΕΙΟ ΚΙΛΚΙΣ,,
10278,15ο ΝΗΠΙΑΓΩΓΕΙΟ ΚΑΤΕΡΙΝΗΣ,,
10279,ΝΗΠΙΑΓΩΓΕΙΟ ΧΩΡΗΓΙΟΥ,22.730154,40.991039
10280,2ο ΝΗΠΙΑΓΩΓΕΙΟ ΚΟΥΦΑΛΙΩΝ,,
10281,ΝΗΠΙΑΓΩΓΕΙΟ ΜΙΚΡΟΥ ΔΑΣΟΥΣ,22.571645,41.070427
10282,1ο ΝΗΠΙΑΓΩΓΕΙΟ ΚΙΛΚΙΣ,,
10283,ΝΗΠΙΑΓΩΓΕΙΟ ΕΠΤΑΛΟΦΟΥ,23.01491,41.008142
10284,ΝΗΠΙΑΓΩΓΕΙΟ ΣΤΑΘΗ,,
10285,ΝΗΠΙΑΓΩΓΕΙΟ ΕΥΚΑΡΠΙΑΣ,22.908969,41.070282
10286,ΝΗΠΙΑΓΩΓΕΙΟ ΜΙΚΡΟΚΑΜΠΟΥ,22.777442,40.838245
10287,ΝΗΠΙΑΓΩΓΕΙΟ ΚΑΜΠΑΝΗ,22.918814,40.889056
10288,2ο ΝΗΠΙΑΓΩΓΕΙΟ ΚΙΛΚΙΣ,,
10289,4ο ΝΗΠΙΑΓΩΓΕΙΟ ΚΙΛΚΙΣ,,
10290,3ο ΝΗΠΙΑΓΩΓΕΙΟ ΣΙΝΔΟΥ,22.809605,40.669505
10291,ΝΗΠΙΑΓΩΓΕΙΟ ΔΡΥΜΟΥ,22.960367,40.781393
10292,ΝΗΠΙΑΓΩΓΕΙΟ ΠΑΝΤΕΛΕΗΜΟΝΑ,,
10293,2ο ΝΗΠΙΑΓΩΓΕΙΟ ΙΩΝΙΑΣ,,
10294,10ο ΝΗΠΙΑΓΩΓΕΙΟ ΚΑΤΕΡΙΝΗΣ,,
10295,1ο ΝΗΠΙΑΓΩΓΕΙΟ ΑΙΓΙΝΙΟΥ,22.541532,40.504215
10296,6ο ΝΗΠΙΑΓΩΓΕΙΟ ΚΑΤΕΡΙΝΗΣ,,
10297,21ο ΝΗΠΙΑΓΩΓΕΙΟ ΚΑΤΕΡΙΝΗΣ,,
10298,ΝΗΠΙΑΓΩΓΕΙΟ ΚΑΤΕΡΙΝΗΣ ΕΚΠΑΙΔΕΥΣΙΜΩΝ,,
10299,3ο ΝΗΠΙΑΓΩΓΕΙΟ ΠΟΛΥΚΑΣΤΡΟΥ,22.575426,40.992101
10300,ΝΗΠΙΑΓΩΓΕΙΟ ΒΑΘΗΣ,22.970379,41.141827
10301,5ο ΝΗΠΙΑΓΩΓΕΙΟ ΚΙΛΚΙΣ,,
10302,ΝΗΠΙΑΓΩΓΕΙΟ ΤΟΞΟΥ,,
10303,3ο ΝΗΠΙΑΓΩΓΕΙΟ ΧΑΛΑΣΤΡΑΣ,22.734549,40.624605
10304,2ο ΝΗΠΙΑΓΩΓΕΙΟ ΚΑΛΟΧΩΡΙΟΥ,22.8594,40.641022
10305,2ο ΝΗΠΙΑΓΩΓΕΙΟ ΚΥΜΗΝΩΝ,22.69205,40.612715
10306,ΝΗΠΙΑΓΩΓΕΙΟ ΡΗΤΙΝΗΣ,22.287544,40.288943
10307,ΝΗΠΙΑΓΩΓΕΙΟ ΠΛΑΓΙΑΣ,,
10308,ΝΗΠΙΑΓΩΓΕΙΟ Σ. Σ. ΜΟΥΡΙΩΝ,,
10309,ΝΗΠΙΑΓΩΓΕΙΟ ΣΤΑΥΡΟΧΩΡΙΟΥ,22.800223,41.033455
10310,ΝΗΠΙΑΓΩΓΕΙΟ ΝΕΑΣ ΣΑΝΤΑΣ,22.92299,40.841643
10311,ΝΗΠΙΑΓΩΓΕΙΟ ΑΝΘΟΦΥΤΟΥ,22.711585,40.851432
10312,ΝΗΠΙΑΓΩΓΕΙΟ ΠΟΝΤΟΗΡΑΚΛΕΙΑΣ,22.624317,41.101768
10313,9ο ΝΗΠΙΑΓΩΓΕΙΟ ΚΙΛΚΙΣ,,
10314,ΝΗΠΙΑΓΩΓΕΙΟ ΦΩΤΕΙΝΩΝ,22.313169,40.217313
10315,2ο ΝΗΠΙΑΓΩΓΕΙΟ ΛΕΠΤΟΚΑΡΥΑΣ,22.564553,40.060561
10316,2ο ΝΗΠΙΑΓΩΓΕΙΟ ΒΡΟΝΤΟΥΣ,22.432867,40.190645
10317,ΝΗΠΙΑΓΩΓΕΙΟ ΝΕΑΣ ΤΡΑΠΕΖΟΥΝΤΑΣ,22.525303,40.334115
10318,17ο ΝΗΠΙΑΓΩΓΕΙΟ ΚΑΤΕΡΙΝΗΣ,,
10319,16ο ΝΗΠΙΑΓΩΓΕΙΟ ΚΑΤΕΡΙΝΗΣ,,
10320,ΝΗΠΙΑΓΩΓΕΙΟ ΚΑΡΥΩΝ,,
10321,ΝΗΠΙΑΓΩΓΕΙΟ ΑΡΩΝΑ,22.435019,40.288082
10322,22ο ΝΗΠΙΑΓΩΓΕΙΟ ΚΑΤΕΡΙΝΗΣ,,
10323,ΝΗΠΙΑΓΩΓΕΙΟ ΚΑΤΕΡΙΝΗΣ ΕΙΔΙΚΟ,,
10324,ΝΗΠΙΑΓΩΓΕΙΟ ΜΕΛΙΑΔΙΟΥ,,
10325,3ο ΝΗΠΙΑΓΩΓΕΙΟ ΛΙΤΟΧΩΡΟΥ,22.496955,40.10113
10326,18ο ΝΗΠΙΑΓΩΓΕΙΟ ΚΑΤΕΡΙΝΗΣ,,
10327,ΝΗΠΙΑΓΩΓΕΙΟ ΜΕΣΑΙΑΣ ΜΗΛΙΑΣ,,
10328,ΝΗΠΙΑΓΩΓΕΙΟ ΣΕΒΑΣΤΗΣ,22.545792,40.356512
10329,ΝΗΠΙΑΓΩΓΕΙΟ ΝΕΩΝ ΠΟΡΩΝ,,
10330,19ο ΝΗΠΙΑΓΩΓΕΙΟ ΚΑΤΕΡΙΝΗΣ,,
10331,"ΙΔΙΩΤΙΚΟ ΓΥΜΝΑΣΙΟ ""ΕΚΠΑΙΔΕΥΤΙΚΟ ΣΥΓΚΡΟΤΗΜΑ ΠΛΑΤΩΝ"" ΚΑΤΕΡΙΝΗΣ",,
10332,"ΙΔΙΩΤΙΚΟ ΕΝΙΑΙΟ ΛΥΚΕΙΟ ""ΕΚΠΑΙΔΕΥΤΙΚΟ ΣΥΓΚΡΟΤΗΜΑ ΠΛΑΤΩΝ"" ΚΑΤΕΡΙΝΗΣ",,
10333,ΚΕΝΤΡΟ ΠΕΡΙΒΑΛΛΟΝΤΙΚΗΣ ΕΚΠΑΙΔΕΥΣΗΣ ΑΝΑΤΟΛΙΚΟΥ ΟΛΥΜΠΟΥ,,
10334,ΚΕΝΤΡΟ ΠΕΡΙΒΑΛΛΟΝΤΙΚΗΣ ΕΚΠΑΙΔΕΥΣΗΣ ΕΛΕΥΘΕΡΙΟΥ-ΚΟΡΔΕΛΙΟΥ,,
10335,ΜΕΣΟ ΕΚΚΛΗΣΙΑΣΤΙΚΟ ΦΡΟΝΤΙΣΤΗΡΙΟ ΚΑΤΕΡΙΝΗΣ,,
10336,ΣΧΟΛΕΙΟ ΔΕΥΤΕΡΗΣ ΕΥΚΑΙΡΙΑΣ ΘΕΣΣΑΛΟΝΙΚΗΣ,,
10337,ΣΧΟΛΕΙΟ ΔΕΥΤΕΡΗΣ ΕΥΚΑΙΡΙΑΣ ΚΑΤΕΡΙΝΗΣ,,
10338,ΔΗΜΟΤΙΚΗ ΒΙΒΛΙΟΘΗΚΗ ΔΟΪΡΑΝΗΣ,,
10339,ΔΗΜΟΣΙΑ ΒΙΒΛΙΟΘΗΚΗ ΚΙΛΚΙΣ ΚΕΝΤΡΙΚΗ,,
10340,ΠΑΙΔΙΚΗ ΒΙΒΛΙΟΘΗΚΗ ΟΡΕΣΤΟΥ ΘΕΣΣΑΛΟΝΙΚΗΣ,,
10341,ΓΕΝΙΚΑ ΑΡΧΕΙΑ ΤΟΥ ΚΡΑΤΟΥΣ-ΑΡΧΕΙΑ Ν. ΠΙΕΡΙΑΣ,,
10342,ΓΕΝΙΚΑ ΑΡΧΕΙΑ ΤΟΥ ΚΡΑΤΟΥΣ-ΑΡΧΕΙΑ Ν. ΚΙΛΚΙΣ,,
10343,ΕΙΔΙΚΟ ΕΡΓΑΣΤΗΡΙΟ ΕΠΑΓΓΕΛΜΑΤΙΚΗΣ ΕΚΠΑΙΔΕΥΣΗΣ ΚΑΙ ΚΑΤΑΡΤΙΣΗΣ ΚΟΡΔΕΛΙΟΥ,,
10344,1ο ΕΕΕΕΚ ΔΗΜΟΥ ΘΕΣΣΑΛΟΝΙΚΗΣ,22.959632,40.618937
10345,ΕΙΔΙΚΟ ΕΡΓΑΣΤΗΡΙΟ ΕΠΑΓΓΕΛΜΑΤΙΚΗΣ ΕΚΠΑΙΔΕΥΣΗΣ ΚΑΙ ΚΑΤΑΡΤΙΣΗΣ ΚΑΤΕΡΙΝΗΣ,,
10346,ΕΙΔΙΚΟ ΕΡΓΑΣΤΗΡΙΟ ΕΠΑΓΓΕΛΜΑΤΙΚΗΣ ΕΚΠΑΙΔΕΥΣΗΣ ΚΑΙ ΚΑΤΑΡΤΙΣΗΣ ΚΙΛΚΙΣ,,
10347,ΙΔΙΩΤΙΚΟ ΝΗΠΙΑΓΩΓΕΙΟ ΠΛΑΤΩΝ ΚΑΤΕΡΙΝΗΣ,,
10348,ΑΝΩΤΕΡΗ ΕΚΚΛΗΣΙΑΣΤΙΚΗ ΣΧΟΛΗ ΘΕΣΣΑΛΟΝΙΚΗΣ,,
10349,ΓΡΑΦΕΙΟ ΠΕΡΙΒΑΛΛΟΝΤΙΚΗΣ ΕΚΠΑΙΔΕΥΣΗΣ ΚΙΛΚΙΣ,,
10350,ΓΡΑΦΕΙΟ ΠΕΡΙΒΑΛΛΟΝΤΙΚΗΣ ΕΚΠΑΙΔΕΥΣΗΣ ΠΙΕΡΙΑΣ,,
10351,ΚΕΝΤΡΟ ΔΙΑΓΝΩΣΗΣ ΑΞΙΟΛΟΓΗΣΗΣ ΚΑΙ ΥΠΟΣΤΗΡΙΞΗΣ ΑΤΟΜΩΝ ΜΕ ΕΙΔΙΚΕΣ ΕΚΠΑΙΔΕΥΤΙΚΕΣ ΑΝΑΓΚΕΣ ΠΙΕΡΙΑΣ,,
10352,ΚΕΝΤΡΟ ΔΙΑΓΝΩΣΗΣ ΑΞΙΟΛΟΓΗΣΗΣ ΚΑΙ ΥΠΟΣΤΗΡΙΞΗΣ ΑΤΟΜΩΝ ΜΕ ΕΙΔΙΚΕΣ ΕΚΠΑΙΔΕΥΤΙΚΕΣ ΑΝΑΓΚΕΣ ΚΙΛΚΙΣ,,
10353,ΚΟΜΒΟΣ ΔΙΑΝΟΜΗΣ ΠΣΔ ΝΟΜΟΥ ΠΙΕΡΙΑΣ,,
10354,ΚΟΜΒΟΣ ΔΙΑΝΟΜΗΣ ΠΣΔ ΝΟΜΟΥ ΚΙΛΚΙΣ,,
10355,HELPDESK ΤΕΙ ΘΕΣΣΑΛΟΝΙΚΗΣ,,
10356,ΚΕΝΤΡΟ ΕΚΠΑΙΔΕΥΣΗΣ ΕΝΗΛΙΚΩΝ ΠΙΕΡΙΑΣ,,
10357,11ο ΓΥΜΝΑΣΙΟ ΘΕΣΣΑΛΟΝΙΚΗΣ,22.964681,40.62583
10358,9ο ΔΗΜΟΤΙΚΟ ΣΧΟΛΕΙΟ ΚΙΛΚΙΣ,,
10359,ΓΥΜΝΑΣΙΟ ΓΕΝΙΣΕΑΣ ΞΑΝΘΗΣ,24.965715,41.059313
10360,3ο ΓΥΜΝΑΣΙΟ ΞΑΝΘΗΣ,24.889739,41.134362
10361,1ο ΓΥΜΝΑΣΙΟ ΞΑΝΘΗΣ,24.883047,41.130762
10362,ΓΥΜΝΑΣΙΟ ΠΟΔΟΧΩΡΙΟΥ ΚΑΒΑΛΑΣ,24.02557,40.835056
10363,ΓΥΜΝΑΣΙΟ ΚΑΒΑΛΑΣ ΕΣΠΕΡΙΝΟ,24.416492,40.937822
10364,6ο ΓΥΜΝΑΣΙΟ ΚΑΒΑΛΑΣ,24.416492,40.937822
10365,3ο ΓΥΜΝΑΣΙΟ ΟΡΕΣΤΙΑΔΑΣ,26.52961,41.512958
10366,ΓΥΜΝΑΣΙΟ ΚΑΒΑΛΑΣ ΜΟΥΣΙΚΟ,24.385105,40.933273
10367,ΓΥΜΝΑΣΙΟ ΞΑΝΘΗΣ ΕΣΠΕΡΙΝΟ,24.891733,41.130883
10368,ΓΥΜΝΑΣΙΟ ΛΕΚΑΝΗΣ ΚΑΒΑΛΑΣ,24.55211,41.15847
10369,3ο ΓΥΜΝΑΣΙΟ ΔΡΑΜΑΣ,24.153381,41.14936
10370,2ο ΓΥΜΝΑΣΙΟ ΔΡΑΜΑΣ,24.136696,41.15001
10371,ΓΥΜΝΑΣΙΟ ΑΜΥΓΔΑΛΕΩΝΑ,24.361818,40.961488
10372,ΓΥΜΝΑΣΙΟ ΚΕΡΑΜΩΤΗΣ,24.707471,40.857986
10373,ΓΥΜΝΑΣΙΟ ΚΡΗΝΙΔΩΝ,24.295546,41.012085
10374,2ο ΓΥΜΝΑΣΙΟ ΚΑΒΑΛΑΣ,24.397969,40.937592
10375,ΓΥΜΝΑΣΙΟ ΛΙΜΕΝΑΡΙΩΝ ΘΑΣΟΥ,24.66225,40.66608
10376,ΓΥΜΝΑΣΙΟ ΝΕΑΣ ΠΕΡΑΜΟΥ,24.303856,40.837821
10377,ΓΥΜΝΑΣΙΟ ΠΕΡΝΗΣ,24.634425,40.996872
10378,ΓΥΜΝΑΣΙΟ ΖΥΓΟΥ ΚΡΥΟΝΕΡΙΟΥ,24.384095,41.013555
10379,ΓΥΜΝΑΣΙΟ ΚΑΒΑΛΑΣ ΠΕΙΡΑΜΑΤΙΚΟ,24.41793,40.937695
10380,3ο ΓΥΜΝΑΣΙΟ ΚΑΒΑΛΑΣ,24.397969,40.937592
10381,ΓΥΜΝΑΣΙΟ ΔΟΞΑΤΟΥ ΔΡΑΜΑΣ,24.23242,41.091844
10382,6ο ΓΥΜΝΑΣΙΟ ΔΡΑΜΑΣ,24.153381,41.14936
10383,ΓΥΜΝΑΣΙΟ ΔΡΑΜΑΣ ΜΟΥΣΙΚΟ,24.153381,41.14936
10384,5ο ΓΥΜΝΑΣΙΟ ΔΡΑΜΑΣ,24.132809,41.148507
10385,ΓΥΜΝΑΣΙΟ ΚΑΤΩ ΝΕΥΡΟΚΟΠΙΟΥ,23.870472,41.341767
10386,ΔΗΜΟΤΙΚΟ ΣΧΟΛΕΙΟ ΝΕΟΧΩΡΙΟΥ,,
10387,ΓΥΜΝΑΣΙΟ ΑΓΙΟΥ ΑΘΑΝΑΣΙΟΥ,24.247498,41.07126
10388,4ο ΓΥΜΝΑΣΙΟ ΔΡΑΜΑΣ,24.153381,41.14936
10389,ΓΥΜΝΑΣΙΟ ΚΥΡΓΙΩΝ,24.290494,41.097337
10390,ΓΥΜΝΑΣΙΟ ΡΟΔΟΠΗΣ ΜΕΙΟΝΟΤΙΚΟ ΙΕΡΟΣΠΟΥΔΑΣΤΗΡΙΟ,25.401531,41.117061
10391,ΓΥΜΝΑΣΙΟ ΚΟΜΟΤΗΝΗΣ ΕΣΠΕΡΙΝΟ,25.397937,41.112476
10392,ΓΥΜΝΑΣΙΟ ΦΕΡΡΩΝ,26.175744,40.8922
10393,3ο ΓΥΜΝΑΣΙΟ ΑΛΕΞΑΝΔΡΟΥΠΟΛΗΣ,25.870675,40.849346
10394,ΓΥΜΝΑΣΙΟ ΝΕΑΣ ΒΥΣΣΗΣ,26.545863,41.588595
10395,ΓΥΜΝΑΣΙΟ ΣΑΜΟΘΡΑΚΗΣ,25.526424,40.472639
10396,ΓΥΜΝΑΣΙΟ ΞΑΝΘΗΣ ΜΟΥΣΙΚΟ,24.890323,41.121378
10397,ΓΥΜΝΑΣΙΟ ΞΑΝΘΗΣ ΕΚΚΛΗΣΙΑΣΤΙΚΟ,24.890323,41.121378
10398,2ο ΓΥΜΝΑΣΙΟ ΞΑΝΘΗΣ,24.889775,41.134242
10399,ΓΥΜΝΑΣΙΟ ΤΟΞΟΤΩΝ ΞΑΝΘΗΣ,24.79457,41.087986
10400,4ο ΓΥΜΝΑΣΙΟ ΞΑΝΘΗΣ,24.877213,41.135504
10401,ΓΥΜΝΑΣΙΟ ΓΛΑΥΚΗΣ,24.923617,41.246088
10402,ΓΥΜΝΑΣΙΟ ΑΒΔΗΡΩΝ,24.959127,40.979538
10403,ΓΥΜΝΑΣΙΟ ΕΧΙΝΟΥ ΞΑΝΘΗΣ,24.97444,41.273897
10404,ΓΥΜΝΑΣΙΟ ΣΜΙΝΘΗΣ ΞΑΝΘΗΣ,24.872237,41.230855
10405,ΓΥΜΝΑΣΙΟ ΠΟΛΥΣΙΤΟΥ ΞΑΝΘΗΣ,25.026768,41.107245
10406,ΓΥΜΝΑΣΙΟ ΕΡΑΣΜΙΟΥ ΞΑΝΘΗΣ,24.845984,40.927312
10407,ΓΥΜΝΑΣΙΟ ΟΛΒΙΟΥ ΞΑΝΘΗΣ,24.799828,41.026293
10408,ΔΗΜΟΤΙΚΟ ΣΧΟΛΕΙΟ ΔΥΤΙΚΟΥ ΓΙΑΝΝΙΤΣΩΝ,,
10409,ΓΥΜΝΑΣΙΟ ΣΤΑΥΡΟΥΠΟΛΗΣ,24.706528,41.197216
10410,5ο ΓΥΜΝΑΣΙΟ ΞΑΝΘΗΣ,24.875219,41.122174
10411,6ο ΓΥΜΝΑΣΙΟ ΞΑΝΘΗΣ,24.877213,41.135504
10412,ΓΥΜΝΑΣΙΟ ΞΗΡΟΠΟΤΑΜΟΥ,24.153381,41.14936
10413,1ο ΓΥΜΝΑΣΙΟ ΔΡΑΜΑΣ,24.137832,41.15324
10414,ΓΥΜΝΑΣΙΟ ΔΡΑΜΑΣ ΕΣΠΕΡΙΝΟ,24.136696,41.15001
10415,"2ο ΓΥΜΝΑΣΙΟ ΟΡΕΣΤΙΑΔΑΣ ""ΓΕΩΡΓΙΟΣ ΒΙΖΥΗΝΟΣ """,26.524894,41.499472
10416,1ο ΓΥΜΝΑΣΙΟ ΑΛΕΞΑΝΔΡΟΥΠΟΛΗΣ,25.869678,40.849471
10417,ΓΥΜΝΑΣΙΟ ΞΑΝΘΗΣ ΜΕΙΟΝΟΤΙΚΟ,24.884803,41.130695
10418,4ο ΓΥΜΝΑΣΙΟ ΑΛΕΞΑΝΔΡΟΥΠΟΛΗΣ,25.870966,40.850216
10419,5ο ΓΥΜΝΑΣΙΟ ΑΛΕΞΑΝΔΡΟΥΠΟΛΗΣ,25.877937,40.854276
10420,ΓΥΜΝΑΣΙΟ ΡΙΖΙΩΝ ΕΒΡΟΥ,26.427841,41.622081
10421,ΓΥΜΝΑΣΙΟ ΑΝΘΕΙΑΣ,25.992074,40.870426
10422,ΓΥΜΝΑΣΙΟ ΛΑΒΑΡΩΝ ΕΒΡΟΥ,26.386624,41.269393
10423,ΔΗΜΟΤΙΚΟ ΣΧΟΛΕΙΟ ΓΥΨΟΧΩΡΙΟΥ ΓΙΑΝΝΙΤΣΩΝ,,
10424,ΓΥΜΝΑΣΙΟ ΣΟΥΦΛΙΟΥ,26.304243,41.1932
10425,ΔΗΜΟΤΙΚΟ ΣΧΟΛΕΙΟ ΒΡΥΤΩΝ,21.915628,40.797672
10426,2ο ΓΥΜΝΑΣΙΟ ΑΛΕΞΑΝΔΡΟΥΠΟΛΗΣ,25.857575,40.847377
10427,2ο ΓΥΜΝΑΣΙΟ ΔΙΔΥΜΟΤΕΙΧΟΥ,26.495082,41.346802
10428,ΓΥΜΝΑΣΙΟ ΜΕΤΑΞΑΔΩΝ ΕΒΡΟΥ,26.226257,41.418077
10429,ΓΥΜΝΑΣΙΟ ΠΕΠΛΟΥ ΕΒΡΟΥ,26.267436,40.95598
10430,1ο ΓΥΜΝΑΣΙΟ ΔΙΔΥΜΟΤΕΙΧΟΥ,26.495082,41.346802
10431,1ο ΓΥΜΝΑΣΙΟ ΟΡΕΣΤΙΑΔΑΣ,26.525547,41.50269
10432,ΔΗΜΟΤΙΚΟ ΣΧΟΛΕΙΟ ΚΑΡΥΔΙΑΣ,21.956885,40.844798
10433,ΓΥΜΝΑΣΙΟ ΚΥΠΡΙΝΟΥ ΕΒΡΟΥ,26.219262,41.575251
10434,ΓΥΜΝΑΣΙΟ ΤΥΧΕΡΟΥ ΕΒΡΟΥ,26.295025,41.027468
10435,ΓΥΜΝΑΣΙΟ ΛΙΜΕΝΑ ΘΑΣΟΥ,24.713684,40.773084
10436,ΓΥΜΝΑΣΙΟ ΝΙΚΗΣΙΑΝΗΣ,24.143459,40.94812
10437,1ο ΓΥΜΝΑΣΙΟ ΚΑΒΑΛΑΣ,24.416492,40.937822
10438,1ο ΓΥΜΝΑΣΙΟ ΚΟΜΟΤΗΝΗΣ,25.39739,41.112282
10439,ΓΥΜΝΑΣΙΟ ΚΟΜΟΤΗΝΗΣ ΜΟΥΣΙΚΟ,25.391509,41.120405
10440,ΓΥΜΝΑΣΙΟ ΟΡΕΣΤΙΑΔΑΣ ΕΣΠΕΡΙΝΟ,,
10441,ΓΥΜΝΑΣΙΟ ΝΕΟΥ ΣΙΔΗΡΟΧΩΡΙΟΥ ΡΟΔ,25.356798,41.022002
10442,ΓΥΜΝΑΣΙΟ ΦΩΤΟΛΙΒΟΥΣ,24.050523,41.059075
10443,ΓΥΜΝΑΣΙΟ ΙΑΣΜΟΥ ΚΟΜΟΤΗΝΗΣ,25.183266,41.125646
10444,ΓΥΜΝΑΣΙΟ ΣΑΠΠΩΝ,25.699037,41.023413
10445,2ο ΓΥΜΝΑΣΙΟ ΚΟΜΟΤΗΝΗΣ,25.405647,41.106196
10446,5ο ΓΥΜΝΑΣΙΟ ΚΑΒΑΛΑΣ,24.416492,40.937822
10447,7ο ΓΥΜΝΑΣΙΟ ΚΑΒΑΛΑΣ,24.385105,40.933273
10448,4ο ΓΥΜΝΑΣΙΟ ΚΑΒΑΛΑΣ,24.41793,40.937695
10449,ΓΥΜΝΑΣΙΟ ΕΛΕΥΘΕΡΟΥΠΟΛΗΣ ΚΑΒΑΛΑΣ,24.253454,40.909637
10450,ΓΥΜΝΑΣΙΟ ΠΕΤΡΟΥΣΑΣ,24.021986,41.19473
10451,3ο ΓΥΜΝΑΣΙΟ ΚΟΜΟΤΗΝΗΣ,25.393224,41.118199
10452,ΓΥΜΝΑΣΙΟ ΠΡΟΣΟΤΣΑΝΗΣ,23.973876,41.177855
10453,ΓΥΜΝΑΣΙΟ ΚΑΛΑΜΠΑΚΙΟΥ ΔΡΑΜΑΣ,24.192553,41.051245
10454,ΓΥΜΝΑΣΙΟ ΝΙΚΗΦΟΡΟΥ,24.310834,41.165432
10455,ΓΥΜΝΑΣΙΟ ΞΥΛΑΓΑΝΗΣ,25.422879,40.973395
10456,4ο ΓΥΜΝΑΣΙΟ ΚΟΜΟΤΗΝΗΣ,25.405965,41.126863
10457,ΓΥΜΝΑΣΙΟ ΧΡΥΣΟΥΠΟΛΗΣ,24.706238,40.983258
10458,ΓΥΜΝΑΣΙΟ ΚΟΜΟΤΗΝΗΣ ΜΕΙΟΝΟΤΙΚΟ,25.409355,41.12005
10459,ΓΥΜΝΑΣΙΟ ΟΡΓΑΝΗΣ ΡΟΔΟΠΗΣ,25.682889,41.252525
10460,ΓΥΜΝΑΣΙΟ ΝΕΑΣ ΚΑΛΛΙΣΤΗΣ,25.215058,41.0344
10461,ΓΥΜΝΑΣΙΟ ΕΧΙΝΟΥ ΞΑΝΘΗΣ ΜΕΙΟΝΟΤΙΚΟ ΙΕΡΟΣΠΟΥΔΑΣΤΗΡΙΟ,24.974431,41.274156
10462,ΓΥΜΝΑΣΙΟ ΣΙΤΑΓΡΩΝ ΔΡΑΜΑΣ,24.029675,41.109445
10463,ΓΥΜΝΑΣΙΟ ΝΕΑΣ ΚΑΡΒΑΛΗΣ,24.51482,40.961123
10464,ΓΥΜΝΑΣΙΟ ΜΙΚΡΟΠΟΛΗΣ,23.822086,41.189835
10465,ΓΥΜΝΑΣΙΟ ΑΛΕΞΑΝΔΡΟΥΠΟΛΗΣ ΕΣΠΕΡΙΝΟ,25.874235,40.847616
10466,ΓΥΜΝΑΣΙΟ-ΛΥΚΕΙΟ ΝΟΜΟΥ ΟΡΕΣΤΙΑΔΑΣ,,
10467,2ο ΕΝΙΑΙΟ ΛΥΚΕΙΟ ΚΟΜΟΤΗΝΗΣ,25.395638,41.121505
10468,ΕΝΙΑΙΟ ΛΥΚΕΙΟ ΔΟΞΑΤΟΥ,24.23242,41.091844
10469,ΕΝΙΑΙΟ ΛΥΚΕΙΟ ΓΛΑΥΚΗΣ,24.923849,41.246086
10470,ΕΝΙΑΙΟ ΛΥΚΕΙΟ ΕΧΙΝΟΥ ΞΑΝΘΗΣ ΜΕΙΟΝΟΤΙΚΟ ΙΕΡΟΣΠΟΥΔΑΣΤΗΡΙΟ,,
10471,ΕΝΙΑΙΟ ΛΥΚΕΙΟ ΔΡΑΜΑΣ ΕΣΠΕΡΙΝΟ,,
10472,ΕΝΙΑΙΟ ΛΥΚΕΙΟ ΚΟΜΟΤΗΝΗΣ ΜΕΙΟΝΟΤΙΚΟ ΙΕΡΟΣΠΟΥΔΑΣΤΗΡΙΟ,25.40153,41.11706
10473,ΕΝΙΑΙΟ ΛΥΚΕΙΟ ΞΑΝΘΗΣ ΕΣΠΕΡΙΝΟ,24.891896,41.130764
10474,2ο ΕΝΙΑΙΟ ΛΥΚΕΙΟ ΑΛΕΞΑΝΔΡΟΥΠΟΛΗΣ,25.865788,40.848907
10475,3ο ΕΝΙΑΙΟ ΛΥΚΕΙΟ ΑΛΕΞΑΝΔΡΟΥΠΟΛΗΣ,25.866711,40.849735
10476,ΕΝΙΑΙΟ ΛΥΚΕΙΟ ΤΥΧΕΡΟΥ ΕΒΡΟΥ,,
10477,ΕΝΙΑΙΟ ΛΥΚΕΙΟ ΚΑΒΑΛΑΣ ΜΟΥΣΙΚΟ,24.385105,40.933273
10478,ΕΝΙΑΙΟ ΛΥΚΕΙΟ ΛΙΜΕΝΑΡΙΩΝ ΘΑΣΟΥ,24.66225,40.66608
10479,4ο ΕΝΙΑΙΟ ΛΥΚΕΙΟ ΚΑΒΑΛΑΣ,24.410562,40.942246
10480,ΕΝΙΑΙΟ ΛΥΚΕΙΟ ΔΡΑΜΑΣ ΜΟΥΣΙΚΟ,24.153381,41.14936
10481,ΕΝΙΑΙΟ ΛΥΚΕΙΟ ΕΛΕΥΘΕΡΟΥΠΟΛΗΣ,24.253454,40.909637
10482,ΕΝΙΑΙΟ ΛΥΚΕΙΟ ΣΑΜΟΘΡΑΚΗΣ,25.526424,40.472639
10483,ΕΝΙΑΙΟ ΛΥΚΕΙΟ ΣΟΥΦΛΙΟΥ,26.304243,41.1932
10484,ΕΝΙΑΙΟ ΛΥΚΕΙΟ ΦΕΡΡΩΝ,26.175744,40.8922
10485,3ο ΕΝΙΑΙΟ ΛΥΚΕΙΟ ΔΡΑΜΑΣ,24.152727,41.143995
10486,2ο ΕΝΙΑΙΟ ΛΥΚΕΙΟ ΟΡΕΣΤΙΑΔΑΣ,26.523492,41.510408
10487,ΕΝΙΑΙΟ ΛΥΚΕΙΟ ΝΕΑΣ ΒΥΣΣΗΣ,26.545863,41.588595
10488,ΕΝΙΑΙΟ ΛΥΚΕΙΟ ΝΙΚΗΣΙΑΝΗΣ,24.143459,40.94812
10489,ΕΝΙΑΙΟ ΛΥΚΕΙΟ ΠΟΔΟΧΩΡΙΟΥ ΚΑΒΑΛΑΣ,24.02557,40.835056
10490,ΕΝΙΑΙΟ ΛΥΚΕΙΟ ΛΙΜΕΝΑ ΘΑΣΟΥ,24.713684,40.773084
10491,ΕΝΙΑΙΟ ΛΥΚΕΙΟ ΧΡΥΣΟΥΠΟΛΗΣ,24.706238,40.983258
10492,ΕΝΙΑΙΟ ΛΥΚΕΙΟ ΑΛΕΞΑΝΔΡΟΥΠΟΛΗΣ ΕΣΠΕΡΙΝΟ,,
10493,ΕΝΙΑΙΟ ΛΥΚΕΙΟ ΚΑΛΑΜΠΑΚΙΟΥ,24.192553,41.051245
10494,ΕΝΙΑΙΟ ΛΥΚΕΙΟ ΠΡΟΣΟΤΣΑΝΗΣ,23.973876,41.177855
10495,ΕΝΙΑΙΟ ΛΥΚΕΙΟ ΚΑΤΩ ΝΕΥΡΟΚΟΠΙΟΥ,23.870472,41.341767
10496,2ο ΕΝΙΑΙΟ ΛΥΚΕΙΟ ΔΡΑΜΑΣ,24.136696,41.15001
10497,1ο ΕΝΙΑΙΟ ΛΥΚΕΙΟ ΔΡΑΜΑΣ,24.137832,41.15324
10498,4ο ΕΝΙΑΙΟ ΛΥΚΕΙΟ ΔΡΑΜΑΣ,24.151288,41.146055
10499,6ο ΕΝΙΑΙΟ ΛΥΚΕΙΟ ΚΑΒΑΛΑΣ,24.385105,40.933273
10500,3ο ΕΝΙΑΙΟ ΛΥΚΕΙΟ ΚΑΒΑΛΑΣ,24.397969,40.937592
10501,5ο ΕΝΙΑΙΟ ΛΥΚΕΙΟ ΚΑΒΑΛΑΣ,24.416492,40.937822
10502,ΕΝΙΑΙΟ ΛΥΚΕΙΟ ΑΒΔΗΡΩΝ ΞΑΝΘΗΣ,24.959127,40.979538
10503,2ο ΕΝΙΑΙΟ ΛΥΚΕΙΟ ΚΑΒΑΛΑΣ,24.383709,40.937805
10504,1ο ΕΝΙΑΙΟ ΛΥΚΕΙΟ ΚΑΒΑΛΑΣ,24.410562,40.942246
10505,ΕΝΙΑΙΟ ΛΥΚΕΙΟ ΙΑΣΜΟΥ ΚΟΜΟΤΗΝΗΣ,25.411077,41.108997
10506,ΕΝΙΑΙΟ ΛΥΚΕΙΟ KΟMΟTHNHΣ ΜΕΙΟΝΟΤΙΚΟ,25.409355,41.12005
10507,1ο ΕΝΙΑΙΟ ΛΥΚΕΙΟ ΟΡΕΣΤΙΑΔΑΣ,26.525547,41.50269
10508,ΕΝΙΑΙΟ ΛΥΚΕΙΟ ΚΟΜΟΤΗΝΗΣ ΜΟΥΣΙΚΟ,25.391487,41.120261
10509,ΕΝΙΑΙΟ ΛΥΚΕΙΟ ΞΥΛΑΓΑΝΗΣ,25.422879,40.973395
10510,ΕΝΙΑΙΟ ΛΥΚΕΙΟ ΞΑΝΘΗΣ ΕΚΚΛΗΣΙΑΣΤΙΚΟ,24.890323,41.121378
10511,3ο ΕΝΙΑΙΟ ΛΥΚΕΙΟ ΚΟΜΟΤΗΝΗΣ,25.395752,41.119753
10512,1ο ΕΝΙΑΙΟ ΛΥΚΕΙΟ ΚΟΜΟΤΗΝΗΣ,25.387935,41.119124
10513,ΕΝΙΑΙΟ ΛΥΚΕΙΟ ΣΑΠΩΝ ΔΙΑΠΟΛΙΤΙΣΜΙΚΗΣ ΕΚΠΑΙΔΕΥΣΗΣ,25.699037,41.023413
10514,ΕΝΙΑΙΟ ΛΥΚΕΙΟ ΚΑΒΑΛΑΣ ΕΚΚΛΗΣΙΑΣΤΙΚΟ,24.51482,40.961123
10515,ΕΝΙΑΙΟ ΛΥΚΕΙΟ ΣΤΑΥΡΟΥΠΟΛΗΣ,24.706528,41.197216
10516,ΕΝΙΑΙΟ ΛΥΚΕΙΟ ΚΡΗΝΙΔΩΝ,24.295546,41.012085
10517,4ο ΕΝΙΑΙΟ ΛΥΚΕΙΟ ΞΑΝΘΗΣ,24.875281,41.121871
10518,ΕΝΙΑΙΟ ΛΥΚΕΙΟ ΝΕΑΣ ΠΕΡΑΜΟΥ,24.303856,40.837821
10519,3ο ΕΝΙΑΙΟ ΛΥΚΕΙΟ ΞΑΝΘΗΣ,24.877213,41.135504
10520,2ο ΕΝΙΑΙΟ ΛΥΚΕΙΟ ΞΑΝΘΗΣ,24.886662,41.124962
10521,1ο ΕΝΙΑΙΟ ΛΥΚΕΙΟ ΞΑΝΘΗΣ,24.869805,41.130365
10522,1ο ΕΝΙΑΙΟ ΛΥΚΕΙΟ ΑΛΕΞΑΝΔΡΟΥΠΟΛΗΣ,25.871521,40.849704
10523,1ο ΕΝΙΑΙΟ ΛΥΚΕΙΟ ΔΙΔΥΜΟΤΕΙΧΟΥ,26.495082,41.346802
10524,ΔΗΜΟΤΙΚΟ ΣΧΟΛΕΙΟ ΜΑΡΓΑΡΙΤΑΣ,,
10525,4ο ΕΝΙΑΙΟ ΛΥΚΕΙΟ ΑΛΕΞΑΝΔΡΟΥΠΟΛΗΣ,25.857658,40.848596
10526,2ο ΤΕΕ ΚΟΜΟΤΗΝΗΣ,25.387948,41.118969
10527,1ο ΤΕΕ ΚΟΜΟΤΗΝΗΣ,25.414199,41.105659
10528,ΤΕΕ ΑΛΕΞΑΝΔΡΟΥΠΟΛΗΣ ΕΣΠΕΡΙΝΟ,,
10529,2ο ΤΕΕ ΞΑΝΘΗΣ,24.890513,41.131077
10530,1ο ΤΕΕ ΓΛΑΥΚΗΣ,24.923852,41.246261
10531,1ο ΤΕΕ ΠΡΟΣΟΤΣΑΝΗΣ,23.973876,41.177855
10532,1ο ΤΕΕ ΑΛΕΞΑΝΔΡΟΥΠΟΛΗΣ,25.859342,40.845304
10533,1ο ΤΕΕ ΧΡΥΣΟΥΠΟΛΗΣ,24.706238,40.983258
10534,1ο ΤΕΕ ΞΑΝΘΗΣ,24.876761,41.122893
10535,2ο ΤΕΕ ΚΑΒΑΛΑΣ ΕΣΠΕΡΙΝΟ,24.416492,40.937822
10536,1ο ΤΕΕ ΚΑΒΑΛΑΣ,24.416492,40.937822
10537,1ο ΤΕΕ ΞΑΝΘΗΣ ΕΣΠΕΡΙΝΟ,24.891896,41.130764
10538,4ο ΤΕΕ ΚΑΒΑΛΑΣ,,
10539,ΤΕΕ ΔΡΑΜΑΣ ΕΣΠΕΡΙΝΟ,,
10540,3ο ΤΕΕ ΞΑΝΘΗΣ,24.890513,41.131077
10541,1ο ΤΕΕ ΔΟΞΑΤΟΥ,24.23242,41.091844
10542,1ο ΤΕΕ ΕΛΕΥΘΕΡΟΥΠΟΛΗΣ,24.253454,40.909637
10543,3ο ΤΕΕ ΚΑΒΑΛΑΣ,24.416492,40.937822
10544,1ο ΤΕΕ ΔΡΑΜΑΣ,24.151288,41.146055
10545,2ο ΤΕΕ ΔΡΑΜΑΣ,24.151288,41.146055
10546,ΤΕΕ Κ. ΝΕΥΡΟΚΟΠΙΟΥ,23.870472,41.341767
10547,3ο ΤΕΕ ΔΡΑΜΑΣ,24.151288,41.146055
10548,2ο ΤΕΕ ΑΛΕΞΑΝΔΡΟΥΠΟΛΗΣ,25.865275,40.854245
10549,1ο ΤΕΕ ΔΙΔΥΜΟΤΕΙΧΟΥ,26.495082,41.346802
10550,1ο ΤΕΕ ΟΡΕΣΤΙΑΔΑΣ,26.521705,41.502164
10551,1ο ΣΕΚ ΑΛΕΞΑΝΔΡΟΥΠΟΛΗΣ,25.859151,40.845308
10552,1ο ΣΕΚ ΚΟΜΟΤΗΝΗΣ,25.401251,41.123418
10553,2ο ΣΕΚ ΞΑΝΘΗΣ,24.876697,41.12312
10554,ΣΕΚ ΚΑΒΑΛΑΣ,24.416492,40.937822
10555,1ο ΣΕΚ. ΞΑΝΘΗΣ,24.890513,41.131077
10556,1ο ΣΕΚ ΔΡΑΜΑΣ,24.151288,41.146055
10557,ΔΗΜΟΤΙΚΟ ΣΧΟΛΕΙΟ ΣΩΣΤΟΥ ΚΟΜΟΤΗΝΗΣ,25.278117,41.133775
10558,ΔΗΜΟΤΙΚΟ ΣΧΟΛΕΙΟ ΠΟΛΥΑΝΘΟΥ ΜΕΙΟΝΟΤΙΚΟ,25.224345,41.127191
10559,ΔΗΜΟΤΙΚΟ ΣΧΟΛΕΙΟ ΠΙΠΕΡΙΑΣ,22.018678,40.969007
10560,ΔΗΜΟΤΙΚΟ ΣΧΟΛΕΙΟ ΔΡΟΣΕΡΟΥ ΓΙΑΝΝΙΤΣΩΝ,22.253437,40.820816
10561,ΔΗΜΟΤΙΚΟ ΣΧΟΛΕΙΟ ΝΕΑΣ ΚΑΛΛΙΣΤΗΣ ΚΟΜΟΤΗΝΗΣ,25.214836,41.033978
10562,ΔΗΜΟΤΙΚΟ ΣΧΟΛΕΙΟ ΔΙΑΛΑΜΠΗΣ,,
10563,3ο ΔΗΜΟΤΙΚΟ ΣΧΟΛΕΙΟ ΚΟΜΟΤΗΝΗΣ,25.393962,41.112369
10564,ΔΗΜΟΤΙΚΟ ΣΧΟΛΕΙΟ ΠΛΕΥΡΩΜΑΤΟΣ,,
10565,ΔΗΜΟΤΙΚΟ ΣΧΟΛΕΙΟ ΟΣΜΑΝΙΕ ΜΕΙΟΝΟΤΙΚΟ,25.404303,41.121454
10566,ΔΗΜΟΤΙΚΟ ΣΧΟΛΕΙΟ ΜΙΣΧΟΥ ΜΕΙΟΝΟΤΙΚΟ,,
10567,ΔΗΜΟΤΙΚΟ ΣΧΟΛΕΙΟ ΒΟΓΑΤΣΙΚΟΥ,21.382383,40.413353
10568,ΔΗΜΟΤΙΚΟ ΣΧΟΛΕΙΟ ΙΑΣΜΟΥ ΔΙΑΠΟΛΙΤΙΣΜΙΚΗΣ ΕΚΠΑΙΔΕΥΣΗΣ,25.1821,41.125811
10569,ΔΗΜΟΤΙΚΟ ΣΧΟΛΕΙΟ ΜΩΣΑΙΚΟΥ ΜΕΙΟΝΟΤΙΚΟ,,
10570,ΔΗΜΟΤΙΚΟ ΣΧΟΛΕΙΟ ΣΚΛΗΘΡΟΥ ΑΜΥΝΤΑΙΟΥ,,
10571,ΔΗΜΟΤΙΚΟ ΣΧΟΛΕΙΟ ΑΣΠΡΟΚΚΛΗΣΙΑΣ ΝΕΣΤΟΡΙΟΥ,21.257913,40.40456
10572,ΔΗΜΟΤΙΚΟ ΣΧΟΛΕΙΟ ΜΕΣΗΣ ΚΟΜΟΤΗΝΗΣ,25.210541,40.979595
10573,ΔΗΜΟΤΙΚΟ ΣΧΟΛΕΙΟ ΑΓΙΑΣ ΚΥΡΙΑΚΗΣ ΝΕΣΤΟΡΙΟ,21.120565,40.524101
10574,ΔΗΜΟΤΙΚΟ ΣΧΟΛΕΙΟ ΠΑΓΟΥΡΙΩΝ,,
10575,ΔΗΜΟΤΙΚΟ ΣΧΟΛΕΙΟ ΡΟΔΟΧΩΡΙΟΥ,,
10576,ΔΗΜΟΤΙΚΟ ΣΧΟΛΕΙΟ ΓΛΥΚΟΝΕΡΙΟΥ ΚΟΜΟΤΗΝΗΣ,,
10577,ΔΗΜΟΤΙΚΟ ΣΧΟΛΕΙΟ ΡΙΖΩΜΑΤΟΣ ΜΕΙΟΝΟΤΙΚΟ,,
10578,10ο ΔΗΜΟΤΙΚΟ ΣΧΟΛΕΙΟ ΚΟΜΟΤΗΝΗΣ,25.392209,41.118837
10579,9ο ΔΗΜΟΤΙΚΟ ΣΧΟΛΕΙΟ ΚΟΜΟΤΗΝΗΣ,25.410913,41.111553
10580,11ο ΔΗΜΟΤΙΚΟ ΣΧΟΛΕΙΟ ΚΟΜΟΤΗΝΗΣ,25.395802,41.124117
10581,ΔΗΜΟΤΙΚΟ ΣΧΟΛΕΙΟ ΛΕΧΟΒΟΥ ΑΜΥΝΤΑΙΟΥ,21.491168,40.58302
10582,12ο ΔΗΜΟΤΙΚΟ ΣΧΟΛΕΙΟ ΚΟΜΟΤΗΝΗΣ,,
10583,ΔΗΜΟΤΙΚΟ ΣΧΟΛΕΙΟ ΟΙΝΟΗΣ ΝΕΣΤΟΡΙΟ,21.084483,40.515353
10584,ΔΗΜΟΤΙΚΟ ΣΧΟΛΕΙΟ ΦΑΝΑΡΙΟΥ,25.131757,40.95791
10585,ΔΗΜΟΤΙΚΟ ΣΧΟΛΕΙΟ ΓΚΟΥΡΑΣ,22.344095,37.930441
10586,ΔΗΜΟΤΙΚΟ ΣΧΟΛΕΙΟ ΑΡΧΑΙΑΣ ΦΕΝΕΟΥ,22.297614,37.916103
10587,ΔΗΜΟΤΙΚΟ ΣΧΟΛΕΙΟ ΜΕΣΣΙΝΟΥ,22.335057,37.90428
10588,ΔΗΜΟΤΙΚΟ ΣΧΟΛΕΙΟ ΜΑΤΙΟΥ,,
10589,8ο ΔΗΜΟΤΙΚΟ ΣΧΟΛΕΙΟ ΚΟΜΟΤΗΝΗΣ,25.407792,41.123261
10590,ΔΗΜΟΤΙΚΟ ΣΧΟΛΕΙΟ ΣΕΧΡΕ ΚΙΟΥΣΤΟΥ ΜΕΙΟΝΟΤΙΚΟ,25.406523,41.120518
10591,1ο ΔΗΜΟΤΙΚΟ ΣΧΟΛΕΙΟ ΚΟΜΟΤΗΝΗΣ ΕΙΔΙΚΟ,25.387755,41.113972
10592,ΔΗΜΟΤΙΚΟ ΣΧΟΛΕΙΟ ΤΑΞΙΑΡΧΟΥ ΓΡΕΒΕΝΩΝ,21.524673,40.174003
10593,ΔΗΜΟΤΙΚΟ ΣΧΟΛΕΙΟ ΚΑΛΥΒΙΩΝ,,
10594,ΔΗΜΟΤΙΚΟ ΣΧΟΛΕΙΟ ΛΙΒΑΔΕΡΟΥ ΚΟΖΑΝΗΣ ,,
10595,ΔΗΜΟΤΙΚΟ ΣΧΟΛΕΙΟ ΓΑΛΗΝΗΣ ΜΕΙΟΝΟΤΙΚΟ,,
10596,ΔΗΜΟΤΙΚΟ ΣΧΟΛΕΙΟ ΚΑΡΠΕΡΟΥ ΓΡΕΒΕΝΩΝ,,
10597,ΔΗΜΟΤΙΚΟ ΣΧΟΛΕΙΟ ΙΤΕΑΣ ΓΡΕΒΕΝΩΝ,,
10598,2ο ΔΗΜΟΤΙΚΟ ΣΧΟΛΕΙΟ ΑΡΡΙΑΝΩΝ ΜΕΙΟΝΟΤΙΚΟ,25.696083,41.081158
10599,ΔΗΜΟΤΙΚΟ ΣΧΟΛΕΙΟ ΚΙΒΩΤΟΥ ΓΡΕΒΕΝΩΝ,21.444567,40.20436
10600,ΔΗΜΟΤΙΚΟ ΣΧΟΛΕΙΟ ΜΕΣΟΒΟΥΝΟΥ ΕΟΡΔΑΙΑΣ,21.838889,40.624453
10601,4ο ΔΗΜΟΤΙΚΟ ΣΧΟΛΕΙΟ ΚΟΜΟΤΗΝΗΣ ΜΕΙΟΝΟΤΙΚΟ,25.392776,41.125994
10602,ΔΗΜΟΤΙΚΟ ΣΧΟΛΕΙΟ ΙΣΩΜΑΤΟΣ ΚΙΛΚΙΣ,23.138331,40.995914
10603,ΔΗΜΟΤΙΚΟ ΣΧΟΛΕΙΟ ΑΓΙΟΥ ΔΗΜΗΤΡΙΟΥ,,
10604,ΔΗΜΟΤΙΚΟ ΣΧΟΛΕΙΟ ΡΑΧΗΣ,,
10605,ΔΗΜΟΤΙΚΟ ΣΧΟΛΕΙΟ ΔΡΥΜΗΣ ΜΕΙΟΝΟΤΙΚΟ,,
10606,ΔΗΜΟΤΙΚΟ ΣΧΟΛΕΙΟ ΠΛΑΓΙΑΣ ΜΕΙΟΝΟΤΙΚΟ,,
10607,ΔΗΜΟΤΙΚΟ ΣΧΟΛΕΙΟ ΓΟΡΓΟΝΑΣ ΜΕΙΟΝΟΤΙΚΟ,,
10608,ΔΗΜΟΤΙΚΟ ΣΧΟΛΕΙΟ ΜΕΓΑΛΟΥ ΕΥΜΟΙΡΟΥ ΜΕΙΟΝΟΤΙΚΟ,,
10609,ΔΗΜΟΤΙΚΟ ΣΧΟΛΕΙΟ ΜΥΣΤΑΚΑ ΜΕΙΟΝΟΤΙΚΟ,,
10610,ΔΗΜΟΤΙΚΟ ΣΧΟΛΕΙΟ ΖΟΥΜΠΟΥΛΙΟΥ ΜΕΙΟΝΟΤΙΚΟ,,
10611,ΔΗΜΟΤΙΚΟ ΣΧΟΛΕΙΟ ΙΑΣΜΟΥ ΜΕΙΟΝΟΤΙΚΟ,25.181974,41.12587
10612,ΔΗΜΟΤΙΚΟ ΣΧΟΛΕΙΟ ΚΟΠΤΕΡΟΥ ΜΕΙΟΝΟΤΙΚΟ,,
10613,ΔΗΜΟΤΙΚΟ ΣΧΟΛΕΙΟ ΑΙΩΡΑΣ ΜΕΙΟΝΟΤΙΚΟ,,
10614,ΔΗΜΟΤΙΚΟ ΣΧΟΛΕΙΟ ΠΡΟΣΗΛΙΟΥ ΜΕΙΟΝΟΤΙΚΟ,,
10615,ΔΗΜΟΤΙΚΟ ΣΧΟΛΕΙΟ ΠΑΤΕΡΜΩΝ ΜΕΙΟΝΟΤΙΚΟ,,
10616,ΔΗΜΟΤΙΚΟ ΣΧΟΛΕΙΟ ΠΡΟΦΗΤΗ ΗΛΙΑ ΣΑΜΟΘΡΑΚΗΣ,,
10617,ΔΗΜΟΤΙΚΟ ΣΧΟΛΕΙΟ ΔΡΟΣΙΑΣ ΜΕΙΟΝΟΤΙΚΟ,,
10618,ΔΗΜΟΤΙΚΟ ΣΧΟΛΕΙΟ ΔΡΑΝΙΑΣ ΜΕΙΟΝΟΤΙΚΟ,,
10619,ΔΗΜΟΤΙΚΟ ΣΧΟΛΕΙΟ ΒΩΛΑΚΟΣ,24.000131,41.315852
10620,ΔΗΜΟΤΙΚΟ ΣΧΟΛΕΙΟ ΜΙΚΡΟΥ ΔΕΡΕΙΟΥ,26.101096,41.313308
10621,ΔΗΜΟΤΙΚΟ ΣΧΟΛΕΙΟ ΘΑΜΝΑΣ ΜΕΙΟΝΟΤΙΚΟ,,
10622,ΔΗΜΟΤΙΚΟ ΣΧΟΛΕΙΟ ΛΕΠΤΟΚΑΡΥΑΣ ΜΕΙΟΝΟΤΙΚΟ,,
10623,ΔΗΜΟΤΙΚΟ ΣΧΟΛΕΙΟ ΑΛΜΑΤΟΣ ΜΕΙΟΝΟΤΙΚΟ,,
10624,ΔΗΜΟΤΙΚΟ ΣΧΟΛΕΙΟ ΤΡΙΓΏΝΟΥ ΜΕΙΟΝΟΤΙΚΟ,,
10625,ΔΗΜΟΤΙΚΟ ΣΧΟΛΕΙΟ ΔΑΡΜΕΝΗΣ ΜΕΙΟΝΟΤΙΚΟ,,
10626,ΔΗΜΟΤΙΚΟ ΣΧΟΛΕΙΟ ΣΠΑΝΟΤΟΠΟΥ ΜΕΙΟΝΟΤΙΚΟ,,
10627,ΔΗΜΟΤΙΚΟ ΣΧΟΛΕΙΟ ΔΙΑΦΟΡΟΥ ΜΕΙΟΝΟΤΙΚΟ,,
10628,ΔΗΜΟΤΙΚΟ ΣΧΟΛΕΙΟ ΠΙΛΗΜΑΤΟΣ ΜΕΙΟΝΟΤΙΚΟ,,
10629,5ο ΔΗΜΟΤΙΚΟ ΣΧΟΛΕΙΟ ΚΟΜΟΤΗΝΗΣ,25.402369,41.106984
10630,ΔΗΜΟΤΙΚΟ ΣΧΟΛΕΙΟ ΥΦΑΝΤΩΝ ΚΟΜΟΤΗΝΗΣ,,
10631,ΔΗΜΟΤΙΚΟ ΣΧΟΛΕΙΟ ΓΡΑΤΙΝΗΣ ΚΟΜΟΤΗΝΗΣ,25.532671,41.142604
10632,ΔΗΜΟΤΙΚΟ ΣΧΟΛΕΙΟ ΑΓΙΑΣ ΕΛΕΝΗΣ ΤΡΟΙΖΗΝΙΑΣ,,
10633,ΔΗΜΟΤΙΚΟ ΣΧΟΛΕΙΟ ΑΓΚΙΣΤΡΙΟΥ,23.347887,37.706747
10634,ΔΗΜΟΤΙΚΟ ΣΧΟΛΕΙΟ ΜΕΓΑΛΟΥ ΠΙΣΤΟΥ ΜΕΙΟΝΟΤΙΚΟ,,
10635,ΔΗΜΟΤΙΚΟ ΣΧΟΛΕΙΟ ΚΑΡΑΤΖΑ ΤΡΟΙΖ,,
10636,ΔΗΜΟΤΙΚΟ ΣΧΟΛΕΙΟ ΑΙΓΕΙΡΟΥ ΚΟΜΟΤΗΝΗΣ,25.287016,41.085659
10637,2ο ΔΗΜΟΤΙΚΟ ΣΧΟΛΕΙΟ ΚΟΜΟΤΗΝΗΣ,25.403892,41.110203
10638,ΔΗΜΟΤΙΚΟ ΣΧΟΛΕΙΟ ΑΓΙΩΝ ΘΕΟΔΩΡΩΝ ΚΟΜΟΤΗΝΗΣ,25.404973,41.042234
10639,ΔΗΜΟΤΙΚΟ ΣΧΟΛΕΙΟ ΠΑΛΛΑΔΙΟΥ ΚΟΜΟΤΗΝΗΣ,,
10640,ΔΗΜΟΤΙΚΟ ΣΧΟΛΕΙΟ ΑΣΩΜΑΤΩΝ ΚΟΜΟΤΗΝΗΣ,,
10641,ΔΗΜΟΤΙΚΟ ΣΧΟΛΕΙΟ ΑΝΩ ΦΑΝΑΡΙΟΥ,,
10642,ΔΗΜΟΤΙΚΟ ΣΧΟΛΕΙΟ ΚΕΡΑΜΙΔΙΟΥ,22.912752,39.570954
10643,1ο ΔΗΜΟΤΙΚΟ ΣΧΟΛΕΙΟ ΛΥΚΕΙΟΥ ΜΕΙΟΝΟΤΙΚΟ,,
10644,2ο ΔΗΜΟΤΙΚΟ ΣΧΟΛΕΙΟ ΛΥΚΕΙΟΥ ΜΕΙΟΝΟΤΙΚΟ,,
10645,ΔΗΜΟΤΙΚΟ ΣΧΟΛΕΙΟ ΜΙΚΡΟΥ ΠΙΣΤΟΥ ΜΕΙΟΝΟΤΙΚΟ,,
10646,ΔΗΜΟΤΙΚΟ ΣΧΟΛΕΙΟ ΝΕΑΣ ΑΜΙΣΟΥ ΞΑΝΘΗΣ,,
10647,4ο ΔΗΜΟΤΙΚΟ ΣΧΟΛΕΙΟ ΜΟΥΡΕΣΙΟΥ-ΞΟΡΙΧΤΙΟΥ,23.188269,39.364151
10648,ΔΗΜΟΤΙΚΟ ΣΧΟΛΕΙΟ ΕΡΑΤΕΙΝΟΥ ΝΕΣΤΟΥ,24.642555,40.949228
10649,ΔΗΜΟΤΙΚΟ ΣΧΟΛΕΙΟ ΔΙΟΜΗΔΕΙΑΣ ΞΑΝΘΗΣ,24.904999,41.08898
10650,ΔΗΜΟΤΙΚΟ ΣΧΟΛΕΙΟ ΘΑΛΑΣΣΙΑΣ ΞΑΝΘΗΣ,,
10651,ΔΗΜΟΤΙΚΟ ΣΧΟΛΕΙΟ ΤΟΞΟΤΩΝ ΞΑΝΘΗΣ,24.794782,41.086737
10652,ΔΗΜΟΤΙΚΟ ΣΧΟΛΕΙΟ ΤΥΜΠΑΝΟΥ ΞΑΝΘΗΣ,,
10653,2ο ΔΗΜΟΤΙΚΟ ΣΧΟΛΕΙΟ ΞΑΝΘΗΣ ΜΕΙΟΝΟΤΙΚΟ,24.894032,41.138312
10654,2ο ΔΗΜΟΤΙΚΟ ΣΧΟΛΕΙΟ ΣΗΠΙΑΔΟΣ-ΠΡΟΜΥΡΙΟΥ,23.288685,39.190547
10655,"1ο ΔΗΜΟΤΙΚΟ ΣΧΟΛΕΙΟ ΜΟΥΡΕΣΙΟΥ ΤΣΑΓΚΑΡΑΔΑΣ ""ΝΑΝΟΠΟΥΛΕΙΟ""",23.15612,39.40084
10656,ΔΗΜΟΤΙΚΟ ΣΧΟΛΕΙΟ ΒΡΥΝΑΙΝΗΣ ΑΛΜΥΡΟΥ,22.810614,39.06752
10657,10ο ΔΗΜΟΤΙΚΟ ΣΧΟΛΕΙΟ ΞΑΝΘΗΣ,24.8783,41.135275
10658,ΔΗΜΟΤΙΚΟ ΣΧΟΛΕΙΟ ΕΞΟΧΗΣ ΞΑΝΘΗΣ,24.853361,41.022253
10659,ΔΗΜΟΤΙΚΟ ΣΧΟΛΕΙΟ ΑΧΙΛΛΕΙΟΥ ΑΛΜΥΡΟΥ,,
10660,ΔΗΜΟΤΙΚΟ ΣΧΟΛΕΙΟ ΠΟΡΤΟ ΛΑΓΟΥΣ ΞΑΝΘΗΣ,,
10661,ΔΗΜΟΤΙΚΟ ΣΧΟΛΕΙΟ ΜΙΚΡΟΥ ΕΥΜΟΙΡΟΥ ΞΑΝΘΗΣ,24.862994,41.111498
10662,ΔΗΜΟΤΙΚΟ ΣΧΟΛΕΙΟ ΝΕΟΥ ΟΛΒΙΟΥ,24.799527,41.025599
10663,ΔΗΜΟΤΙΚΟ ΣΧΟΛΕΙΟ ΑΓΙΩΝ ΘΕΟΔΩΡΩΝ ΑΛΜΥΡΟΥ,22.924591,38.996179
10664,3ο ΔΗΜΟΤΙΚΟ ΣΧΟΛΕΙΟ ΜΟΥΡΕΣΙΟΥ,23.15612,39.40084
10665,2ο ΔΗΜΟΤΙΚΟ ΣΧΟΛΕΙΟ ΜΟΥΡΕΣΙΟΥ-ΑΓΙΟΥ ΔΗΜΗΤΡΙΟΥ-ΑΝΗΛΙΟΥ-ΚΙΣΣΟΥ,23.15612,39.40084
10666,ΔΗΜΟΤΙΚΟ ΣΧΟΛΕΙΟ ΒΑΦΑΙΙΚΩΝ ΜΕΙΟΝΟΤΙΚΟ,,
10667,2ο ΔΗΜΟΤΙΚΟ ΣΧΟΛΕΙΟ ΖΑΓΟΡΑΣ-ΜΑΚΡΥΡΑΧΗΣ,23.12517,39.424908
10668,ΔΗΜΟΤΙΚΟ ΣΧΟΛΕΙΟ ΧΡΥΣΗΣ ΜΕΙΟΝΟΤΙΚΟ,,
10669,ΔΗΜΟΤΙΚΟ ΣΧΟΛΕΙΟ ΝΕΡΑΙΔΟΧΩΡΙ,21.436012,39.52744
10670,ΔΗΜΟΤΙΚΟ ΣΧΟΛΕΙΟ ΧΡΥΣΟΜΗΛΙΑΣ,21.50221,39.605517
10671,ΔΗΜΟΤΙΚΟ ΣΧΟΛΕΙΟ ΕΞΟΧΗΣ ΜΕΙΟΝΟΤΙΚΟ,24.853704,41.022381
10672,ΔΗΜΟΤΙΚΟ ΣΧΟΛΕΙΟ ΠΑΝΑΓΙΑΣ ΚΑΛ/ΚΑΣ,21.330805,39.793196
10673,ΔΗΜΟΤΙΚΟ ΣΧΟΛΕΙΟ ΠΑΛ. ΖΥΓΟΥ ΜΕΙΟΝΟΤΙΚΟ,,
10674,ΔΗΜΟΤΙΚΟ ΣΧΟΛΕΙΟ ΓΛΥΚΟΜΗΛΙΑΣ ΚΑΛ/ΚΑΣ,21.530715,39.621244
10675,ΔΗΜΟΤΙΚΟ ΣΧΟΛΕΙΟ ΑΓΙΟΥ ΝΙΚΟΛΑΟΥ ΕΥΡΥΤΑΝΙΑΣ,21.864744,38.89133
10676,ΔΗΜΟΤΙΚΟ ΣΧΟΛΕΙΟ ΩΡΑΙΟΥ ΜΕΙΟΝΟΤΙΚΟ,24.834578,41.270564
10677,12ο ΔΗΜΟΤΙΚΟ ΣΧΟΛΕΙΟ ΞΑΝΘΗΣ,24.882247,41.130904
10678,ΔΗΜΟΤΙΚΟ ΣΧΟΛΕΙΟ ΓΡΑΜΜΑΤΙΚΟΥ ΚΑΡΔΙΤΣΑΣ,22.216549,39.248796
10679,ΔΗΜΟΤΙΚΟ ΣΧΟΛΕΙΟ ΦΥΛΛΟΥ,22.185577,39.430608
10680,ΔΗΜΟΤΙΚΟ ΣΧΟΛΕΙΟ ΛΕΥΚΗΣ,22.243848,39.384624
10681,ΔΗΜΟΤΙΚΟ ΣΧΟΛΕΙΟ ΝΕΟΥ ΙΚΟΝΙΟΥ ΚΑΡΔΙΤΣΑΣ,,
10682,ΔΗΜΟΤΙΚΟ ΣΧΟΛΕΙΟ ΜΕΓΑΛΟΥ ΧΩΡΙΟΥ ΕΥΡΥΤΑΝΙΑΣ,21.743475,38.82565
10683,1ο ΔΗΜΟΤΙΚΟ ΣΧΟΛΕΙΟ ΞΑΝΘΗΣ ΜΕΙΟΝΟΤΙΚΟ,24.887306,41.137962
10684,ΔΗΜΟΤΙΚΟ ΣΧΟΛΕΙΟ ΛΟΥΤΡΟΥ ΕΛΑΣΣΟΝΑΣ,21.934584,39.968323
10685,ΔΗΜΟΤΙΚΟ ΣΧΟΛΕΙΟ ΠΑΛ. ΚΑΤΡΑΜΙΟΥ ΜΕΙΟΝΟΤΙΚΟ,,
10686,ΔΗΜΟΤΙΚΟ ΣΧΟΛΕΙΟ ΛΙΒΑΔΙΟΥ,22.158928,40.125017
10687,ΔΗΜΟΤΙΚΟ ΣΧΟΛΕΙΟ ΜΑΓΙΚΟΥ ΞΑΝΘΗΣ,24.899876,41.063923
10688,9ο ΔΗΜΟΤΙΚΟ ΣΧΟΛΕΙΟ ΞΑΝΘΗΣ,24.879987,41.126454
10689,ΔΗΜΟΤΙΚΟ ΣΧΟΛΕΙΟ ΦΙΛΙΩΝ ΜΕΙΟΝΟΤΙΚΟ,,
10690,ΔΗΜΟΤΙΚΟ ΣΧΟΛΕΙΟ ΒΑΦΑΙΙΚΩΝ ΞΑΝΘΗΣ,,
10691,ΔΗΜΟΤΙΚΟ ΣΧΟΛΕΙΟ ΜΕΓ ΟΡΦΑΝΟΥ ΜΕΙΟΝΟΤΙΚΟ,,
10692,ΔΗΜΟΤΙΚΟ ΣΧΟΛΕΙΟ ΜΑΓΓΑΝΩΝ ΞΑΝΘΗΣ,24.874902,40.939645
10693,ΔΗΜΟΤΙΚΟ ΣΧΟΛΕΙΟ ΜΥΚΗΣ ΜΕΙΟΝΟΤΙΚΟ,24.923669,41.247133
10694,ΔΗΜΟΤΙΚΟ ΣΧΟΛΕΙΟ ΚΑΡΥΑΣ ΕΛΑΣΣΟΝΑΣ,,
10695,ΔΗΜΟΤΙΚΟ ΣΧΟΛΕΙΟ ΑΓΙΟΥ ΑΚΑΚΙΟΥ ΚΑΡΔΙΤΣΑΣ,21.774252,39.381449
10696,ΔΗΜΟΤΙΚΟ ΣΧΟΛΕΙΟ ΑΒΑΤΟΥ ΞΑΝΘΗΣ,24.814974,40.962267
10697,ΔΗΜΟΤΙΚΟ ΣΧΟΛΕΙΟ ΣΜΙΝΘΗΣ ΜΕΙΟΝΟΤΙΚΟ,24.871183,41.230749
10698,ΔΗΜΟΤΙΚΟ ΣΧΟΛΕΙΟ ΙΕΡΟΣΠΟΥΔΑΣΤΗΡΙΟ ΕΧΙΝΟΥ,,
10699,3ο ΔΗΜΟΤΙΚΟ ΣΧΟΛΕΙΟ ΞΑΝΘΗΣ,24.885822,41.132384
10700,2ο ΔΗΜΟΤΙΚΟ ΣΧΟΛΕΙΟ ΞΑΝΘΗΣ,24.885566,41.124809
10701,ΔΗΜΟΤΙΚΟ ΣΧΟΛΕΙΟ ΛΕΥΚΟΠΕΤΡΑΣ ΞΑΝΘΗΣ,,
10702,8ο ΔΗΜΟΤΙΚΟ ΣΧΟΛΕΙΟ ΞΑΝΘΗΣ,24.864473,41.129702
10703,4ο ΔΗΜΟΤΙΚΟ ΣΧΟΛΕΙΟ ΞΑΝΘΗΣ,24.882236,41.13104
10704,ΔΗΜΟΤΙΚΟ ΣΧΟΛΕΙΟ ΠΟΛΥΣΙΤΟΥ ΞΑΝΘΗΣ,,
10705,ΔΗΜΟΤΙΚΟ ΣΧΟΛΕΙΟ ΠΗΓΑΔΙΩΝ ΞΑΝΘΗΣ,24.946995,41.116236
10706,ΔΗΜΟΤΙΚΟ ΣΧΟΛΕΙΟ ΝΕΑΣ ΚΕΣΑΝΗΣ ΞΑΝΘΗΣ,25.072826,41.033014
10707,ΔΗΜΟΤΙΚΟ ΣΧΟΛΕΙΟ ΚΑΛΛΙΠΕΥΚΗΣ,22.461494,39.965205
10708,1ο ΔΗΜΟΤΙΚΟ ΣΧΟΛΕΙΟ ΚΙΜΜΕΡΙΩΝ ΜΕΙΟΝΟΤΙΚΟ,24.937419,41.147179
10709,ΔΗΜΟΤΙΚΟ ΣΧΟΛΕΙΟ ΣΑΡΑΝΤΑΠΟΡΟΥ ΕΛΑΣΣΟΝΑΣ,22.054473,40.06564
10710,ΔΗΜΟΤΙΚΟ ΣΧΟΛΕΙΟ ΓΡΗΓΟΡΟΥ ΜΕΙΟΝΟΤΙΚΟ,,
10711,ΔΗΜΟΤΙΚΟ ΣΧΟΛΕΙΟ ΛΕΥΚΟΠΕΤΡΑΣ ΜΕΙΟΝΟΤΙΚΟ,,
10712,ΔΗΜΟΤΙΚΟ ΣΧΟΛΕΙΟ ΑΣΠΡΟΓΕΙΩΝ ΦΑΡΣΑΛΩΝ,,
10713,4ο ΔΗΜΟΤΙΚΟ ΣΧΟΛΕΙΟ ΚΟΜΟΤΗΝΗΣ,25.392214,41.115649
10714,6ο ΔΗΜΟΤΙΚΟ ΣΧΟΛΕΙΟ ΚΟΜΟΤΗΝΗΣ,25.407792,41.123261
10715,ΔΗΜΟΤΙΚΟ ΣΧΟΛΕΙΟ ΚΙΚΙΔΙΟΥ ΜΕΙΟΝΟΤΙΚΟ,,
10716,ΔΗΜΟΤΙΚΟ ΣΧΟΛΕΙΟ ΚΡΥΟΝΕΡΙΟΥ ΚΑΡΔΙΤΣΑΣ,21.687496,39.330986
10717,ΔΗΜΟΤΙΚΟ ΣΧΟΛΕΙΟ ΜΕΣΕΝΙΚΟΛΑ,21.761753,39.341656
10718,ΔΗΜΟΤΙΚΟ ΣΧΟΛΕΙΟ ΠΑΣΧΑΛΙΤΣΗΣ ΚΑΡΔΙΤΣΑΣ,22.212161,39.354076
10719,ΔΗΜΟΤΙΚΟ ΣΧΟΛΕΙΟ ΠΡΟΣΚΥΝΗΤΩΝ ΚΟΜΟΤΗΝΗΣ,,
10720,ΔΗΜΟΤΙΚΟ ΣΧΟΛΕΙΟ ΣΑΠΩΝ ΔΙΑΠΟΛΙΤΙΣΜΙΚΗΣ ΕΚΠΑΙΔΕΥΣΗΣ,25.69927,41.023036
10721,3ο ΔΗΜΟΤΙΚΟ ΣΧΟΛΕΙΟ ΚΟΜΟΤΗΝΗΣ ΜΕΙΟΝΟΤΙΚΟ,25.407642,41.114955
10722,ΔΗΜΟΤΙΚΟ ΣΧΟΛΕΙΟ ΜΑΣΤΑΝΛΗΣ ΜΕΙΟΝΟΤΙΚΟ,25.414557,41.123702
10723,ΔΗΜΟΤΙΚΟ ΣΧΟΛΕΙΟ ΟΡΦΑΝΩΝ,22.219417,39.403858
10724,ΔΗΜΟΤΙΚΟ ΣΧΟΛΕΙΟ ΑΧΛΑΔΕΑΣ ΚΑΡΔΙΤΣΑΣ,22.115929,39.191108
10725,ΔΗΜΟΤΙΚΟ ΣΧΟΛΕΙΟ ΣΑΠΠΩΝ ΜΕΙΟΝΟΤΙΚΟ,25.69927,41.023036
10726,13ο ΔΗΜΟΤΙΚΟ ΣΧΟΛΕΙΟ ΚΟΜΟΤΗΝΗΣ,25.401686,41.117597
10727,ΔΗΜΟΤΙΚΟ ΣΧΟΛΕΙΟ ΜΑΡΑΘΟΚΑΜΠΟΥ ΣΑΜΟΥ,26.688309,37.724923
10728,ΔΗΜΟΤΙΚΟ ΣΧΟΛΕΙΟ ΠΑΓΩΝΔΑ ΣΑΜΟΥ,26.832562,37.670202
10729,ΔΗΜΟΤΙΚΟ ΣΧΟΛΕΙΟ ΑΓΙΟΥ ΚΗΡΥΚΟΥ ΙΚΑΡΙΑΣ,26.277101,37.609779
10730,ΔΗΜΟΤΙΚΟ ΣΧΟΛΕΙΟ ΛΕΚΑΣ ΣΑΜΟΥ,26.687207,37.772144
10731,ΔΗΜΟΤΙΚΟ ΣΧΟΛΕΙΟ ΠΥΡΓΟΥ ΣΑΜΟΥ,26.806006,37.709115
10732,ΔΗΜΟΤΙΚΟ ΣΧΟΛΕΙΟ ΘΟΛΟΠΟΤΑΜΙΟΥ ΧΙΟΥ,,
10733,1ο ΔΗΜΟΤΙΚΟ ΣΧΟΛΕΙΟ ΠΛΩΜΑΡΙΟΥ,26.374233,38.974249
10734,3ο ΔΗΜΟΤΙΚΟ ΣΧΟΛΕΙΟ ΠΛΩΜΑΡΙΟΥ,26.374226,38.974255
10735,ΔΗΜΟΤΙΚΟ ΣΧΟΛΕΙΟ ΑΓΙΑΣ ΠΑΡΑΣΚΕΥΗΣ ΛΕΣΒΟΥ,26.272364,39.24459
10736,ΔΗΜΟΤΙΚΟ ΣΧΟΛΕΙΟ ΘΡΥΛΟΡΙΟΥ ΚΟΜΟΤΗΝΗΣ,25.482616,41.075061
10737,ΔΗΜΟΤΙΚΟ ΣΧΟΛΕΙΟ ΠΟΛΙΧΝΙΤΟΥ,26.182939,39.078452
10738,ΔΗΜΟΤΙΚΟ ΣΧΟΛΕΙΟ ΑΓΙΑΣΟΥ,26.373876,39.079267
10739,ΔΗΜΟΤΙΚΟ ΣΧΟΛΕΙΟ ΡΟΔΙΤΟΥ ΚΟΜΟΤΗΝΗΣ,,
10740,ΔΗΜΟΤΙΚΟ ΣΧΟΛΕΙΟ ΞΥΛΑΓΑΝΗΣ ΚΟΜΟΤΗΝΗΣ,25.422425,40.972111
10741,ΔΗΜΟΤΙΚΟ ΣΧΟΛΕΙΟ ΜΑΡΩΝΕΙΑΣ ΚΟΜΟΤΗΝΗΣ,25.519516,40.905147
10742,ΔΗΜΟΤΙΚΟ ΣΧΟΛΕΙΟ ΚΟΣΜΙΟΥ ΚΟΜΟΤΗΝΗΣ,25.41327,41.087644
10743,ΔΗΜΟΤΙΚΟ ΣΧΟΛΕΙΟ ΨΙΝΘΟΥ ΡΟΔΟΥ,,
10744,ΔΗΜΟΤΙΚΟ ΣΧΟΛΕΙΟ ΙΜΕΡΟΥ ΚΟΜΟΤΗΝΗΣ,,
10745,ΔΗΜΟΤΙΚΟ ΣΧΟΛΕΙΟ ΚΕΦΑΛΟΥ ΚΩ,,
10746,ΔΗΜΟΤΙΚΟ ΣΧΟΛΕΙΟ ΣΙΔΗΡΑΔΩΝ ΜΕΙΟΝΟΤΙΚΟ,,
10747,ΔΗΜΟΤΙΚΟ ΣΧΟΛΕΙΟ ΒΑΘΕΟΣ ΚΑΛΥΜΝΟΥ,,
10748,ΔΗΜΟΤΙΚΟ ΣΧΟΛΕΙΟ ΔΙΜΥΛΙΑΣ ΡΟΔΟΥ,28.01147,36.27924
10749,ΔΗΜΟΤΙΚΟ ΣΧΟΛΕΙΟ ΕΡΓΑΝΗΣ ΜΕΙΟΝΟΤΙΚΟ,,
10750,ΔΗΜΟΤΙΚΟ ΣΧΟΛΕΙΟ ΑΡΧΙΠΟΛΗΣ ΡΟΔΟΥ,,
10751,ΔΗΜΟΤΙΚΟ ΣΧΟΛΕΙΟ ΣΑΛΑΚΟΥ ΡΟΔΟΥ,27.944834,36.289073
10752,ΔΗΜΟΤΙΚΟ ΣΧΟΛΕΙΟ ΓΡΑΝΙΤΗ,23.93343,41.286148
10753,4ο ΔΗΜΟΤΙΚΟ ΣΧΟΛΕΙΟ ΧΡΥΣΟΥΠΟΛΗΣ,24.704943,40.982221
10754,ΔΗΜΟΤΙΚΟ ΣΧΟΛΕΙΟ ΠΟΔΟΧΩΡΙΟΥ ΠΑΓΓΑΙΟΥ,24.024278,40.834996
10755,ΔΗΜΟΤΙΚΟ ΣΧΟΛΕΙΟ ΠΟΤΑΜΩΝ,24.101747,41.391293
10756,ΔΗΜΟΤΙΚΟ ΣΧΟΛΕΙΟ ΠΟΛΥΣΤΥΛΟΥ - ΔΑΤΟΥ,,
10757,14ο ΔΗΜΟΤΙΚΟ ΣΧΟΛΕΙΟ ΚΑΒΑΛΑΣ,24.40276,40.942382
10758,17ο ΔΗΜΟΤΙΚΟ ΣΧΟΛΕΙΟ ΚΑΒΑΛΑΣ,24.383032,40.93326
10759,1ο ΔΗΜΟΤΙΚΟ ΣΧΟΛΕΙΟ ΔΙΔΥΜΟΤΕΙΧΟΥ,26.493933,41.346398
10760,ΔΗΜΟΤΙΚΟ ΣΧΟΛΕΙΟ ΔΙΔΙΜΟΤΕΙΧΟΥ ΜΕΙΟΝΟΤΙΚΟ,26.493933,41.346398
10761,ΔΗΜΟΤΙΚΟ ΣΧΟΛΕΙΟ ΧΩΡΑΣ ΣΑΜ/ΚΗΣ ΑΛΕΞ/ΠΟΛΗΣ,25.525585,40.471451
10762,ΔΗΜΟΤΙΚΟ ΣΧΟΛΕΙΟ ΣΑΥΡΑΣ,,
10763,ΔΗΜΟΤΙΚΟ ΣΧΟΛΕΙΟ ΚΟΡΥΜΒΟΥ,,
10764,ΔΗΜΟΤΙΚΟ ΣΧΟΛΕΙΟ ΑΣΠΡΟΝΕΡΙΟΥ,26.305455,41.39149
10765,ΔΗΜΟΤΙΚΟ ΣΧΟΛΕΙΟ ΑΜΟΡΙΟΥ,26.44286,41.297354
10766,4ο ΔΗΜΟΤΙΚΟ ΣΧΟΛΕΙΟ ΔΙΔΥΜΟΤΕΙΧΟΥ,26.493933,41.346398
10767,ΔΗΜΟΤΙΚΟ ΣΧΟΛΕΙΟ ΛΑΡΔΟΥ,28.014906,36.093246
10768,ΔΗΜΟΤΙΚΟ ΣΧΟΛΕΙΟ ΚΑΜΑΡΙΩΤΙΣΣΗΣ ΣΑΜΟΘΡΑΚΗΣ,,
10769,12ο ΔΗΜΟΤΙΚΟ ΣΧΟΛΕΙΟ ΑΛΕΞΑΝΔΡΟΥΠΟΛΗΣ,25.885742,40.851964
10770,ΔΗΜΟΤΙΚΟ ΣΧΟΛΕΙΟ ΦΥΛΑΚΙΟΥ ΟΡΕΣΤΙΑΔΑΣ,26.315957,41.589833
10771,ΔΗΜΟΤΙΚΟ ΣΧΟΛΕΙΟ ΣΤΕΡΝΑΣ ΟΡΕΣΤΙΑΔΑΣ,26.461699,41.564593
10772,ΔΗΜΟΤΙΚΟ ΣΧΟΛΕΙΟ ΡΙΖΙΩΝ ΟΡΕΣΤΙΑΔΑΣ,26.427324,41.622007
10773,ΔΗΜΟΤΙΚΟ ΣΧΟΛΕΙΟ ΝΕΟΧΩΡΙΟΥ ΟΡΕΣΤΙΑΔΑΣ,26.459321,41.509938
10774,ΔΗΜΟΤΙΚΟ ΣΧΟΛΕΙΟ ΜΑΚΡΗΣ ΑΛΕΞ/ΠΟΛΗΣ,25.745006,40.852087
10775,ΔΗΜΟΤΙΚΟ ΣΧΟΛΕΙΟ ΛΟΥΤΡΟΥ ΑΛΕΞ/ΠΟΛΗΣ,,
10776,ΔΗΜΟΤΙΚΟ ΣΧΟΛΕΙΟ ΑΝΘΕΙΑΣ ΑΛΕΞ/ΠΟΛΗΣ,,
10777,ΔΗΜΟΤΙΚΟ ΣΧΟΛΕΙΟ ΑΒΑΝΤΟΣ ΑΛΕΞΑΝΔΡΟΥΠΟΛΗΣ,25.916936,40.929319
10778,ΔΗΜΟΤΙΚΟ ΣΧΟΛΕΙΟ ΛΙΝΔΟΥ,28.080091,36.08714
10779,ΔΗΜΟΤΙΚΟ ΣΧΟΛΕΙΟ ΧΩΡΑΣ ΠΑΤΜΟΥ,,
10780,ΔΗΜΟΤΙΚΟ ΣΧΟΛΕΙΟ ΚΑΜΠΟΥ ΠΑΤΜΟΥ,,
10781,ΔΗΜΟΤΙΚΟ ΣΧΟΛΕΙΟ ΣΚΑΛΑΣ ΠΑΤΜΟΥ,,
10782,ΔΗΜΟΤΙΚΟ ΣΧΟΛΕΙΟ ΜΑΥΡΟΛΕΥΚΗΣ ΔΡΑΜΑΣ,24.100902,41.053704
10783,ΔΗΜΟΤΙΚΟ ΣΧΟΛΕΙΟ ΑΛΙΝΤΩΝ ΛΕΡΟΥ,,
10784,1ο ΔΗΜΟΤΙΚΟ ΣΧΟΛΕΙΟ ΣΟΥΦΛΙΟΥ,26.303527,41.193287
10785,ΔΗΜΟΤΙΚΟ ΣΧΟΛΕΙΟ ΔΟΞΑΣ,26.281047,41.482442
10786,ΔΗΜΟΤΙΚΟ ΣΧΟΛΕΙΟ ΜΕΤΑΞΑΔΩΝ,26.224423,41.418136
10787,ΔΗΜΟΤΙΚΟ ΣΧΟΛΕΙΟ ΝΕΑΣ ΣΑΝΤΑΣ ΚΟΜΟΤΗΝΗΣ,,
10788,ΔΗΜΟΤΙΚΟ ΣΧΟΛΕΙΟ ΑΚΑΡΠΟΥ ΜΕΙΟΝΟΤΙΚΟ,,
10789,ΔΗΜΟΤΙΚΟ ΣΧΟΛΕΙΟ ΠΟΣΕΙΔΩΝΙΑΣ ΣΥΡΟΥ,,
10790,ΔΗΜΟΤΙΚΟ ΣΧΟΛΕΙΟ ΠΥΛΩΝΟΣ,28.04531,36.105039
10791,ΔΗΜΟΤΙΚΟ ΣΧΟΛΕΙΟ ΜΕΛΙΑΝΩΝ,,
10792,ΔΗΜΟΤΙΚΟ ΣΧΟΛΕΙΟ ΝΙΚΗΦΟΡΟΥ,,
10793,ΔΗΜΟΤΙΚΟ ΣΧΟΛΕΙΟ ΠΑΝΤΑΝΑΣΣΑΣ,20.879617,39.237459
10794,ΔΗΜΟΤΙΚΟ ΣΧΟΛΕΙΟ ΦΩΤΕΙΝΟΥ,,
10795,ΔΗΜΟΤΙΚΟ ΣΧΟΛΕΙΟ ΠΑΡΑΚΑΛΑΜΟΥ ΚΑΤΩ,20.574939,39.859158
10796,ΔΗΜΟΤΙΚΟ ΣΧΟΛΕΙΟ ΠΛΑΤΑΝΙΑΣ,24.410478,41.183498
10797,ΔΗΜΟΤΙΚΟ ΣΧΟΛΕΙΟ ΛΥΡΑΣ,26.270927,41.069719
10798,ΔΗΜΟΤΙΚΟ ΣΧΟΛΕΙΟ ΠΑΝΑΓΙΑΣ ΔΙΑΣΕΛΛΟΥ,,
10799,ΔΗΜΟΤΙΚΟ ΣΧΟΛΕΙΟ ΓΟΤΙΣΤΗΣ ΜΕΓΑΛΗΣ,21.0436,39.682758
10800,1ο ΔΗΜΟΤΙΚΟ ΣΧΟΛΕΙΟ ΑΛΕΞΑΝΔΡΟΥΠΟΛΗΣ ΠΕΙΡΑΜΑΤΙΚΟ,25.868836,40.840771
10801,ΔΗΜΟΤΙΚΟ ΣΧΟΛΕΙΟ ΕΧΙΝΟΥ ΜΕΙΟΝΟΤΙΚΟ,24.973684,41.275181
10802,ΔΗΜΟΤΙΚΟ ΣΧΟΛΕΙΟ ΓΕΝΙΣΕΑΣ ΜΕΙΟΝΟΤΙΚΟ,24.96483,41.059671
10803,ΔΗΜΟΤΙΚΟ ΣΧΟΛΕΙΟ ΧΩΡΙΣΤΗΣ,24.210846,41.128273
10804,1ο ΔΗΜΟΤΙΚΟ ΣΧΟΛΕΙΟ ΚΟΜΟΤΗΝΗΣ,25.399489,41.117832
10805,2ο ΔΗΜΟΤΙΚΟ ΣΧΟΛΕΙΟ ΝΕΑΣ ΠΕΡΑΜΟΥ,,
10806,ΔΗΜΟΤΙΚΟ ΣΧΟΛΕΙΟ ΔΙΔΥΜΟΤΕΙΧΟΥ ΕΙΔΙΚΟ,26.493933,41.346398
10807,15ο ΔΗΜΟΤΙΚΟ ΣΧΟΛΕΙΟ ΔΡΑΜΑΣ,24.15141,41.143468
10808,ΔΗΜΟΤΙΚΟ ΣΧΟΛΕΙΟ ΑΡΚΑΔΙΚΟΥ ΔΡΑΜΑΣ,,
10809,2ο ΔΗΜΟΤΙΚΟ ΣΧΟΛΕΙΟ ΑΓΙΟΥ ΑΘΑΝΑΣΙΟΥ,24.246733,41.071596
10810,ΔΗΜΟΤΙΚΟ ΣΧΟΛΕΙΟ ΓΙΑΝΟΥΛΗΣ,,
10811,ΔΗΜΟΤΙΚΟ ΣΧΟΛΕΙΟ ΚΑΤΩ ΜΠΑΟΥΣΩΝ ΙΩΑΝΝΙΝΩΝ,,
10812,ΔΗΜΟΤΙΚΟ ΣΧΟΛΕΙΟ ΑΜΠΕΛΑΚΙΩΝ,,
10813,ΔΗΜΟΤΙΚΟ ΣΧΟΛΕΙΟ ΔΕΡΒΙΖΙΑΝΩΝ ΙΩΑΝΝΙΝΩΝ,,
10814,ΔΗΜΟΤΙΚΟ ΣΧΟΛΕΙΟ ΛΗΝΟΥ ΜΕΙΟΝΟΤΙΚΟ,,
10815,ΔΗΜΟΤΙΚΟ ΣΧΟΛΕΙΟ ΗΠΙΟΥ ΜΕΙΟΝΟΤΙΚΟ,,
10816,ΔΗΜΟΤΙΚΟ ΣΧΟΛΕΙΟ ΠΟΤΑΜΙΑΣ,,
10817,ΔΗΜΟΤΙΚΟ ΣΧΟΛΕΙΟ ΑΝΩ ΠΕΔΙΝΩΝ ΛΑΜΠΡΙΑΔΕΙΟΣ ΟΙΚΟΚΥΡΙΚΗ ΣΧΟΛΗ,20.707595,39.879125
10818,ΔΗΜΟΤΙΚΟ ΣΧΟΛΕΙΟ ΜΙΚΡΟΥ ΠΕΡΙΣΤΕΡΙΟΥ,21.095688,39.738269
10819,ΔΗΜΟΤΙΚΟ ΣΧΟΛΕΙΟ ΦΤΕΛΙΑΣ ΔΡΑΜΑΣ,24.189951,41.081683
10820,ΔΗΜΟΤΙΚΟ ΣΧΟΛΕΙΟ ΝΕΑΣ ΚΑΡΒΑΛΗΣ ΚΑΒΑΛΑΣ,24.514233,40.96133
10821,"ΔΗΜΟΤΙΚΟ ΣΧΟΛΕΙΟ ΜΟΝΟΔΕΝΔΡΙΟΥ ""ΡΙΖΑΡΕΙΟ""",20.747556,39.879864
10822,ΔΗΜΟΤΙΚΟ ΣΧΟΛΕΙΟ ΣΟΥΛΙΟΥ,,
10823,ΔΗΜΟΤΙΚΟ ΣΧΟΛΕΙΟ ΚΛΕΙΣΟΥΡΑΣ ΦΙΛΙΠΠΙΑΔΑΣ,20.891032,39.36063
10824,ΔΗΜΟΤΙΚΟ ΣΧΟΛΕΙΟ ΣΩΣΤΟΥ ΜΕΙΟΝΟΤΙΚΟ,25.277934,41.133777
10825,2ο ΔΗΜΟΤΙΚΟ ΣΧΟΛΕΙΟ ΣΟΥΦΛΙΟΥ,26.303525,41.193287
10826,ΔΗΜΟΤΙΚΟ ΣΧΟΛΕΙΟ ΓΥΜΝΟΤΟΠΟΥ,20.9045,39.288168
10827,ΔΗΜΟΤΙΚΟ ΣΧΟΛΕΙΟ ΔΥΜΗΣ ΜΕΙΟΝΟΤΙΚΟ,,
10828,ΔΗΜΟΤΙΚΟ ΣΧΟΛΕΙΟ ΔΟΛΙΑΝΩΝ,20.581165,39.902107
10829,1ο ΔΗΜΟΤΙΚΟ ΣΧΟΛΕΙΟ ΑΣΩΜΑΤΩΝ ΜΕΙΟΝΟΤΙΚΟ,,
10830,ΔΗΜΟΤΙΚΟ ΣΧΟΛΕΙΟ ΑΓΙΑΣΜΑΤΟΣ ΜΕΙΟΝΟΤΙΚΟ,,
10831,1ο ΔΗΜΟΤΙΚΟ ΣΧΟΛΕΙΟ ΑΡΡΙΑΝΩΝ ΜΕΙΟΝΟΤΙΚΟ,25.695988,41.081024
10832,ΔΗΜΟΤΙΚΟ ΣΧΟΛΕΙΟ ΚΑΛΑΜΟΥ,20.926681,38.623837
10833,ΔΗΜΟΤΙΚΟ ΣΧΟΛΕΙΟ ΑΝΑΛΗΨΗΣ ΤΡΙΧΩΝΙΔΑΣ,21.701043,38.492602
10834,ΔΗΜΟΤΙΚΟ ΣΧΟΛΕΙΟ ΠΕΝΤΑΚΟΡΦΟΥ,21.537205,38.780927
10835,7ο ΔΗΜΟΤΙΚΟ ΣΧΟΛΕΙΟ ΚΟΜΟΤΗΝΗΣ,25.412851,41.11965
10836,ΔΗΜΟΤΙΚΟ ΣΧΟΛΕΙΟ ΞΕΡΙΑ ΝΕΣΤΟΥ,24.698903,41.039364
10837,ΔΗΜΟΤΙΚΟ ΣΧΟΛΕΙΟ ΠΑΡΑΔΗΜΗΣ ΚΟΜΟΤΗΝΗΣ,,
10838,22ο ΔΗΜΟΤΙΚΟ ΣΧΟΛΕΙΟ ΚΑΒΑΛΑΣ,,
10839,ΔΗΜΟΤΙΚΟ ΣΧΟΛΕΙΟ ΦΕΛΩΝΗΣ ΜΕΙΟΝΟΤΙΚΟ,,
10840,ΔΗΜΟΤΙΚΟ ΣΧΟΛΕΙΟ ΚΟΥΤΣΟΥ ΞΑΝΘΗΣ,25.027207,41.047767
10841,ΔΗΜΟΤΙΚΟ ΣΧΟΛΕΙΟ ΕΡΑΣΜΙΟΥ ΞΑΝΘΗΣ,24.845269,40.926126
10842,13ο ΔΗΜΟΤΙΚΟ ΣΧΟΛΕΙΟ ΞΑΝΘΗΣ,24.885822,41.132384
10843,19ο ΔΗΜΟΤΙΚΟ ΞΑΝΘΗΣ,,
10844,2ο ΔΗΜΟΤΙΚΟ ΣΧΟΛΕΙΟ ΚΟΜΟΤΗΝΗΣ ΜΕΙΟΝΟΤΙΚΟ,25.411942,41.121389
10845,2ο ΔΗΜΟΤΙΚΟ ΣΧΟΛΕΙΟ ΦΙΛΥΡΑΣ ΜΕΙΟΝΟΤΙΚΟ,,
10846,1ο ΔΗΜΟΤΙΚΟ ΣΧΟΛΕΙΟ ΦΙΛΥΡΑΣ ΜΕΙΟΝΟΤΙΚΟ,25.632042,41.121641
10847,ΔΗΜΟΤΙΚΟ ΣΧΟΛΕΙΟ ΠΕΤΡΩΝΑΣ ΑΜΦΙΛΟΧ,21.406995,38.926274
10848,ΔΗΜΟΤΙΚΟ ΣΧΟΛΕΙΟ ΜΙΚΡΟΧΩΡΙΟΥ ΔΡΑΜΑΣ,24.179134,41.100215
10849,ΔΗΜΟΤΙΚΟ ΣΧΟΛΕΙΟ ΟΧΥΡΟΥ,23.850509,41.300859
10850,ΔΗΜΟΤΙΚΟ ΣΧΟΛΕΙΟ ΚΟΚΚΙΝΟΓΕΙΩΝ ΔΡΑΜΑΣ,23.934426,41.189716
10851,ΔΗΜΟΤΙΚΟ ΣΧΟΛΕΙΟ ΚΑΤΩ ΝΕΥΡΟΚΟΠΙΟΥ,23.870297,41.339893
10852,13ο ΔΗΜΟΤΙΚΟ ΣΧΟΛΕΙΟ ΔΡΑΜΑΣ,,
10853,1ο ΔΗΜΟΤΙΚΟ ΣΧΟΛΕΙΟ ΔΡΑΜΑΣ ΕΙΔΙΚΟ,24.151869,41.14358
10854,11ο ΔΗΜΟΤΙΚΟ ΣΧΟΛΕΙΟ ΔΡΑΜΑΣ,,
10855,5ο ΔΗΜΟΤΙΚΟ ΣΧΟΛΕΙΟ ΔΡΑΜΑΣ,24.149565,41.151894
10856,ΔΗΜΟΤΙΚΟ ΣΧΟΛΕΙΟ ΜΙΚΡΟΠΟΛΗΣ ΔΡΑΜΑΣ,23.822085,41.189764
10857,ΔΗΜΟΤΙΚΟ ΣΧΟΛΕΙΟ ΚΑΛΛΙΘΕΑΣ ΔΡΑΜΑΣ,23.916639,41.116274
10858,2ο ΔΗΜΟΤΙΚΟ ΣΧΟΛΕΙΟ ΦΕΡΡΩΝ,26.175212,40.891645
10859,ΔΗΜΟΤΙΚΟ ΣΧΟΛΕΙΟ ΝΙΨΗΣ ΑΛΕΞ/ΠΟΛΗΣ,,
10860,ΔΗΜΟΤΙΚΟ ΣΧΟΛΕΙΟ ΚΑΛΑΜΩΝΟΣ ΔΡΑΜΑΣ,24.211765,41.011911
10861,2ο ΔΗΜΟΤΙΚΟ ΣΧΟΛΕΙΟ ΚΑΛΑΜΠΑΚΙΟΥ,24.191313,41.051546
10862,ΔΗΜΟΤΙΚΟ ΣΧΟΛΕΙΟ ΚΑΛΟΥ ΑΓΡΟΥ ΔΡΑΜΑΣ,24.08623,41.10402
10863,ΔΗΜΟΤΙΚΟ ΣΧΟΛΕΙΟ ΠΕΤΡΟΥΣΗΣ ΔΡΑΜΑΣ,24.021321,41.194362
10864,ΔΗΜΟΤΙΚΟ ΣΧΟΛΕΙΟ ΒΑΘΥΤΟΠΟΥ,23.714046,41.349054
10865,ΔΗΜΟΤΙΚΟ ΣΧΟΛΕΙΟ ΞΗΡΟΠΟΤΑΜΟΥ ΔΡΑΜΑΣ,24.105202,41.19156
10866,ΔΗΜΟΤΙΚΟ ΣΧΟΛΕΙΟ ΚΟΥΔΟΥΝΙΩΝ ΔΡΑΜΑΣ,,
10867,1ο ΔΗΜΟΤΙΚΟ ΣΧΟΛΕΙΟ ΚΑΛΑΜΠΑΚΙΟΥ,24.191313,41.051546
10868,ΔΗΜΟΤΙΚΟ ΣΧΟΛΕΙΟ ΔΡΥΜΩΝΑ,21.665383,38.633075
10869,ΔΗΜΟΤΙΚΟ ΣΧΟΛΕΙΟ ΑΠΑΛΟΥ ΑΛΕΞ/ΠΟΛΗΣ,,
10870,ΔΗΜΟΤΙΚΟ ΣΧΟΛΕΙΟ ΑΛΕΞΑΝΔΡΟΥΠΟΛΗΣ ΜΕΙΟΝΟΤΙΚΟ,,
10871,7ο ΔΗΜΟΤΙΚΟ ΣΧΟΛΕΙΟ ΑΛΕΞΑΝΔΡΟΥΠΟΛΗΣ,25.860198,40.843857
10872,ΔΗΜΟΤΙΚΟ ΣΧΟΛΕΙΟ ΠΕΠΛΟΥ,26.266836,40.955948
10873,ΔΗΜΟΤΙΚΟ ΣΧΟΛΕΙΟ ΛΕΥΚΙΜΗΣ,26.197274,41.022581
10874,9ο ΔΗΜΟΤΙΚΟ ΣΧΟΛΕΙΟ ΔΡΑΜΑΣ,24.130559,41.152231
10875,ΔΗΜΟΤΙΚΟ ΣΧΟΛΕΙΟ ΠΛΑΝΗΤΕΡΟΥ ΚΑΛΑΒΡΥΤΩΝ,22.165805,37.939933
10876,ΔΗΜΟΤΙΚΟ ΣΧΟΛΕΙΟ ΑΛΕΞΑΝΔΡΟΥΠΟΛΗΣ ΕΙΔΙΚΟ ΠΑΙΔΑΓΩΓΙΚΗΣ ΑΚΑΔΗΜΙΑΣ,25.869327,40.840068
10877,ΔΗΜΟΤΙΚΟ ΣΧΟΛΕΙΟ ΑΝΩ ΒΕΛΙΤΣΩΝ,,
10878,7ο ΔΗΜΟΤΙΚΟ ΣΧΟΛΕΙΟ ΔΡΑΜΑΣ,,
10879,ΔΗΜΟΤΙΚΟ ΣΧΟΛΕΙΟ ΡΟΥΠΑΚΙΑΣ ΠΑΤΡΑΣ,21.638277,37.966932
10880,8ο ΔΗΜΟΤΙΚΟ ΣΧΟΛΕΙΟ ΟΡΕΣΤΙΑΔΑΣ,26.532039,41.506547
10881,9ο ΔΗΜΟΤΙΚΟ ΣΧΟΛΕΙΟ ΑΛΕΞΑΝΔΡΟΥΠΟΛΗΣ,25.879965,40.849344
10882,7ο ΔΗΜΟΤΙΚΟ ΣΧΟΛΕΙΟ ΟΡΕΣΤΙΑΔΑΣ,26.53213,41.506611
10883,3ο ΔΗΜΟΤΙΚΟ ΣΧΟΛΕΙΟ ΑΛΕΞΑΝΔΡΟΥΠΟΛΗΣ ΠΕΙΡΑΜΑΤΙΚΟ,25.869328,40.840057
10884,2ο ΔΗΜΟΤΙΚΟ ΣΧΟΛΕΙΟ ΑΛΕΞΑΝΔΡΟΥΠΟΛΗΣ ΠΕΙΡΑΜΑΤΙΚΟ,25.869331,40.840083
10885,8ο ΔΗΜΟΤΙΚΟ ΣΧΟΛΕΙΟ ΑΛΕΞΑΝΔΡΟΥΠΟΛΗΣ,25.86373,40.843769
10886,ΔΗΜΟΤΙΚΟ ΣΧΟΛΕΙΟ ΑΛΕΠΟΧΩΡΙΟΥ,,
10887,ΔΗΜΟΤΙΚΟ ΣΧΟΛΕΙΟ ΚΑΛΑΜΙΑ ΑΙΓΙΑΛΕΙΑΣ,,
10888,ΔΗΜΟΤΙΚΟ ΣΧΟΛΕΙΟ ΘΕΡΙΑΚΗΣΙΟΥ ΑΜΦΙΛΟΧΙΑΣ,,
10889,ΔΗΜΟΤΙΚΟ ΣΧΟΛΕΙΟ ΑΕΤΟΥ ΞΗΡΟΜΕΡΟΥ,21.084429,38.704675
10890,ΔΗΜΟΤΙΚΟ ΣΧΟΛΕΙΟ ΜΑΚΡΗΣ ΜΕΙΟΝΟΤΙΚΟ,25.744685,40.852134
10891,ΔΗΜΟΤΙΚΟ ΣΧΟΛΕΙΟ ΑΡΕΙΑΔΑΣ ΑΜΦΙΛΟΧΙΑΣ,,
10892,ΔΗΜΟΤΙΚΟ ΣΧΟΛΕΙΟ ΑΓΙΑΣ ΤΡΙΑΔΑΣ ΑΜΦΙΛΟΧ,,
10893,ΔΗΜΟΤΙΚΟ ΣΧΟΛΕΙΟ ΠΕΤΣΑΛΙΩΝ ΑΜΦΙΛΟΧ,,
10894,ΔΗΜΟΤΙΚΟ ΣΧΟΛΕΙΟ ΑΡΧΟΝΤΟΧΩΡΙΟΥ,21.043129,38.70122
10895,ΔΗΜΟΤΙΚΟ ΣΧΟΛΕΙΟ ΣΚΑΛΑΣ,20.791035,38.073392
10896,1ο ΔΗΜΟΤΙΚΟ ΣΧΟΛΕΙΟ ΑΛΕΞΑΝΔΡΟΥΠΟΛΗΣ,25.864609,40.843598
10897,1ο ΔΗΜΟΤΙΚΟ ΣΧΟΛΕΙΟ ΝΕΑΣ ΒΥΣΣΗΣ,26.544812,41.58904
10898,ΔΗΜΟΤΙΚΟ ΣΧΟΛΕΙΟ ΚΥΠΡΙΝΟΥ,26.218209,41.576097
10899,ΔΗΜΟΤΙΚΟ ΣΧΟΛΕΙΟ ΣΤΑΥΡΟΥ ΙΘΑΚΗΣ,20.649908,38.442377
10900,ΔΗΜΟΤΙΚΟ ΣΧΟΛΕΙΟ ΚΑΣΤΑΝΙΩΝ ΟΡΕΣΤΙΑΔΑΣ,26.478542,41.64336
10901,ΔΗΜΟΤΙΚΟ ΣΧΟΛΕΙΟ ΚΑΒΥΛΗΣ ΟΡΕΣΤΙΑΔΑΣ,26.515892,41.562775
10902,1ο ΔΗΜΟΤΙΚΟ ΣΧΟΛΕΙΟ ΟΡΕΣΤΙΑΔΑΣ ΕΙΔΙΚΟ,,
10903,5ο ΔΗΜΟΤΙΚΟ ΣΧΟΛΕΙΟ ΑΛΕΞΑΝΔΡΟΥΠΟΛΗΣ,25.8743,40.851285
10904,4ο ΔΗΜΟΤΙΚΟ ΣΧΟΛΕΙΟ ΑΛΕΞΑΝΔΡΟΥΠΟΛΗΣ,25.861766,40.847733
10905,3ο ΔΗΜΟΤΙΚΟ ΣΧΟΛΕΙΟ ΑΛΕΞΑΝΔΡΟΥΠΟΛΗΣ,25.874602,40.844501
10906,2ο ΔΗΜΟΤΙΚΟ ΣΧΟΛΕΙΟ ΑΛΕΞΑΝΔΡΟΥΠΟΛΗΣ,25.874085,40.845946
10907,3ο ΔΗΜΟΤΙΚΟ ΣΧΟΛΕΙΟ ΦΕΡΡΩΝ,26.175212,40.891645
10908,ΔΗΜΟΤΙΚΟ ΣΧΟΛΕΙΟ ΔΩΡΙΚΟΥ ΑΛΕΞ/ΠΟΛΗΣ,,
10909,ΔΗΜΟΤΙΚΟ ΣΧΟΛΕΙΟ ΠΥΡΓΟΥ ΟΡΕΣΤΙΑΔΑΣ,,
10910,3ο ΔΗΜΟΤΙΚΟ ΣΧΟΛΕΙΟ ΔΙΔΥΜΟΤΕΙΧΟΥ,26.493933,41.346398
10911,4ο ΔΗΜΟΤΙΚΟ ΣΧΟΛΕΙΟ ΔΡΑΜΑΣ,24.149715,41.155075
10912,3ο ΔΗΜΟΤΙΚΟ ΣΧΟΛΕΙΟ ΔΡΑΜΑΣ,24.15948,41.151616
10913,8ο ΔΗΜΟΤΙΚΟ ΣΧΟΛΕΙΟ ΔΡΑΜΑΣ,24.143165,41.152327
10914,2ο ΔΗΜΟΤΙΚΟ ΣΧΟΛΕΙΟ ΔΡΑΜΑΣ,24.151256,41.144839
10915,1ο ΔΗΜΟΤΙΚΟ ΣΧΟΛΕΙΟ ΔΡΑΜΑΣ,24.151465,41.146083
10916,ΔΗΜΟΤΙΚΟ ΣΧΟΛΕΙΟ ΔΟΞΑΤΟΥ,24.231809,41.091928
10917,ΔΗΜΟΤΙΚΟ ΣΧΟΛΕΙΟ ΚΟΝΤΟΒΑΖΑΙΝΗΣ ΓΟΡΤΥΝΙΑΣ,21.899238,37.795316
10918,ΔΗΜΟΤΙΚΟ ΣΧΟΛΕΙΟ ΠΟΛΙΑΣ ΜΕΙΟΝΟΤΙΚΟ,,
10919,ΔΗΜΟΤΙΚΟ ΣΧΟΛΕΙΟ ΝΕΟΥ ΚΕΦΑΛΑΡΙΟΥ ΔΡΑΜΑΣ,24.270023,41.060172
10920,2ο ΔΗΜΟΤΙΚΟ ΣΧΟΛΕΙΟ ΔΙΔΥΜΟΤΕΙΧΟΥ,26.493933,41.346398
10921,1ο ΔΗΜΟΤΙΚΟ ΣΧΟΛΕΙΟ ΦΕΡΡΩΝ,26.175212,40.891645
10922,ΔΗΜΟΤΙΚΟ ΣΧΟΛΕΙΟ ΝΕΑΣ ΧΙΛΗΣ ΑΛΕΞ/ΠΟΛΗΣ,,
10923,ΔΗΜΟΤΙΚΟ ΣΧΟΛΕΙΟ ΜΑΙΣΤΡΟΥ ΑΛΕΞ/ΠΟΛΗΣ,,
10924,6ο ΔΗΜΟΤΙΚΟ ΣΧΟΛΕΙΟ ΑΛΕΞΑΝΔΡΟΥΠΟΛΗΣ,25.871494,40.854391
10925,ΔΗΜΟΤΙΚΟ ΣΧΟΛΕΙΟ ΕΛΛΗΝΟΧΩΡΙΟΥ,26.460453,41.373148
10926,6ο ΔΗΜΟΤΙΚΟ ΣΧΟΛΕΙΟ ΟΡΕΣΤΙΑΔΑΣ,26.532017,41.506597
10927,4ο ΔΗΜΟΤΙΚΟ ΣΧΟΛΕΙΟ ΟΡΕΣΤΙΑΔΑΣ,26.532042,41.506613
10928,3ο ΔΗΜΟΤΙΚΟ ΣΧΟΛΕΙΟ ΟΡΕΣΤΙΑΔΑΣ,26.531995,41.506548
10929,2ο ΔΗΜΟΤΙΚΟ ΣΧΟΛΕΙΟ ΟΡΕΣΤΙΑΔΑΣ,26.532129,41.506578
10930,12ο ΔΗΜΟΤΙΚΟ ΣΧΟΛΕΙΟ ΔΡΑΜΑΣ,24.13702,41.150136
10931,1ο ΔΗΜΟΤΙΚΟ ΣΧΟΛΕΙΟ ΟΡΕΣΤΙΑΔΑΣ,26.532042,41.506613
10932,ΔΗΜΟΤΙΚΟ ΣΧΟΛΕΙΟ ΛΕΠΤΗΣ ΟΡΕΣΤΙΑΔΑΣ,,
10933,ΔΗΜΟΤΙΚΟ ΣΧΟΛΕΙΟ ΑΔΡΙΑΝΗΣ,24.268715,41.134082
10934,ΔΗΜΟΤΙΚΟ ΣΧΟΛΕΙΟ ΠΕΡΔΙΚΟΝΕΡΙΟΥ ΓΟΡΤΥΝΙΑΣ,21.992084,37.734484
10935,ΔΗΜΟΤΙΚΟ ΣΧΟΛΕΙΟ ΚΑΛΛΙΦΥΤΟΥ,24.213918,41.170436
10936,1ο ΔΗΜΟΤΙΚΟ ΣΧΟΛΕΙΟ ΑΓΙΟΥ ΑΘΑΝΑΣΙΟΥ,24.246733,41.07151
10937,ΔΗΜΟΤΙΚΟ ΣΧΟΛΕΙΟ ΔΙΑΚΟΠΙΟΥ,,
10938,ΔΗΜΟΤΙΚΟ ΣΧΟΛΕΙΟ ΚΑΛΗΣ ΒΡΥΣΗΣ ΔΡΑΜΑΣ,,
10939,ΔΗΜΟΤΙΚΟ ΣΧΟΛΕΙΟ ΝΕΑΣ ΑΜΙΣΟΥ ΔΡΑΜΑΣ,,
10940,14ο ΔΗΜΟΤΙΚΟ ΣΧΟΛΕΙΟ ΔΡΑΜΑΣ,,
10941,10ο ΔΗΜΟΤΙΚΟ ΣΧΟΛΕΙΟ ΔΡΑΜΑΣ,24.146832,41.139548
10942,ΔΗΜΟΤΙΚΟ ΣΧΟΛΕΙΟ ΚΥΡΓΙΩΝ,24.289569,41.097876
10943,10ο ΔΗΜΟΤΙΚΟ ΣΧΟΛΕΙΟ ΑΛΕΞΑΝΔΡΟΥΠΟΛΗΣ,25.871852,40.849289
10944,ΔΗΜΟΤΙΚΟ ΣΧΟΛΕΙΟ ΛΑΒΑΡΩΝ,26.386337,41.268858
10945,2ο ΔΗΜΟΤΙΚΟ ΣΧΟΛΕΙΟ ΠΡΟΣΟΤΣΑΝΗΣ,23.973329,41.177226
10946,1ο ΔΗΜΟΤΙΚΟ ΣΧΟΛΕΙΟ ΠΡΟΣΟΤΣΑΝΗΣ,23.973313,41.1772
10947,ΔΗΜΟΤΙΚΟ ΣΧΟΛΕΙΟ ΦΩΤΟΛΕΙΒΟΥΣ ΔΡΑΜΑΣ,24.049619,41.059288
10948,ΔΗΜΟΤΙΚΟ ΣΧΟΛΕΙΟ ΣΙΤΑΓΡΩΝ ΔΡΑΜΑΣ,24.028978,41.109956
10949,ΔΗΜΟΤΙΚΟ ΣΧΟΛΕΙΟ ΟΦΡΥΝΙΟΥ,23.910465,40.79516
10950,ΔΗΜΟΤΙΚΟ ΣΧΟΛΕΙΟ ΑΧΛΑΔΙΑΣ,24.00988,41.395181
10951,ΔΗΜΟΤΙΚΟ ΣΧΟΛΕΙΟ ΙΔΡΥΜΑΤΟΣ ΑΓΙΑΣ ΜΑΡΙΝΑΣ ΕΙΔΙΚΟ,,
10952,ΔΗΜΟΤΙΚΟ ΣΧΟΛΕΙΟ ΝΕΑΣ ΠΕΡΑΜΟΥ ΠΑΓΓΑΙΟΥ,24.302558,40.837714
10953,10ο ΔΗΜΟΤΙΚΟ ΣΧΟΛΕΙΟ ΚΑΒΑΛΑΣ,24.402683,40.937269
10954,ΔΗΜΟΤΙΚΟ ΣΧΟΛΕΙΟ ΔΑΦΝΟΥ,22.098534,38.638098
10955,11ο ΔΗΜΟΤΙΚΟ ΣΧΟΛΕΙΟ ΚΑΒΑΛΑΣ,24.398592,40.940059
10956,6ο ΔΗΜΟΤΙΚΟ ΣΧΟΛΕΙΟ ΔΡΑΜΑΣ,,
10957,ΔΗΜΟΤΙΚΟ ΣΧΟΛΕΙΟ ΚΕΧΡΟΚΑΜΠΟΥ ΝΕΣΤΟΥ,24.637689,41.15411
10958,ΔΗΜΟΤΙΚΟ ΣΧΟΛΕΙΟ ΚΕΡΑΜΩΤΗΣ ΝΕΣΤΟΥ,24.705999,40.85832
10959,1ο ΔΗΜΟΤΙΚΟ ΣΧΟΛΕΙΟ ΚΑΒΑΛΑΣ ΕΙΔΙΚΟ,,
10960,8ο ΔΗΜΟΤΙΚΟ ΣΧΟΛΕΙΟ ΚΑΒΑΛΑΣ,24.408456,40.94179
10961,4ο ΔΗΜΟΤΙΚΟ ΣΧΟΛΕΙΟ ΚΑΒΑΛΑΣ,24.407947,40.939413
10962,15ο ΔΗΜΟΤΙΚΟ ΣΧΟΛΕΙΟ ΚΑΒΑΛΑΣ,,
10963,2ο ΔΗΜΟΤΙΚΟ ΣΧΟΛΕΙΟ ΕΛΕΥΘΕΡΟΥΠΟΛΗΣ ΠΑΓΓ,24.252356,40.909684
10964,1ο ΔΗΜΟΤΙΚΟ ΣΧΟΛΕΙΟ ΚΡΗΝΙΔΩΝ ΚΑΒΑΛΑΣ,,
10965,ΔΗΜΟΤΙΚΟ ΣΧΟΛΕΙΟ ΟΡΦΑΝΙΟΥ ΠΑΓΓΑΙΟΥ,,
10966,ΔΗΜΟΤΙΚΟ ΣΧΟΛΕΙΟ ΛΙΜΕΝΑΡΙΩΝ ΘΑΣΟΥ,,
10967,ΔΗΜΟΤΙΚΟ ΣΧΟΛΕΙΟ ΑΓΙΑΣ ΦΩΤΕΙΝΗΣ,,
10968,ΔΗΜΟΤΙΚΟ ΣΧΟΛΕΙΟ ΠΕΡΑΙΑΣ,21.824378,40.738767
10969,ΔΗΜΟΤΙΚΟ ΣΧΟΛΕΙΟ ΚΕΡΑΣΙΑΣ,,
10970,18ο ΔΗΜΟΤΙΚΟ ΣΧΟΛΕΙΟ ΚΑΒΑΛΑΣ,,
10971,ΔΗΜΟΤΙΚΟ ΣΧΟΛΕΙΟ ΑΚΡΟΠΟΤΑΜΟΥ ΠΑΓΓΑΙΟΥ,24.036566,40.787509
10972,ΔΗΜΟΤΙΚΟ ΣΧΟΛΕΙΟ ΝΗΣΙΟΥ,21.93417,40.820828
10973,ΔΗΜΟΤΙΚΟ ΣΧΟΛΕΙΟ ΦΩΛΙΑΣ ΠΑΓΓΑΙΟΥ,24.156235,40.808538
10974,ΔΗΜΟΤΙΚΟ ΣΧΟΛΕΙΟ ΣΟΥΝΙΟΥ ΜΕΙΟΝΟΤΙΚΟ,,
10975,ΔΗΜΟΤΙΚΟ ΣΧΟΛΕΙΟ ΣΕΛΕΡΟΥ ΜΕΙΟΝΟΤΙΚΟ,24.996865,41.131443
10976,ΔΗΜΟΤΙΚΟ ΣΧΟΛΕΙΟ ΛΥΔΙΑΣ ΚΑΒΑΛΑΣ,,
10977,ΔΗΜΟΤΙΚΟ ΣΧΟΛΕΙΟ ΦΙΛΙΠΠΩΝ ΚΑΒΑΛΑΣ,,
10978,21ο ΔΗΜΟΤΙΚΟ ΣΧΟΛΕΙΟ ΚΑΒΑΛΑΣ,24.378082,40.931519
10979,ΔΗΜΟΤΙΚΟ ΣΧΟΛΕΙΟ ΜΥΛΟΠΟΤΑΜΟΥ ΔΡΑΜΑΣ,24.07556,41.147541
10980,ΔΗΜΟΤΙΚΟ ΣΧΟΛΕΙΟ ΕΥΛΑΛΟΥ ΞΑΝΘΗΣ,24.766635,41.013069
10981,ΔΗΜΟΤΙΚΟ ΣΧΟΛΕΙΟ ΔΕΚΑΡΧΟΥ ΞΑΝΘΗΣ,,
10982,ΔΗΜΟΤΙΚΟ ΣΧΟΛΕΙΟ ΜΑΥΡΟΒΑΤΟΥ ΔΡΑΜΑΣ,,
10983,ΔΗΜΟΤΙΚΟ ΣΧΟΛΕΙΟ ΠΑΛΗΟΥ ΚΑΒΑΛΑΣ,,
10984,1ο ΔΗΜΟΤΙΚΟ ΣΧΟΛΕΙΟ ΞΑΝΘΗΣ ΕΙΔΙΚΟ,24.882281,41.130594
10985,ΔΗΜΟΤΙΚΟ ΣΧΟΛΕΙΟ ΑΜΙΣΙΑΝΩΝ ΚΑΒΑΛΑΣ,24.341549,40.930045
10986,ΔΗΜΟΤΙΚΟ ΣΧΟΛΕΙΟ ΑΓΙΑΣΜΑΤΟΣ ΝΕΣΤΟΥ,24.656343,40.907304
10987,ΔΗΜΟΤΙΚΟ ΣΧΟΛΕΙΟ ΓΡΑΒΟΥΝΑΣ ΝΕΣΤΟΥ,24.654597,40.992393
10988,9ο ΔΗΜΟΤΙΚΟ ΣΧΟΛΕΙΟ ΚΑΒΑΛΑΣ,,
10989,7ο ΔΗΜΟΤΙΚΟ ΣΧΟΛΕΙΟ ΞΑΝΘΗΣ,24.893067,41.140834
10990,ΔΗΜΟΤΙΚΟ ΣΧΟΛΕΙΟ ΑΥΞΕΝΤΙΟΥ ΞΑΝΘΗΣ,,
10991,ΔΗΜΟΤΙΚΟ ΣΧΟΛΕΙΟ ΓΕΝΙΣΕΑΣ ΞΑΝΘΗΣ,24.96483,41.059671
10992,17ο ΔΗΜΟΤΙΚΟ ΣΧΟΛΕΙΟ ΞΑΝΘΗΣ,24.872326,41.119938
10993,ΔΗΜΟΤΙΚΟ ΣΧΟΛΕΙΟ ΝΕΟΥ ΖΥΓΟΥ ΞΑΝΘΗΣ,,
10994,5ο ΔΗΜΟΤΙΚΟ ΣΧΟΛΕΙΟ ΔΙΔΥΜΟΤΕΙΧΟΥ,,
10995,ΔΗΜΟΤΙΚΟ ΣΧΟΛΕΙΟ ΑΒΔΗΡΩΝ ΞΑΝΘΗΣ,24.957974,40.979496
10996,15ο ΔΗΜΟΤΙΚΟ ΣΧΟΛΕΙΟ ΞΑΝΘΗΣ,24.899397,41.131203
10997,5ο ΔΗΜΟΤΙΚΟ ΣΧΟΛΕΙΟ ΚΑΒΑΛΑΣ,24.413458,40.939119
10998,7ο ΔΗΜΟΤΙΚΟ ΣΧΟΛΕΙΟ ΚΑΒΑΛΑΣ,24.409768,40.930055
10999,1ο ΔΗΜΟΤΙΚΟ ΣΧΟΛΕΙΟ ΘΑΣΟΥ,24.713052,40.772259
11000,ΔΗΜΟΤΙΚΟ ΣΧΟΛΕΙΟ ΚΟΚΚΙΝΟΧΩΜΑΤΟΣ ΚΑΒΑΛΑΣ,24.308591,40.924225
11001,ΔΗΜΟΤΙΚΟ ΣΧΟΛΕΙΟ ΠΕΤΕΙΝΟΥ ΞΑΝΘΗΣ,,
11002,1ο ΔΗΜΟΤΙΚΟ ΣΧΟΛΕΙΟ ΠΑΓΓΑΙΟΥ,,
11003,ΔΗΜΟΤΙΚΟ ΣΧΟΛΕΙΟ ΜΑΝΔΡΑΣ ΞΑΝΘΗΣ,25.019913,41.00937
11004,ΔΗΜΟΤΙΚΟ ΣΧΟΛΕΙΟ ΜΥΡΩΔΑΤΟΥ ΞΑΝΘΗΣ,24.932247,40.973235
11005,ΔΗΜΟΤΙΚΟ ΣΧΟΛΕΙΟ ΚΕΝΤΑΥΡΟΥ ΜΕΙΟΝΟΤΙΚΟ,,
11006,ΔΗΜΟΤΙΚΟ ΣΧΟΛΕΙΟ ΑΓΙΟΥ ΑΘΑΝΑΣΙΟΥ,21.771466,40.838862
11007,ΔΗΜΟΤΙΚΟ ΣΧΟΛΕΙΟ ΠΑΝΑΓΙΤΣΗΣ,21.849741,40.850052
11008,ΔΗΜΟΤΙΚΟ ΣΧΟΛΕΙΟ ΖΕΡΒΗΣ,,
11009,ΔΗΜΟΤΙΚΟ ΣΧΟΛΕΙΟ ΟΡΜΑΣ,21.929432,40.947114
11010,ΔΗΜΟΤΙΚΟ ΣΧΟΛΕΙΟ ΑΓΙΑΣ ΠΑΡΑΣΚΕΥΗΣ ΔΡΑΜΑ,,
11011,ΔΗΜΟΤΙΚΟ ΣΧΟΛΕΙΟ ΝΕΑΣ ΣΕΒΑΣΤΕΙΑΣ ΔΡΑΜΑΣ,,
11012,2ο ΔΗΜΟΤΙΚΟ ΣΧΟΛΕΙΟ ΚΙΜΜΕΡΙΩΝ ΜΕΙΟΝΟΤΙΚΟ,24.937496,41.147179
11013,ΔΗΜΟΤΙΚΟ ΣΧΟΛΕΙΟ ΜΕΣΟΡΟΠΗΣ ΠΑΓΓΑΙΟΥ,24.081991,40.865434
11014,ΔΗΜΟΤΙΚΟ ΣΧΟΛΕΙΟ ΝΕΑΣ ΚΑΡΥΑΣ ΝΕΣΤΟΥ,,
11015,ΔΗΜΟΤΙΚΟ ΣΧΟΛΕΙΟ ΑΜΥΓΔΑΛΕΩΝΑ ΚΑΒΑΛΑΣ,,
11016,ΔΗΜΟΤΙΚΟ ΣΧΟΛΕΙΟ ΜΕΛΙΣΣΟΚΟΜΕΙΟΥ ΠΑΓΓΑΙΟΥ,24.164849,40.871545
11017,ΔΗΜΟΤΙΚΟ ΣΧΟΛΕΙΟ ΖΥΓΟΥ ΚΑΒΑΛΑΣ,,
11018,ΔΗΜΟΤΙΚΟ ΣΧΟΛΕΙΟ ΚΙΜΜΕΡΙΩΝ ΞΑΝΘΗΣ,24.937342,41.14718
11019,ΔΗΜΟΤΙΚΟ ΣΧΟΛΕΙΟ ΠΕΡΝΗΣ ΝΕΣΤΟΥ,24.63362,40.9965
11020,18ο ΔΗΜΟΤΙΚΟ ΣΧΟΛΕΙΟ ΞΑΝΘΗΣ,24.880005,41.126616
11021,ΔΗΜΟΤΙΚΟ ΣΧΟΛΕΙΟ ΑΝΤΙΦΙΛΙΠΠΩΝ ΠΑΓΓΑΙΟΥ,24.211485,40.944526
11022,16ο ΔΗΜΟΤΙΚΟ ΣΧΟΛΕΙΟ ΚΑΒΑΛΑΣ,24.388197,40.936077
11023,16ο ΔΗΜΟΤΙΚΟ ΣΧΟΛΕΙΟ ΞΑΝΘΗΣ,24.896198,41.133744
11024,6ο ΔΗΜΟΤΙΚΟ ΣΧΟΛΕΙΟ ΞΑΝΘΗΣ,24.89079,41.134089
11025,5ο ΔΗΜΟΤΙΚΟ ΣΧΟΛΕΙΟ ΞΑΝΘΗΣ,24.878301,41.13533
11026,1ο ΔΗΜΟΤΙΚΟ ΣΧΟΛΕΙΟ ΕΛΕΥΘΕΡΟΥΠΟΛΗΣ ΠΑΓΓ,24.252356,40.909684
11027,13ο ΔΗΜΟΤΙΚΟ ΣΧΟΛΕΙΟ ΚΑΒΑΛΑΣ,,
11028,1ο ΔΗΜΟΤΙΚΟ ΣΧΟΛΕΙΟ ΞΑΝΘΗΣ,24.885328,41.141748
11029,ΔΗΜΟΤΙΚΟ ΣΧΟΛΕΙΟ ΠΑΛΑΙΟΧΩΡΙΟΥ ΠΑΓΓΑΙΟΥ,24.177642,40.943537
11030,ΔΗΜΟΤΙΚΟ ΣΧΟΛΕΙΟ ΜΥΡΤΟΦΥΤΟΥ ΠΑΓΓΑΙΟΥ,24.194574,40.824205
11031,ΔΗΜΟΤΙΚΟ ΣΧΟΛΕΙΟ ΕΛΑΙΟΧΩΡΙΟΥ ΠΑΓΓΑΙΟΥ,24.239062,40.820018
11032,20ο ΔΗΜΟΤΙΚΟ ΣΧΟΛΕΙΟ ΚΑΒΑΛΑΣ,,
11033,ΔΗΜΟΤΙΚΟ ΣΧΟΛΕΙΟ ΜΟΝΑΣΤΗΡΑΚΙΟΥ ΔΡΑΜΑΣ,,
11034,ΔΗΜΟΤΙΚΟ ΣΧΟΛΕΙΟ ΝΕΡΟΦΡΑΚΤΟΥ,24.132205,41.04397
11035,ΔΗΜΟΤΙΚΟ ΣΧΟΛΕΙΟ ΠΑΛΑΓΙΟΥ ,,
11036,ΔΗΜΟΤΙΚΟ ΣΧΟΛΕΙΟ ΕΛΕΥΘΕΡΩΝ ΠΑΓΓΑΙΟΥ,24.254632,40.849818
11037,25ο ΔΗΜΟΤΙΚΟ ΣΧΟΛΕΙΟ ΚΑΒΑΛΑΣ,,
11038,ΔΗΜΟΤΙΚΟ ΣΧΟΛΕΙΟ ΤΥΧΕΡΟΥ,26.29358,41.027822
11039,ΔΗΜΟΤΙΚΟ ΣΧΟΛΕΙΟ ΧΡΥΣΟΧΩΡΙΟΥ ΝΕΣΤΟΥ,24.712686,40.930354
11040,2ο ΔΗΜΟΤΙΚΟ ΣΧΟΛΕΙΟ ΧΡΥΣΟΥΠΟΛΗΣ,24.704943,40.982221
11041,1ο ΔΗΜΟΤΙΚΟ ΣΧΟΛΕΙΟ ΧΡΥΣΟΥΠΟΛΗΣ,24.704943,40.982221
11042,ΔΗΜΟΤΙΚΟ ΣΧΟΛΕΙΟ ΚΕΝΤΗΤΗΣ ΜΕΙΟΝΟΤΙΚΟ,,
11043,ΔΗΜΟΤΙΚΟ ΣΧΟΛΕΙΟ ΚΡΕΜΑΣΤΗΣ ΜΕΙΟΝΟΤΙΚΟ,,
11044,1ο ΔΗΜΟΤΙΚΟ ΣΧΟΛΕΙΟ ΚΑΒΑΛΑΣ,24.412749,40.933492
11045,ΔΗΜΟΤΙΚΟ ΣΧΟΛΕΙΟ ΑΣΠΡΟΥ ΓΙΑΝΝΙΤΣΩΝ,,
11046,2ο ΔΗΜΟΤΙΚΟ ΣΧΟΛΕΙΟ ΚΑΒΑΛΑΣ,24.417475,40.936351
11047,ΔΗΜΟΤΙΚΟ ΣΧΟΛΕΙΟ ΠΑΛ. ΟΛΒΙΟΥ ΜΕΙΟΝΟΤΙΚΟ,24.799441,41.025789
11048,2ο ΔΗΜΟΤΙΚΟ ΣΧΟΛΕΙΟ ΚΡΗΝΙΔΩΝ ΚΑΒΑΛΑΣ,,
11049,ΔΗΜΟΤΙΚΟ ΣΧΟΛΕΙΟ ΜΟΡΣΙΝΗΣ ΜΕΙΟΝΟΤΙΚΟ,,
11050,ΔΗΜΟΤΙΚΟ ΣΧΟΛΕΙΟ ΚΥΡΝΟΥ ΜΕΙΟΝΟΤΙΚΟ,,
11051,2ο ΔΗΜΟΤΙΚΟ ΣΧΟΛΕΙΟ ΠΑΓΓΑΙΟΥ,,
11052,2ο ΔΗΜΟΤΙΚΟ ΣΧΟΛΕΙΟ ΘΑΣΟΥ,24.713052,40.772261
11053,24ο ΔΗΜΟΤΙΚΟ ΣΧΟΛΕΙΟ ΚΑΒΑΛΑΣ,,
11054,19ο ΔΗΜΟΤΙΚΟ ΣΧΟΛΕΙΟ ΚΑΒΑΛΑΣ,24.38176,40.925213
11055,ΔΗΜΟΤΙΚΟ ΣΧΟΛΕΙΟ ΚΑΤΩ ΓΡΑΜΜΑΤΙΚΟΥ,21.894642,40.705958
11056,5ο ΔΗΜΟΤΙΚΟ ΣΧΟΛΕΙΟ ΧΡΥΣΟΥΠΟΛΗΣ,24.704943,40.982221
11057,ΔΗΜΟΤΙΚΟ ΣΧΟΛΕΙΟ ΒΑΡΙΚΟΥ ΑΜΥΝΤΑΙΟΥ,21.504518,40.537099
11058,ΔΗΜΟΤΙΚΟ ΣΧΟΛΕΙΟ ΜΕΛΙΣΣΑΣ ΞΑΝΘΗΣ,,
11059,ΔΗΜΟΤΙΚΟ ΣΧΟΛΕΙΟ ΓΕΡΜΑ,21.430104,40.453009
11060,3ο ΔΗΜΟΤΙΚΟ ΣΧΟΛΕΙΟ ΧΡΥΣΟΥΠΟΛΗΣ,,
11061,ΔΗΜΟΤΙΚΟ ΣΧΟΛΕΙΟ ΔΕΝΔΡΟΧΩΡΙΟΥ ΝΕΣΤΟΡΙΟ,21.14398,40.580889
11062,ΔΗΜΟΤΙΚΟ ΣΧΟΛΕΙΟ ΝΕΟΥ ΟΙΚΙΣΜΟΥ,21.262032,40.669504
11063,ΔΗΜΟΤΙΚΟ ΣΧΟΛΕΙΟ ΔΕΚΑΡΧΟΥ ΜΕΙΟΝΟΤΙΚΟ,,
11064,ΔΗΜΟΤΙΚΟ ΣΧΟΛΕΙΟ ΔΙΠΟΤΑΜΙΑΣ ΝΕΣΤΟΡΙΟ,20.985813,40.486385
11065,ΔΗΜΟΤΙΚΟ ΣΧΟΛΕΙΟ ΒΑΣΙΛΕΙΑΔΑΣ,21.430349,40.564218
11066,ΔΗΜΟΤΙΚΟ ΣΧΟΛΕΙΟ ΒΥΣΣΙΝΕΑΣ ΚΑΣΤΟΡΙΑΣ,,
11067,ΔΗΜΟΤΙΚΟ ΣΧΟΛΕΙΟ ΙΕΡΟΠΗΓΗΣ ΝΕΣΤΟΡΙΟ,21.081494,40.577056
11068,ΔΗΜΟΤΙΚΟ ΣΧΟΛΕΙΟ ΒΑΝΙΑΝΟΥ ΜΕΙΟΝΟΤΙΚΟ,,
11069,ΔΗΜΟΤΙΚΟ ΣΧΟΛΕΙΟ ΓΛΑΥΚΗΣ ΜΕΙΟΝΟΤΙΚΟ,,
11070,ΔΗΜΟΤΙΚΟ ΣΧΟΛΕΙΟ ΚΑΛΥΒΟΥ,24.795957,35.311968
11071,ΔΗΜΟΤΙΚΟ ΣΧΟΛΕΙΟ ΧΡΥΣΟΥ ΜΕΙΟΝΟΤΙΚΟ,,
11072,11ο ΔΗΜΟΤΙΚΟ ΣΧΟΛΕΙΟ ΞΑΝΘΗΣ,24.874571,41.120894
11073,11ο ΔΗΜΟΤΙΚΟ ΣΧΟΛΕΙΟ ΑΛΕΞΑΝΔΡΟΥΠΟΛΗΣ,25.889594,40.850834
11074,ΔΗΜΟΤΙΚΟ ΣΧΟΛΕΙΟ ΕΥΛΑΛΟΥ ΜΕΙΟΝΟΤΙΚΟ,24.766834,41.01338
11075,ΔΗΜΟΤΙΚΟ ΣΧΟΛΕΙΟ ΖΑΚΡΟΥ ΣΗΤΕΙΑΣ,26.218947,35.111776
11076,ΕΙΔΙΚΟ ΔΗΜΟΤΙΚΟ ΣΧΟΛΕΙΟ ΤΥΦΛΩΝ - ΑΜΒΛΥΩΠΩΝ ΦΕΛΩΝΗΣ,,
11077,ΔΗΜΟΤΙΚΟ ΣΧΟΛΕΙΟ ΑΡΜΕΝΩΝ ΣΗΤΕΙΑΣ,26.089933,35.071663
11078,ΔΗΜΟΤΙΚΟ ΣΧΟΛΕΙΟ ΖΗΡΟΥ ΣΗΤΕΙΑΣ,26.140824,35.0746
11079,2ο ΔΗΜΟΤΙΚΟ ΣΧΟΛΕΙΟ ΞΑΝΘΗΣ ΕΙΔΙΚΟ,,
11080,ΔΗΜΟΤΙΚΟ ΣΧΟΛΕΙΟ ΚΑΛΑΜΑΥΚΑΣ ΙΕΡΑΠΕΤΡΑΣ,25.656593,35.074442
11081,ΔΗΜΟΤΙΚΟ ΣΧΟΛΕΙΟ ΑΝΤΙΣΚΑΡΙΟΥ,24.882393,34.958329
11082,ΔΗΜΟΤΙΚΟ ΣΧΟΛΕΙΟ ΨΑΡΗΣ ΦΟΡΑΔΑΣ,,
11083,ΔΗΜΟΤΙΚΟ ΣΧΟΛΕΙΟ ΜΙΚΡΟΥ ΤΥΜΠΑΝΟΥ ΜΕΙΟΝΟΤΙΚΟ,,
11084,ΔΗΜΟΤΙΚΟ ΣΧΟΛΕΙΟ ΜΙΑΜΟΥΣ,,
11085,1ο ΔΗΜΟΤΙΚΟ ΣΧΟΛΕΙΟ ΚΟΜΟΤΗΝΗΣ ΜΕΙΟΝΟΤΙΚΟ,25.403596,41.119178
11086,ΔΗΜΟΤΙΚΟ ΣΧΟΛΕΙΟ ΑΣΚΥΦΟΥ,,
11087,ΔΗΜΟΤΙΚΟ ΣΧΟΛΕΙΟ ΚΩΦΩΝ ΚΑΙ ΒΑΡΗΚΟΩΝ ΞΑΝΘΗΣ ΕΙΔΙΚΟ,,
11088,ΔΗΜΟΤΙΚΟ ΣΧΟΛΕΙΟ ΕΡΑΣΜΙΟΥ ΜΕΙΟΝΟΤΙΚΟ,24.845261,40.926137
11089,ΔΗΜΟΤΙΚΟ ΣΧΟΛΕΙΟ ΑΡΓΥΡΟΥΠΟΛΗΣ ΔΡΑΜΑΣ,,
11090,14ο ΔΗΜΟΤΙΚΟ ΣΧΟΛΕΙΟ ΞΑΝΘΗΣ,24.890777,41.134195
11091,ΔΙΕΥΘΥΝΣΗ Δ.Ε. ΚΑΒΑΛΑΣ,24.416492,40.937822
11092,ΔΙΕΥΘΥΝΣΗ Δ.Ε. ΞΑΝΘΗΣ,24.886802,41.13317
11093,ΔΙΕΥΘΥΝΣΗ Δ.Ε. ΕΒΡΟΥ,25.873085,40.847575
11094,ΔΙΕΥΘΥΝΣΗ Δ.Ε. ΡΟΔΟΠΗΣ,25.404678,41.115111
11095,ΔΙΕΥΘΥΝΣΗ Δ.Ε. ΔΡΑΜΑΣ,24.153381,41.14936
11096,1ο ΕΡΓΑΣΤΗΡΙΑΚΟ ΚΕΝΤΡΟ ΦΥΣΙΚΩΝ ΕΠΙΣΤΗΜΩΝ ΚΑΒΑΛΑΣ (ΚΑΒΑΛΑ),24.402231,40.942201
11097,1ο ΕΡΓΑΣΤΗΡΙΑΚΟ ΚΕΝΤΡΟ ΦΥΣΙΚΩΝ ΕΠΙΣΤΗΜΩΝ ΕΒΡΟΥ (ΑΛΕΞΑΝΔΡΟΥΠΟΛΗ),,
11098,1ο ΕΡΓΑΣΤΗΡΙΑΚΟ ΚΕΝΤΡΟ ΦΥΣΙΚΩΝ ΕΠΙΣΤΗΜΩΝ ΞΑΝΘΗΣ (ΞΑΝΘΗ),24.890323,41.121378
11099,1ο ΕΡΓΑΣΤΗΡΙΑΚΟ ΚΕΝΤΡΟ ΦΥΣΙΚΩΝ ΕΠΙΣΤΗΜΩΝ ΔΡΑΜΑΣ (ΔΡΑΜΑ),24.157761,41.148445
11100,2ο ΕΡΓΑΣΤΗΡΙΑΚΟ ΚΕΝΤΡΟ ΦΥΣΙΚΩΝ ΕΠΙΣΤΗΜΩΝ ΕΒΡΟΥ (ΟΡΕΣΤΙΑΔΑ),,
11101,1ο ΕΡΓΑΣΤΗΡΙΑΚΟ ΚΕΝΤΡΟ ΦΥΣΙΚΩΝ ΕΠΙΣΤΗΜΩΝ ΡΟΔΟΠΗΣ (ΚΟΜΟΤΗΝΗ),,
11102,ΚΕΣΥΠ ΡΟΔΟΠΗΣ,25.398748,41.117085
11103,ΚΕΣΥΠ ΕΒΡΟΥ - 2,26.532377,41.504009
11104,ΚΕΣΥΠ ΕΒΡΟΥ - 1,25.875865,40.843195
11105,ΚΕΣΥΠ ΔΡΑΜΑΣ,24.153381,41.14936
11106,ΚΕΣΥΠ ΚΑΒΑΛΑΣ,24.40235,40.937479
11107,ΚΕΣΥΠ ΞΑΝΘΗΣ,24.884852,41.131135
11108,ΓΡΑΦΕΙΟ Δ.Ε. ΚΑΒΑΛΑΣ,24.416492,40.937822
11109,ΓΡΑΦΕΙΟ Δ.Ε. ΕΒΡΟΥ,26.532664,41.506519
11110,ΓΡΑΦΕΙΟ ΤΕΕ ΔΡΑΜΑΣ,,
11111,ΙΕΚ ΣΜΙΝΘΗΣ (ΠΑΡΑΡΤ. ΞΑΝΘΗΣ),24.872236,41.23084
11112,ΙΕΚ ΞΑΝΘΗΣ,24.876591,41.122667
11113,ΙΕΚ ΚΑΒΑΛΑΣ,,
11114,ΙΕΚ ΚΟΜΟΤΗΝΗΣ,,
11115,ΙΕΚ ΣΑΠΠΩΝ (ΠΑΡΑΡΤ. ΚΟΜΟΤΗΝΗΣ),,
11116,ΙΕΚ ΔΙΔΥΜΟΤΕΙΧΟΥ,,
11117,ΙΕΚ ΑΛΕΞΑΝΔΡΟΥΠΟΛΗΣ,,
11118,ΙΕΚ ΔΡΑΜΑΣ,,
11119,ΔΙΕΥΘΥΝΣΗ Π.Ε. ΞΑΝΘΗΣ - ΣΓΜ,,
11120,ΔΙΕΥΘΥΝΣΗ Π.Ε. ΚΑΒΑΛΑΣ,,
11121,ΔΙΕΥΘΥΝΣΗ Π.Ε. ΚΑΒΑΛΑΣ,,
11122,ΔΙΕΥΘΥΝΣΗ Π.Ε. ΡΟΔΟΠΗΣ,25.404683,41.115108
11123,ΔΙΕΥΘΥΝΣΗ Π.Ε. ΔΡΑΜΑΣ,,
11124,ΔΙΕΥΘΥΝΣΗ Π.Ε. ΞΑΝΘΗΣ,24.886802,41.13317
11125,ΔΙΕΥΘΥΝΣΗ Π.Ε. ΡΟΔΟΠΗΣ -ΣΓΜ,25.404683,41.115108
11126,ΔΙΕΥΘΥΝΣΗ Π.Ε. ΕΒΡΟΥ,25.871872,40.840949
11127,1ο ΓΡΑΦΕΙΟ Π.Ε. ΡΟΔΟΠΗΣ,,
11128,1ο ΓΡΑΦΕΙΟ Π.Ε. ΞΑΝΘΗΣ,,
11129,2ο ΓΡΑΦΕΙΟ Π.Ε. ΕΒΡΟΥ,,
11130,3ο ΓΡΑΦΕΙΟ Π.Ε. ΚΑΒΑΛΑΣ,,
11131,4ο ΓΡΑΦΕΙΟ Π.Ε. ΕΒΡΟΥ,,
11132,2ο ΓΡΑΦΕΙΟ Π.Ε. ΡΟΔΟΠΗΣ - ΣΓΜ,,
11133,1ο ΓΡΑΦΕΙΟ Π.Ε. ΕΒΡΟΥ - ΣΓΜ,,
11134,1ο ΓΡΑΦΕΙΟ Π.Ε. ΕΒΡΟΥ,25.871872,40.840949
11135,1ο ΓΡΑΦΕΙΟ Π.Ε. ΚΑΒΑΛΑΣ,,
11136,1ο ΓΡΑΦΕΙΟ Π.Ε. ΡΟΔΟΠΗΣ - ΣΓΜ,,
11137,2ο ΓΡΑΦΕΙΟ Π.Ε. ΡΟΔΟΠΗΣ,,
11138,1ο ΓΡΑΦΕΙΟ Π.Ε. ΞΑΝΘΗΣ - ΣΓΜ,,
11139,2ο ΓΡΑΦΕΙΟ Π.Ε. ΚΑΒΑΛΑΣ,,
11140,2ο ΓΡΑΦΕΙΟ Π.Ε. ΞΑΝΘΗΣ - ΣΓΜ,,
11141,1ο ΓΡΑΦΕΙΟ Π.Ε. ΔΡΑΜΑΣ,,
11142,3ο ΓΡΑΦΕΙΟ Π.Ε. ΕΒΡΟΥ,,
11143,2ο ΓΡΑΦΕΙΟ Π.Ε. ΞΑΝΘΗΣ,,
11144,ΣΥΝΤΟΝΙΣΤΙΚΟ ΓΡΑΦΕΙΟ ΜΕΙΟΝΟΤΙΚΩΝ ΣΧΟΛΕΙΩΝ Α/Β ΒΑΘΜΙΑΣ ΕΚΠΑΙΔΕΥΣΗΣ ΘΡΑΚΗΣ,,
11145,ΠΕΡΙΦΕΡΕΙΑΚΟ ΕΠΙΜΟΡΦΩΤΙΚΟ ΚΕΝΤΡΟ ΚΑΒΑΛΑΣ,,
11146,ΠΕΡΙΦΕΡΕΙΑΚΟ ΕΠΙΜΟΡΦΩΤΙΚΟ ΚΕΝΤΡΟ ΑΛΕΞΑΝΔΡΟΥΠΟΛΗΣ,25.869321,40.840058
11147,1ο ΝΗΠΙΑΓΩΓΕΙΟ ΚΑΒΑΛΑΣ,,
11148,2ο ΝΗΠΙΑΓΩΓΕΙΟ ΚΑΒΑΛΑΣ,,
11149,ΝΗΠΙΑΓΩΓΕΙΟ ΡΑΧΩΝΙΟΥ,24.637722,40.75474
11150,ΝΗΠΙΑΓΩΓΕΙΟ ΕΛΑΙΟΧΩΡΙΟΥ ΠΑΓΓΑΙΟΥ,24.238904,40.820018
11151,ΝΗΠΙΑΓΩΓΕΙΟ ΕΡΑΤΕΙΝΟΥ ΝΕΣΤΟΥ,24.642291,40.949239
11152,19ο ΝΗΠΙΑΓΩΓΕΙΟ ΚΑΒΑΛΑΣ,,
11153,17ο ΝΗΠΙΑΓΩΓΕΙΟ ΚΑΒΑΛΑΣ,,
11154,22ο ΝΗΠΙΑΓΩΓΕΙΟ ΚΑΒΑΛΑΣ,,
11155,13ο ΝΗΠΙΑΓΩΓΕΙΟ ΚΑΒΑΛΑΣ,,
11156,5ο ΝΗΠΙΑΓΩΓΕΙΟ ΧΡΥΣΟΥΠΟΛΗΣ,24.704943,40.982221
11157,ΝΗΠΙΑΓΩΓΕΙΟ ΖΥΓΟΥ ΚΑΒΑΛΑΣ,,
11158,ΝΗΠΙΑΓΩΓΕΙΟ ΑΓΙΩΝ ΘΕΟΔΩΡΩΝ,25.404917,41.04215
11159,ΝΗΠΙΑΓΩΓΕΙΟ ΥΦΑΝΤΩΝ,,
11160,ΝΗΠΙΑΓΩΓΕΙΟ ΧΩΡΑΣ ΣΑΜΟΘΡΑΚΗΣ,25.525495,40.47136
11161,ΝΗΠΙΑΓΩΓΕΙΟ ΑΛΕΞΑΝΔΡΟΥΠΟΛΗΣ ΕΙΔΙΚΟ,25.868569,40.840689
11162,ΝΗΠΙΑΓΩΓΕΙΟ ΟΡΕΣΤΙΑΔΑΣ ΕΙΔΙΚΟ,,
11163,3ο ΝΗΠΙΑΓΩΓΕΙΟ ΚΑΒΑΛΑΣ,,
11164,5ο ΝΗΠΙΑΓΩΓΕΙΟ ΚΑΒΑΛΑΣ,,
11165,6ο ΝΗΠΙΑΓΩΓΕΙΟ ΚΑΒΑΛΑΣ,,
11166,ΝΗΠΙΑΓΩΓΕΙΟ ΑΜΙΣΙΑΝΩΝ ΚΑΒΑΛΑΣ,24.341549,40.929943
11167,2ο ΝΗΠΙΑΓΩΓΕΙΟ ΛΙΜΕΝΑΡΙΩΝ ΘΑΣΟΥ,,
11168,ΝΗΠΙΑΓΩΓΕΙΟ ΠΕΡΝΗΣ ΝΕΣΤΟΥ,24.667108,41.00767
11169,1ο ΝΗΠΙΑΓΩΓΕΙΟ ΕΛΕΥΘΕΡΟΥΠΟΛΗΣ,24.252356,40.909684
11170,11ο ΝΗΠΙΑΓΩΓΕΙΟ ΔΡΑΜΑΣ,,
11171,ΝΗΠΙΑΓΩΓΕΙΟ ΑΡΓΥΡΟΥΠΟΛΗΣ ΔΡΑΜΑΣ,24.043176,41.12102
11172,ΝΗΠΙΑΓΩΓΕΙΟ ΑΓΙΑΣ ΠΑΡΑΣΚΕΥΗΣ ΔΡΑΜΑΣ,24.161578,41.021217
11173,ΝΗΠΙΑΓΩΓΕΙΟ ΠΑΛΑΙΟΥ ΚΕΦΑΛΑΡΙΟΥ,24.270046,41.060189
11174,ΝΗΠΙΑΓΩΓΕΙΟ ΜΟΝΑΣΤΗΡΑΚΙΟΥ ΔΡΑΜΑΣ,24.169902,41.186045
11175,2ο ΝΗΠΙΑΓΩΓΕΙΟ ΕΛΕΥΘΕΡΟΥΠΟΛΗΣ,24.252356,40.909684
11176,ΝΗΠΙΑΓΩΓΕΙΟ ΣΑΤΡΩΝ,,
11177,ΝΗΠΙΑΓΩΓΕΙΟ ΜΕΣΟΡΟΠΗΣ ΠΑΓΓΑΙΟΥ,24.082072,40.865358
11178,ΝΗΠΙΑΓΩΓΕΙΟ ΚΟΚΚΙΝΟΧΩΜΑΤΟΣ ΚΑΒΑΛΑΣ,24.308726,40.924225
11179,"ΝΗΠΙΑΓΩΓΕΙΟ ΕΙΔΙΚΟ ΙΔΡΥΜΑΤΟΣ ""ΑΓΙΑ ΜΑΡΙΝΑ""",,
11180,22ο ΝΗΠΙΑΓΩΓΕΙΟ ΑΛΕΞΑΝΔΡΟΥΠΟΛΗΣ,25.860112,40.844767
11181,4ο ΝΗΠΙΑΓΩΓΕΙΟ ΧΡΥΣΟΥΠΟΛΗΣ,24.704943,40.982221
11182,ΝΗΠΙΑΓΩΓΕΙΟ ΚΕΡΑΜΩΤΗΣ,24.705999,40.858254
11183,ΝΗΠΙΑΓΩΓΕΙΟ ΞΕΡΙΑΣ,24.698903,41.039363
11184,ΝΗΠΙΑΓΩΓΕΙΟ ΠΑΛΙΟΥ,,
11185,1ο ΝΗΠΙΑΓΩΓΕΙΟ ΧΩΡΙΣΤΗΣ,24.210846,41.128273
11186,ΝΗΠΙΑΓΩΓΕΙΟ ΝΕΑΣ ΧΗΛΗΣ ΠΕΙΡΑΜΑΤΙΚΟ,,
11187,1ο ΝΗΠΙΑΓΩΓΕΙΟ ΤΥΧΕΡΟΥ,26.2936,41.027862
11188,4ο ΝΗΠΙΑΓΩΓΕΙΟ ΦΕΡΡΩΝ,26.175212,40.891645
11189,ΝΗΠΙΑΓΩΓΕΙΟ ΠΥΘΙΟΥ,26.611041,41.380176
11190,ΝΗΠΙΑΓΩΓΕΙΟ ΠΑΡΑΝΕΣΤΙΟΥ,24.497065,41.264892
11191,ΝΗΠΙΑΓΩΓΕΙΟ ΤΕΜΕΝΟΥΣ,,
11192,16ο ΝΗΠΙΑΓΩΓΕΙΟ ΑΛΕΞΑΝΔΡΟΥΠΟΛΗΣ,25.885405,40.846743
11193,17ο ΝΗΠΙΑΓΩΓΕΙΟ ΑΛΕΞΑΝΔΡΟΥΠΟΛΗΣ,25.876196,40.846017
11194,2ο ΝΗΠΙΑΓΩΓΕΙΟ ΚΟΜΟΤΗΝΗΣ,25.404014,41.110115
11195,5ο ΝΗΠΙΑΓΩΓΕΙΟ ΚΟΜΟΤΗΝΗΣ,25.403142,41.106828
11196,ΝΗΠΙΑΓΩΓΕΙΟ ΓΑΛΗΨΟΥ,23.951632,40.801309
11197,ΝΗΠΙΑΓΩΓΕΙΟ ΠΛΑΤΑΝΙΑΣ,24.410291,41.183498
11198,ΝΗΠΙΑΓΩΓΕΙΟ ΣΚΑΛΑΣ ΣΩΤΗΡΑ ΘΑΣΟΥ,24.550905,40.723583
11199,ΝΗΠΙΑΓΩΓΕΙΟ ΝΙΚΗΦΟΡΟΥ,24.309716,41.165194
11200,ΝΗΠΙΑΓΩΓΕΙΟ ΟΧΥΡΟΥ,23.85052,41.300864
11201,24ο ΝΗΠΙΑΓΩΓΕΙΟ ΔΡΑΜΑΣ,,
11202,20ο ΝΗΠΙΑΓΩΓΕΙΟ ΑΛΕΞΑΝΔΡΟΥΠΟΛΗΣ,25.871529,40.854384
11203,ΝΗΠΙΑΓΩΓΕΙΟ ΜΥΛΟΠΟΤΑΜΟΥ ΔΡΑΜΑΣ,,
11204,2ο ΝΗΠΙΑΓΩΓΕΙΟ ΔΟΞΑΤΟΥ,24.231892,41.091871
11205,18ο ΝΗΠΙΑΓΩΓΕΙΟ ΔΡΑΜΑΣ,,
11206,1ο ΝΗΠΙΑΓΩΓΕΙΟ ΚΑΤΩ ΝΕΥΡΟΚΟΠΙΟΥ,23.870294,41.339893
11207,ΝΗΠΙΑΓΩΓΕΙΟ ΔΡΑΜΑΣ ΕΙΔΙΚΟ,,
11208,ΝΗΠΙΑΓΩΓΕΙΟ ΝΕΑΣ ΚΑΡΒΑΛΗΣ ΚΑΒΑΛΑΣ,24.514087,40.96122
11209,21ο ΝΗΠΙΑΓΩΓΕΙΟ ΔΡΑΜΑΣ,,
11210,22ο ΝΗΠΙΑΓΩΓΕΙΟ ΔΡΑΜΑΣ,,
11211,8ο ΝΗΠΙΑΓΩΓΕΙΟ ΚΑΒΑΛΑΣ,,
11212,ΝΗΠΙΑΓΩΓΕΙΟ ΝΕΑΣ ΚΑΛΛΙΣΤΗΣ,,
11213,ΝΗΠΙΑΓΩΓΕΙΟ ΝΕΑΣ ΚΑΡΥΑΣ ΝΕΣΤΟΥ,24.707283,40.905169
11214,ΝΗΠΙΑΓΩΓΕΙΟ ΠΟΤΑΜΙΑΣ ΘΑΣΟΥ,24.729377,40.713432
11215,ΝΗΠΙΑΓΩΓΕΙΟ ΠΑΛΑΙΟΧΩΡΙΟΥ ΠΑΓΓΑΙΟΥ,24.177642,40.943563
11216,1ο ΝΗΠΙΑΓΩΓΕΙΟ ΠΑΓΓΑΙΟΥ,,
11217,ΝΗΠΙΑΓΩΓΕΙΟ ΒΑΛΤΟΥ,26.355631,41.536881
11218,2ο ΝΗΠΙΑΓΩΓΕΙΟ ΠΑΓΓΑΙΟΥ,,
11219,ΝΗΠΙΑΓΩΓΕΙΟ ΜΥΡΤΟΦΥΤΟΥ,24.194756,40.824175
11220,7ο ΝΗΠΙΑΓΩΓΕΙΟ ΚΑΒΑΛΑΣ,,
11221,ΝΗΠΙΑΓΩΓΕΙΟ ΑΡΑΤΟΥ,,
11222,3ο ΝΗΠΙΑΓΩΓΕΙΟ ΦΕΡΡΩΝ,26.175212,40.891645
11223,ΝΗΠΙΑΓΩΓΕΙΟ ΚΑΤΩ ΒΡΟΝΤΟΥΣ,23.755137,41.27228
11224,1ο ΝΗΠΙΑΓΩΓΕΙΟ ΝΕΑΣ ΠΕΡΑΜΟΥ,24.302544,40.837721
11225,ΝΗΠΙΑΓΩΓΕΙΟ ΠΑΡΑΔΗΜΗΣ,,
11226,1ο ΝΗΠΙΑΓΩΓΕΙΟ ΚΟΜΟΤΗΝΗΣ,25.400661,41.116519
11227,ΝΗΠΙΑΓΩΓΕΙΟ ΚΥΨΕΛΗΣ,,
11228,ΝΗΠΙΑΓΩΓΕΙΟ ΑΛΜΑΤΟΣ,,
11229,ΝΗΠΙΑΓΩΓΕΙΟ ΖΑΡΚΑΔΙΑΣ ΝΕΣΤΟΥ,24.63963,41.016408
11230,ΝΗΠΙΑΓΩΓΕΙΟ ΑΚΡΟΠΟΤΑΜΟΥ ΠΑΓΓΑΙΟΥ,24.036464,40.787506
11231,ΝΗΠΙΑΓΩΓΕΙΟ ΠΟΔΟΧΩΡΙΟΥ ΠΑΓΓΑΙΟΥ,24.024277,40.834971
11232,16ο ΝΗΠΙΑΓΩΓΕΙΟ ΚΑΒΑΛΑΣ,,
11233,ΝΗΠΙΑΓΩΓΕΙΟ ΑΜΦΙΩΝ,,
11234,12ο ΝΗΠΙΑΓΩΓΕΙΟ ΚΟΜΟΤΗΝΗΣ,25.394851,41.122667
11235,ΝΗΠΙΑΓΩΓΕΙΟ ΚΟΣΜΙΟΥ,25.413315,41.087799
11236,ΝΗΠΙΑΓΩΓΕΙΟ ΞΥΛΑΓΑΝΗΣ,,
11237,ΝΗΠΙΑΓΩΓΕΙΟ ΠΡΟΣΚΥΝΗΤΩΝ,25.474439,40.940529
11238,11ο ΝΗΠΙΑΓΩΓΕΙΟ ΚΑΒΑΛΑΣ,,
11239,ΝΗΠΙΑΓΩΓΕΙΟ ΧΡΥΣΟΧΩΡΙΟΥ ΝΕΣΤΟΥ,24.712399,40.930556
11240,ΝΗΠΙΑΓΩΓΕΙΟ ΠΕΤΡΟΠΗΓΗΣ ΝΕΣΤΟΥ,24.614405,40.985899
11241,ΝΗΠΙΑΓΩΓΕΙΟ ΛΕΚΑΝΗΣ ΝΕΣΤΟΥ,24.551196,41.157687
11242,ΝΗΠΙΑΓΩΓΕΙΟ ΑΡΙΣΒΗΣ,25.590522,41.069014
11243,2ο ΝΗΠΙΑΓΩΓΕΙΟ ΣΑΠΩΝ,25.69927,41.023036
11244,ΝΗΠΙΑΓΩΓΕΙΟ ΗΦΑΙΣΤΟΥ,,
11245,3ο ΝΗΠΙΑΓΩΓΕΙΟ ΣΑΠΩΝ,25.69927,41.023036
11246,3ο ΝΗΠΙΑΓΩΓΕΙΟ ΕΛΕΥΘΕΡΟΥΠΟΛΗΣ,24.252356,40.909684
11247,ΝΗΠΙΑΓΩΓΕΙΟ ΦΩΛΙΑΣ,24.156367,40.808328
11248,ΝΗΠΙΑΓΩΓΕΙΟ ΟΦΡΥΝΙΟΥ,23.910319,40.79516
11249,ΝΗΠΙΑΓΩΓΕΙΟ ΠΑΝΑΓΙΑΣ ΘΑΣΟΥ,24.72902,40.728968
11250,ΝΗΠΙΑΓΩΓΕΙΟ ΟΡΦΑΝΙΟΥ ΠΑΓΓΑΙΟΥ,23.950479,40.774919
11251,ΝΗΠΙΑΓΩΓΕΙΟ ΦΙΛΙΠΠΩΝ ΚΑΒΑΛΑΣ,,
11252,ΝΗΠΙΑΓΩΓΕΙΟ ΛΥΔΙΑΣ ΚΑΒΑΛΑΣ,,
11253,1ο ΝΗΠΙΑΓΩΓΕΙΟ ΚΡΗΝΙΔΩΝ ΚΑΒΑΛΑΣ,,
11254,ΝΗΠΙΑΓΩΓΕΙΟ ΡΟΔΙΤΟΥ,,
11255,ΝΗΠΙΑΓΩΓΕΙΟ ΚΡΩΒΥΛΗΣ,,
11256,ΝΗΠΙΑΓΩΓΕΙΟ ΑΡΡΙΑΝΩΝ,,
11257,ΝΗΠΙΑΓΩΓΕΙΟ ΦΑΝΑΡΙΟΥ,25.13176,40.958088
11258,ΝΗΠΙΑΓΩΓΕΙΟ ΑΙΓΕΙΡΟΥ,25.28678,41.085662
11259,9ο ΝΗΠΙΑΓΩΓΕΙΟ ΚΟΜΟΤΗΝΗΣ,25.410957,41.111505
11260,13ο ΝΗΠΙΑΓΩΓΕΙΟ ΚΟΜΟΤΗΝΗΣ,25.395277,41.112164
11261,ΝΗΠΙΑΓΩΓΕΙΟ ΜΕΣΗΣ,25.210773,40.979414
11262,24ο ΝΗΠΙΑΓΩΓΕΙΟ ΚΑΒΑΛΑΣ,,
11263,2ο ΝΗΠΙΑΓΩΓΕΙΟ ΝΕΑΣ ΠΕΡΑΜΟΥ,24.302553,40.837714
11264,ΝΗΠΙΑΓΩΓΕΙΟ ΑΥΛΗΣ,24.164095,40.883938
11265,8ο ΝΗΠΙΑΓΩΓΕΙΟ ΚΟΜΟΤΗΝΗΣ,25.405897,41.125775
11266,1ο ΝΗΠΙΑΓΩΓΕΙΟ ΛΙΜΕΝΑΡΙΩΝ ΘΑΣΟΥ,,
11267,ΝΗΠΙΑΓΩΓΕΙΟ ΚΑΡΑΒΑΓΓΕΛΗ,24.16104,40.847475
11268,11ο ΝΗΠΙΑΓΩΓΕΙΟ ΚΟΜΟΤΗΝΗΣ,25.407963,41.123221
11269,10ο ΝΗΠΙΑΓΩΓΕΙΟ ΚΟΜΟΤΗΝΗΣ,25.392358,41.118638
11270,ΝΗΠΙΑΓΩΓΕΙΟ ΣΚΑΛΑΣ ΜΑΡΙΩΝ ΘΑΣΟΥ,24.622072,40.688243
11271,ΝΗΠΙΑΓΩΓΕΙΟ ΔΑΤΟΥ,,
11272,ΝΗΠΙΑΓΩΓΕΙΟ ΣΩΣΤΟΥ,25.278296,41.133635
11273,3ο ΝΗΠΙΑΓΩΓΕΙΟ ΚΟΜΟΤΗΝΗΣ,25.393965,41.112524
11274,4ο ΝΗΠΙΑΓΩΓΕΙΟ ΚΟΜΟΤΗΝΗΣ,25.392294,41.115305
11275,6ο ΝΗΠΙΑΓΩΓΕΙΟ ΚΟΜΟΤΗΝΗΣ,25.407963,41.123221
11276,7ο ΝΗΠΙΑΓΩΓΕΙΟ ΚΟΜΟΤΗΝΗΣ,25.412959,41.119729
11277,ΝΗΠΙΑΓΩΓΕΙΟ ΠΗΓΩΝ ΝΕΣΤΟΥ,24.67393,40.906695
11278,20ο ΝΗΠΙΑΓΩΓΕΙΟ ΚΑΒΑΛΑΣ,,
11279,21ο ΝΗΠΙΑΓΩΓΕΙΟ ΚΑΒΑΛΑΣ,,
11280,ΝΗΠΙΑΓΩΓΕΙΟ ΑΜΑΞΑΔΩΝ,25.074324,41.119978
11281,18ο ΝΗΠΙΑΓΩΓΕΙΟ ΚΑΒΑΛΑΣ,,
11282,12ο ΝΗΠΙΑΓΩΓΕΙΟ ΚΑΒΑΛΑΣ,,
11283,10ο ΝΗΠΙΑΓΩΓΕΙΟ ΚΑΒΑΛΑΣ,,
11284,ΝΗΠΙΑΓΩΓΕΙΟ ΔΙΑΛΑΜΠΗΣ,,
11285,ΝΗΠΙΑΓΩΓΕΙΟ ΙΑΣΜΟΥ,25.181892,41.125858
11286,ΝΗΠΙΑΓΩΓΕΙΟ ΝΕΟΥ ΣΙΔΗΡΟΧΩΡΙΟΥ,25.356072,41.022446
11287,ΝΗΠΙΑΓΩΓΕΙΟ ΓΡΑΤΙΝΗΣ,25.532671,41.142604
11288,3ο ΝΗΠΙΑΓΩΓΕΙΟ ΠΑΓΓΑΙΟΥ,,
11289,ΝΗΠΙΑΓΩΓΕΙΟ ΚΑΒΑΛΑΣ ΕΙΔΙΚΟ,,
11290,3ο ΝΗΠΙΑΓΩΓΕΙΟ ΞΑΝΘΗΣ,24.887714,41.130033
11291,4ο ΝΗΠΙΑΓΩΓΕΙΟ ΞΑΝΘΗΣ,24.882257,41.130749
11292,ΝΗΠΙΑΓΩΓΕΙΟ ΠΟΛΥΣΙΤΟΥ ΞΑΝΘΗΣ,,
11293,5ο ΝΗΠΙΑΓΩΓΕΙΟ ΞΑΝΘΗΣ,,
11294,ΝΗΠΙΑΓΩΓΕΙΟ ΕΞΟΧΗΣ,24.853543,41.022434
11295,ΝΗΠΙΑΓΩΓΕΙΟ ΠΕΤΡΟΧΩΡΙΟΥ,,
11296,2ο ΝΗΠΙΑΓΩΓΕΙΟ ΞΑΝΘΗΣ,24.885577,41.124712
11297,ΝΗΠΙΑΓΩΓΕΙΟ ΚΟΜΟΤΗΝΗΣ ΕΙΔΙΚΟ,,
11298,15ο ΝΗΠΙΑΓΩΓΕΙΟ ΑΛΕΞΑΝΔΡΟΥΠΟΛΗΣ,,
11299,3ο ΝΗΠΙΑΓΩΓΕΙΟ ΣΟΥΦΛΙΟΥ,26.303526,41.193288
11300,7ο ΝΗΠΙΑΓΩΓΕΙΟ ΞΑΝΘΗΣ,24.895711,41.140744
11301,10ο ΝΗΠΙΑΓΩΓΕΙΟ ΞΑΝΘΗΣ,24.88453,41.132105
11302,ΝΗΠΙΑΓΩΓΕΙΟ ΔΕΚΑΡΧΟΥ,,
11303,ΝΗΠΙΑΓΩΓΕΙΟ ΘΑΛΑΣΣΙΑΣ,,
11304,11ο ΝΗΠΙΑΓΩΓΕΙΟ ΞΑΝΘΗΣ,24.890817,41.133993
11305,ΝΗΠΙΑΓΩΓΕΙΟ ΤΟΞΟΤΩΝ ΞΑΝΘΗΣ,24.794631,41.086511
11306,13ο ΝΗΠΙΑΓΩΓΕΙΟ ΞΑΝΘΗΣ,24.874554,41.12103
11307,14ο ΝΗΠΙΑΓΩΓΕΙΟ ΞΑΝΘΗΣ,24.87926,41.126945
11308,ΝΗΠΙΑΓΩΓΕΙΟ ΟΙΚΙΣΜΟΥ ΑΡΣΑΚΕΙΟΥ,,
11309,ΝΗΠΙΑΓΩΓΕΙΟ ΑΒΑΤΟΥ ΞΑΝΘΗΣ,24.81498,40.962266
11310,ΝΗΠΙΑΓΩΓΕΙΟ ΛΑΓΟΥΣ,,
11311,ΝΗΠΙΑΓΩΓΕΙΟ ΑΓΙΟΥ ΑΘΑΝΑΣΙΟΥ,,
11312,ΝΗΠΙΑΓΩΓΕΙΟ ΛΕΥΚΗΣ,,
11313,ΝΗΠΙΑΓΩΓΕΙΟ ΠΕΤΕΙΝΟΥ,,
11314,ΝΗΠΙΑΓΩΓΕΙΟ ΝΕΑΣ ΚΕΣΑΝΗΣ,25.072906,41.033037
11315,ΝΗΠΙΑΓΩΓΕΙΟ ΛΕΥΚΟΠΕΤΡΑΣ,,
11316,ΝΗΠΙΑΓΩΓΕΙΟ ΜΑΓΙΚΟΥ,,
11317,ΝΗΠΙΑΓΩΓΕΙΟ ΔΙΟΜΗΔΕΙΑΣ,,
11318,ΝΗΠΙΑΓΩΓΕΙΟ ΠΗΓΑΔΙΩΝ,,
11319,ΝΗΠΙΑΓΩΓΕΙΟ ΚΟΥΤΣΟΥ,,
11320,17ο ΝΗΠΙΑΓΩΓΕΙΟ ΞΑΝΘΗ,24.872449,41.119713
11321,ΝΗΠΙΑΓΩΓΕΙΟ ΔΑΦΝΩΝΟΣ ΞΑΝΘΗΣ,24.673011,41.216458
11322,2ο ΝΗΠΙΑΓΩΓΕΙΟ ΘΑΣΟΥ,24.713051,40.772263
11323,27ο ΝΗΠΙΑΓΩΓΕΙΟ ΔΡΑΜΑΣ,,
11324,6ο ΝΗΠΙΑΓΩΓΕΙΟ ΔΡΑΜΑΣ,,
11325,26ο ΝΗΠΙΑΓΩΓΕΙΟ ΔΡΑΜΑΣ,,
11326,2ο ΝΗΠΙΑΓΩΓΕΙΟ ΚΑΤΩ ΝΕΥΡΟΚΟΠΙΟΥ,23.870295,41.339894
11327,17ο ΝΗΠΙΑΓΩΓΕΙΟ ΔΡΑΜΑΣ,,
11328,20ο ΝΗΠΙΑΓΩΓΕΙΟ ΔΡΑΜΑΣ,,
11329,2ο ΝΗΠΙΑΓΩΓΕΙΟ ΧΩΡΙΣΤΗΣ,24.210549,41.128374
11330,ΝΗΠΙΑΓΩΓΕΙΟ ΜΑΓΓΑΝΩΝ ΞΑΝΘΗΣ,24.87508,40.939496
11331,19ο ΝΗΠΙΑΓΩΓΕΙΟ ΔΡΑΜΑΣ,24.151577,41.144799
11332,ΝΗΠΙΑΓΩΓΕΙΟ ΦΤΕΛΙΑΣ ΔΡΑΜΑΣ,24.18979,41.081661
11333,ΝΗΠΙΑΓΩΓΕΙΟ ΜΑΥΡΟΒΑΤΟΥ ΔΡΑΜΑΣ,24.146604,41.10999
11334,8ο ΝΗΠΙΑΓΩΓΕΙΟ ΞΑΝΘΗΣ,24.864473,41.129702
11335,9ο ΝΗΠΙΑΓΩΓΕΙΟ ΞΑΝΘΗΣ,24.879263,41.127165
11336,ΝΗΠΙΑΓΩΓΕΙΟ ΜΑΡΩΝΕΙΑΣ ΡΟΔΟΠΗΣ,25.519511,40.904934
11337,ΝΗΠΙΑΓΩΓΕΙΟ ΛΕΠΤΗΣ,,
11338,ΝΗΠΙΑΓΩΓΕΙΟ ΑΜΥΓΔΑΛΕΩΝΑ ΚΑΒΑΛΑΣ,,
11339,ΝΗΠΙΑΓΩΓΕΙΟ ΠΛΑΤΑΝΟΤΟΠΟΥ,24.059735,40.846598
11340,ΝΗΠΙΑΓΩΓΕΙΟ ΓΡΑΒΟΥΝΑΣ ΝΕΣΤΟΥ,24.654622,40.992411
11341,9ο ΝΗΠΙΑΓΩΓΕΙΟ ΚΑΒΑΛΑΣ,,
11342,ΝΗΠΙΑΓΩΓΕΙΟ ΠΟΤΟΥ,,
11343,25ο ΝΗΠΙΑΓΩΓΕΙΟ ΚΑΒΑΛΑΣ,,
11344,7ο ΝΗΠΙΑΓΩΓΕΙΟ ΑΛΕΞΑΝΔΡΟΥΠΟΛΗΣ,25.865874,40.84031
11345,1ο ΝΗΠΙΑΓΩΓΕΙΟ ΣΟΥΦΛΙΟΥ,26.303526,41.193287
11346,ΝΗΠΙΑΓΩΓΕΙΟ ΝΕΟΥ ΧΕΙΜΩΝΙΟΥ,26.54994,41.451692
11347,ΝΗΠΙΑΓΩΓΕΙΟ ΣΠΗΛΑΙΟΥ,26.31134,41.644926
11348,1ο ΝΗΠΙΑΓΩΓΕΙΟ ΔΡΑΜΑΣ,,
11349,ΝΗΠΙΑΓΩΓΕΙΟ ΠΑΓΟΥΡΙΩΝ,,
11350,ΝΗΠΙΑΓΩΓΕΙΟ ΚΑΡΙΑΝΗΣ,23.98183,40.750655
11351,15ο ΝΗΠΙΑΓΩΓΕΙΟ ΚΑΒΑΛΑΣ,,
11352,14ο ΝΗΠΙΑΓΩΓΕΙΟ ΚΑΒΑΛΑΣ,,
11353,ΝΗΠΙΑΓΩΓΕΙΟ ΚΑΛΛΙΡΑΧΗΣ,24.555948,40.691748
11354,1ο ΝΗΠΙΑΓΩΓΕΙΟ ΣΑΠΩΝ,25.69927,41.023036
11355,ΝΗΠΙΑΓΩΓΕΙΟ ΚΡΕΜΑΣΤΗΣ,,
11356,ΝΗΠΙΑΓΩΓΕΙΟ ΑΒΑΝΤΟΣ ΑΛΕΞΑΝΔΡΟΥΠΟΛΗΣ,25.916715,40.929704
11357,ΝΗΠΙΑΓΩΓΕΙΟ ΔΩΡΙΚΟΥ,,
11358,2ο ΝΗΠΙΑΓΩΓΕΙΟ ΑΛΕΞΑΝΔΡΟΥΠΟΛΗΣ,25.878498,40.845828
11359,3ο ΝΗΠΙΑΓΩΓΕΙΟ ΑΛΕΞΑΝΔΡΟΥΠΟΛΗΣ,25.872183,40.844738
11360,4ο ΝΗΠΙΑΓΩΓΕΙΟ ΑΛΕΞΑΝΔΡΟΥΠΟΛΗΣ,25.862664,40.845708
11361,1ο ΝΗΠΙΑΓΩΓΕΙΟ ΦΕΡΡΩΝ,26.175212,40.891645
11362,ΝΗΠΙΑΓΩΓΕΙΟ ΝΕΡΟΦΡΑΚΤΟΥ ΔΡΑΜΑΣ,24.13209,41.043883
11363,ΝΗΠΙΑΓΩΓΕΙΟ ΕΛΑΙΑΣ,26.315942,41.617398
11364,5ο ΝΗΠΙΑΓΩΓΕΙΟ ΔΙΔΥΜΟΤΕΙΧΟΥ,26.493933,41.346398
11365,11ο ΝΗΠΙΑΓΩΓΕΙΟ ΑΛΕΞΑΝΔΡΟΥΠΟΛΗΣ,25.86954,40.846246
11366,5ο ΝΗΠΙΑΓΩΓΕΙΟ ΑΛΕΞΑΝΔΡΟΥΠΟΛΗΣ,25.872346,40.84842
11367,ΝΗΠΙΑΓΩΓΕΙΟ ΛΟΥΤΡΟΥ ΑΛΕΞ/ΠΟΛ,,
11368,12ο ΝΗΠΙΑΓΩΓΕΙΟ ΑΛΕΞΑΝΔΡΟΥΠΟΛΗΣ,25.867707,40.843995
11369,1ο ΝΗΠΙΑΓΩΓΕΙΟ ΑΛΕΞΑΝΔΡΟΥΠΟΛΗΣ,25.86514,40.843206
11370,ΝΗΠΙΑΓΩΓΕΙΟ ΚΡΥΟΝΕΡΙΟΥ ΚΑΒΑΛΑΣ,,
11371,ΝΗΠΙΑΓΩΓΕΙΟ ΚΟΜΑΡΩΝ,26.225819,41.595352
11372,ΝΗΠΙΑΓΩΓΕΙΟ ΑΠΑΛΟΥ,,
11373,8ο ΝΗΠΙΑΓΩΓΕΙΟ ΟΡΕΣΤΙΑΔΑΣ,26.523025,41.503772
11374,10ο ΝΗΠΙΑΓΩΓΕΙΟ ΑΛΕΞΑΝΔΡΟΥΠΟΛΗΣ,25.880444,40.845027
11375,ΝΗΠΙΑΓΩΓΕΙΟ ΚΑΜΑΡΙΩΤΙΣΣΑΣ ΣΑΜΟΘΡΑΚΗΣ,,
11376,ΝΗΠΙΑΓΩΓΕΙΟ ΠΡΩΤΟΚΚΛΗΣΙΟΥ,26.257812,41.290414
11377,ΝΗΠΙΑΓΩΓΕΙΟ ΝΕΑΣ ΗΡΑΚΛΕΙΤΣΑΣ ΠΑΓΓΑΙΟΥ,24.319836,40.857803
11378,ΝΗΠΙΑΓΩΓΕΙΟ ΛΑΚΚΩΜΑΤΟΣ ΣΑΜΟΘΡΑΚΗΣ,,
11379,9ο ΝΗΠΙΑΓΩΓΕΙΟ ΑΛΕΞΑΝΔΡΟΥΠΟΛΗΣ,25.885672,40.851239
11380,ΝΗΠΙΑΓΩΓΕΙΟ ΚΑΣΤΑΝΕΩΝ,26.478438,41.643324
11381,1ο ΝΗΠΙΑΓΩΓΕΙΟ ΝΕΑΣ ΒΥΣΣΗΣ,26.544808,41.589041
11382,ΝΗΠΙΑΓΩΓΕΙΟ ΘΟΥΡΙΟΥ,26.562502,41.431532
11383,ΝΗΠΙΑΓΩΓΕΙΟ ΕΛΕΥΘΕΡΩΝ ΠΑΓΓΑΙΟΥ,24.254789,40.849698
11384,ΝΗΠΙΑΓΩΓΕΙΟ ΜΑΝΗΣ,26.4015,41.407421
11385,1ο ΝΗΠΙΑΓΩΓΕΙΟ ΟΡΕΣΤΙΑΔΑΣ,26.527177,41.503099
11386,3ο ΝΗΠΙΑΓΩΓΕΙΟ ΟΡΕΣΤΙΑΔΑΣ,26.53002,41.510312
11387,4ο ΝΗΠΙΑΓΩΓΕΙΟ ΟΡΕΣΤΙΑΔΑΣ,26.527705,41.512771
11388,3ο ΝΗΠΙΑΓΩΓΕΙΟ ΔΙΔΥΜΟΤΕΙΧΟΥ,26.493933,41.346398
11389,ΝΗΠΙΑΓΩΓΕΙΟ ΚΑΛΛΙΦΥΤΟΥ,24.21364,41.170548
11390,10ο ΝΗΠΙΑΓΩΓΕΙΟ ΔΡΑΜΑΣ,,
11391,2ο ΝΗΠΙΑΓΩΓΕΙΟ ΔΡΑΜΑΣ,,
11392,7ο ΝΗΠΙΑΓΩΓΕΙΟ ΔΡΑΜΑΣ,,
11393,8ο ΝΗΠΙΑΓΩΓΕΙΟ ΔΡΑΜΑΣ,,
11394,ΝΗΠΙΑΓΩΓΕΙΟ ΓΕΡΟΝΤΑ,24.666033,41.023815
11395,ΝΗΠΙΑΓΩΓΕΙΟ ΠΕΡΙΘΩΡΙΟΥ,23.782337,41.31007
11396,ΝΗΠΙΑΓΩΓΕΙΟ ΑΔΡΙΑΝΗΣ,24.268781,41.1341
11397,ΝΗΠΙΑΓΩΓΕΙΟ ΚΑΛΗΣ ΒΡΥΣΗΣ ΔΡΑΜΑΣ,,
11398,ΝΗΠΙΑΓΩΓΕΙΟ ΚΥΡΓΙΩΝ,24.289565,41.097831
11399,ΝΗΠΙΑΓΩΓΕΙΟ ΜΙΚΡΟΧΩΡΙΟΥ ΔΡΑΜΑΣ,24.179179,41.10059
11400,1ο ΝΗΠΙΑΓΩΓΕΙΟ ΔΟΞΑΤΟΥ,24.231778,41.091958
11401,3ο ΝΗΠΙΑΓΩΓΕΙΟ ΔΡΑΜΑΣ,,
11402,4ο ΝΗΠΙΑΓΩΓΕΙΟ ΔΡΑΜΑΣ,,
11403,5ο ΝΗΠΙΑΓΩΓΕΙΟ ΔΡΑΜΑΣ,,
11404,9ο ΝΗΠΙΑΓΩΓΕΙΟ ΔΡΑΜΑΣ,,
11405,ΝΗΠΙΑΓΩΓΕΙΟ ΝΕΑΣ ΑΜΙΣΟΥ ΔΡΑΜΑΣ,,
11406,ΝΗΠΙΑΓΩΓΕΙΟ ΚΑΒΥΛΗΣ,26.515678,41.562779
11407,1ο ΝΗΠΙΑΓΩΓΕΙΟ ΑΓΙΟΥ ΑΘΑΝΑΣΙΟΥ,24.246769,41.071522
11408,ΝΗΠΙΑΓΩΓΕΙΟ ΑΝΘΕΙΑΣ ΑΛΕΞ/ΠΟΛΗΣ,,
11409,6ο ΝΗΠΙΑΓΩΓΕΙΟ ΟΡΕΣΤΙΑΔΑΣ,26.53054,41.49477
11410,6ο ΝΗΠΙΑΓΩΓΕΙΟ ΑΛΕΞΑΝΔΡΟΥΠΟΛΗΣ,25.871141,40.854345
11411,7ο ΝΗΠΙΑΓΩΓΕΙΟ ΟΡΕΣΤΙΑΔΑΣ,26.526065,41.489919
11412,2ο ΝΗΠΙΑΓΩΓΕΙΟ ΟΡΕΣΤΙΑΔΑΣ,26.531848,41.501634
11413,ΝΗΠΙΑΓΩΓΕΙΟ ΠΥΡΓΟΥ,,
11414,9ο ΝΗΠΙΑΓΩΓΕΙΟ ΟΡΕΣΤΙΑΔΑΣ,26.520984,41.49787
11415,2ο ΝΗΠΙΑΓΩΓΕΙΟ ΝΕΑΣ ΒΥΣΣΗΣ,26.544806,41.589039
11416,ΝΗΠΙΑΓΩΓΕΙΟ ΣΙΔΗΡΟΥΣ. ΟΙΚΙΣΜΟΣ ΣΟΥΦΛΙΟΥ,,
11417,ΝΗΠΙΑΓΩΓΕΙΟ ΡΟΥΣΣΑΣ,,
11418,ΝΗΠΙΑΓΩΓΕΙΟ ΚΑΛΟΥ ΑΓΡΟΥ ΔΡΑΜΑΣ,24.086556,41.10402
11419,ΝΗΠΙΑΓΩΓΕΙΟ ΚΟΥΔΟΥΝΙΩΝ ΔΡΑΜΑΣ,24.115867,41.093443
11420,ΝΗΠΙΑΓΩΓΕΙΟ ΣΟΦΙΚΟΥ,,
11421,3ο ΝΗΠΙΑΓΩΓΕΙΟ ΧΡΥΣΟΥΠΟΛΗΣ,24.704943,40.982221
11422,1ο ΝΗΠΙΑΓΩΓΕΙΟ ΠΕΤΡΟΥΣΗΣ ΔΡΑΜΑΣ,24.021349,41.194366
11423,ΝΗΠΙΑΓΩΓΕΙΟ ΣΙΤΑΓΡΩΝ ΔΡΑΜΑΣ,24.028994,41.109955
11424,1ο ΝΗΠΙΑΓΩΓΕΙΟ ΠΡΟΣΟΤΣΑΝΗΣ,23.97335,41.17721
11425,ΝΗΠΙΑΓΩΓΕΙΟ ΦΩΤΟΛΕΙΒΟΥΣ ΔΡΑΜΑΣ,24.049619,41.059288
11426,2ο ΝΗΠΙΑΓΩΓΕΙΟ ΞΗΡΟΠΟΤΑΜΟΥ ΔΡΑΜΑΣ,24.105279,41.191547
11427,2ο ΝΗΠΙΑΓΩΓΕΙΟ ΠΡΟΣΟΤΣΑΝΗΣ,23.973365,41.177205
11428,ΝΗΠΙΑΓΩΓΕΙΟ ΕΡΑΣΜΙΟΥ ΞΑΝΘΗΣ,24.845242,40.926129
11429,1ο ΝΗΠΙΑΓΩΓΕΙΟ ΚΑΛΑΜΠΑΚΙΟΥ,24.19138,41.051416
11430,ΝΗΠΙΑΓΩΓΕΙΟ ΒΑΘΥΤΟΠΟΥ,23.714026,41.349042
11431,2ο ΝΗΠΙΑΓΩΓΕΙΟ ΠΕΤΡΟΥΣΗΣ ΔΡΑΜΑΣ,24.021327,41.194415
11432,ΝΗΠΙΑΓΩΓΕΙΟ ΒΩΛΑΚΟΣ,24.000136,41.315867
11433,ΝΗΠΙΑΓΩΓΕΙΟ ΚΑΛΑΜΩΝΟΣ ΔΡΑΜΑΣ,24.211919,41.011872
11434,1ο ΝΗΠΙΑΓΩΓΕΙΟ ΞΗΡΟΠΟΤΑΜΟΥ ΔΡΑΜΑΣ,24.105278,41.1913
11435,ΝΗΠΙΑΓΩΓΕΙΟ ΔΑΔΙΑΣ,26.224227,41.126435
11436,ΝΗΠΙΑΓΩΓΕΙΟ ΝΕΑΣ ΣΕΒΑΣΤΕΙΑΣ,,
11437,ΝΗΠΙΑΓΩΓΕΙΟ ΜΑΥΡΟΛΕΥΚΗΣ,24.100973,41.053843
11438,2ο ΝΗΠΙΑΓΩΓΕΙΟ ΚΑΛΑΜΠΑΚΙΟΥ,24.191262,41.051534
11439,ΝΗΠΙΑΓΩΓΕΙΟ ΑΡΚΑΔΙΚΟΥ,,
11440,ΝΗΠΙΑΓΩΓΕΙΟ ΚΟΡΝΟΦΩΛΙΑΣ,26.296257,41.154418
11441,ΝΗΠΙΑΓΩΓΕΙΟ ΑΜΟΡΙΟΥ,26.44288,41.297377
11442,ΝΗΠΙΑΓΩΓΕΙΟ ΜΑΚΡΗΣ,25.744796,40.852223
11443,ΝΗΠΙΑΓΩΓΕΙΟ ΜΑΙΣΤΡΟΥ,,
11444,8ο ΝΗΠΙΑΓΩΓΕΙΟ ΑΛΕΞΑΝΔΡΟΥΠΟΛΗΣ,25.871174,40.84634
11445,21ο ΝΗΠΙΑΓΩΓΕΙΟ ΑΛΕΞΑΝΔΡΟΥΠΟΛΗΣ,25.866794,40.850413
11446,19ο ΝΗΠΙΑΓΩΓΕΙΟ ΑΛΕΞΑΝΔΡΟΥΠΟΛΗΣ,25.884463,40.847891
11447,ΝΗΠΙΑΓΩΓΕΙΟ ΛΥΚΟΦΩΤΟΣ,26.289442,41.118593
11448,2ο ΝΗΠΙΑΓΩΓΕΙΟ ΣΟΥΦΛΙΟΥ,26.303526,41.193287
11449,ΝΗΠΙΑΓΩΓΕΙΟ ΕΛΛΗΝΟΧΩΡΙΟΥ,26.460453,41.373173
11450,ΝΗΠΙΑΓΩΓΕΙΟ ΔΟΞΑΣ,26.281053,41.482446
11451,ΝΗΠΙΑΓΩΓΕΙΟ ΜΕΤΑΞΑΔΩΝ,26.224423,41.418138
11452,12ο ΝΗΠΙΑΓΩΓΕΙΟ ΔΡΑΜΑΣ,,
11453,ΝΗΠΙΑΓΩΓΕΙΟ ΚΟΚΚΙΝΟΓΕΙΩΝ ΔΡΑΜΑΣ,23.934268,41.189895
11454,ΝΗΠΙΑΓΩΓΕΙΟ ΛΕΥΚΟΓΕΙΩΝ,23.896356,41.403784
11455,ΝΗΠΙΑΓΩΓΕΙΟ ΜΙΚΡΟΠΟΛΗΣ ΔΡΑΜΑΣ,23.822082,41.189739
11456,ΝΗΠΙΑΓΩΓΕΙΟ ΝΕΟΧΩΡΙΟΥ,26.459325,41.510057
11457,ΝΗΠΙΑΓΩΓΕΙΟ ΡΙΖΙΩΝ,26.427333,41.622006
11458,13ο ΝΗΠΙΑΓΩΓΕΙΟ ΔΡΑΜΑΣ,,
11459,ΝΗΠΙΑΓΩΓΕΙΟ ΠΛΑΤΗΣ,26.335517,41.627295
11460,2ο ΝΗΠΙΑΓΩΓΕΙΟ ΤΥΧΕΡΟΥ,26.293598,41.027805
11461,4ο ΝΗΠΙΑΓΩΓΕΙΟ ΔΙΔΥΜΟΤΕΙΧΟΥ,26.493933,41.346398
11462,ΝΗΠΙΑΓΩΓΕΙΟ ΠΕΝΤΑΛΟΦΟΥ,26.181835,41.645514
11463,ΝΗΠΙΑΓΩΓΕΙΟ ΑΜΠΕΛΑΚΙΩΝ,,
11464,ΝΗΠΙΑΓΩΓΕΙΟ ΟΡΜΕΝΙΟΥ,26.215609,41.719284
11465,2ο ΝΗΠΙΑΓΩΓΕΙΟ ΧΡΥΣΟΥΠΟΛΗΣ,24.704943,40.982221
11466,23ο ΝΗΠΙΑΓΩΓΕΙΟ ΚΑΒΑΛΑΣ,,
11467,ΝΗΠΙΑΓΩΓΕΙΟ ΑΣΠΡΟΝΕΡΙΟΥ,26.305455,41.39149
11468,ΝΗΠΙΑΓΩΓΕΙΟ ΔΙΚΑΙΩΝ,26.29956,41.703655
11469,ΝΗΠΙΑΓΩΓΕΙΟ ΚΥΠΡΙΝΟΥ,26.218148,41.57601
11470,18ο ΝΗΠΙΑΓΩΓΕΙΟ ΑΛΕΞΑΝΔΡΟΥΠΟΛΗΣ,25.865357,40.843852
11471,ΝΗΠΙΑΓΩΓΕΙΟ ΛΑΒΑΡΩΝ,26.386299,41.268887
11472,ΝΗΠΙΑΓΩΓΕΙΟ ΛΑΓΗΝΩΝ,,
11473,2ο ΝΗΠΙΑΓΩΓΕΙΟ ΦΕΡΡΩΝ,26.175212,40.891645
11474,ΝΗΠΙΑΓΩΓΕΙΟ ΠΕΠΛΟΥ,26.26665,40.955814
11475,ΝΗΠΙΑΓΩΓΕΙΟ ΠΟΙΜΕΝΙΚΟΥ,26.383121,41.458068
11476,ΝΗΠΙΑΓΩΓΕΙΟ ΓΛΑΥΚΗΣ,,
11477,ΝΗΠΙΑΓΩΓΕΙΟ ΠΑΧΝΗΣ,,
11478,1ο ΝΗΠΙΑΓΩΓΕΙΟ ΧΡΥΣΟΥΠΟΛΗΣ,24.704943,40.982221
11479,ΝΗΠΙΑΓΩΓΕΙΟ ΣΜΙΝΘΗΣ,24.871206,41.230739
11480,ΝΗΠΙΑΓΩΓΕΙΟ ΣΗΜΑΝΤΡΩΝ,,
11481,6ο ΝΗΠΙΑΓΩΓΕΙΟ ΞΑΝΘΗΣ,,
11482,ΝΗΠΙΑΓΩΓΕΙΟ ΔΩΜΑΤΙΩΝ ΠΑΓΓΑΙΟΥ,24.143945,40.866442
11483,ΝΗΠΙΑΓΩΓΕΙΟ ΚΙΜΜΕΡΙΩΝ ΞΑΝΘΗΣ,24.937341,41.147122
11484,ΝΗΠΙΑΓΩΓΕΙΟ ΑΥΞΕΝΤΙΟΥ ΞΑΝΘΗΣ,,
11485,ΝΗΠΙΑΓΩΓΕΙΟ ΜΥΡΩΔΑΤΟΥ ΞΑΝΘΗΣ,24.932404,40.973234
11486,ΝΗΠΙΑΓΩΓΕΙΟ ΓΕΝΙΣΕΑΣ ΞΑΝΘΗΣ,,
11487,ΝΗΠΙΑΓΩΓΕΙΟ ΝΕΑΣ ΑΜΙΣΣΟΥ,,
11488,ΝΗΠΙΑΓΩΓΕΙΟ ΜΑΝΔΡΑΣ,25.019913,41.00937
11489,ΝΗΠΙΑΓΩΓΕΙΟ ΣΟΥΝΙΟΥ,,
11490,2ο ΝΗΠΙΑΓΩΓΕΙΟ ΔΙΔΥΜΟΤΕΙΧΟΥ,26.493933,41.346398
11491,1ο ΝΗΠΙΑΓΩΓΕΙΟ ΔΙΔΥΜΟΤΕΙΧΟΥ,26.493933,41.346398
11492,4ο ΝΗΠΙΑΓΩΓΕΙΟ ΚΑΒΑΛΑΣ,,
11493,1ο ΝΗΠΙΑΓΩΓΕΙΟ ΘΑΣΟΥ,24.713052,40.772259
11494,1ο ΝΗΠΙΑΓΩΓΕΙΟ ΞΑΝΘΗΣ,24.885399,41.141672
11495,15ο ΝΗΠΙΑΓΩΓΕΙΟ ΔΡΑΜΑΣ,,
11496,14ο ΝΗΠΙΑΓΩΓΕΙΟ ΔΡΑΜΑΣ,24.15093,41.148817
11497,2ο ΝΗΠΙΑΓΩΓΕΙΟ ΑΓΙΟΥ ΑΘΑΝΑΣΙΟΥ,24.246733,41.07151
11498,16ο ΝΗΠΙΑΓΩΓΕΙΟ ΔΡΑΜΑΣ,,
11499,ΝΗΠΙΑΓΩΓΕΙΟ ΚΕΡΑΜΟΥ ΟΡΕΣΤΙΑΔΑΣ,,
11500,ΝΗΠΙΑΓΩΓΕΙΟ ΝΕΟΧΩΡΙΟΥ,,
11501,ΝΗΠΙΑΓΩΓΕΙΟ ΘΕΟΛΟΓΟΥ ΘΑΣΟΥ,24.69117,40.656916
11502,ΝΗΠΙΑΓΩΓΕΙΟ ΠΡΙΝΟΥ,24.625638,40.721896
11503,16ο ΝΗΠΙΑΓΩΓΕΙΟ ΞΑΝΘΗΣ,,
11504,ΝΗΠΙΑΓΩΓΕΙΟ ΚΟΠΤΕΡΟΥ,,
11505,ΝΗΠΙΑΓΩΓΕΙΟ ΑΓΡΙΑΝΗΣ,,
11506,2ο ΝΗΠΙΑΓΩΓΕΙΟ ΚΡΗΝΙΔΩΝ ΚΑΒΑΛΑΣ,,
11507,ΝΗΠΙΑΓΩΓΕΙΟ ΜΕΓΑΛΟΥ ΔΕΡΕΙΟΥ,,
11508,ΝΗΠΙΑΓΩΓΕΙΟ ΚΟΤΥΛΗΣ,,
11509,ΝΗΠΙΑΓΩΓΕΙΟ ΚΕΝΤΗΤΗΣ,,
11510,ΝΗΠΙΑΓΩΓΕΙΟ ΠΟΛΥΣΤΥΛΟΥ,,
11511,ΝΗΠΙΑΓΩΓΕΙΟ ΓΙΑΝΝΟΥΛΗΣ,,
11512,25ο ΝΗΠΙΑΓΩΓΕΙΟ ΔΡΑΜΑΣ,,
11513,ΝΗΠΙΑΓΩΓΕΙΟ ΣΤΕΡΝΑΣ,26.461699,41.564593
11514,ΝΗΠΙΑΓΩΓΕΙΟ ΝΙΨΗΣ ΑΛΕΞ/ΠΟΛ,,
11515,ΝΗΠΙΑΓΩΓΕΙΟ ΦΥΛΑΚΙΟΥ,26.316211,41.589876
11516,10ο ΝΗΠΙΑΓΩΓΕΙΟ ΟΡΕΣΤΙΑΔΑΣ,26.525802,41.49793
11517,14ο ΝΗΠΙΑΓΩΓΕΙΟ ΑΛΕΞΑΝΔΡΟΥΠΟΛΗΣ,25.868512,40.843605
11518,ΝΗΠΙΑΓΩΓΕΙΟ ΑΝΤΙΦΙΛΙΠΠΩΝ ΠΑΓΓΑΙΟΥ,24.21162,40.944526
11519,ΝΗΠΙΑΓΩΓΕΙΟ ΜΕΓΑΛΟΥ ΟΡΦΑΝΟΥ,,
11520,13ο ΝΗΠΙΑΓΩΓΕΙΟ ΑΛΕΞΑΝΔΡΟΥΠΟΛΗΣ,25.885558,40.851452
11521,ΝΗΠΙΑΓΩΓΕΙΟ ΚΕΝΤΑΥΡΟΥ,,
11522,23ο ΝΗΠΙΑΓΩΓΕΙΟ ΔΡΑΜΑΣ,,
11523,ΝΗΠΙΑΓΩΓΕΙΟ ΜΙΚΡΟΥ ΕΥΜΟΙΡΟΥ,24.862889,41.111424
11524,ΝΗΠΙΑΓΩΓΕΙΟ ΝΕΟΥ ΖΥΓΟΥ,,
11525,ΝΗΠΙΑΓΩΓΕΙΟ ΒΑΦΑΙΙΚΩΝ,,
11526,ΝΗΠΙΑΓΩΓΕΙΟ ΠΑΛΛΑΔΙΟΥ,,
11527,ΝΗΠΙΑΓΩΓΕΙΟ ΜΥΚΗΣ,24.923698,41.247252
11528,ΝΗΠΙΑΓΩΓΕΙΟ ΜΕΛΙΣΣΗΣ,,
11529,12ο ΝΗΠΙΑΓΩΓΕΙΟ ΞΑΝΘΗΣ,24.883671,41.136972
11530,ΝΗΠΙΑΓΩΓΕΙΟ ΣΑΚΚΟΥ,,
11531,ΝΗΠΙΑΓΩΓΕΙΟ ΚΟΥΦΟΒΟΥΝΟΥ,26.439341,41.355344
11532,15ο ΝΗΠΙΑΓΩΓΕΙΟ ΞΑΝΘΗΣ,24.899389,41.131314
11533,ΝΗΠΙΑΓΩΓΕΙΟ ΑΒΔΗΡΩΝ ΞΑΝΘΗΣ,24.957919,40.97933
11534,ΙΔΙΩΤΙΚΟ ΕΝΙΑΙΟ ΛΥΚΕΙΟ ΞΑΝΘΗΣ ΜΕΙΟΝΟΤΙΚΟ,,
11535,ΚΕΝΤΡΟ ΠΕΡΙΒΑΛΛΟΝΤΙΚΗΣ ΕΚΠΑΙΔΕΥΣΗΣ ΠΑΡΑΝΕΣΤΙΟΥ,,
11536,ΚΕΝΤΡΟ ΠΕΡΙΒΑΛΛΟΝΤΙΚΗΣ ΕΚΠΑΙΔΕΥΣΗΣ ΣΟΥΦΛΙΟΥ,,
11537,ΣΧΟΛΕΙΟ ΔΕΥΤΕΡΗΣ ΕΥΚΑΙΡΙΑΣ ΑΛΕΞΑΝΔΡΟΥΠΟΛΗΣ,25.872196,40.8489
11538,ΣΧΟΛΕΙΟ ΔΕΥΤΕΡΗΣ ΕΥΚΑΙΡΙΑΣ ΔΡΑΜΑΣ,,
11539,ΣΧΟΛΕΙΟ ΔΕΥΤΕΡΗΣ ΕΥΚΑΙΡΙΑΣ ΣΑΠΩΝ,,
11540,ΣΧΟΛΕΙΟ ΔΕΥΤΕΡΗΣ ΕΥΚΑΙΡΙΑΣ ΞΑΝΘΗΣ,,
11541,ΣΧΟΛΕΙΟ ΔΕΥΤΕΡΗΣ ΕΥΚΑΙΡΙΑΣ ΚΟΜΟΤΗΝΗΣ,25.39583,41.124012
11542,ΔΗΜΟΤΙΚΗ ΒΙΒΛΙΟΘΗΚΗ ΔΙΔΥΜΟΤΕΙΧΟΥ,,
11543,ΔΗΜΟΤΙΚΗ ΒΙΒΛΙΟΘΗΚΗ ΣΟΥΦΛΙΟΥ,,
11544,ΔΗΜΟΣΙΑ ΒΙΒΛΙΟΘΗΚΗ ΕΛΕΥΘΕΡΟΥΠΟΛΗΣ ΚΕΝΤΡΙΚΗ,,
11545,ΔΗΜΟΣΙΑ ΒΙΒΛΙΟΘΗΚΗ ΔΡΑΜΑΣ,,
11546,ΔΗΜΟΤΙΚΗ ΒΙΒΛΙΟΘΗΚΗ ΚΟΜΟΤΗΝΗΣ,,
11547,ΔΗΜΟΤΙΚΗ ΒΙΒΛΙΟΘΗΚΗ ΚΑΒΑΛΑΣ,,
11548,ΒΙΒΛΙΟΘΗΚΗ ΣΤΕΓΗΣ ΓΡΑΜΜΑΤΩΝ ΚΑΙ ΤΕΧΝΩΝ ΞΑΝΘΗΣ,,
11549,ΔΗΜΟΤΙΚΗ ΒΙΒΛΙΟΘΗΚΗ ΟΡΕΣΤΙΑΔΑ,,
11550,ΓΕΝΙΚΑ ΑΡΧΕΙΑ ΤΟΥ ΚΡΑΤΟΥΣ-ΑΡΧΕΙΑ Ν. ΕΒΡΟΥ,,
11551,ΓΕΝΙΚΑ ΑΡΧΕΙΑ ΤΟΥ ΚΡΑΤΟΥΣ-ΑΡΧΕΙΑ Ν. ΞΑΝΘΗΣ,,
11552,ΓΕΝΙΚΑ ΑΡΧΕΙΑ ΤΟΥ ΚΡΑΤΟΥΣ-ΑΡΧΕΙΑ Ν. ΡΟΔΟΠΗΣ,,
11553,ΓΕΝΙΚΑ ΑΡΧΕΙΑ ΤΟΥ ΚΡΑΤΟΥΣ-ΑΡΧΕΙΑ Ν. ΚΑΒΑΛΑΣ,,
11554,ΓΕΝΙΚΑ ΑΡΧΕΙΑ ΤΟΥ ΚΡΑΤΟΥΣ-ΑΡΧΕΙΑ Ν. ΔΡΑΜΑΣ,,
11555,ΕΙΔΙΚΟ ΕΡΓΑΣΤΗΡΙΟ ΕΠΑΓΓΕΛΜΑΤΙΚΗΣ ΕΚΠΑΙΔΕΥΣΗΣ ΚΑΙ ΚΑΤΑΡΤΙΣΗΣ ΚΑΒΑΛΑΣ,,
11556,ΕΙΔΙΚΟ ΕΡΓΑΣΤΗΡΙΟ ΕΠΑΓΓΕΛΜΑΤΙΚΗΣ ΕΚΠΑΙΔΕΥΣΗΣ ΚΑΙ ΚΑΤΑΡΤΙΣΗΣ ΚΟΜΟΤΗΝΗΣ,,
11557,ΕΙΔΙΚΟ ΕΡΓΑΣΤΗΡΙΟ ΕΠΑΓΓΕΛΜΑΤΙΚΗΣ ΕΚΠΑΙΔΕΥΣΗΣ ΚΑΙ ΚΑΤΑΡΤΙΣΗΣ ΑΛΕΞΑΝΔΡΟΥΠΟΛΗΣ,,
11558,ΕΙΔΙΚΟ ΕΡΓΑΣΤΗΡΙΟ ΕΠΑΓΓΕΛΜΑΤΙΚΗΣ ΕΚΠΑΙΔΕΥΣΗΣ ΚΑΙ ΚΑΤΑΡΤΙΣΗΣ ΞΑΝΘΗΣ,,
11559,ΕΙΔΙΚΟ ΕΡΓΑΣΤΗΡΙΟ ΕΠΑΓΓΕΛΜΑΤΙΚΗΣ ΕΚΠΑΙΔΕΥΣΗΣ ΚΑΙ ΚΑΤΑΡΤΙΣΗΣ ΟΡΕΣΤΙΑΔΑΣ,,
11560,ΕΙΔΙΚΟ ΕΡΓΑΣΤΗΡΙΟ ΕΠΑΓΓΕΛΜΑΤΙΚΗΣ ΕΚΠΑΙΔΕΥΣΗΣ ΚΑΙ ΚΑΤΑΡΤΙΣΗΣ ΔΡΑΜΑΣ,,
11561,ΓΡΑΦΕΙΟ ΠΕΡΙΒΑΛΛΟΝΤΙΚΗΣ ΕΚΠΑΙΔΕΥΣΗΣ ΚΑΒΑΛΑΣ,,
11562,ΓΡΑΦΕΙΟ ΠΕΡΙΒΑΛΛΟΝΤΙΚΗΣ ΕΚΠΑΙΔΕΥΣΗΣ ΔΡΑΜΑΣ,,
11563,ΓΡΑΦΕΙΟ ΠΕΡΙΒΑΛΛΟΝΤΙΚΗΣ ΕΚΠΑΙΔΕΥΣΗΣ ΞΑΝΘΗΣ,,
11564,ΓΡΑΦΕΙΟ ΠΕΡΙΒΑΛΛΟΝΤΙΚΗΣ ΕΚΠΑΙΔΕΥΣΗΣ ΡΟΔΟΠΗΣ,,
11565,ΓΡΑΦΕΙΟ ΠΕΡΙΒΑΛΛΟΝΤΙΚΗΣ ΕΚΠΑΙΔΕΥΣΗΣ ΕΒΡΟΥ,25.871872,40.840949
11566,ΚΕΝΤΡΟ ΔΙΑΓΝΩΣΗΣ ΑΞΙΟΛΟΓΗΣΗΣ ΚΑΙ ΥΠΟΣΤΗΡΙΞΗΣ ΑΤΟΜΩΝ ΜΕ ΕΙΔΙΚΕΣ ΕΚΠΑΙΔΕΥΤΙΚΕΣ ΑΝΑΓΚΕΣ ΞΑΝΘΗΣ,,
11567,ΚΕΝΤΡΟ ΔΙΑΓΝΩΣΗΣ ΑΞΙΟΛΟΓΗΣΗΣ ΚΑΙ ΥΠΟΣΤΗΡΙΞΗΣ ΑΤΟΜΩΝ ΜΕ ΕΙΔΙΚΕΣ ΕΚΠΑΙΔΕΥΤΙΚΕΣ ΑΝΑΓΚΕΣ ΚΑΒΑΛΑΣ,,
11568,ΚΕΝΤΡΟ ΔΙΑΓΝΩΣΗΣ ΑΞΙΟΛΟΓΗΣΗΣ ΚΑΙ ΥΠΟΣΤΗΡΙΞΗΣ ΑΤΟΜΩΝ ΜΕ ΕΙΔΙΚΕΣ ΕΚΠΑΙΔΕΥΤΙΚΕΣ ΑΝΑΓΚΕΣ ΕΒΡΟΥ,,
11569,ΚΕΝΤΡΟ ΔΙΑΓΝΩΣΗΣ ΑΞΙΟΛΟΓΗΣΗΣ ΚΑΙ ΥΠΟΣΤΗΡΙΞΗΣ ΑΤΟΜΩΝ ΜΕ ΕΙΔΙΚΕΣ ΕΚΠΑΙΔΕΥΤΙΚΕΣ ΑΝΑΓΚΕΣ ΡΟΔΟΠΗΣ,,
11570,ΚΕΝΤΡΟ ΔΙΑΓΝΩΣΗΣ ΑΞΙΟΛΟΓΗΣΗΣ ΚΑΙ ΥΠΟΣΤΗΡΙΞΗΣ ΑΤΟΜΩΝ ΜΕ ΕΙΔΙΚΕΣ ΕΚΠΑΙΔΕΥΤΙΚΕΣ ΑΝΑΓΚΕΣ ΔΡΑΜΑΣ,,
11571,ΠΕΡΙΦΕΡΕΙΑΚΗ ΔΙΕΥΘΥΝΣΗ ΕΚΠΑΙΔΕΥΣΗΣ ΑΝΑΤΟΛΙΚΗΣ ΜΑΚΕΔΟΝΙΑΣ & ΘΡΑΚΗΣ,25.414278,41.10547
11572,ΕΝΩΣΗ ΛΕΙΤΟΥΡΓΩΝ ΜΕΣΗΣ ΕΚΠΑΙΔΕΥΣΗΣ ΕΒΡΟΥ,,
11573,ΕΝΩΣΗ ΛΕΙΤΟΥΡΓΩΝ ΜΕΣΗΣ ΕΚΠΑΙΔΕΥΣΗΣ ΑΛΕΞΑΝΔΡΟΥΠΟΥΛΗΣ,,
11574,ΚΟΜΒΟΣ ΔΙΑΝΟΜΗΣ ΠΣΔ ΝΟΜΟΥ ΡΟΔΟΠΗΣ,,
11575,ΚΟΜΒΟΣ ΔΙΑΝΟΜΗΣ ΠΣΔ ΝΟΜΟΥ ΚΑΒΑΛΑΣ,,
11576,ΚΟΜΒΟΣ ΔΙΑΝΟΜΗΣ ΠΣΔ ΝΟΜΟΥ ΕΒΡΟΥ,,
11577,ΚΟΜΒΟΣ ΔΙΑΝΟΜΗΣ ΠΣΔ ΝΟΜΟΥ ΞΑΝΘΗΣ,,
11578,ΚΟΜΒΟΣ ΔΙΑΝΟΜΗΣ ΠΣΔ ΝΟΜΟΥ ΔΡΑΜΑΣ,,
11579,HELPDESK ΔΗΜΟΚΡΙΤΕΙΟΥ ΠΑΝΕΠΙΣΤΗΜΙΟΥ ΘΡΑΚΗΣ,,
11580,ΚΕΝΤΡΟ ΕΚΠΑΙΔΕΥΣΗΣ ΕΝΗΛΙΚΩΝ ΔΡΑΜΑΣ,,
11581,ΚΕΝΤΡΟ ΕΚΠΑΙΔΕΥΣΗΣ ΕΝΗΛΙΚΩΝ ΕΒΡΟΥ,,
11582,ΚΕΝΤΡΟ ΕΚΠΑΙΔΕΥΣΗΣ ΕΝΗΛΙΚΩΝ ΡΟΔΟΠΗΣ,,
11583,ΚΕΝΤΡΟ ΕΚΠΑΙΔΕΥΣΗΣ ΕΝΗΛΙΚΩΝ ΞΑΝΘΗΣ,,
11584,14ο ΓΥΜΝΑΣΙΟ ΠΕΙΡΑΙΑ,23.649409,37.958338
11585,ΓΥΜΝΑΣΙΟ ΚΟΡΥΔΑΛΛΟΥ ΕΣΠΕΡΙΝΟ,,
11586,10ο ΓΥΜΝΑΣΙΟ ΚΑΛΛΙΘΕΑΣ,23.700284,37.956025
11587,3ο ΓΥΜΝΑΣΙΟ ΑΓΙΟΥ ΔΗΜΗΤΡΙΟΥ,23.722449,37.933491
11588,1ο ΓΥΜΝΑΣΙΟ ΑΓΙΟΥ ΔΗΜΗΤΡΙΟΥ,23.731968,37.941618
11589,2ο ΓΥΜΝΑΣΙΟ ΑΓΙΟΥ ΔΗΜΗΤΡΙΟΥ,23.722602,37.920666
11590,4ο ΓΥΜΝΑΣΙΟ ΑΓΙΟΥ ΔΗΜΗΤΡΙΟΥ,23.714249,37.930093
11591,4ο ΓΥΜΝΑΣΙΟ ΜΕΤΑΜΟΡΦΩΣΗΣ,,
11592,2ο ΓΥΜΝΑΣΙΟ ΕΛΛΗΝΙΚΟΥ,23.739588,37.891202
11593,ΓΥΜΝΑΣΙΟ ΜΕΣΑΓΡΟΥ ΑΙΓΙΝΑΣ,,
11594,8ο ΓΥΜΝΑΣΙΟ ΓΛΥΦΑΔΑΣ,,
11595,4ο ΓΥΜΝΑΣΙΟ ΝΕΑΣ ΙΩΝΙΑΣ,23.755419,38.029594
11596,2ο ΓΥΜΝΑΣΙΟ ΕΛΛΗΝΙΚΟΥΔΙΑΠΟΛΙΤΙΣΜΙΚΗΣ ΕΚΠΑΙΔΕΥΣΗΣ,23.738892,37.889956
11597,2ο ΓΥΜΝΑΣΙΟ ΒΡΙΛΗΣΣΙΩΝ,23.835975,38.039407
11598,ΓΥΜΝΑΣΙΟ ΠΑΛΑΙΟΥ ΨΥΧΙΚΟΥ,23.772455,38.016902
11599,6ο ΓΥΜΝΑΣΙΟ ΝΕΑΣ ΙΩΝΙΑΣ,23.774536,38.035401
11600,4ο ΓΥΜΝΑΣΙΟ ΑΓΙΑΣ ΠΑΡΑΣΚΕΥΗΣ,23.832715,38.013815
11601,ΓΥΜΝΑΣΙΟ ΑΓΙΑΣ ΠΑΡΑΣΚΕΥΗΣ ΕΙΔΙΚΟ ΚΩΦΩΝ ΒΑΡΗΚΟΩΝ,23.822585,38.016571
11602,ΓΥΜΝΑΣΙΟ ΠΕΝΤΕΛΗΣ,23.877599,38.053026
11603,5ο ΓΥΜΝΑΣΙΟ ΑΓΙΑΣ ΠΑΡΑΣΚΕΥΗΣ,23.807458,38.001259
11604,ΓΥΜΝΑΣΙΟ ΑΘΗΝΑΣ ΠΕΙΡΑΜΑΤΙΚΟ ΒΑΡΒΑΚΕΙΟ,23.762389,38.000054
11605,ΓΥΜΝΑΣΙΟ ΠΕΙΡΑΙΑ ΠΕΙΡΑΜΑΤΙΚΟ ΖΑΝΝΕΙΟ,23.645933,37.946259
11606,4ο ΓΥΜΝΑΣΙΟ ΑΜΑΡΟΥΣΙΟΥ,23.811969,38.037845
11607,1ο ΓΥΜΝΑΣΙΟ ΚΗΦΙΣΙΑΣ,23.815659,38.077282
11608,ΓΥΜΝΑΣΙΟ ΠΕΙΡΑΙΑ ΠΕΙΡΑΜΑΤΙΚΟ ΙΩΝΙΔΕΙΟΣ,23.643563,37.940884
11609,1ο ΓΥΜΝΑΣΙΟ ΣΑΛΑΜΙΝΑΣ,23.499746,37.968626
11610,1ο ΓΥΜΝΑΣΙΟ ΔΡΑΠΕΤΣΩΝΑΣ,23.624741,37.946273
11611,8ο ΓΥΜΝΑΣΙΟ ΠΕΙΡΑΙΑ,23.633859,37.957541
11612,ΓΥΜΝΑΣΙΟ ΝΕΑΣ ΕΡΥΘΡΑΙΑΣ,23.820673,38.093155
11613,ΓΥΜΝΑΣΙΟ ΝΕΑΣ ΙΩΝΙΑΣ ΕΣΠΕΡΙΝΟ,23.743999,38.034027
11614,1ο ΓΥΜΝΑΣΙΟ ΠΕΙΡΑΙΑ ΕΣΠΕΡΙΝΟ,23.639086,37.935209
11615,ΓΥΜΝΑΣΙΟ ΠΟΡΟΥ,23.456312,37.499794
11616,1ο ΓΥΜΝΑΣΙΟ ΠΕΙΡΑΙΑ,23.639086,37.935209
11617,ΓΥΜΝΑΣΙΟ ΑΡΓΥΡΟΥΠΟΛΗΣ ΚΩΦΩΝ - ΒΑΡΗΚΟΩΝ,23.739818,37.907816
11618,ΓΥΜΝΑΣΙΟ ΝΕΑΣ ΣΜΥΡΝΗΣ ΠΕΙΡΑΜΑΤΙΚΟ ΕΥΑΓΓΕΛΙΚΗΣ ΣΧΟΛΗΣ,23.707578,37.930449
11619,ΓΥΜΝΑΣΙΟ ΣΠΕΤΣΩΝ,23.154176,37.262564
11620,ΓΥΜΝΑΣΙΟ ΚΗΦΙΣΙΑΣ ΠΕΙΡΑΜΑΤΙΚΟ ΑΝΑΒΡΥΤΩΝ,23.802794,38.042473
11621,ΓΥΜΝΑΣΙΟ ΛΥΚΟΒΡΥΣΗΣ,23.784025,38.065674
11622,ΓΥΜΝΑΣΙΟ ΥΔΡΑΣ,23.46813,37.346074
11623,7ο ΓΥΜΝΑΣΙΟ ΝΕΑΣ ΙΩΝΙΑΣ,23.755752,38.037283
11624,2ο ΓΥΜΝΑΣΙΟ ΑΡΓΥΡΟΥΠΟΛΗΣ,23.753472,37.904921
11625,7ο ΓΥΜΝΑΣΙΟ ΚΟΡΥΔΑΛΛΟΥ,23.644627,37.98523
11626,4ο ΓΥΜΝΑΣΙΟ ΚΕΡΑΤΣΙΝΙΟΥ,23.606521,37.965802
11627,4ο ΓΥΜΝΑΣΙΟ ΝΕΑΣ ΣΜΥΡΝΗΣ,23.705666,37.935657
11628,9ο ΓΥΜΝΑΣΙΟ ΚΟΡΥΔΑΛΛΟΥ,23.646277,37.985423
11629,2ο ΓΥΜΝΑΣΙΟ ΠΑΛΑΙΟΥ ΦΑΛΗΡΟΥ,23.708261,37.926548
11630,5ο ΓΥΜΝΑΣΙΟ ΑΓΙΟΥ ΔΗΜΗΤΡΙΟΥ,23.732884,37.933666
11631,2ο ΓΥΜΝΑΣΙΟ ΑΛΙΜΟΥ,23.735671,37.923727
11632,ΓΥΜΝΑΣΙΟ Ν.ΦΑΛΗΡΟΥ,23.704063,37.923948
11633,ΓΥΜΝΑΣΙΟ ΑΓΙΟΥ ΔΗΜΗΤΡΙΟΥ ΕΣΠΕΡΙΝΟ,23.731968,37.941618
11634,ΓΥΜΝΑΣΙΟ ΜΟΣΧΑΤΟΥ ΕΣΠΕΡΙΝΟ,23.682606,37.950719
11635,11ο ΓΥΜΝΑΣΙΟ ΠΕΙΡΑΙΑ,23.647961,37.935383
11636,4ο ΓΥΜΝΑΣΙΟ ΑΛΙΜΟΥ,23.735671,37.923727
11637,3ο ΓΥΜΝΑΣΙΟ ΠΕΙΡΑΙΑ,23.637748,37.952545
11638,2ο ΓΥΜΝΑΣΙΟ ΝΙΚΑΙΑΣ,23.639353,37.962594
11639,2ο ΓΥΜΝΑΣΙΟ ΝΕΑΣ ΣΜΥΡΝΗΣ,23.715935,37.945063
11640,6ο ΓΥΜΝΑΣΙΟ ΠΕΙΡΑΙΑ,23.639086,37.935209
11641,7ο ΓΥΜΝΑΣΙΟ ΚΕΡΑΤΣΙΝΙΟΥ,23.622333,37.960811
11642,"11ο ΓΥΜΝΑΣΙΟ ΚΑΛΛΙΘΕΑΣ ""ΓΙΩΡΓΟΣ ΒΑΛΕΤΑΣ""",23.704265,37.95205
11643,2ο ΓΥΜΝΑΣΙΟ ΑΓΙΟΥ ΙΩΑΝΝΗ ΡΕΝΤΗ,23.669207,37.957888
11644,2ο ΓΥΜΝΑΣΙΟ ΠΕΡΑΜΑΤΟΣ,23.575521,37.9636
11645,3ο ΓΥΜΝΑΣΙΟ ΠΕΡΑΜΑΤΟΣ,23.555481,37.964779
11646,3ο ΓΥΜΝΑΣΙΟ ΝΙΚΑΙΑΣ,23.645252,37.963203
11647,1ο ΓΥΜΝΑΣΙΟ ΓΛΥΦΑΔΑΣ,23.746146,37.867538
11648,7ο ΓΥΜΝΑΣΙΟ ΚΑΛΛΙΘΕΑΣ,23.688542,37.951586
11649,7ο ΓΥΜΝΑΣΙΟ ΝΕΑΣ ΣΜΥΡΝΗΣ,23.71595,37.941148
11650,5ο ΓΥΜΝΑΣΙΟ ΝΕΑΣ ΣΜΥΡΝΗΣ,23.707053,37.934681
11651,"1ο ΓΥΜΝΑΣΙΟ ΕΛΛΗΝΙΚΟΥ ""ΡΗΓΑΣ ΦΕΡΑΙΟΣ""",23.739588,37.891202
11652,5ο ΓΥΜΝΑΣΙΟ ΚΟΡΥΔΑΛΛΟΥ,23.640702,37.986558
11653,1ο ΓΥΜΝΑΣΙΟ ΑΡΓΥΡΟΥΠΟΛΗΣ,23.743678,37.914181
11654,6ο ΓΥΜΝΑΣΙΟ ΚΑΛΛΙΘΕΑΣ,23.704265,37.95205
11655,ΓΥΜΝΑΣΙΟ ΚΑΛΛΙΘΕΑΣ ΕΣΠΕΡΙΝΟ,23.7143,37.960504
11656,1ο ΓΥΜΝΑΣΙΟ ΝΕΑΣ ΣΜΥΡΝΗΣ,23.707021,37.942744
11657,5ο ΓΥΜΝΑΣΙΟ ΠΑΛΑΙΟΥ ΦΑΛΗΡΟΥ,23.704027,37.924227
11658,"12ο ΓΥΜΝΑΣΙΟ ΚΑΛΛΙΘΕΑΣ ""ΚΟΣΜΑΣ Ο ΑΙΤΩΛΟΣ""",23.701701,37.958181
11659,3ο ΓΥΜΝΑΣΙΟ ΚΑΛΛΙΘΕΑΣ,23.700284,37.956025
11660,14ο ΓΥΜΝΑΣΙΟ ΚΑΛΛΙΘΕΑΣ,23.698235,37.945262
11661,4ο ΓΥΜΝΑΣΙΟ ΚΑΛΛΙΘΕΑΣ,23.700284,37.956025
11662,3ο ΓΥΜΝΑΣΙΟ ΑΛΙΜΟΥ,23.738678,37.9214
11663,"8ο ΓΥΜΝΑΣΙΟ ΝΕΑΣ ΣΜΥΡΝΗΣ ""ΕΣΤΙΑ""",23.70634,37.945482
11664,3ο ΓΥΜΝΑΣΙΟ ΜΟΣΧΑΤΟΥ,23.684011,37.951975
11665,2ο ΓΥΜΝΑΣΙΟ ΜΟΣΧΑΤΟΥ,23.677976,37.943834
11666,3ο ΓΥΜΝΑΣΙΟ ΑΡΓΥΡΟΥΠΟΛΗΣ,23.742193,37.910833
11667,2ο ΓΥΜΝΑΣΙΟ ΓΛΥΦΑΔΑΣ,23.759844,37.860398
11668,11ο ΓΥΜΝΑΣΙΟ ΝΙΚΑΙΑΣ,,
11669,13ο ΓΥΜΝΑΣΙΟ ΚΑΛΛΙΘΕΑΣ,23.69783,37.946284
11670,4ο ΓΥΜΝΑΣΙΟ ΠΑΛΑΙΟΥ ΦΑΛΗΡΟΥ,23.71115,37.920169
11671,4ο ΓΥΜΝΑΣΙΟ ΑΡΓΥΡΟΥΠΟΛΗΣ,23.75258,37.897134
11672,2ο ΓΥΜΝΑΣΙΟ ΚΑΛΛΙΘΕΑΣ,23.688542,37.951586
11673,1ο ΓΥΜΝΑΣΙΟ ΚΑΛΛΙΘΕΑΣ,23.688542,37.951586
11674,8ο ΓΥΜΝΑΣΙΟ ΚΑΛΛΙΘΕΑΣ,23.688542,37.951586
11675,1ο ΓΥΜΝΑΣΙΟ ΜΟΣΧΑΤΟΥ,23.682606,37.950719
11676,3ο ΓΥΜΝΑΣΙΟ ΓΛΥΦΑΔΑΣ,23.745846,37.864815
11677,"4ο ΓΥΜΝΑΣΙΟ ΓΛΥΦΑΔΑΣ ""ΠΗΝΕΛΟΠΗ ΔΕΛΤΑ""",23.760697,37.887984
11678,1ο ΓΥΜΝΑΣΙΟ ΑΛΙΜΟΥ,23.710879,37.918428
11679,6ο ΓΥΜΝΑΣΙΟ ΝΕΑΣ ΣΜΥΡΝΗΣ,23.715935,37.945063
11680,5ο ΓΥΜΝΑΣΙΟ ΑΛΙΜΟΥ,23.718606,37.917371
11681,3ο ΓΥΜΝΑΣΙΟ ΝΕΑΣ ΣΜΥΡΝΗΣ,23.715935,37.945063
11682,5ο ΓΥΜΝΑΣΙΟ ΓΛΥΦΑΔΑΣ,23.758851,37.886974
11683,5ο ΓΥΜΝΑΣΙΟ ΚΑΛΛΙΘΕΑΣ,23.701701,37.958181
11684,2ο ΓΥΜΝΑΣΙΟ ΚΕΡΑΤΣΙΝΙΟΥ,23.622114,37.967962
11685,ΔΗΜΟΤΙΚΟ ΣΧΟΛΕΙΟ ΜΕΓΑΡΟΥ ΓΡΕΒΕΝΩΝ,21.265124,40.111361
11686,ΓΥΜΝΑΣΙΟ ΚΥΘΗΡΩΝ,22.98792,36.148209
11687,2ο ΓΥΜΝΑΣΙΟ ΚΟΡΥΔΑΛΛΟΥ,23.65046,37.976798
11688,6ο ΓΥΜΝΑΣΙΟ ΓΛΥΦΑΔΑΣ,23.764052,37.866488
11689,1ο ΓΥΜΝΑΣΙΟ ΚΕΡΑΤΣΙΝΙΟΥ,23.622114,37.967962
11690,7ο ΓΥΜΝΑΣΙΟ ΓΛΥΦΑΔΑΣ,23.763959,37.888682
11691,1ο ΓΥΜΝΑΣΙΟ ΠΑΛΑΙΟΥ ΦΑΛΗΡΟΥ,23.689797,37.928265
11692,ΓΥΜΝΑΣΙΟ ΠΕΙΡΑΙΑ ΡΑΛΛΕΙΟΝ ΘΗΛΕΩΝ,23.640756,37.943771
11693,3ο ΓΥΜΝΑΣΙΟ ΠΑΛΑΙΟΥ ΦΑΛΗΡΟΥ,23.709691,37.930112
11694,3ο ΓΥΜΝΑΣΙΟ ΚΟΡΥΔΑΛΛΟΥ,23.646061,37.976023
11695,15ο ΓΥΜΝΑΣΙΟ ΠΕΙΡΑΙΑ,23.649409,37.958338
11696,4ο ΓΥΜΝΑΣΙΟ ΚΟΡΥΔΑΛΛΟΥ,23.640702,37.986558
11697,2ο ΓΥΜΝΑΣΙΟ ΑΙΓΙΝΑΣ,23.433573,37.744954
11698,8ο ΓΥΜΝΑΣΙΟ ΚΟΡΥΔΑΛΛΟΥ,23.644011,37.984237
11699,ΓΥΜΝΑΣΙΟ ΑΛΙΜΟΥ ΜΟΥΣΙΚΟ,23.729696,37.909487
11700,5ο ΓΥΜΝΑΣΙΟ ΚΕΡΑΤΣΙΝΙΟΥ,23.609434,37.950152
11701,"8ο ΓΥΜΝΑΣΙΟ ΝΙΚΑΙΑΣ ""ΟΔΥΣΣΕΑΣ ΕΛΥΤΗΣ""",23.631405,37.967514
11702,ΓΥΜΝΑΣΙΟ ΚΟΡΥΔΑΛΛΟΥ ΜΟΥΣΙΚΟ,23.650815,37.983241
11703,1ο ΓΥΜΝΑΣΙΟ ΜΕΤΑΜΟΡΦΩΣΗΣ,23.750025,38.059184
11704,5ο ΓΥΜΝΑΣΙΟ ΝΕΟΥ ΗΡΑΚΛΕΙΟΥ,23.772121,38.058953
11705,3ο ΓΥΜΝΑΣΙΟ ΠΕΙΡΑΙΑ ΕΣΠΕΡΙΝΟ,23.630166,37.955627
11706,10ο ΓΥΜΝΑΣΙΟ ΝΙΚΑΙΑΣ,23.628831,37.973819
11707,9ο ΓΥΜΝΑΣΙΟ ΠΕΙΡΑΙΑ,23.648826,37.935809
11708,ΓΥΜΝΑΣΙΟ ΚΑΜΙΝΙΩΝ ΠΕΙΡΑΙΑ,23.65366,37.950292
11709,2ο ΓΥΜΝΑΣΙΟ ΝΕΑΣ ΙΩΝΙΑΣ,23.742142,38.034865
11710,10ο ΓΥΜΝΑΣΙΟ ΠΕΙΡΑΙΑ,23.6467,37.944015
11711,13ο ΓΥΜΝΑΣΙΟ ΠΕΙΡΑΙΑ,23.640091,37.951563
11712,2ο ΓΥΜΝΑΣΙΟ ΠΕΥΚΗΣ,23.784538,38.050382
11713,3ο ΓΥΜΝΑΣΙΟ ΧΑΛΑΝΔΡΙΟΥ,23.803835,38.025852
11714,3ο ΓΥΜΝΑΣΙΟ ΒΡΙΛΗΣΣΙΩΝ,,
11715,2ο ΓΥΜΝΑΣΙΟ ΑΓΙΑΣ ΠΑΡΑΣΚΕΥΗΣ,23.822296,38.000208
11716,6ο ΓΥΜΝΑΣΙΟ ΧΑΛΑΝΔΡΙΟΥ,23.79145,38.022032
11717,2ο ΓΥΜΝΑΣΙΟ ΧΟΛΑΡΓΟΥ,23.805106,37.999758
11718,2ο ΓΥΜΝΑΣΙΟ ΔΡΑΠΕΤΣΩΝΑΣ,23.628439,37.943096
11719,ΓΥΜΝΑΣΙΟ ΜΕΘΑΝΩΝ,23.391842,37.581852
11720,6ο ΓΥΜΝΑΣΙΟ ΑΜΑΡΟΥΣΙΟΥ,23.792582,38.04327
11721,2ο ΓΥΜΝΑΣΙΟ ΧΑΛΑΝΔΡΙΟΥ,23.811791,38.026536
11722,6ο ΓΥΜΝΑΣΙΟ ΑΓ. ΔΗΜΗΤΡΙΟΥ,,
11723,9ο ΓΥΜΝΑΣΙΟ ΚΑΛΛΙΘΕΑΣ,23.715728,37.959873
11724,2ο ΓΥΜΝΑΣΙΟ ΠΕΙΡΑΙΑ,23.65585,37.942755
11725,3ο ΓΥΜΝΑΣΙΟ ΧΟΛΑΡΓΟΥ,23.805405,37.998342
11726,3ο ΓΥΜΝΑΣΙΟ ΑΓΙΑΣ ΠΑΡΑΣΚΕΥΗΣ,23.830823,38.019201
11727,5ο ΓΥΜΝΑΣΙΟ ΧΑΛΑΝΔΡΙΟΥ,23.796196,38.008841
11728,2ο ΓΥΜΝΑΣΙΟ ΚΑΛΛΙΠΟΛΗΣ,23.624602,37.92954
11729,2ο ΓΥΜΝΑΣΙΟ ΝΕΟΥ ΨΥΧΙΚΟΥ,23.779569,38.001298
11730,6ο ΓΥΜΝΑΣΙΟ ΚΕΡΑΤΣΙΝΙΟΥ,23.616554,37.94945
11731,3ο ΓΥΜΝΑΣΙΟ ΝΕΑΣ ΙΩΝΙΑΣ,23.75765,38.033296
11732,3ο ΓΥΜΝΑΣΙΟ ΜΕΤΑΜΟΡΦΩΣΗΣ,23.756462,38.054128
11733,1ο ΑΡΣΑΚΕΙΟ ΓΥΜΝΑΣΙΟ ΨΥΧΙΚΟΥ,,
11734,2ο ΑΡΣΑΚΕΙΟ ΓΥΜΝΑΣΙΟ ΨΥΧΙΚΟΥ,,
11735,2ο ΓΥΜΝΑΣΙΟ ΠΑΠΑΓΟΥ,23.78882,37.990294
11736,1ο ΓΥΜΝΑΣΙΟ ΠΑΠΑΓΟΥ,23.78882,37.990294
11737,1ο ΓΥΜΝΑΣΙΟ ΧΟΛΑΡΓΟΥ,23.794652,37.997747
11738,3ο ΓΥΜΝΑΣΙΟ ΑΓΙΟΥ ΙΩΑΝΝΗ ΡΕΝΤΗ,23.662031,37.963094
11739,ΓΥΜΝΑΣΙΟ ΑΜΠΕΛΑΚΙΩΝ ΣΑΛΑΜΙΝΑΣ,23.527986,37.954422
11740,1ο ΓΥΜΝΑΣΙΟ ΑΙΓΙΝΑΣ,23.433573,37.744954
11741,1ο ΓΥΜΝΑΣΙΟ ΠΕΥΚΗΣ,23.784329,38.058655
11742,1ο ΓΥΜΝΑΣΙΟ ΝΕΑΣ ΙΩΝΙΑΣ,23.743999,38.034027
11743,1ο ΓΥΜΝΑΣΙΟ ΒΡΙΛΗΣΣΙΩΝ,23.833993,38.031603
11744,1ο ΓΥΜΝΑΣΙΟ ΑΜΑΡΟΥΣΙΟΥ,23.805107,38.046205
11745,ΓΥΜΝΑΣΙΟ ΝΙΚΑΙΑΣ ΕΣΠΕΡΙΝΟ,23.63648,37.969706
11746,6ο ΓΥΜΝΑΣΙΟ ΝΙΚΑΙΑΣ,23.658558,37.97152
11747,7ο ΓΥΜΝΑΣΙΟ ΧΑΛΑΝΔΡΙΟΥ,23.790583,38.018231
11748,2ο ΓΥΜΝΑΣΙΟ ΣΑΛΑΜΙΝΑΣ,23.513389,37.969419
11749,1ο ΓΥΜΝΑΣΙΟ ΜΕΛΙΣΣΙΩΝ,23.836825,38.050281
11750,2ο ΤΟΣΙΤΣΙΟ ΑΡΣΑΚΕΙΟ ΓΥΜΝΑΣΙΟ ΕΚΑΛΗΣ,23.839841,38.107612
11751,3ο ΓΥΜΝΑΣΙΟ ΚΕΡΑΤΣΙΝΙΟΥ,23.622333,37.960811
11752,4ο ΓΥΜΝΑΣΙΟ ΧΑΛΑΝΔΡΙΟΥ,23.81824,38.022896
11753,1ο ΓΥΜΝΑΣΙΟ ΚΑΛΛΙΠΟΛΗΣ,23.628031,37.933824
11754,1ο ΓΥΜΝΑΣΙΟ ΝΕΟΥ ΨΥΧΙΚΟΥ,23.779569,38.001298
11755,1ο ΓΥΜΝΑΣΙΟ ΑΓΙΟΥ ΙΩΑΝΝΗ ΡΕΝΤΗ,23.669392,37.958199
11756,1ο ΓΥΜΝΑΣΙΟ ΝΙΚΑΙΑΣ,23.63648,37.969706
11757,7ο ΓΥΜΝΑΣΙΟ ΑΜΑΡΟΥΣΙΟΥ,23.80731,38.032184
11758,9ο ΓΥΜΝΑΣΙΟ ΝΙΚΑΙΑΣ,23.626278,37.980259
11759,7ο ΓΥΜΝΑΣΙΟ ΝΙΚΑΙΑΣ,23.63648,37.969706
11760,1ο ΓΥΜΝΑΣΙΟ ΧΑΛΑΝΔΡΙΟΥ,23.806066,38.020146
11761,2ο ΓΥΜΝΑΣΙΟ ΜΕΤΑΜΟΡΦΩΣΗΣ,23.762526,38.055821
11762,7ο ΓΥΜΝΑΣΙΟ ΠΕΙΡΑΙΑ,23.628283,37.956236
11763,ΓΥΜΝΑΣΙΟ ΓΑΛΑΤΑ ΤΡΟΙΖΗΝΙΑΣ,23.447098,37.49074
11764,1ο ΓΥΜΝΑΣΙΟ ΠΕΡΑΜΑΤΟΣ,23.555481,37.964779
11765,5ο ΓΥΜΝΑΣΙΟ ΝΙΚΑΙΑΣ,23.626278,37.980259
11766,2ο ΓΥΜΝΑΣΙΟ ΠΕΙΡΑΙΑ ΕΣΠΕΡΙΝΟ,23.643563,37.940884
11767,ΓΥΜΝΑΣΙΟ ΠΕΡΑΜΑΤΟΣ ΕΣΠΕΡΙΝΟ,23.555481,37.964779
11768,3ο ΓΥΜΝΑΣΙΟ ΣΑΛΑΜΙΝΑΣ,23.499746,37.968626
11769,ΓΥΜΝΑΣΙΟ ΚΑΣΤΕΛΛΑΣ,23.656165,37.942886
11770,5ο ΓΥΜΝΑΣΙΟ ΑΜΑΡΟΥΣΙΟΥ,23.816284,38.053354
11771,2ο ΓΥΜΝΑΣΙΟ ΜΕΛΙΣΣΙΩΝ,23.836825,38.050281
11772,2ο ΓΥΜΝΑΣΙΟ ΑΜΑΡΟΥΣΙΟΥ,23.810502,38.047649
11773,3ο ΓΥΜΝΑΣΙΟ ΑΜΑΡΟΥΣΙΟΥ,23.791909,38.050519
11774,1ο ΓΥΜΝΑΣΙΟ ΑΓΙΑΣ ΠΑΡΑΣΚΕΥΗΣ,23.823201,38.00111
11775,4ο ΓΥΜΝΑΣΙΟ ΝΙΚΑΙΑΣ,23.631405,37.967514
11776,1ο ΤΟΣΙΤΣΙΟ ΑΡΣΑΚΕΙΟ ΓΥΜΝΑΣΙΟ ΕΚΑΛΗΣ,23.839841,38.107612
11777,ΓΥΜΝΑΣΙΟ ΑΙΑΝΤΕΙΟΥ ΣΑΛΑΜΙΝΑΣ,23.469107,37.918502
11778,4ο ΓΥΜΝΑΣΙΟ ΠΕΙΡΑΙΑ,23.628411,37.958538
11779,2ο ΓΥΜΝΑΣΙΟ ΝΕΟΥ ΗΡΑΚΛΕΙΟΥ,23.770339,38.057078
11780,3ο ΓΥΜΝΑΣΙΟ ΚΗΦΙΣΙΑΣ,23.795233,38.095291
11781,8ο ΓΥΜΝΑΣΙΟ Ν. ΦΙΛΟΘΕΗΣ ΑΜΑΡΟΥΣΙΟΥ,23.783404,38.029631
11782,6ο ΓΥΜΝΑΣΙΟ ΝΕΟΥ ΗΡΑΚΛΕΙΟΥ,23.75582,38.048349
11783,4ο ΓΥΜΝΑΣΙΟ ΝΕΟΥ ΗΡΑΚΛΕΙΟΥ,23.773533,38.043544
11784,3ο ΓΥΜΝΑΣΙΟ ΝΕΟΥ ΗΡΑΚΛΕΙΟΥ,23.754469,38.050164
11785,ΓΥΜΝΑΣΙΟ ΝΕΑΣ ΠΕΝΤΕΛΗΣ,23.851751,38.052785
11786,2ο ΓΥΜΝΑΣΙΟ ΚΗΦΙΣΙΑΣ,23.796804,38.075177
11787,5ο ΓΥΜΝΑΣΙΟ ΝΕΑΣ ΙΩΝΙΑΣ,23.752381,38.040827
11788,1ο ΓΥΜΝΑΣΙΟ ΝΕΟΥ ΗΡΑΚΛΕΙΟΥ,23.770339,38.057078
11789,ΓΥΜΝΑΣΙΟ ΦΙΛΟΘΕΗΣ,23.778023,38.020038
11790,8ο ΕΝΙΑΙΟ ΛΥΚΕΙΟ ΠΕΙΡΑΙΑ,23.631197,37.958662
11791,4ο ΕΝΙΑΙΟ ΛΥΚΕΙΟ ΝΕΟΥ ΗΡΑΚΛΕΙΟΥ - Τ.Α.Δ.,23.773533,38.043544
11792,4ο ΕΝΙΑΙΟ ΛΥΚΕΙΟ ΓΛΥΦΑΔΑΣ,23.760553,37.888914
11793,1ο ΕΝΙΑΙΟ ΛΥΚΕΙΟ ΒΡΙΛΗΣΣΙΩΝ,23.833993,38.031603
11794,2ο ΕΝΙΑΙΟ ΛΥΚΕΙΟ ΒΡΙΛΗΣΣΙΩΝ,23.837906,38.038418
11795,4ο ΕΝΙΑΙΟ ΛΥΚΕΙΟ ΧΑΛΑΝΔΡΙΟΥ,23.784434,38.010816
11796,1ο ΕΝΙΑΙΟ ΛΥΚΕΙΟ ΔΡΑΠΕΤΣΩΝΑΣ,23.624741,37.946273
11797,3ο ΕΝΙΑΙΟ ΛΥΚΕΙΟ ΓΛΥΦΑΔΑΣ,23.745846,37.864815
11798,1ο ΕΝΙΑΙΟ ΛΥΚΕΙΟ ΚΑΛΛΙΘΕΑΣ,23.688542,37.951586
11799,2ο ΕΝΙΑΙΟ ΛΥΚΕΙΟ ΧΑΛΑΝΔΡΙΟΥ,23.811791,38.026536
11800,6ο ΕΝΙΑΙΟ ΛΥΚΕΙΟ ΝΕΑΣ ΣΜΥΡΝΗΣ,23.7223,37.941766
11801,9ο ΕΝΙΑΙΟ ΛΥΚΕΙΟ ΠΕΙΡΑΙΑ,23.648826,37.935809
11802,2ο ΕΝΙΑΙΟ ΛΥΚΕΙΟ ΚΕΡΑΤΣΙΝΙΟΥ,23.622114,37.967962
11803,ΕΝΙΑΙΟ ΛΥΚΕΙΟ ΑΘΗΝΑΣ ΠΕΙΡΑΜΑΤΙΚΟ ΒΑΡΒΑΚΕΙΟ,23.762389,38.000054
11804,2ο ΕΝΙΑΙΟ ΛΥΚΕΙΟ ΑΜΑΡΟΥΣΙΟΥ,23.810502,38.047649
11805,1ο ΕΝΙΑΙΟ ΛΥΚΕΙΟ ΠΕΡΑΜΑΤΟΣ,23.555481,37.964779
11806,4ο ΕΝΙΑΙΟ ΛΥΚΕΙΟ ΚΑΛΛΙΘΕΑΣ,23.700284,37.956025
11807,ΕΝΙΑΙΟ ΛΥΚΕΙΟ ΚΑΛΛΙΠΟΛΗΣ ΠΕΙΡΑΙΑ,23.628031,37.933824
11808,1ο ΕΝΙΑΙΟ ΛΥΚΕΙΟ ΠΕΙΡΑΙΑ ΕΣΠΕΡΙΝΟ,23.643563,37.940884
11809,ΕΝΙΑΙΟ ΛΥΚΕΙΟ ΜΕΛΙΣΣΙΩΝ,23.836779,38.054035
11810,6ο ΕΝΙΑΙΟ ΛΥΚΕΙΟ ΠΕΙΡΑΙΑ,23.639086,37.935209
11811,7ο ΕΝΙΑΙΟ ΛΥΚΕΙΟ ΠΕΙΡΑΙΑ,23.628283,37.956236
11812,2ο ΑΡΣΑΚΕΙΟ ΕΝΙΑΙΟ ΛΥΚΕΙΟ ΨΥΧΙΚΟΥ,23.774275,38.012891
11813,ΕΝΙΑΙΟ ΛΥΚΕΙΟ ΚΟΡΥΔΑΛΛΟΥ ΕΣΠΕΡΙΝΟ,,
11814,ΕΝΙΑΙΟ ΛΥΚΕΙΟ ΠΕΙΡΑΙΑ ΠΕΙΡΑΜΑΤΙΚΟ ΙΩΝΙΔΕΙΟΣ,23.643563,37.940884
11815,ΕΝΙΑΙΟ ΛΥΚΕΙΟ ΑΜΑΡΟΥΣΙΟΥ ΠΕΙΡΑΜΑΤΙΚΟ ΑΝΑΒΡΥΤΩΝ,23.802794,38.042473
11816,1ο ΑΡΣΑΚΕΙΟ ΕΝΙΑΙΟ ΛΥΚΕΙΟ ΨΥΧΙΚΟΥ,23.774275,38.012891
11817,3ο ΕΝΙΑΙΟ ΛΥΚΕΙΟ ΚΕΡΑΤΣΙΝΙΟΥ,23.622114,37.967962
11818,ΕΝΙΑΙΟ ΛΥΚΕΙΟ ΚΥΘΗΡΩΝ,22.98792,36.148209
11819,4ο ΕΝΙΑΙΟ ΛΥΚΕΙΟ ΚΕΡΑΤΣΙΝΙΟΥ,,
11820,6ο ΕΝΙΑΙΟ ΛΥΚΕΙΟ ΝΕΑΣ ΙΩΝΙΑΣ,23.743452,38.031826
11821,ΕΝΙΑΙΟ ΛΥΚΕΙΟ ΓΑΛΑΤΑ,23.447098,37.49074
11822,ΕΝΙΑΙΟ ΛΥΚΕΙΟ ΣΙΒΙΤΑΝΙΔΕΙΟΥ,23.710688,37.975567
11823,ΕΝΙΑΙΟ ΛΥΚΕΙΟ ΑΓΙΟΥ ΔΗΜΗΤΡΙΟΥ ΕΣΠΕΡΙΝΟ,23.731968,37.941618
11824,4ο ΕΝΙΑΙΟ ΛΥΚΕΙΟ ΚΟΡΥΔΑΛΛΟΥ,23.644011,37.984237
11825,2ο ΕΝΙΑΙΟ ΛΥΚΕΙΟ ΝΙΚΑΙΑΣ,23.639353,37.962594
11826,1ο ΕΝΙΑΙΟ ΛΥΚΕΙΟ ΝΙΚΑΙΑΣ,23.63648,37.969706
11827,1ο ΕΝΙΑΙΟ ΛΥΚΕΙΟ ΠΕΙΡΑΙΑ,23.639086,37.935209
11828,5ο ΕΝΙΑΙΟ ΛΥΚΕΙΟ ΧΑΛΑΝΔΡΙΟΥ,23.796961,38.013353
11829,3ο ΕΝΙΑΙΟ ΛΥΚΕΙΟ ΠΕΙΡΑΙΑ,23.639462,37.951237
11830,ΕΝΙΑΙΟ ΛΥΚΕΙΟ ΝΕΑΣ ΣΜΥΡΝΗΣ ΠΕΙΡΑΜΑΤΙΚΟ ΕΥΑΓΓΕΛΙΚΗΣ ΣΧΟΛΗΣ,23.707578,37.930449
11831,2ο ΕΝΙΑΙΟ ΛΥΚΕΙΟ ΚΗΦΙΣΙΑΣ,23.796804,38.075177
11832,ΕΝΙΑΙΟ ΛΥΚΕΙΟ ΑΜΠΕΛΑΚΙΩΝ ΣΑΛΑΜΙΝΑΣ,23.527986,37.954422
11833,13ο ΕΝΙΑΙΟ ΛΥΚΕΙΟ ΠΕΙΡΑΙΑ,23.642694,37.94148
11834,1ο ΕΝΙΑΙΟ ΛΥΚΕΙΟ ΚΕΡΑΤΣΙΝΙΟΥ,23.606521,37.965802
11835,"2ο ΕΝΙΑΙΟ ΛΥΚΕΙΟ ΝΕΑΣ ΣΜΥΡΝΗΣ ""ΟΜΗΡΕΙΟ""",23.715935,37.945063
11836,ΕΝΙΑΙΟ ΛΥΚΕΙΟ ΠΟΡΟΥ,23.456312,37.499794
11837,1ο ΕΝΙΑΙΟ ΛΥΚΕΙΟ ΕΛΛΗΝΙΚΟΥ,23.742628,37.895662
11838,5ο ΕΝΙΑΙΟ ΛΥΚΕΙΟ ΝΕΑΣ ΣΜΥΡΝΗΣ,23.707053,37.934681
11839,ΑΡΣΑΚΕΙΟ ΕΝΙΑΙΟ ΛΥΚΕΙΟ ΚΛΑΣΙΚΟ,23.774275,38.012891
11840,5ο ΕΝΙΑΙΟ ΛΥΚΕΙΟ ΚΑΛΛΙΘΕΑΣ,23.701971,37.94821
11841,9ο ΕΝΙΑΙΟ ΛΥΚΕΙΟ ΑΜΑΡΟΥΣΙΟΥ,,
11842,4ο ΕΝΙΑΙΟ ΛΥΚΕΙΟ ΠΕΙΡΑΙΑ,23.629112,37.960501
11843,5ο ΕΝΙΑΙΟ ΛΥΚΕΙΟ ΚΟΡΥΔΑΛΛΟΥ,23.644011,37.984237
11844,2ο ΕΝΙΑΙΟ ΛΥΚΕΙΟ ΚΟΡΥΔΑΛΛΟΥ,23.65046,37.976798
11845,2ο ΤΟΣΙΤΣΙΟ ΑΡΣΑΚΕΙΟ ΕΝΙΑΙΟ ΛΥΚΕΙΟ ΕΚΑΛΗΣ,,
11846,10ο ΕΝΙΑΙΟ ΛΥΚΕΙΟ ΠΕΙΡΑΙΑ,23.649409,37.958338
11847,1ο ΕΝΙΑΙΟ ΛΥΚΕΙΟ ΣΑΛΑΜΙΝΑΣ,23.47749,37.96858
11848,8ο ΕΝΙΑΙΟ ΛΥΚΕΙΟ ΑΜΑΡΟΥΣΙΟΥ,23.806795,38.03142
11849,1ο ΤΟΣΙΤΣΙΟ ΑΡΣΑΚΕΙΟ ΕΝΙΑΙΟ ΛΥΚΕΙΟ ΕΚΑΛΗΣ,,
11850,4ο ΕΝΙΑΙΟ ΛΥΚΕΙΟ ΠΑΛΑΙΟΥ ΦΑΛΗΡΟΥ,23.704027,37.924227
11851,3ο ΕΝΙΑΙΟ ΛΥΚΕΙΟ ΝΙΚΑΙΑΣ,23.631405,37.967514
11852,5ο ΕΝΙΑΙΟ ΛΥΚΕΙΟ ΝΕΑΣ ΙΩΝΙΑΣ,23.755752,38.037283
11853,ΕΝΙΑΙΟ ΛΥΚΕΙΟ ΑΙΓΙΝΗΣ,23.433573,37.744954
11854,1ο ΕΝΙΑΙΟ ΛΥΚΕΙΟ ΚΟΡΥΔΑΛΛΟΥ,23.646061,37.976023
11855,ΕΝΙΑΙΟ ΛΥΚΕΙΟ ΝΙΚΑΙΑΣ ΕΣΠΕΡΙΝΟ,23.63648,37.969706
11856,15ο ΕΝΙΑΙΟ ΛΥΚΕΙΟ ΠΕΙΡΑΙΑ,23.641522,37.95832
11857,1ο ΕΝΙΑΙΟ ΛΥΚΕΙΟ ΚΗΦΙΣΙΑΣ,23.815659,38.077282
11858,5ο ΕΝΙΑΙΟ ΛΥΚΕΙΟ ΑΜΑΡΟΥΣΙΟΥ,23.795835,38.044995
11859,ΕΝΙΑΙΟ ΛΥΚΕΙΟ ΣΠΕΤΣΩΝ,23.154176,37.262564
11860,12ο ΕΝΙΑΙΟ ΛΥΚΕΙΟ ΠΕΙΡΑΙΑ,23.647845,37.939221
11861,2ο ΕΝΙΑΙΟ ΛΥΚΕΙΟ ΠΑΛΑΙΟΥ ΦΑΛΗΡΟΥ,23.708261,37.926548
11862,1ο ΕΝΙΑΙΟ ΛΥΚΕΙΟ ΓΛΥΦΑΔΑΣ,23.746146,37.867538
11863,6ο ΕΝΙΑΙΟ ΛΥΚΕΙΟ ΑΜΑΡΟΥΣΙΟΥ,23.816284,38.053354
11864,2ο ΕΝΙΑΙΟ ΛΥΚΕΙΟ ΠΕΥΚΗΣ,23.784538,38.050382
11865,1ο ΕΝΙΑΙΟ ΛΥΚΕΙΟ ΜΕΤΑΜΟΡΦΩΣΗΣ,23.755122,38.063899
11866,ΕΝΙΑΙΟ ΛΥΚΕΙΟ ΝΕΑΣ ΙΩΝΙΑΣ ΕΣΠΕΡΙΝΟ,23.743999,38.034027
11867,1ο ΕΝΙΑΙΟ ΛΥΚΕΙΟ ΜΟΣΧΑΤΟΥ,23.682606,37.950719
11868,3ο ΕΝΙΑΙΟ ΛΥΚΕΙΟ ΑΡΓΥΡΟΥΠΟΛΗΣ,23.751632,37.898141
11869,1ο ΕΝΙΑΙΟ ΛΥΚΕΙΟ ΠΑΛΑΙΟΥ ΦΑΛΗΡΟΥ,23.689797,37.928265
11870,3ο ΕΝΙΑΙΟ ΛΥΚΕΙΟ ΚΗΦΙΣΙΑΣ,23.795233,38.095291
11871,4ο ΕΝΙΑΙΟ ΛΥΚΕΙΟ ΝΕΑΣ ΙΩΝΙΑΣ,23.774536,38.035401
11872,2ο ΕΝΙΑΙΟ ΛΥΚΕΙΟ ΠΑΠΑΓΟΥ,23.78882,37.990294
11873,ΕΝΙΑΙΟ ΛΥΚΕΙΟ ΚΑΜΙΝΙΩΝ,23.65366,37.950292
11874,4ο ΕΝΙΑΙΟ ΛΥΚΕΙΟ ΑΜΑΡΟΥΣΙΟΥ,23.811969,38.037845
11875,3ο ΕΝΙΑΙΟ ΛΥΚΕΙΟ ΑΛΙΜΟΥ,23.735671,37.923727
11876,5ο ΕΝΙΑΙΟ ΛΥΚΕΙΟ ΝΙΚΑΙΑΣ,23.639927,37.961767
11877,2ο ΕΝΙΑΙΟ ΛΥΚΕΙΟ ΑΡΓΥΡΟΥΠΟΛΗΣ,23.744538,37.916459
11878,2ο ΕΝΙΑΙΟ ΛΥΚΕΙΟ ΑΓΙΑΣ ΠΑΡΑΣΚΕΥΗΣ,23.817757,38.014986
11879,2ο ΕΝΙΑΙΟ ΛΥΚΕΙΟ ΓΛΥΦΑΔΑΣ,23.759844,37.860398
11880,3ο ΕΝΙΑΙΟ ΛΥΚΕΙΟ ΠΑΛΑΙΟΥ ΦΑΛΗΡΟΥ,23.702728,37.933283
11881,4ο ΕΝΙΑΙΟ ΛΥΚΕΙΟ ΝΕΑΣ ΣΜΥΡΝΗΣ,23.707053,37.934681
11882,6ο ΕΝΙΑΙΟ ΛΥΚΕΙΟ ΓΛΥΦΑΔΑΣ,23.763992,37.870649
11883,ΕΝΙΑΙΟ ΛΥΚΕΙΟ ΑΓΙΑΣ ΠΑΡΑΣΚΕΥΗΣ ΕΙΔΙΚΟ ΚΩΦΩΝ ΒΑΡΗΚΟΩΝ,23.822585,38.016571
11884,1ο ΕΝΙΑΙΟ ΛΥΚΕΙΟ ΠΕΥΚΗΣ,23.7864,38.057943
11885,1ο ΕΝΙΑΙΟ ΛΥΚΕΙΟ ΝΕΑΣ ΙΩΝΙΑΣ,23.743999,38.034027
11886,2ο ΕΝΙΑΙΟ ΛΥΚΕΙΟ ΠΕΙΡΑΙΑ,23.65585,37.942755
11887,ΕΝΙΑΙΟ ΛΥΚΕΙΟ ΠΕΙΡΑΙΑ ΡΑΛΛΕΙΟΝ ΘΗΛΕΩΝ,23.640756,37.943771
11888,2ο ΕΝΙΑΙΟ ΛΥΚΕΙΟ ΜΟΣΧΑΤΟΥ,23.684011,37.951975
11889,1ο ΕΝΙΑΙΟ ΛΥΚΕΙΟ ΝΕΑΣ ΣΜΥΡΝΗΣ,23.707021,37.942744
11890,1ο ΕΝΙΑΙΟ ΛΥΚΕΙΟ ΑΡΓΥΡΟΥΠΟΛΗΣ,23.742193,37.910833
11891,2ο ΕΝΙΑΙΟ ΛΥΚΕΙΟ ΕΛΛΗΝΙΚΟΥ ΔΙΑΠΟΛΙΤΙΣΜΙΚΗΣ ΕΚΠΑΙΔΕΥΣΗΣ,23.738892,37.889956
11892,4ο ΕΝΙΑΙΟ ΛΥΚΕΙΟ ΑΛΙΜΟΥ,23.715808,37.913649
11893,1ο ΕΝΙΑΙΟ ΛΥΚΕΙΟ ΑΛΙΜΟΥ,23.715848,37.913036
11894,ΕΝΙΑΙΟ ΛΥΚΕΙΟ ΑΡΓΥΡΟΥΠΟΛΗΣ ΚΩΦΩΝ - ΒΑΡΗΚΟΩΝ,23.739818,37.907816
11895,2ο ΕΝΙΑΙΟ ΛΥΚΕΙΟ ΝΕΑΣ ΙΩΝΙΑΣ,23.752381,38.040827
11896,2ο ΕΝΙΑΙΟ ΛΥΚΕΙΟ ΚΑΛΛΙΘΕΑΣ,23.688542,37.951586
11897,ΕΝΙΑΙΟ ΛΥΚΕΙΟ ΝΕΑΣ ΕΡΥΘΡΑΙΑΣ,23.809992,38.096937
11898,1ο ΕΝΙΑΙΟ ΛΥΚΕΙΟ ΛΥΚΟΒΡΥΣΗΣ,23.784025,38.065674
11899,3ο ΕΝΙΑΙΟ ΛΥΚΕΙΟ ΝΕΑΣ ΙΩΝΙΑΣ,23.755419,38.029594
11900,1ο ΕΝΙΑΙΟ ΛΥΚΕΙΟ ΑΓΙΟΥ ΔΗΜΗΤΡΙΟΥ,23.731968,37.941618
11901,ΕΝΙΑΙΟ ΛΥΚΕΙΟ ΚΑΣΤΕΛΛΑΣ,23.656165,37.942886
11902,ΕΝΙΑΙΟ ΛΥΚΕΙΟ ΥΔΡΑΣ,23.46813,37.346074
11903,ΕΝΙΑΙΟ ΛΥΚΕΙΟ ΑΓΙΟΥ ΙΩΑΝΝΗ ΡΕΝΤΗ,23.66899,37.958333
11904,11ο ΕΝΙΑΙΟ ΛΥΚΕΙΟ ΠΕΙΡΑΙΑ - Τ.Α.Δ.,23.649409,37.958338
11905,2ο ΕΝΙΑΙΟ ΛΥΚΕΙΟ ΧΟΛΑΡΓΟΥ,23.801524,37.99481
11906,1ο ΕΝΙΑΙΟ ΛΥΚΕΙΟ ΧΟΛΑΡΓΟΥ,23.801524,37.99481
11907,1ο ΕΝΙΑΙΟ ΛΥΚΕΙΟ ΝΕΟΥ ΨΥΧΙΚΟΥ,23.778655,38.000999
11908,3ο ΕΝΙΑΙΟ ΛΥΚΕΙΟ ΑΓΙΑΣ ΠΑΡΑΣΚΕΥΗΣ,23.829406,38.019294
11909,1ο ΕΝΙΑΙΟ ΛΥΚΕΙΟ ΠΑΠΑΓΟΥ,23.78882,37.990294
11910,ΕΝΙΑΙΟ ΛΥΚΕΙΟ ΠΕΙΡΑΙΑ ΠΕΙΡΑΜΑΤΙΚΟ ΖΑΝΝΕΙΟ,23.645933,37.946259
11911,ΕΝΙΑΙΟ ΛΥΚΕΙΟ ΡΙΖΑΡΕΙΟ ΕΚΚΛΗΣΙΑΣΤΙΚΟ,23.795551,38.028379
11912,ΕΝΙΑΙΟ ΛΥΚΕΙΟ ΠΕΝΤΕΛΗΣ,,
11913,3ο ΕΝΙΑΙΟ ΛΥΚΕΙΟ ΑΓΙΟΥ ΔΗΜΗΤΡΙΟΥ,23.723425,37.923837
11914,ΕΝΙΑΙΟ ΛΥΚΕΙΟ ΦΙΛΟΘΕΗΣ,23.771635,38.02653
11915,ΕΝΙΑΙΟ ΛΥΚΕΙΟ ΠΑΛΑΙΟΥ ΨΥΧΙΚΟΥ,23.772455,38.016902
11916,1ο ΕΝΙΑΙΟ ΛΥΚΕΙΟ ΑΓΙΑΣ ΠΑΡΑΣΚΕΥΗΣ,23.823201,38.00111
11917,ΕΝΙΑΙΟ ΛΥΚΕΙΟ ΝΕΑΣ ΠΕΝΤΕΛΗΣ,23.851751,38.052785
11918,6ο ΕΝΙΑΙΟ ΛΥΚΕΙΟ ΚΑΛΛΙΘΕΑΣ,23.698235,37.945262
11919,7ο ΕΝΙΑΙΟ ΛΥΚΕΙΟ Ν. ΣΜΥΡΝΗΣ,,
11920,2ο ΕΝΙΑΙΟ ΛΥΚΕΙΟ ΑΓΙΟΥ ΔΗΜΗΤΡΙΟΥ,23.723768,37.932253
11921,4ο ΕΝΙΑΙΟ ΛΥΚΕΙΟ ΑΡΓΥΡΟΥΠΟΛΗΣ,23.755647,37.894886
11922,8ο ΕΝΙΑΙΟ ΛΥΚΕΙΟ ΚΑΛΛΙΘΕΑΣ,23.7054,37.951761
11923,2ο ΕΝΙΑΙΟ ΛΥΚΕΙΟ ΔΡΑΠΕΤΣΩΝΑΣ,23.628439,37.943096
11924,3ο ΕΝΙΑΙΟ ΛΥΚΕΙΟ ΑΜΑΡΟΥΣΙΟΥ,23.790914,38.046899
11925,1ο ΕΝΙΑΙΟ ΛΥΚΕΙΟ ΑΜΑΡΟΥΣΙΟΥ,23.805107,38.046205
11926,2ο ΕΝΙΑΙΟ ΛΥΚΕΙΟ ΠΕΡΑΜΑΤΟΣ,23.601499,37.961041
11927,6ο ΕΝΙΑΙΟ ΛΥΚΕΙΟ ΚΟΡΥΔΑΛΛΟΥ,23.65106,37.983123
11928,ΕΝΙΑΙΟ ΛΥΚΕΙΟ ΠΕΙΡΑΙΑ ΜΟΥΣΙΚΟ,23.639438,37.958812
11929,4ο ΕΝΙΑΙΟ ΛΥΚΕΙΟ ΝΙΚΑΙΑΣ,23.658558,37.97152
11930,2ο ΕΝΙΑΙΟ ΛΥΚΕΙΟ ΣΑΛΑΜΙΝΑΣ,23.47749,37.96858
11931,3ο ΕΝΙΑΙΟ ΛΥΚΕΙΟ ΚΟΡΥΔΑΛΛΟΥ,23.644011,37.984237
11932,3ο ΕΝΙΑΙΟ ΛΥΚΕΙΟ ΝΕΑΣ ΣΜΥΡΝΗΣ,23.712131,37.945507
11933,4ο ΕΝΙΑΙΟ ΛΥΚΕΙΟ ΑΓΙΑΣ ΠΑΡΑΣΚΕΥΗΣ,23.807458,38.001259
11934,5ο ΕΝΙΑΙΟ ΛΥΚΕΙΟ ΓΛΥΦΑΔΑΣ,23.758851,37.886974
11935,2ο ΕΝΙΑΙΟ ΛΥΚΕΙΟ ΝΕΟΥ ΗΡΑΚΛΕΙΟΥ,23.770339,38.057078
11936,3ο ΕΝΙΑΙΟ ΛΥΚΕΙΟ ΝΕΟΥ ΗΡΑΚΛΕΙΟΥ,23.75663,38.047255
11937,7ο ΕΝΙΑΙΟ ΛΥΚΕΙΟ ΚΑΛΛΙΘΕΑΣ,23.704265,37.95205
11938,ΕΝΙΑΙΟ ΛΥΚΕΙΟ ΚΑΛΛΙΘΕΑΣ ΕΣΠΕΡΙΝΟ,23.7143,37.960504
11939,2ο ΕΝΙΑΙΟ ΛΥΚΕΙΟ ΝΕΟΥ ΨΥΧΙΚΟΥ,23.778655,38.000999
11940,3ο ΕΝΙΑΙΟ ΛΥΚΕΙΟ ΧΑΛΑΝΔΡΙΟΥ,23.792902,38.023704
11941,1ο ΕΝΙΑΙΟ ΛΥΚΕΙΟ ΝΕΟΥ ΗΡΑΚΛΕΙΟΥ,23.770339,38.057078
11942,ΕΝΙΑΙΟ ΛΥΚΕΙΟ ΠΕΡΑΜΑΤΟΣ ΕΣΠΕΡΙΝΟ,,
11943,3ο ΕΝΙΑΙΟ ΛΥΚΕΙΟ ΧΟΛΑΡΓΟΥ,23.805405,37.998342
11944,3ο ΕΝΙΑΙΟ ΛΥΚΕΙΟ ΚΑΛΛΙΘΕΑΣ,23.700284,37.956025
11945,2ο ΕΝΙΑΙΟ ΛΥΚΕΙΟ ΑΛΙΜΟΥ,23.73636,37.918979
11946,1ο ΕΝΙΑΙΟ ΛΥΚΕΙΟ ΧΑΛΑΝΔΡΙΟΥ,23.806066,38.020146
11947,7ο ΤΕΕ ΧΑΛΑΝΔΡΙΟΥ ΕΣΠΕΡΙΝΟ,23.79324,38.03021
11948,2ο ΤΕΕ ΠΕΡΑΜΑΤΟΣ,23.601499,37.961041
11949,2ο ΤΕΕ Ν. ΙΩΝΙΑΣ ΕΣΠΕΡΙΝΟ,23.748266,38.033049
11950,1ο ΤΕΕ ΣΑΛΑΜΙΝΑΣ,23.499746,37.968626
11951,1ο ΤΕΕ ΓΛΥΦΑΔΑΣ,23.763992,37.870649
11952,1ο ΤΕΕ ΑΓΙΟΥ ΔΗΜΗΤΡΙΟΥ,23.728052,37.943402
11953,1ο ΤΕΕ ΠΕΙΡΑΙΑ,23.655548,37.949085
11954,2ο ΤΕΕ ΚΟΡΥΔΑΛΛΟΥ,23.643803,37.986697
11955,1ο ΤΕΕ Ν. ΣΜΥΡΝΗΣ,23.712131,37.945507
11956,1ο ΤΕΕ ΚΟΡΥΔΑΛΛΟΥ,23.639309,37.980144
11957,2ο ΤΕΕ ΑΡΓΥΡΟΥΠΟΛΗΣ,23.753472,37.904921
11958,ΤΕΕ ΑΓΙΑΣ ΠΑΡΑΣΚΕΥΗΣ ΕΙΔΙΚΟ ΚΩΦΩΝ ΚΑΙ ΒΑΡΗΚΟΩΝ,23.822585,38.016571
11959,2ο ΤΕΕ ΔΡΑΠΕΤΣΩΝΑΣ,23.617653,37.9453
11960,ΤΕΕ ΑΝΑΒΡΥΤΩΝ,23.802794,38.042473
11961,8ο ΤΕΕ ΠΕΙΡΑΙΑ,23.641522,37.95832
11962,3ο ΤΕΕ ΣΙΒΙΤΑΝΙΔΕΙΟΥ,23.693423,37.959502
11963,2ο ΤΕΕ ΣΑΛΑΜΙΝΑΣ ΕΣΠΕΡΙΝΟ,23.499746,37.968626
11964,1ο ΤΕΕ ΠΕΡΑΜΑΤΟΣ,23.601499,37.961041
11965,1ο ΤΕΕ ΔΡΑΠΕΤΣΩΝΑΣ,23.617653,37.9453
11966,5ο ΤΕΕ ΧΑΛΑΝΔΡΙΟΥ,23.805135,38.013289
11967,2ο ΤΕΕ ΣΙΒΙΤΑΝΙΔΕΙΟΥ,23.693423,37.959502
11968,6ο ΤΕΕ ΠΕΙΡΑΙΑ,23.645933,37.946259
11969,3ο ΤΕΕ ΠΕΙΡΑΙΑ,23.641522,37.95832
11970,1ο ΤΕΕ ΧΑΛΑΝΔΡΙΟΥ,23.796961,38.013353
11971,1ο ΤΕΕ ΓΑΛΑΤΑ,23.447098,37.49074
11972,1ο ΤΕΕ ΝΕΑΣ ΙΩΝΙΑΣ,23.743452,38.031826
11973,7ο ΤΕΕ ΠΕΙΡΑΙΑ ΕΣΠΕΡΙΝΟ,23.637748,37.952545
11974,2ο ΤΕΕ ΧΑΛΑΝΔΡΙΟΥ,23.806066,38.020146
11975,4ο ΤΕΕ ΣΙΒΙΤΑΝΙΔΕΙΟΥ,23.693423,37.959502
11976,1ο ΤΕΕ ΑΡΓΥΡΟΥΠΟΛΗΣ,23.751632,37.898141
11977,1ο ΤΕΕ ΑΓΙΑΣ ΠΑΡΑΣΚΕΥΗΣ,23.813668,38.002614
11978,5ο ΤΕΕ ΣΙΒΙΤΑΝΙΔΕΙΟΥ,23.693423,37.959502
11979,3ο ΤΕΕ ΧΑΛΑΝΔΡΙΟΥ,23.79324,38.03021
11980,1ο ΤΕΕ ΑΓΙΟΥ ΙΩΑΝΝΗ ΡΕΝΤΗ,23.66899,37.958333
11981,2ο ΤΕΕ ΑΜΑΡΟΥΣΙΟΥ,23.78844,38.04333
11982,5ο ΤΕΕ ΠΕΙΡΑΙΑ,23.655548,37.949085
11983,3ο ΤΕΕ ΑΜΑΡΟΥΣΙΟΥ / ΣΕΛΕΤΕ,23.78844,38.04333
11984,1ο ΤΕΕ ΑΜΑΡΟΥΣΙΟΥ,23.78844,38.04333
11985,4ο ΤΕΕ ΧΑΛΑΝΔΡΙΟΥ,23.79324,38.03021
11986,1ο ΤΕΕ ΑΛΙΜΟΥ,23.735671,37.923727
11987,1ο ΤΕΕ ΑΙΓΙΝΑΣ,23.433573,37.744954
11988,1ο ΤΕΕ ΣΙΒΙΤΑΝΙΔΕΙΟΥ,23.693423,37.959502
11989,2ο ΤΕΕ Ν. ΣΜΥΡΝΗΣ,23.712131,37.945507
11990,9ο ΤΕΕ ΠΕΙΡΑΙΑ,,
11991,6ο ΤΕΕ ΧΑΛΑΝΔΡΙΟΥ,23.79145,38.022032
11992,1ο ΤΕΕ ΕΛΛΗΝΙΚΟΥ,23.741351,37.884915
11993,2ο ΤΕΕ ΠΕΙΡΑΙΑ ΕΣΠΕΡΙΝΟ,23.646452,37.948536
11994,1ο ΤΕΕ ΝΙΚΑΙΑΣ,23.639927,37.961767
11995,2ο ΤΕΕ ΑΓΙΟΥ ΔΗΜΗΤΡΙΟΥ ΕΣΠΕΡΙΝΟ,23.728052,37.943402
11996,3ο ΤΕΕ Ν. ΣΜΥΡΝΗΣ,23.712131,37.945507
11997,1ο ΣΕΚ Β' ΠΕΙΡΑΙΑ (ΣΑΛΑΜΙΝΑΣ),23.499746,37.968626
11998,1ο ΣΕΚ Δ' ΑΘΗΝΑΣ (ΑΓΙΟΥ ΔΗΜΗΤΡΙΟΥ),23.728052,37.943402
11999,2ο ΣΕΚ Β' ΠΕΙΡΑΙΑ (ΑΙΓΙΝΑΣ),23.433573,37.744954
12000,7ο ΣΕΚ Α' ΠΕΙΡΑΙΑ (ΠΕΡΑΜΑΤΟΣ),23.573656,37.964794
12001,1ο ΣΕΚ ΠΕΙΡΑΙΑ,23.646452,37.948536
12002,2ο ΣΕΚ Δ' ΑΘΗΝΑΣ (ΑΡΓΥΡΟΥΠΟΛΗΣ),23.749787,37.906942
12003,2ο ΣΕΚ ΠΕΙΡΑΙΑ (ΚΑΜΙΝΙΩΝ),23.655548,37.949085
12004,6ο ΣΕΚ Α' ΠΕΙΡΑΙΑ (ΚΟΡΥΔΑΛΛΟΥ),23.638042,37.994569
12005,1ο ΣΕΚ Β' ΑΘΗΝΑΣ (ΑΓΙΑΣ ΠΑΡΑΣΚΕΥΗΣ),23.822997,38.011844
12006,3ο ΣΕΚ Β' ΑΘΗΝΑΣ (ΑΜΑΡΟΥΣΙΟΥ),23.78844,38.04333
12007,4ο ΣΕΚ Α' ΠΕΙΡΑΙΑ ( ΝΙΚΑΙΑΣ),23.639927,37.961767
12008,3ο ΣΕΚ Δ' ΑΘΗΝΑΣ (ΝΕΑΣ ΣΜΥΡΝΗΣ),23.712597,37.951687
12009,3ο ΣΕΚ Β' ΠΕΙΡΑΙΑ (ΓΑΛΑΤΑ),23.457729,37.474027
12010,3ο ΣΕΚ ΠΕΙΡΑΙΑ (ΔΡΑΠΕΤΣΩΝΑΣ),23.617653,37.9453
12011,2ο ΣΕΚ Β' ΑΘΗΝΑΣ (ΧΑΛΑΝΔΡΙΟΥ),23.79324,38.03021
12012,1ο ΣΕΚ ΣΙΒΙΤΑΝΙΔΕΙΟΥ,23.693423,37.959502
12013,5ο ΣΕΚ Α' ΠΕΙΡΑΙΑ (ΒΩΚΟΥ),23.641522,37.95832
12014,4ο ΣΕΚ Β' ΑΘΗΝΑΣ (ΝΕΑΣ ΙΩΝΙΑΣ),23.759038,38.03746
12015,ΣΥΜΒΟΥΛΕΥΤΙΚΟΣ ΣΤΑΘΜΟΣ ΝΕΩΝ ΠΕΙΡΑΙΑ,23.646873,37.944302
12016,ΣΥΜΒΟΥΛΕΥΤΙΚΟΣ ΣΤΑΘΜΟΣ ΝΕΩΝ Β' ΑΘΗΝΑΣ,,
12017,ΣΥΜΒΟΥΛΕΥΤΙΚΟΣ ΣΤΑΘΜΟΣ ΝΕΩΝ Δ' ΑΘΗΝΑΣ,,
12018,9ο ΔΗΜΟΤΙΚΟ ΣΧΟΛΕΙΟ ΚΑΛΛΙΘΕΑΣ,23.694868,37.955113
12019,8ο ΔΗΜΟΤΙΚΟ ΣΧΟΛΕΙΟ ΚΑΛΛΙΘΕΑΣ,23.684199,37.940744
12020,5ο ΔΗΜΟΤΙΚΟ ΣΧΟΛΕΙΟ ΚΑΛΛΙΘΕΑΣ,23.705654,37.96149
12021,1ο ΔΗΜΟΤΙΚΟ ΣΧΟΛΕΙΟ ΚΑΛΛΙΘΕΑΣ,23.69896,37.949708
12022,3ο ΔΗΜΟΤΙΚΟ ΣΧΟΛΕΙΟ ΚΑΛΛΙΘΕΑΣ,23.691535,37.950012
12023,2ο ΔΗΜΟΤΙΚΟ ΣΧΟΛΕΙΟ ΚΑΛΛΙΘΕΑΣ ΕΛΛΗ ΑΛΕΞΙΟΥ,23.705954,37.962053
12024,6ο ΔΗΜΟΤΙΚΟ ΣΧΟΛΕΙΟ ΓΛΥΦΑΔΑΣ,23.764024,37.898046
12025,2ο ΔΗΜΟΤΙΚΟ ΣΧΟΛΕΙΟ ΓΛΥΦΑΔΑΣ,23.742893,37.882333
12026,1ο ΔΗΜΟΤΙΚΟ ΣΧΟΛΕΙΟ ΓΛΥΦΑΔΑΣ,23.751876,37.86332
12027,11ο ΔΗΜΟΤΙΚΟ ΣΧΟΛΕΙΟ ΗΡΑΚΛΕΙΟΥ,23.768422,38.047211
12028,20ο ΔΗΜΟΤΙΚΟ ΣΧΟΛΕΙΟ ΝΕΑΣ ΙΩΝΙΑΣ,23.74779,38.033294
12029,11ο ΔΗΜΟΤΙΚΟ ΣΧΟΛΕΙΟ ΑΓΙΑΣ ΠΑΡΑΣΚΕΥΗΣ,23.822974,38.013768
12030,22ο ΔΗΜΟΤΙΚΟ ΣΧΟΛΕΙΟ ΚΟΡΥΔΑΛΛΟΥ,23.652552,37.97882
12031,ΔΗΜΟΤΙΚΟ ΣΧΟΛΕΙΟ ΚΑΛΛΙΘΕΑΣ ΕΙΔΙΚΗΣ ΕΠΑΓΓΕΛΜΑΤΙΚΗΣ ΕΚΠΑΙΔΕΥΣΗΣ,23.689714,37.944463
12032,7ο ΔΗΜΟΤΙΚΟ ΣΧΟΛΕΙΟ ΓΛΥΦΑΔΑΣ,23.766637,37.892565
12033,ΔΗΜΟΤΙΚΟ ΣΧΟΛΕΙΟ ΝΕΑΣ ΙΩΝΙΑΣ ΔΙΑΠΟΛΙΤΙΣΜΙΚΗΣ ΕΚΠΑΙΔΕΥΣΗΣ,23.773212,38.035367
12034,3ο ΔΗΜΟΤΙΚΟ ΣΧΟΛΕΙΟ ΝΕΑΣ ΕΡΥΘΡΑΙΑΣ,23.809739,38.093359
12035,ΔΗΜΟΤΙΚΟ ΣΧΟΛΕΙΟ ΝΕΟΥ ΗΡΑΚΛΕΙΟΥ ΕΙΔΙΚΟ,23.768729,38.039216
12036,12ο ΔΗΜΟΤΙΚΟ ΣΧΟΛΕΙΟ ΚΑΛΛΙΘΕΑΣ,23.685048,37.950581
12037,11ο ΔΗΜΟΤΙΚΟ ΣΧΟΛΕΙΟ ΚΑΛΛΙΘΕΑΣ,23.709696,37.956267
12038,4ο ΔΗΜΟΤΙΚΟ ΣΧΟΛΕΙΟ ΑΡΓΥΡΟΥΠΟΛΗΣ,23.748863,37.913506
12039,1ο ΔΗΜΟΤΙΚΟ ΣΧΟΛΕΙΟ ΜΟΣΧΑΤΟΥ,23.676106,37.948823
12040,10ο ΔΗΜΟΤΙΚΟ ΣΧΟΛΕΙΟ ΗΡΑΚΛΕΙΟΥ,23.772452,38.047219
12041,5ο ΔΗΜΟΤΙΚΟ ΣΧΟΛΕΙΟ ΜΕΛΙΣΣΙΩΝ,23.832521,38.059899
12042,8ο ΔΗΜΟΤΙΚΟ ΣΧΟΛΕΙΟ ΚΕΡΑΤΣΙΝΙΟΥ,23.613568,37.953855
12043,5ο ΔΗΜΟΤΙΚΟ ΣΧΟΛΕΙΟ ΚΟΡΥΔΑΛΛΟΥ,23.638985,37.98749
12044,6ο ΔΗΜΟΤΙΚΟ ΣΧΟΛΕΙΟ ΚΟΡΥΔΑΛΛΟΥ,23.644994,37.984211
12045,7ο ΔΗΜΟΤΙΚΟ ΣΧΟΛΕΙΟ ΚΟΡΥΔΑΛΛΟΥ,23.658438,37.981888
12046,12ο ΔΗΜΟΤΙΚΟ ΣΧΟΛΕΙΟ ΝΙΚΑΙΑΣ,23.65322,37.970955
12047,17ο ΔΗΜΟΤΙΚΟ ΣΧΟΛΕΙΟ ΚΟΡΥΔΑΛΛΟΥ,23.64608,37.97761
12048,2ο ΔΗΜΟΤΙΚΟ ΣΧΟΛΕΙΟ ΚΟΡΥΔΑΛΛΟΥ,23.650052,37.978591
12049,2ο ΔΗΜΟΤΙΚΟ ΣΧΟΛΕΙΟ ΔΡΑΠΕΤΣΩΝΑΣ,23.619319,37.944675
12050,23ο ΔΗΜΟΤΙΚΟ ΣΧΟΛΕΙΟ ΠΕΙΡΑΙΑ,23.625755,37.934563
12051,26ο ΔΗΜΟΤΙΚΟ ΣΧΟΛΕΙΟ ΠΕΙΡΑΙΑ,23.635624,37.927795
12052,32ο ΔΗΜΟΤΙΚΟ ΣΧΟΛΕΙΟ ΠΕΙΡΑΙΑ,23.628104,37.934472
12053,19ο ΔΗΜΟΤΙΚΟ ΣΧΟΛΕΙΟ ΝΙΚΑΙΑΣ,23.635761,37.976013
12054,22ο ΔΗΜΟΤΙΚΟ ΣΧΟΛΕΙΟ ΝΙΚΑΙΑΣ,23.65085,37.968267
12055,25ο ΔΗΜΟΤΙΚΟ ΣΧΟΛΕΙΟ ΝΙΚΑΙΑΣ,23.627526,37.985981
12056,ΔΗΜΟΤΙΚΟ ΣΧΟΛΕΙΟ ΠΑΛΑΙΟΧΩΡΙΟΥ ΓΡΕΒΕΝΩΝ,21.690962,40.042747
12057,ΔΗΜΟΤΙΚΟ ΣΧΟΛΕΙΟ ΤΑΚΤΙΚΟΥΠΟΛΗΣ ΤΡΟΙΖΗΝΙΑΣ,,
12058,9ο ΔΗΜΟΤΙΚΟ ΣΧΟΛΕΙΟ ΝΙΚΑΙΑΣ,23.635726,37.975871
12059,6ο ΔΗΜΟΤΙΚΟ ΣΧΟΛΕΙΟ ΝΙΚΑΙΑΣ,23.639977,37.970216
12060,17ο ΔΗΜΟΤΙΚΟ ΣΧΟΛΕΙΟ ΝΙΚΑΙΑΣ,23.653145,37.971173
12061,3ο ΔΗΜΟΤΙΚΟ ΣΧΟΛΕΙΟ ΝΙΚΑΙΑΣ,23.640554,37.97038
12062,8ο ΔΗΜΟΤΙΚΟ ΣΧΟΛΕΙΟ ΚΟΡΥΔΑΛΛΟΥ,23.645141,37.98415
12063,ΔΗΜΟΤΙΚΟ ΣΧΟΛΕΙΟ ΜΕΤΑΜΟΡΦΩΣΗΣ ΤΡΟΙΖΗΝΙΑΣ,,
12064,ΔΗΜΟΤΙΚΟ ΣΧΟΛΕΙΟ ΣΑΡΑΚΗΝΗΣ ΓΡΕΒΕΝΩΝ,21.650862,40.026481
12065,11ο ΔΗΜΟΤΙΚΟ ΣΧΟΛΕΙΟ ΚΟΡΥΔΑΛΛΟΥ,23.652567,37.978669
12066,12ο ΔΗΜΟΤΙΚΟ ΣΧΟΛΕΙΟ ΚΟΡΥΔΑΛΛΟΥ,23.642931,37.989746
12067,10ο ΔΗΜΟΤΙΚΟ ΣΧΟΛΕΙΟ ΚΟΡΥΔΑΛΛΟΥ,23.633512,37.989163
12068,9ο ΔΗΜΟΤΙΚΟ ΣΧΟΛΕΙΟ ΚΟΡΥΔΑΛΛΟΥ,23.63837,37.996416
12069,4ο ΔΗΜΟΤΙΚΟ ΣΧΟΛΕΙΟ ΔΡΑΠΕΤΣΩΝΑΣ,23.623733,37.946067
12070,48ο ΔΗΜΟΤΙΚΟ ΣΧΟΛΕΙΟ ΠΕΙΡΑΙΑ,23.628127,37.934175
12071,4ο ΔΗΜΟΤΙΚΟ ΣΧΟΛΕΙΟ ΚΕΡΑΤΣΙΝΙΟΥ,23.618056,37.950607
12072,1ο ΔΗΜΟΤΙΚΟ ΣΧΟΛΕΙΟ ΔΡΑΠΕΤΣΩΝΑΣ,23.621475,37.941999
12073,47ο ΔΗΜΟΤΙΚΟ ΣΧΟΛΕΙΟ ΠΕΙΡΑΙΑ,23.65622,37.956705
12074,34ο ΔΗΜΟΤΙΚΟ ΣΧΟΛΕΙΟ ΠΕΙΡΑΙΑ,23.630305,37.929548
12075,ΔΗΜΟΤΙΚΟ ΣΧΟΛΕΙΟ ΔΗΜΗΤΡΑΣ ΓΡΕΒΕΝΩΝ,,
12076,2ο ΔΗΜΟΤΙΚΟ ΣΧΟΛΕΙΟ ΣΑΛΑΜΙΝΟΣ,23.514809,37.964857
12077,44ο ΔΗΜΟΤΙΚΟ ΣΧΟΛΕΙΟ ΠΕΙΡΑΙΑ,23.651178,37.960205
12078,ΔΗΜΟΤΙΚΟ ΣΧΟΛΕΙΟ ΑΓΙΟΥ ΓΕΩΡΓΙΟΥ ΓΡΕΒΕΝΩΝ,21.408027,40.194574
12079,1ο ΔΗΜΟΤΙΚΟ ΣΧΟΛΕΙΟ ΠΕΙΡΑΙΑ ΠΕΙΡΑΜΑΤΑΙΚΟ ΡΑΛΛΕΙΟΣ ΠΑΙΔ.ΑΚΑΔΗΜΙΑ,23.654893,37.943201
12080,14ο ΔΗΜΟΤΙΚΟ ΣΧΟΛΕΙΟ ΠΕΙΡΑΙΑ,23.659411,37.951984
12081,42ο ΔΗΜΟΤΙΚΟ ΣΧΟΛΕΙΟ ΠΕΙΡΑΙΑ,23.64739,37.944782
12082,6ο ΔΗΜΟΤΙΚΟ ΣΧΟΛΕΙΟ ΑΓΙΟΥ ΙΩΑΝΝΗ ΡΕΝΤΗ,23.627686,37.932869
12083,ΔΗΜΟΤΙΚΟ ΣΧΟΛΕΙΟ ΝΕΟΥ ΣΙΔΗΡΟΧΩΡΙΟΥ ΚΟΜΟΤΗΝΗ,25.356096,41.02238
12084,21ο ΔΗΜΟΤΙΚΟ ΣΧΟΛΕΙΟ ΠΕΙΡΑΙΑ,23.648396,37.940724
12085,ΔΗΜΟΤΙΚΟ ΣΧΟΛΕΙΟ ΝΕΟΧΩΡΙΟΥ ΞΑΝΘΗΣ,,
12086,27ο ΔΗΜΟΤΙΚΟ ΣΧΟΛΕΙΟ ΝΙΚΑΙΑΣ,23.655163,37.964644
12087,ΔΗΜΟΤΙΚΟ ΣΧΟΛΕΙΟ ΣΤΑΥΡΟΥΠΟΛΗΣ ΞΑΝΘΗΣ,24.706049,41.196319
12088,1ο ΔΗΜΟΤΙΚΟ ΣΧΟΛΕΙΟ ΚΟΡΥΔΑΛΛΟΥ,23.645617,37.973873
12089,ΔΗΜΟΤΙΚΟ ΣΧΟΛΕΙΟ ΚΥΚΝΟΥ ΜΕΙΟΝΟΤΙΚΟ,,
12090,17ο ΔΗΜΟΤΙΚΟ ΣΧΟΛΕΙΟ ΠΕΙΡΑΙΑ,23.660108,37.952341
12091,ΔΗΜΟΤΙΚΟ ΣΧΟΛΕΙΟ ΙΣΑΙΑΣ ΜΕΙΟΝΟΤΙΚΟ,,
12092,ΔΗΜΟΤΙΚΟ ΣΧΟΛΕΙΟ ΑΓΙΟΥ ΓΕΩΡΓΙΟΥ ΤΡΟΙΖΗΝΙΑΣ,,
12093,16ο ΔΗΜΟΤΙΚΟ ΣΧΟΛΕΙΟ ΠΕΙΡΑΙΑ,23.649862,37.950368
12094,15ο ΔΗΜΟΤΙΚΟ ΣΧΟΛΕΙΟ ΠΕΙΡΑΙΑ,23.649631,37.949945
12095,36ο ΔΗΜΟΤΙΚΟ ΣΧΟΛΕΙΟ ΠΕΙΡΑΙΑ,23.654889,37.943472
12096,2ο ΔΗΜΟΤΙΚΟ ΣΧΟΛΕΙΟ ΝΕΟΥ ΦΑΛΗΡΟΥ,,
12097,13ο ΔΗΜΟΤΙΚΟ ΣΧΟΛΕΙΟ ΠΕΙΡΑΙΑ,23.651379,37.961685
12098,29ο ΔΗΜΟΤΙΚΟ ΣΧΟΛΕΙΟ ΠΕΙΡΑΙΑ,23.650655,37.941402
12099,35ο ΔΗΜΟΤΙΚΟ ΣΧΟΛΕΙΟ ΠΕΙΡΑΙΑ,23.654887,37.943525
12100,13ο ΔΗΜΟΤΙΚΟ ΣΧΟΛΕΙΟ ΚΕΡΑΤΣΙΝΙΟΥ,23.609159,37.950213
12101,3ο ΔΗΜΟΤΙΚΟ ΣΧΟΛΕΙΟ ΠΕΙΡΑΙΑ,23.649261,37.947395
12102,8ο ΔΗΜΟΤΙΚΟ ΣΧΟΛΕΙΟ ΑΓΙΑΣ ΠΑΡΑΣΚΕΥΗΣ,23.828276,38.009523
12103,18ο ΔΗΜΟΤΙΚΟ ΣΧΟΛΕΙΟ ΝΙΚΑΙΑΣ,23.631063,37.97919
12104,14ο ΔΗΜΟΤΙΚΟ ΣΧΟΛΕΙΟ ΝΙΚΑΙΑΣ,23.639241,37.96416
12105,13ο ΔΗΜΟΤΙΚΟ ΣΧΟΛΕΙΟ ΝΙΚΑΙΑΣ,23.630953,37.979267
12106,20ο ΔΗΜΟΤΙΚΟ ΣΧΟΛΕΙΟ ΚΑΛΛΙΘΕΑΣ,23.688411,37.951696
12107,20ο ΔΗΜΟΤΙΚΟ ΣΧΟΛΕΙΟ ΝΙΚΑΙΑΣ,23.627804,37.98582
12108,2ο ΔΗΜΟΤΙΚΟ ΣΧΟΛΕΙΟ ΝΕΟΥ ΨΥΧΙΚΟΥ,23.784132,38.004874
12109,1ο ΔΗΜΟΤΙΚΟ ΣΧΟΛΕΙΟ ΠΕΙΡΑΙΑ ΕΙΔΙΚΟ,23.648085,37.962424
12110,ΔΗΜΟΤΙΚΟ ΣΧΟΛΕΙΟ ΤΥΦΛΟΚΩΦΩΝ ΚΑΛΛΙΘΕΑΣ ΕΙΔΙΚΟ,23.692961,37.951968
12111,9ο ΔΗΜΟΤΙΚΟ ΣΧΟΛΕΙΟ ΗΡΑΚΛΕΙΟΥ,23.772564,38.047269
12112,11ο ΔΗΜΟΤΙΚΟ ΣΧΟΛΕΙΟ ΝΙΚΑΙΑΣ,23.631272,37.96387
12113,ΔΗΜΟΤΙΚΟ ΣΧΟΛΕΙΟ ΒΡΟΝΤΟΥ ΣΑΛΑΜΙΝΑΣ,,
12114,9ο ΔΗΜΟΤΙΚΟ ΣΧΟΛΕΙΟ ΠΕΡΑΜΑΤΟΣ,,
12115,1ο ΔΗΜΟΤΙΚΟ ΣΧΟΛΕΙΟ ΚΑΛΛΙΘΕΑΣ ΕΙΔΙΚΟ,23.705642,37.961482
12116,55ο ΔΗΜΟΤΙΚΟ ΣΧΟΛΕΙΟ ΠΕΙΡΑΙΑ,23.63952,37.931276
12117,8ο ΔΗΜΟΤΙΚΟ ΣΧΟΛΕΙΟ ΗΡΑΚΛΕΙΟΥ,23.759153,38.047025
12118,21ο ΔΗΜΟΤΙΚΟ ΣΧΟΛΕΙΟ ΚΕΡΑΤΣΙΝΙΟΥ,23.609178,37.950033
12119,53ο ΔΗΜΟΤΙΚΟ ΣΧΟΛΕΙΟ ΠΕΙΡΑΙΑ,23.656221,37.956496
12120,ΔΗΜΟΤΙΚΟ ΣΧΟΛΕΙΟ ΤΥΦΛΩΝ ΚΑΛΛΙΘΕΑΣ(Κ.Ε.Α.Τ.) ΕΙΔΙΚΟ,23.692806,37.951864
12121,9ο ΔΗΜΟΤΙΚΟ ΣΧΟΛΕΙΟ ΝΕΑΣ ΙΩΝΙΑΣ,23.76108,38.036342
12122,2ο ΔΗΜΟΤΙΚΟ ΣΧΟΛΕΙΟ ΡΑΛΛΕΙΟΣ ΠΑΙΔ ΑΚΑΔΗΜΙΑ,23.654891,37.943413
12123,6ο ΔΗΜΟΤΙΚΟ ΣΧΟΛΕΙΟ ΜΕΤΑΜΟΡΦΩΣΗΣ,23.752852,38.063197
12124,3ο ΔΗΜΟΤΙΚΟ ΣΧΟΛΕΙΟ ΜΕΤΑΜΟΡΦΩΣΗΣ,23.759615,38.058001
12125,14ο ΔΗΜΟΤΙΚΟ ΣΧΟΛΕΙΟ ΝΕΑΣ ΙΩΝΙΑΣ,23.76108,38.036342
12126,15ο ΔΗΜΟΤΙΚΟ ΣΧΟΛΕΙΟ ΝΕΑΣ ΙΩΝΙΑΣ,23.75858,38.031612
12127,2ο ΔΗΜΟΤΙΚΟ ΣΧΟΛΕΙΟ ΑΓΙΑΣ ΠΑΡΑΣΚΕΥΗΣ,23.824063,38.000773
12128,6ο ΔΗΜΟΤΙΚΟ ΣΧΟΛΕΙΟ ΝΕΑΣ ΙΩΝΙΑΣ,23.753597,38.034472
12129,13ο ΔΗΜΟΤΙΚΟ ΣΧΟΛΕΙΟ ΝΕΑΣ ΙΩΝΙΑΣ,23.753514,38.034273
12130,12ο ΔΗΜΟΤΙΚΟ ΣΧΟΛΕΙΟ ΝΕΑΣ ΙΩΝΙΑΣ,23.746214,38.04761
12131,11ο ΔΗΜΟΤΙΚΟ ΣΧΟΛΕΙΟ ΝΕΑΣ ΙΩΝΙΑΣ,23.758631,38.031413
12132,10ο ΔΗΜΟΤΙΚΟ ΣΧΟΛΕΙΟ ΝΕΑΣ ΙΩΝΙΑΣ,23.77416,38.031086
12133,8ο ΔΗΜΟΤΙΚΟ ΣΧΟΛΕΙΟ ΝΕΑΣ ΙΩΝΙΑΣ,23.743368,38.031082
12134,9ο ΔΗΜΟΤΙΚΟ ΣΧΟΛΕΙΟ ΧΑΛΑΝΔΡΙΟΥ,23.801987,38.025866
12135,4ο ΔΗΜΟΤΙΚΟ ΣΧΟΛΕΙΟ ΝΕΑΣ ΙΩΝΙΑΣ,23.748913,38.0388
12136,16ο ΔΗΜΟΤΙΚΟ ΣΧΟΛΕΙΟ ΝΕΑΣ ΙΩΝΙΑΣ,23.773339,38.035594
12137,1ο ΔΗΜΟΤΙΚΟ ΣΧΟΛΕΙΟ ΝΕΑΣ ΙΩΝΙΑΣ,23.745546,38.040032
12138,11ο ΔΗΜΟΤΙΚΟ ΣΧΟΛΕΙΟ ΑΜΑΡΟΥΣΙΟΥ,23.811328,38.049161
12139,10ο ΔΗΜΟΤΙΚΟ ΣΧΟΛΕΙΟ ΑΜΑΡΟΥΣΙΟΥ,23.81959,38.05345
12140,3ο ΔΗΜΟΤΙΚΟ ΣΧΟΛΕΙΟ ΧΟΛΑΡΓΟΥ,23.8052,37.997898
12141,9ο ΔΗΜΟΤΙΚΟ ΣΧΟΛΕΙΟ ΝΕΑΣ ΣΜΥΡΝΗΣ,23.70851,37.947335
12142,15ο ΔΗΜΟΤΙΚΟ ΣΧΟΛΕΙΟ ΚΑΛΛΙΘΕΑΣ ΜΕΛΙΝΑ ΜΕΡΚΟΥΡΗ,23.698405,37.946992
12143,6ο ΔΗΜΟΤΙΚΟ ΣΧΟΛΕΙΟ ΑΡΓΥΡΟΥΠΟΛΗΣ,23.743204,37.911358
12144,2ο ΔΗΜΟΤΙΚΟ ΣΧΟΛΕΙΟ ΠΕΥΚΗΣ,23.786683,38.056369
12145,12ο ΔΗΜΟΤΙΚΟ ΣΧΟΛΕΙΟ ΗΡΑΚΛΕΙΟΥ,23.77081,38.055403
12146,8ο ΔΗΜΟΤΙΚΟ ΣΧΟΛΕΙΟ ΝΕΑΣ ΣΜΥΡΝΗΣ,23.70857,37.930608
12147,9ο ΔΗΜΟΤΙΚΟ ΣΧΟΛΕΙΟ ΑΛΙΜΟΥ,23.702267,37.918272
12148,9ο ΔΗΜΟΤΙΚΟ ΣΧΟΛΕΙΟ ΓΛΥΦΑΔΑΣ,23.759579,37.860919
12149,12ο ΔΗΜΟΤΙΚΟ ΣΧΟΛΕΙΟ ΑΓΙΟΥ ΔΗΜΗΤΡΙΟΥ,23.727,37.931048
12150,14ο ΔΗΜΟΤΙΚΟ ΣΧΟΛΕΙΟ ΚΑΛΛΙΘΕΑΣ,23.690528,37.955997
12151,7ο ΔΗΜΟΤΙΚΟ ΣΧΟΛΕΙΟ ΑΡΓΥΡΟΥΠΟΛΗΣ,23.75246,37.900655
12152,7ο ΔΗΜΟΤΙΚΟ ΣΧΟΛΕΙΟ ΧΑΛΑΝΔΡΙΟΥ,23.795227,38.008325
12153,ΔΗΜΟΤΙΚΟ ΣΧΟΛΕΙΟ ΦΙΛΟΘΕΗΣ,23.778572,38.021663
12154,2ο ΔΗΜΟΤΙΚΟ ΣΧΟΛΕΙΟ ΜΕΛΙΣΣΙΩΝ,23.832466,38.059519
12155,9ο ΔΗΜΟΤΙΚΟ ΣΧΟΛΕΙΟ ΑΜΑΡΟΥΣΙΟΥ,23.792511,38.050147
12156,ΔΗΜΟΤΙΚΟ ΣΧΟΛΕΙΟ ΝΕΑΣ ΠΕΝΤΕΛΗΣ,23.85607,38.056556
12157,6ο ΔΗΜΟΤΙΚΟ ΣΧΟΛΕΙΟ ΧΑΛΑΝΔΡΙΟΥ,23.786427,38.015966
12158,5ο ΔΗΜΟΤΙΚΟ ΣΧΟΛΕΙΟ ΧΑΛΑΝΔΡΙΟΥ,23.824303,38.023107
12159,4ο ΔΗΜΟΤΙΚΟ ΣΧΟΛΕΙΟ ΧΑΛΑΝΔΡΙΟΥ,23.796453,38.013375
12160,3ο ΔΗΜΟΤΙΚΟ ΣΧΟΛΕΙΟ ΚΗΦΙΣΙΑΣ,23.798795,38.094357
12161,3ο ΔΗΜΟΤΙΚΟ ΣΧΟΛΕΙΟ ΧΑΛΑΝΔΡΙΟΥ,23.79321,38.027413
12162,2ο ΔΗΜΟΤΙΚΟ ΣΧΟΛΕΙΟ ΧΑΛΑΝΔΡΙΟΥ,23.802807,38.020788
12163,3ο ΔΗΜΟΤΙΚΟ ΣΧΟΛΕΙΟ ΝΕΑΣ ΙΩΝΙΑΣ,23.753596,38.034622
12164,8ο ΔΗΜΟΤΙΚΟ ΣΧΟΛΕΙΟ ΧΑΛΑΝΔΡΙΟΥ,23.796444,38.013471
12165,1ο ΔΗΜΟΤΙΚΟ ΣΧΟΛΕΙΟ ΧΑΛΑΝΔΡΙΟΥ,23.797514,38.017674
12166,11ο ΔΗΜΟΤΙΚΟ ΣΧΟΛΕΙΟ ΧΑΛΑΝΔΡΙΟΥ,23.804552,38.028968
12167,1ο ΔΗΜΟΤΙΚΟ ΣΧΟΛΕΙΟ ΝΕΟΥ ΨΥΧΙΚΟΥ,23.778641,38.005555
12168,ΔΗΜΟΤΙΚΟ ΣΧΟΛΕΙΟ ΕΚΑΛΗΣ ΖΑΝΝΕΙΟΥ ΕΚΠ ΙΔΡ,,
12169,"1ο ΔΗΜΟΤΙΚΟ ΣΧΟΛΕΙΟ ΠΕΝΤΕΛΗΣ ""ΚΡΥΣΤΑΛΛΕΙΟ""",23.876175,38.053851
12170,12ο ΔΗΜΟΤΙΚΟ ΣΧΟΛΕΙΟ ΧΑΛΑΝΔΡΙΟΥ,23.817447,38.02378
12171,4ο ΔΗΜΟΤΙΚΟ ΣΧΟΛΕΙΟ ΑΓΙΑΣ ΠΑΡΑΣΚΕΥΗΣ,23.824439,38.01667
12172,9ο ΔΗΜΟΤΙΚΟ ΣΧΟΛΕΙΟ ΑΓΙΟΥ ΔΗΜΗΤΡΙΟΥ,23.727424,37.926111
12173,8ο ΔΗΜΟΤΙΚΟ ΣΧΟΛΕΙΟ ΑΓΙΟΥ ΔΗΜΗΤΡΙΟΥ,23.730693,37.934745
12174,7ο ΔΗΜΟΤΙΚΟ ΣΧΟΛΕΙΟ ΑΓΙΟΥ ΔΗΜΗΤΡΙΟΥ,23.734504,37.930769
12175,2ο ΔΗΜΟΤΙΚΟ ΣΧΟΛΕΙΟ ΚΗΦΙΣΙΑΣ,23.811646,38.078511
12176,3ο ΔΗΜΟΤΙΚΟ ΣΧΟΛΕΙΟ ΑΓΙΑΣ ΠΑΡΑΣΚΕΥΗΣ,23.809889,38.000459
12177,2ο ΔΗΜΟΤΙΚΟ ΣΧΟΛΕΙΟ ΧΟΛΑΡΓΟΥ,23.805179,37.997647
12178,1ο ΔΗΜΟΤΙΚΟ ΣΧΟΛΕΙΟ ΠΑΠΑΓΟΥ,23.786797,37.989187
12179,2ο ΔΗΜΟΤΙΚΟ ΣΧΟΛΕΙΟ ΒΡΙΛΗΣΣΙΩΝ,23.845066,38.043597
12180,2ο ΔΗΜΟΤΙΚΟ ΣΧΟΛΕΙΟ ΝΕΑΣ ΕΡΥΘΡΑΙΑΣ,23.80973,38.093492
12181,1ο ΔΗΜΟΤΙΚΟ ΣΧΟΛΕΙΟ ΝΕΑΣ ΕΡΥΘΡΑΙΑΣ,23.819728,38.091249
12182,4ο ΔΗΜΟΤΙΚΟ ΣΧΟΛΕΙΟ ΚΗΦΙΣΙΑΣ,23.796254,38.075647
12183,6ο ΔΗΜΟΤΙΚΟ ΣΧΟΛΕΙΟ ΑΓΙΟΥ ΔΗΜΗΤΡΙΟΥ,23.723626,37.93405
12184,7ο ΔΗΜΟΤΙΚΟ ΣΧΟΛΕΙΟ ΝΕΑΣ ΙΩΝΙΑΣ,23.747703,38.033212
12185,1ο ΔΗΜΟΤΙΚΟ ΣΧΟΛΕΙΟ ΜΕΛΙΣΣΙΩΝ,23.833334,38.050258
12186,17ο ΔΗΜΟΤΙΚΟ ΣΧΟΛΕΙΟ ΚΑΛΛΙΘΕΑΣ ΕΛΛΗ ΑΛΕΞΙΟΥ,23.702111,37.960254
12187,16ο ΔΗΜΟΤΙΚΟ ΣΧΟΛΕΙΟ ΚΑΛΛΙΘΕΑΣ,23.709744,37.956443
12188,9ο ΔΗΜΟΤΙΚΟ ΣΧΟΛΕΙΟ ΠΑΛΑΙΟΥ ΦΑΛΗΡΟΥ,23.689247,37.929219
12189,14ο ΔΗΜΟΤΙΚΟ ΣΧΟΛΕΙΟ ΗΡΑΚΛΕΙΟΥ,23.769202,38.038607
12190,13ο ΔΗΜΟΤΙΚΟ ΣΧΟΛΕΙΟ ΑΓΙΟΥ ΔΗΜΗΤΡΙΟΥ,23.722463,37.920205
12191,4ο ΔΗΜΟΤΙΚΟ ΣΧΟΛΕΙΟ ΜΕΤΑΜΟΡΦΩΣΗΣ,23.743695,38.055298
12192,8ο ΔΗΜΟΤΙΚΟ ΣΧΟΛΕΙΟ ΠΑΛΑΙΟΥ ΦΑΛΗΡΟΥ,23.707902,37.926443
12193,14ο ΔΗΜΟΤΙΚΟ ΣΧΟΛΕΙΟ ΧΑΛΑΝΔΡΙΟΥ,23.808551,38.020876
12194,13ο ΔΗΜΟΤΙΚΟ ΣΧΟΛΕΙΟ ΧΑΛΑΝΔΡΙΟΥ,23.817528,38.023754
12195,10ο ΔΗΜΟΤΙΚΟ ΣΧΟΛΕΙΟ ΧΑΛΑΝΔΡΙΟΥ,23.795227,38.008318
12196,ΔΗΜΟΤΙΚΟ ΣΧΟΛΕΙΟ ΑΒΑΤΟΥ ΜΕΙΟΝΟΤΙΚΟ,24.814982,40.962268
12197,6ο ΔΗΜΟΤΙΚΟ ΣΧΟΛΕΙΟ ΧΟΛΑΡΓΟΥ,23.798577,37.997168
12198,7ο ΔΗΜΟΤΙΚΟ ΣΧΟΛΕΙΟ ΗΡΑΚΛΕΙΟΥ,23.767863,38.038946
12199,13ο ΔΗΜΟΤΙΚΟ ΣΧΟΛΕΙΟ ΗΡΑΚΛΕΙΟΥ,23.751699,38.047409
12200,3ο ΔΗΜΟΤΙΚΟ ΣΧΟΛΕΙΟ ΜΕΛΙΣΣΙΩΝ,23.832508,38.059709
12201,4ο ΔΗΜΟΤΙΚΟ ΣΧΟΛΕΙΟ ΧΟΛΑΡΓΟΥ,23.800526,38.000116
12202,1ο ΔΗΜΟΤΙΚΟ ΣΧΟΛΕΙΟ ΚΟΡΥΔΑΛΛΟΥ ΕΙΔΙΚΟ,23.645382,37.987731
12203,19ο ΔΗΜΟΤΙΚΟ ΣΧΟΛΕΙΟ ΚΟΡΥΔΑΛΛΟΥ,23.643633,37.971622
12204,2ο ΔΗΜΟΤΙΚΟ ΣΧΟΛΕΙΟ ΨΥΧΙΚΟΥ,23.767639,38.007627
12205,5ο ΔΗΜΟΤΙΚΟ ΣΧΟΛΕΙΟ ΚΗΦΙΣΙΑΣ,23.828766,38.062712
12206,4ο ΔΗΜΟΤΙΚΟ ΣΧΟΛΕΙΟ ΝΕΟΥ ΨΥΧΙΚΟΥ,23.774479,37.998497
12207,13ο ΔΗΜΟΤΙΚΟ ΣΧΟΛΕΙΟ ΚΑΛΛΙΘΕΑΣ,23.69425,37.955637
12208,5ο ΔΗΜΟΤΙΚΟ ΣΧΟΛΕΙΟ ΑΡΓΥΡΟΥΠΟΛΗΣ,23.749142,37.913299
12209,11ο ΔΗΜΟΤΙΚΟ ΣΧΟΛΕΙΟ ΑΓΙΟΥ ΔΗΜΗΤΡΙΟΥ,23.7329,37.939072
12210,13ο ΔΗΜΟΤΙΚΟ ΣΧΟΛΕΙΟ ΓΛΥΦΑΔΑΣ,23.748295,37.867772
12211,19ο ΔΗΜΟΤΙΚΟ ΣΧΟΛΕΙΟ ΝΕΑΣ ΙΩΝΙΑΣ,23.740893,38.03019
12212,10ο ΔΗΜΟΤΙΚΟ ΣΧΟΛΕΙΟ ΝΕΑΣ ΣΜΥΡΝΗΣ,23.706643,37.941275
12213,7ο ΔΗΜΟΤΙΚΟ ΣΧΟΛΕΙΟ ΜΕΤΑΜΟΡΦΩΣΗΣ,23.763046,38.064387
12214,1ο ΔΗΜΟΤΙΚΟ ΣΧΟΛΕΙΟ ΗΡΑΚΛΕΙΟΥ,23.759024,38.047055
12215,2ο ΔΗΜΟΤΙΚΟ ΣΧΟΛΕΙΟ ΜΕΤΑΜΟΡΦΩΣΗΣ,23.754783,38.054957
12216,1ο ΔΗΜΟΤΙΚΟ ΣΧΟΛΕΙΟ ΜΕΤΑΜΟΡΦΩΣΗΣ,23.755134,38.061944
12217,5ο ΔΗΜΟΤΙΚΟ ΣΧΟΛΕΙΟ ΗΡΑΚΛΕΙΟΥ,23.778017,38.055421
12218,2ο ΔΗΜΟΤΙΚΟ ΣΧΟΛΕΙΟ ΗΡΑΚΛΕΙΟΥ,23.768358,38.04711
12219,4ο ΔΗΜΟΤΙΚΟ ΣΧΟΛΕΙΟ ΗΡΑΚΛΕΙΟΥ,23.768309,38.059519
12220,3ο ΔΗΜΟΤΙΚΟ ΣΧΟΛΕΙΟ ΗΡΑΚΛΕΙΟΥ,23.75585,38.047908
12221,6ο ΔΗΜΟΤΙΚΟ ΣΧΟΛΕΙΟ ΗΡΑΚΛΕΙΟΥ,23.762912,38.039957
12222,2ο ΔΗΜΟΤΙΚΟ ΣΧΟΛΕΙΟ ΝΕΑΣ ΙΩΝΙΑΣ,23.746175,38.04751
12223,12ο ΔΗΜΟΤΙΚΟ ΣΧΟΛΕΙΟ ΓΛΥΦΑΔΑΣ,23.764418,37.890664
12224,11ο ΔΗΜΟΤΙΚΟ ΣΧΟΛΕΙΟ ΓΛΥΦΑΔΑΣ,23.766206,37.90027
12225,5ο ΔΗΜΟΤΙΚΟ ΣΧΟΛΕΙΟ ΝΕΑΣ ΣΜΥΡΝΗΣ,23.70857,37.930562
12226,2ο ΔΗΜΟΤΙΚΟ ΣΧΟΛΕΙΟ ΜΟΣΧΑΤΟΥ,23.675711,37.94499
12227,6ο ΔΗΜΟΤΙΚΟ ΣΧΟΛΕΙΟ ΝΕΑΣ ΣΜΥΡΝΗΣ,23.708695,37.947296
12228,4ο ΔΗΜΟΤΙΚΟ ΣΧΟΛΕΙΟ ΝΕΑΣ ΣΜΥΡΝΗΣ,23.71464,37.949782
12229,3ο ΔΗΜΟΤΙΚΟ ΣΧΟΛΕΙΟ ΝΕΑΣ ΣΜΥΡΝΗΣ,23.718714,37.945576
12230,2ο ΔΗΜΟΤΙΚΟ ΣΧΟΛΕΙΟ ΝΕΑΣ ΣΜΥΡΝΗΣ,23.711478,37.937627
12231,4ο ΔΗΜΟΤΙΚΟ ΣΧΟΛΕΙΟ ΜΟΣΧΑΤΟΥ,23.681458,37.954451
12232,1ο ΔΗΜΟΤΙΚΟ ΣΧΟΛΕΙΟ ΝΕΑΣ ΣΜΥΡΝΗΣ,23.70665,37.941449
12233,ΔΗΜΟΤΙΚΟ ΣΧΟΛΕΙΟ ΝΕΑΣ ΣΜΥΡΝΗΣ ΑΓΙΟΥ ΑΝΔΡΕΑ,,
12234,7ο ΔΗΜΟΤΙΚΟ ΣΧΟΛΕΙΟ ΝΕΑΣ ΣΜΥΡΝΗΣ,23.718195,37.939148
12235,3ο ΔΗΜΟΤΙΚΟ ΣΧΟΛΕΙΟ ΜΟΣΧΑΤΟΥ,23.671888,37.951634
12236,1ο ΔΗΜΟΤΙΚΟ ΣΧΟΛΕΙΟ ΧΟΛΑΡΓΟΥ,23.798676,37.997287
12237,6ο ΔΗΜΟΤΙΚΟ ΣΧΟΛΕΙΟ ΚΑΛΛΙΘΕΑΣ,23.709756,37.956349
12238,4ο ΔΗΜΟΤΙΚΟ ΣΧΟΛΕΙΟ ΚΑΛΛΙΘΕΑΣ,23.699506,37.950143
12239,10ο ΔΗΜΟΤΙΚΟ ΣΧΟΛΕΙΟ ΚΑΛΛΙΘΕΑΣ,23.692788,37.944761
12240,5ο ΔΗΜΟΤΙΚΟ ΣΧΟΛΕΙΟ ΑΓΙΟΥ ΔΗΜΗΤΡΙΟΥ,23.718028,37.927469
12241,1ο ΔΗΜΟΤΙΚΟ ΣΧΟΛΕΙΟ ΒΡΙΛΗΣΣΙΩΝ,23.827683,38.034821
12242,8ο ΔΗΜΟΤΙΚΟ ΣΧΟΛΕΙΟ ΑΜΑΡΟΥΣΙΟΥ,23.802762,38.048345
12243,7ο ΔΗΜΟΤΙΚΟ ΣΧΟΛΕΙΟ ΑΜΑΡΟΥΣΙΟΥ,23.785043,38.028619
12244,6ο ΔΗΜΟΤΙΚΟ ΣΧΟΛΕΙΟ ΑΜΑΡΟΥΣΙΟΥ,23.798634,38.032646
12245,5ο ΔΗΜΟΤΙΚΟ ΣΧΟΛΕΙΟ ΑΜΑΡΟΥΣΙΟΥ,23.793623,38.036312
12246,3ο ΔΗΜΟΤΙΚΟ ΣΧΟΛΕΙΟ ΑΜΑΡΟΥΣΙΟΥ,23.811298,38.049161
12247,1ο ΔΗΜΟΤΙΚΟ ΣΧΟΛΕΙΟ ΑΜΑΡΟΥΣΙΟΥ,23.805211,38.05638
12248,4ο ΔΗΜΟΤΙΚΟ ΣΧΟΛΕΙΟ ΕΛΛΗΝΙΚΟΥ,23.747251,37.894792
12249,3ο ΔΗΜΟΤΙΚΟ ΣΧΟΛΕΙΟ ΝΕΟΥ ΨΥΧΙΚΟΥ,23.774458,37.99861
12250,1ο ΔΗΜΟΤΙΚΟ ΣΧΟΛΕΙΟ ΑΓΙΟΥ ΔΗΜΗΤΡΙΟΥ,23.72966,37.94238
12251,4ο ΔΗΜΟΤΙΚΟ ΣΧΟΛΕΙΟ ΑΓΙΟΥ ΔΗΜΗΤΡΙΟΥ,23.732627,37.93369
12252,2ο ΔΗΜΟΤΙΚΟ ΣΧΟΛΕΙΟ ΑΓΙΟΥ ΔΗΜΗΤΡΙΟΥ,23.72599,37.944514
12253,10ο ΔΗΜΟΤΙΚΟ ΣΧΟΛΕΙΟ ΑΓΙΟΥ ΔΗΜΗΤΡΙΟΥ,23.715838,37.934224
12254,6ο ΔΗΜΟΤΙΚΟ ΣΧΟΛΕΙΟ ΠΑΛΑΙΟΥ ΦΑΛΗΡΟΥ,23.711925,37.922775
12255,3ο ΔΗΜΟΤΙΚΟ ΣΧΟΛΕΙΟ ΑΓΙΟΥ ΔΗΜΗΤΡΙΟΥ,23.723187,37.937092
12256,4ο ΔΗΜΟΤΙΚΟ ΣΧΟΛΕΙΟ ΓΛΥΦΑΔΑΣ,23.762085,37.875309
12257,1ο ΔΗΜΟΤΙΚΟ ΣΧΟΛΕΙΟ ΕΛΛΗΝΙΚΟΥ,23.750031,37.891453
12258,2ο ΔΗΜΟΤΙΚΟ ΣΧΟΛΕΙΟ ΕΛΛΗΝΙΚΟΥ,23.740471,37.891525
12259,6ο ΔΗΜΟΤΙΚΟ ΣΧΟΛΕΙΟ ΑΛΙΜΟΥ,23.714386,37.919814
12260,5ο ΔΗΜΟΤΙΚΟ ΣΧΟΛΕΙΟ ΑΛΙΜΟΥ,23.71515,37.907984
12261,1ο ΔΗΜΟΤΙΚΟ ΣΧΟΛΕΙΟ ΚΗΦΙΣΙΑΣ,23.81345,38.068383
12262,7ο ΔΗΜΟΤΙΚΟ ΣΧΟΛΕΙΟ ΠΑΛΑΙΟΥ ΦΑΛΗΡΟΥ,23.70773,37.919638
12263,5ο ΔΗΜΟΤΙΚΟ ΣΧΟΛΕΙΟ ΓΛΥΦΑΔΑΣ,23.761664,37.889819
12264,3ο ΔΗΜΟΤΙΚΟ ΣΧΟΛΕΙΟ ΠΑΛΑΙΟΥ ΦΑΛΗΡΟΥ,23.695358,37.924832
12265,5ο ΔΗΜΟΤΙΚΟ ΣΧΟΛΕΙΟ ΠΑΛΑΙΟΥ ΦΑΛΗΡΟΥ,23.697459,37.93949
12266,1ο ΔΗΜΟΤΙΚΟ ΣΧΟΛΕΙΟ ΠΑΛΑΙΟΥ ΦΑΛΗΡΟΥ,23.689219,37.929285
12267,3ο ΔΗΜΟΤΙΚΟ ΣΧΟΛΕΙΟ ΑΡΓΥΡΟΥΠΟΛΗΣ,23.732771,37.908172
12268,2ο ΔΗΜΟΤΙΚΟ ΣΧΟΛΕΙΟ ΑΡΓΥΡΟΥΠΟΛΗΣ,23.748848,37.913338
12269,4ο ΔΗΜΟΤΙΚΟ ΣΧΟΛΕΙΟ ΠΑΛΑΙΟΥ ΦΑΛΗΡΟΥ,23.701365,37.933294
12270,2ο ΔΗΜΟΤΙΚΟ ΣΧΟΛΕΙΟ ΠΑΛΑΙΟΥ ΦΑΛΗΡΟΥ,23.698047,37.9235
12271,"4ο ΔΗΜΟΤΙΚΟ ΣΧΟΛΕΙΟ ΑΛΙΜΟΥ ""ΚΥΒΕΛΗ""",23.73124,37.919117
12272,3ο ΔΗΜΟΤΙΚΟ ΣΧΟΛΕΙΟ ΑΛΙΜΟΥ,23.728023,37.915056
12273,"2ο ΔΗΜΟΤΙΚΟ ΣΧΟΛΕΙΟ ΑΛΙΜΟΥ ""ΕΛΕΥΘΕΡΙΟΣ ΒΕΝΙΖΕΛΟΣ""",23.735583,37.920176
12274,1ο ΔΗΜΟΤΙΚΟ ΣΧΟΛΕΙΟ ΑΛΙΜΟΥ,23.710789,37.908997
12275,1ο ΔΗΜΟΤΙΚΟ ΣΧΟΛΕΙΟ ΑΡΓΥΡΟΥΠΟΛΗΣ,23.745822,37.901243
12276,15ο ΔΗΜΟΤΙΚΟ ΣΧΟΛΕΙΟ ΧΑΛΑΝΔΡΙΟΥ,23.79327,38.02747
12277,5ο ΔΗΜΟΤΙΚΟ ΣΧΟΛΕΙΟ ΜΕΤΑΜΟΡΦΩΣΗΣ,23.758754,38.066916
12278,10ο ΔΗΜΟΤΙΚΟ ΣΧΟΛΕΙΟ ΑΓΙΑΣ ΠΑΡΑΣΚΕΥΗΣ,23.82444,38.016652
12279,5ο ΔΗΜΟΤΙΚΟ ΣΧΟΛΕΙΟ ΒΡΙΛΗΣΣΙΩΝ,23.841609,38.037681
12280,4ο ΔΗΜΟΤΙΚΟ ΣΧΟΛΕΙΟ ΠΕΥΚΗΣ,23.788899,38.061872
12281,7ο ΔΗΜΟΤΙΚΟ ΣΧΟΛΕΙΟ ΚΗΦΙΣΙΑΣ,23.829108,38.084071
12282,11ο ΔΗΜΟΤΙΚΟ ΣΧΟΛΕΙΟ ΠΑΛΑΙΟΥ ΦΑΛΗΡΟΥ,23.701971,37.928923
12283,ΔΗΜΟΤΙΚΟ ΣΧΟΛΕΙΟ ΕΚΑΛΗΣ,,
12284,15ο ΔΗΜΟΤΙΚΟ ΣΧΟΛΕΙΟ ΑΜΑΡΟΥΣΙΟΥ,23.811328,38.049185
12285,7ο ΔΗΜΟΤΙΚΟ ΣΧΟΛΕΙΟ ΑΓΙΑΣ ΠΑΡΑΣΚΕΥΗΣ,23.832638,38.014054
12286,8ο ΔΗΜΟΤΙΚΟ ΣΧΟΛΕΙΟ ΚΗΦΙΣΙΑΣ,23.794858,38.09884
12287,16ο ΔΗΜΟΤΙΚΟ ΣΧΟΛΕΙΟ ΑΜΑΡΟΥΣΙΟΥ,23.798421,38.050089
12288,4ο ΔΗΜΟΤΙΚΟ ΣΧΟΛΕΙΟ ΒΡΙΛΗΣΣΙΩΝ,23.82629,38.039593
12289,8ο ΔΗΜΟΤΙΚΟ ΣΧΟΛΕΙΟ ΓΛΥΦΑΔΑΣ,23.770654,37.88474
12290,14ο ΔΗΜΟΤΙΚΟ ΣΧΟΛΕΙΟ ΑΓΙΟΥ ΔΗΜΗΤΡΙΟΥ,23.732466,37.945168
12291,18ο ΔΗΜΟΤΙΚΟ ΣΧΟΛΕΙΟ ΑΜΑΡΟΥΣΙΟΥ,23.819603,38.053704
12292,5ο ΔΗΜΟΤΙΚΟ ΣΧΟΛΕΙΟ ΧΟΛΑΡΓΟΥ,23.794972,37.995238
12293,ΔΗΜΟΤΙΚΟ ΣΧΟΛΕΙΟ ΚΩΦΩΝ-ΒΑΡΗΚΟΩΝ ΦΙΛΟΘΕΗΣ ΕΙΔΙΚΟ,23.779747,38.020034
12294,4ο ΔΗΜΟΤΙΚΟ ΣΧΟΛΕΙΟ ΜΕΛΙΣΣΙΩΝ,23.833475,38.050036
12295,ΔΗΜΟΤΙΚΟ ΣΧΟΛΕΙΟ ΟΡΓΑΝΗΣ ΜΕΙΟΝΟΤΙΚΟ,25.682028,41.252636
12296,5ο ΔΗΜΟΤΙΚΟ ΣΧΟΛΕΙΟ ΠΕΥΚΗΣ,23.79784,38.064765
12297,10ο ΔΗΜΟΤΙΚΟ ΣΧΟΛΕΙΟ ΓΛΥΦΑΔΑΣ,23.762005,37.88001
12298,8ο ΔΗΜΟΤΙΚΟ ΣΧΟΛΕΙΟ ΑΡΓΥΡΟΥΠΟΛΗΣ,23.750519,37.909478
12299,"7ο ΔΗΜΟΤΙΚΟ ΣΧΟΛΕΙΟ ΑΛΙΜΟΥ ""ΜΕΓΑΣ ΑΛΕΞΑΝΔΡΟΣ""",23.735582,37.920435
12300,10ο ΔΗΜΟΤΙΚΟ ΣΧΟΛΕΙΟ ΠΑΛΑΙΟΥ ΦΑΛΗΡΟΥ,23.696145,37.92703
12301,6ο ΔΗΜΟΤΙΚΟ ΣΧΟΛΕΙΟ ΜΟΣΧΑΤΟΥ,23.669098,37.944871
12302,13ο ΔΗΜΟΤΙΚΟ ΣΧΟΛΕΙΟ ΑΜΑΡΟΥΣΙΟΥ,23.813637,38.031805
12303,11ο ΔΗΜΟΤΙΚΟ ΣΧΟΛΕΙΟ ΝΕΑΣ ΣΜΥΡΝΗΣ,23.711307,37.93779
12304,3ο ΔΗΜΟΤΙΚΟ ΣΧΟΛΕΙΟ ΠΕΥΚΗΣ,23.784713,38.0505
12305,2ο ΔΗΜΟΤΙΚΟ ΣΧΟΛΕΙΟ ΛΥΚΟΒΡΥΣΗΣ,,
12306,3ο ΔΗΜΟΤΙΚΟ ΣΧΟΛΕΙΟ ΒΡΙΛΗΣΣΙΩΝ,23.827729,38.034646
12307,6ο ΔΗΜΟΤΙΚΟ ΣΧΟΛΕΙΟ ΑΓΙΑΣ ΠΑΡΑΣΚΕΥΗΣ,23.811243,38.00372
12308,5ο ΔΗΜΟΤΙΚΟ ΣΧΟΛΕΙΟ ΜΟΣΧΑΤΟΥ,23.681436,37.954345
12309,1ο ΔΗΜΟΤΙΚΟ ΣΧΟΛΕΙΟ ΠΕΡΙΣΣΟΥ ΝΕΑΣ ΙΩΝΙΑΣ ΕΙΔΙΚΟ,23.773343,38.035611
12310,11ο ΔΗΜΟΤΙΚΟ ΣΧΟΛΕΙΟ ΑΡΓΥΡΟΥΠΟΛΗΣ,23.742247,37.907052
12311,21ο ΔΗΜΟΤΙΚΟ ΣΧΟΛΕΙΟ ΚΑΛΛΙΘΕΑΣ,23.704533,37.952603
12312,15ο ΔΗΜΟΤΙΚΟ ΣΧΟΛΕΙΟ ΑΓΙΟΥ ΔΗΜΗΤΡΙΟΥ,23.714238,37.928158
12313,6ο ΔΗΜΟΤΙΚΟ ΣΧΟΛΕΙΟ ΚΗΦΙΣΙΑΣ,23.796826,38.071757
12314,1ο ΔΗΜΟΤΙΚΟ ΣΧΟΛΕΙΟ ΛΥΚΟΒΡΥΣΗΣ,,
12315,5ο ΔΗΜΟΤΙΚΟ ΣΧΟΛΕΙΟ ΑΓΙΑΣ ΠΑΡΑΣΚΕΥΗΣ. ΧΕΛΜΕΙΟ,23.823086,38.013746
12316,3ο ΔΗΜΟΤΙΚΟ ΣΧΟΛΕΙΟ ΠΑΠΑΓΟΥ,23.791654,37.983293
12317,7ο ΔΗΜΟΤΙΚΟ ΣΧΟΛΕΙΟ ΚΕΡΑΤΣΙΝΙΟΥ,23.615742,37.959852
12318,ΔΗΜΟΤΙΚΟ ΣΧΟΛΕΙΟ ΚΥΨΕΛΗΣ ΑΙΓΙΝΑΣ,,
12319,9ο ΔΗΜΟΤΙΚΟ ΣΧΟΛΕΙΟ ΚΕΡΑΤΣΙΝΙΟΥ,23.618791,37.969053
12320,ΔΗΜΟΤΙΚΟ ΣΧΟΛΕΙΟ ΣΕΛΗΝΙΩΝ ΣΑΛΑΜΙΝΑΣ,23.530808,37.931712
12321,1ο ΔΗΜΟΤΙΚΟ ΣΧΟΛΕΙΟ ΠΟΡΟΥ,,
12322,5ο ΔΗΜΟΤΙΚΟ ΣΧΟΛΕΙΟ ΚΕΡΑΤΣΙΝΙΟΥ,23.616956,37.966769
12323,2ο ΔΗΜΟΤΙΚΟ ΣΧΟΛΕΙΟ ΑΙΓΙΝΑΣ,,
12324,ΔΗΜΟΤΙΚΟ ΣΧΟΛΕΙΟ ΑΜΠΕΛΑΚΙΩΝ ΣΑΛΑΜΙΝΑΣ,23.529765,37.948329
12325,23ο ΔΗΜΟΤΙΚΟ ΣΧΟΛΕΙΟ ΚΑΛΛΙΘΕΑΣ,23.695334,37.947147
12326,1ο ΔΗΜΟΤΙΚΟ ΣΧΟΛΕΙΟ ΣΑΛΑΜΙΝΟΣ,23.478611,37.962815
12327,1ο ΔΗΜΟΤΙΚΟ ΣΧΟΛΕΙΟ ΥΔΡΑΣ,,
12328,22ο ΔΗΜΟΤΙΚΟ ΣΧΟΛΕΙΟ ΚΕΡΑΤΣΙΝΙΟΥ,23.617075,37.966569
12329,12ο ΔΗΜΟΤΙΚΟ ΣΧΟΛΕΙΟ ΝΕΑΣ ΣΜΥΡΝΗΣ,23.706634,37.941176
12330,13ο ΔΗΜΟΤΙΚΟ ΣΧΟΛΕΙΟ ΝΕΑΣ ΣΜΥΡΝΗΣ,23.718782,37.945504
12331,28ο ΔΗΜΟΤΙΚΟ ΣΧΟΛΕΙΟ ΝΙΚΑΙΑΣ,23.653108,37.971378
12332,1ο ΔΗΜΟΤΙΚΟ ΣΧΟΛΕΙΟ ΑΙΓΙΝΑΣ,,
12333,ΔΗΜΟΤΙΚΟ ΣΧΟΛΕΙΟ ΒΑΣΙΛΙΚΩΝ ΣΑΛΑΜΙΝΑΣ,,
12334,7ο ΔΗΜΟΤΙΚΟ ΣΧΟΛΕΙΟ ΠΕΡΑΜΑΤΟΣ,23.563428,37.964932
12335,58ο ΔΗΜΟΤΙΚΟ ΣΧΟΛΕΙΟ ΠΕΙΡΑΙΑ,23.635604,37.927714
12336,23ο ΔΗΜΟΤΙΚΟ ΣΧΟΛΕΙΟ ΚΕΡΑΤΣΙΝΙΟΥ,23.605967,37.965516
12337,26ο ΔΗΜΟΤΙΚΟ ΣΧΟΛΕΙΟ ΚΑΛΛΙΘΕΑΣ,23.689944,37.952709
12338,59ο ΔΗΜΟΤΙΚΟ ΣΧΟΛΕΙΟ ΠΕΙΡΑΙΑ,23.659342,37.952145
12339,12ο ΔΗΜΟΤΙΚΟ ΣΧΟΛΕΙΟ ΠΑΛΑΙΟΥ ΦΑΛΗΡΟΥ,23.694339,37.937855
12340,5ο ΔΗΜΟΤΙΚΟ ΣΧΟΛΕΙΟ ΣΑΛΑΜΙΝΟΣ,23.506285,37.969196
12341,ΔΗΜΟΤΙΚΟ ΣΧΟΛΕΙΟ ΣΠΕΤΣΩΝ,23.154222,37.262637
12342,1ο ΔΗΜΟΤΙΚΟ ΣΧΟΛΕΙΟ ΠΕΙΡΑΙΑ,23.641465,37.953717
12343,4ο ΔΗΜΟΤΙΚΟ ΣΧΟΛΕΙΟ ΚΟΡΥΔΑΛΛΟΥ,23.658468,37.981726
12344,2ο ΔΗΜΟΤΙΚΟ ΣΧΟΛΕΙΟ ΚΕΡΑΤΣΙΝΙΟΥ,23.62273,37.96116
12345,11ο ΔΗΜΟΤΙΚΟ ΣΧΟΛΕΙΟ ΚΕΡΑΤΣΙΝΙΟΥ,23.617715,37.952536
12346,2ο ΔΗΜΟΤΙΚΟ ΣΧΟΛΕΙΟ ΠΕΙΡΑΙΑ ΕΙΔΙΚΟ,23.628124,37.934289
12347,ΔΗΜΟΤΙΚΟ ΣΧΟΛΕΙΟ ΣΥΝΟΙΚΙΣΜΟΥ ΦΟΙΝΙΚΟΣ ΣΑΛ,,
12348,ΔΗΜΟΤΙΚΟ ΣΧΟΛΕΙΟ ΚΑΜΑΤΕΡΟΥ ΣΑΛΑΜΙΝΟΣ,,
12349,19ο ΔΗΜΟΤΙΚΟ ΣΧΟΛΕΙΟ ΚΑΛΛΙΘΕΑΣ,23.684199,37.940744
12350,2ο ΔΗΜΟΤΙΚΟ ΣΧΟΛΕΙΟ ΠΟΡΟΥ,,
12351,2ο ΔΗΜΟΤΙΚΟ ΣΧΟΛΕΙΟ ΑΓΙΟΥ ΙΩΑΝΝΗ ΡΕΝΤΗ,23.659809,37.963445
12352,3ο ΔΗΜΟΤΙΚΟ ΣΧΟΛΕΙΟ ΚΕΡΑΤΣΙΝΙΟΥ,23.616791,37.969895
12353,16ο ΔΗΜΟΤΙΚΟ ΣΧΟΛΕΙΟ ΚΕΡΑΤΣΙΝΙΟΥ,23.620816,37.973404
12354,1ο ΔΗΜΟΤΙΚΟ ΣΧΟΛΕΙΟ ΝΕΟΥ ΦΑΛΗΡΟΥ,,
12355,1ο ΔΗΜΟΤΙΚΟ ΣΧΟΛΕΙΟ ΑΓΙΟΥ ΔΗΜΗΤΡΙΟΥ ΕΙΔΙΚΟ,,
12356,ΔΗΜΟΤΙΚΟ ΣΧΟΛΕΙΟ ΑΙΑΝΤΕΙΟΥ ΣΑΛΑΜΙΝΟΣ,23.469104,37.918961
12357,14ο ΔΗΜΟΤΙΚΟ ΣΧΟΛΕΙΟ ΚΕΡΑΤΣΙΝΙΟΥ,23.621966,37.96692
12358,12ο ΔΗΜΟΤΙΚΟ ΣΧΟΛΕΙΟ ΚΕΡΑΤΣΙΝΙΟΥ,23.605864,37.965769
12359,ΔΗΜΟΤΙΚΟ ΣΧΟΛΕΙΟ ΜΕΘΑΝΩΝ,,
12360,8ο ΔΗΜΟΤΙΚΟ ΣΧΟΛΕΙΟ ΝΙΚΑΙΑΣ,23.6461,37.963017
12361,7ο ΔΗΜΟΤΙΚΟ ΣΧΟΛΕΙΟ ΝΙΚΑΙΑΣ,23.636157,37.973198
12362,5ο ΔΗΜΟΤΙΚΟ ΣΧΟΛΕΙΟ ΝΙΚΑΙΑΣ,23.638252,37.964568
12363,3ο ΔΗΜΟΤΙΚΟ ΣΧΟΛΕΙΟ ΑΓΙΟΥ ΙΩΑΝΝΗ ΡΕΝΤΗ,23.676898,37.970497
12364,1ο ΔΗΜΟΤΙΚΟ ΣΧΟΛΕΙΟ ΑΓΙΟΥ ΙΩΑΝΝΗ ΡΕΝΤΗ,23.673343,37.962947
12365,2ο ΔΗΜΟΤΙΚΟ ΣΧΟΛΕΙΟ ΠΑΠΑΓΟΥ,23.791686,37.98328
12366,3ο ΔΗΜΟΤΙΚΟ ΣΧΟΛΕΙΟ ΣΑΛΑΜΙΝΟΣ,23.483314,37.968195
12367,4ο ΔΗΜΟΤΙΚΟ ΣΧΟΛΕΙΟ ΣΑΛΑΜΙΝΟΣ,23.508106,37.96307
12368,ΔΗΜΟΤΙΚΟ ΣΧΟΛΕΙΟ ΠΑΛΟΥΚΙΩΝ ΣΑΛΑΜΙΝΟΣ,23.500993,37.965338
12369,2ο ΔΗΜΟΤΙΚΟ ΣΧΟΛΕΙΟ ΠΕΙΡΑΙΑ,23.647367,37.944841
12370,18ο ΔΗΜΟΤΙΚΟ ΣΧΟΛΕΙΟ ΠΕΙΡΑΙΑ,23.649251,37.958253
12371,ΔΗΜΟΤΙΚΟ ΣΧΟΛΕΙΟ ΑΓΙΩΝ ΑΣΩΜΑΤΩΝ ΑΙΓΙΝΑΣ,,
12372,ΔΗΜΟΤΙΚΟ ΣΧΟΛΕΙΟ ΒΑΘΕΟΣ ΑΙΓΙΝΑΣ,,
12373,ΔΗΜΟΤΙΚΟ ΣΧΟΛΕΙΟ ΜΕΓ ΔΕΡΕΙΟΥ ΜΕΙΟΝΟΤΙΚΟ,,
12374,4ο ΔΗΜΟΤΙΚΟ ΣΧΟΛΕΙΟ ΝΙΚΑΙΑΣ,23.642737,37.966562
12375,23ο ΔΗΜΟΤΙΚΟ ΣΧΟΛΕΙΟ ΝΙΚΑΙΑΣ,23.63266,37.969472
12376,43ο ΔΗΜΟΤΙΚΟ ΣΧΟΛΕΙΟ ΠΕΙΡΑΙΑ,23.629535,37.962226
12377,11ο ΔΗΜΟΤΙΚΟ ΣΧΟΛΕΙΟ ΠΕΙΡΑΙΑ,23.631791,37.95313
12378,5ο ΔΗΜΟΤΙΚΟ ΣΧΟΛΕΙΟ ΠΕΙΡΑΙΑ,23.636978,37.957776
12379,41ο ΔΗΜΟΤΙΚΟ ΣΧΟΛΕΙΟ ΠΕΙΡΑΙΑ,23.645581,37.960184
12380,40ο ΔΗΜΟΤΙΚΟ ΣΧΟΛΕΙΟ ΠΕΙΡΑΙΑ,23.646401,37.955247
12381,54ο ΔΗΜΟΤΙΚΟ ΣΧΟΛΕΙΟ ΠΕΙΡΑΙΑ,23.624565,37.929769
12382,46ο ΔΗΜΟΤΙΚΟ ΣΧΟΛΕΙΟ ΠΕΙΡΑΙΑ,23.637281,37.959891
12383,10ο ΔΗΜΟΤΙΚΟ ΣΧΟΛΕΙΟ ΝΙΚΑΙΑΣ,23.650782,37.96812
12384,ΔΗΜΟΤΙΚΟ ΣΧΟΛΕΙΟ ΑΜΦΙΘΕΑΣ ΔΙΑΠΟΛΙΤΙΣΜΙΚΗΣ ΕΚΠΑΙΔΕΥΣΗΣ,23.701485,37.937408
12385,17ο ΔΗΜΟΤΙΚΟ ΣΧΟΛΕΙΟ ΑΜΑΡΟΥΣΙΟΥ,23.792528,38.050276
12386,25ο ΔΗΜΟΤΙΚΟ ΣΧΟΛΕΙΟ ΚΑΛΛΙΘΕΑΣ,23.699314,37.949952
12387,6ο ΔΗΜΟΤΙΚΟ ΣΧΟΛΕΙΟ ΠΕΡΑΜΑΤΟΣ,23.57614,37.96256
12388,5ο ΔΗΜΟΤΙΚΟ ΣΧΟΛΕΙΟ ΠΕΡΑΜΑΤΟΣ,23.56171,37.96604
12389,10ο ΔΗΜΟΤΙΚΟ ΣΧΟΛΕΙΟ ΚΕΡΑΤΣΙΝΙΟΥ,23.611215,37.959957
12390,29ο ΔΗΜΟΤΙΚΟ ΣΧΟΛΕΙΟ ΚΑΛΛΙΘΕΑΣ,23.704533,37.952585
12391,ΔΗΜΟΤΙΚΟ ΣΧΟΛΕΙΟ ΜΗΧ/ΝΕΙΟΥ.Κ.ΠΙΚΠΑ.ΚΑΣΤ/ΛΑΣ,23.648036,37.933706
12392,8ο ΔΗΜΟΤΙΚΟ ΣΧΟΛΕΙΟ ΠΕΙΡΑΙΑ,23.651293,37.961753
12393,14ο ΔΗΜΟΤΙΚΟ ΣΧΟΛΕΙΟ ΓΛΥΦΑΔΑΣ,23.762355,37.875369
12394,ΔΗΜΟΤΙΚΟ ΣΧΟΛΕΙΟ ΠΙΚΠΑ ΠΕΙΡΑΙΑ ΕΙΔΙΚΟ,,
12395,28ο ΔΗΜΟΤΙΚΟ ΣΧΟΛΕΙΟ ΠΕΙΡΑΙΑ,23.647676,37.934697
12396,1ο ΔΗΜΟΤΙΚΟ ΣΧΟΛΕΙΟ ΚΕΡΑΤΣΙΝΙΟΥ,23.622693,37.961312
12397,ΔΗΜΟΤΙΚΟ ΣΧΟΛΕΙΟ ΚΕΡΑΤΣΙΝΙΟΥ ΕΙΔΙΚΟ,23.620661,37.973131
12398,15ο ΔΗΜΟΤΙΚΟ ΣΧΟΛΕΙΟ ΚΕΡΑΤΣΙΝΙΟΥ,23.617045,37.962624
12399,ΔΗΜΟΤΙΚΟ ΣΧΟΛΕΙΟ ΠΙΚΠΑ ΠΕΝΤΕΛΗΣ ΕΙΔΙΚΟ,,
12400,13ο ΔΗΜΟΤΙΚΟ ΣΧΟΛΕΙΟ ΚΟΡΥΔΑΛΛΟΥ,23.655093,37.979713
12401,20ο ΔΗΜΟΤΙΚΟ ΣΧΟΛΕΙΟ ΑΓΙΟΥ ΔΗΜΗΤΡΙΟΥ,23.727674,37.925851
12402,ΔΗΜΟΤΙΚΟ ΣΧΟΛΕΙΟ ΠΕΙΡΑΙΑ ΕΙΔΙΚΟ ΑΥΤΙΣΤΙΚΩΝ,,
12403,18ο ΔΗΜΟΤΙΚΟ ΣΧΟΛΕΙΟ ΓΛΥΦΑΔΑΣ,23.755955,37.884094
12404,ΔΗΜΟΤΙΚΟ ΣΧΟΛΕΙΟ ΣΤΗΡΙΓΜΑΤΟΣ ΜΕΙΟΝΟΤΙΚΟ,,
12405,8ο ΔΗΜΟΤΙΚΟ ΣΧΟΛΕΙΟ ΠΕΡΑΜΑΤΟΣ,23.577426,37.96518
12406,6ο ΔΗΜΟΤΙΚΟ ΣΧΟΛΕΙΟ ΒΡΙΛΗΣΣΙΩΝ,,
12407,1ο ΔΗΜΟΤΙΚΟ ΣΧΟΛΕΙΟ ΝΙΚΑΙΑΣ,23.642514,37.966268
12408,ΔΗΜΟΤΙΚΟ ΣΧΟΛΕΙΟ ΠΕΡΑΜΑΤΟΣ ΕΙΔΙΚΟ,23.563778,37.965586
12409,3ο ΔΗΜΟΤΙΚΟ ΣΧΟΛΕΙΟ ΚΟΡΥΔΑΛΛΟΥ,23.645628,37.973661
12410,3ο ΔΗΜΟΤΙΚΟ ΣΧΟΛΕΙΟ ΔΡΑΠΕΤΣΩΝΑΣ,23.631607,37.950203
12411,24ο ΔΗΜΟΤΙΚΟ ΣΧΟΛΕΙΟ ΠΕΙΡΑΙΑ,23.637764,37.935654
12412,ΔΗΜΟΤΙΚΟ ΣΧΟΛΕΙΟ ΓΑΛΑΤΑ,,
12413,22ο ΔΗΜΟΤΙΚΟ ΣΧΟΛΕΙΟ ΠΕΙΡΑΙΑ,23.637788,37.935569
12414,20ο ΔΗΜΟΤΙΚΟ ΣΧΟΛΕΙΟ ΠΕΙΡΑΙΑ,23.638371,37.928789
12415,37ο ΔΗΜΟΤΙΚΟ ΣΧΟΛΕΙΟ ΠΕΙΡΑΙΑ,23.651944,37.941901
12416,18ο ΔΗΜΟΤΙΚΟ ΣΧΟΛΕΙΟ ΚΟΡΥΔΑΛΛΟΥ,23.639894,37.97788
12417,19ο ΔΗΜΟΤΙΚΟ ΣΧΟΛΕΙΟ ΚΕΡΑΤΣΙΝΙΟΥ,23.621985,37.966826
12418,20ο ΔΗΜΟΤΙΚΟ ΣΧΟΛΕΙΟ ΚΕΡΑΤΣΙΝΙΟΥ,23.617007,37.962729
12419,38ο ΔΗΜΟΤΙΚΟ ΣΧΟΛΕΙΟ ΠΕΙΡΑΙΑ,23.643137,37.940355
12420,17ο ΔΗΜΟΤΙΚΟ ΣΧΟΛΕΙΟ ΚΕΡΑΤΣΙΝΙΟΥ,23.613597,37.953718
12421,16ο ΔΗΜΟΤΙΚΟ ΣΧΟΛΕΙΟ ΑΓΙΟΥ ΔΗΜΗΤΡΙΟΥ,23.730684,37.934745
12422,52ο ΔΗΜΟΤΙΚΟ ΣΧΟΛΕΙΟ ΠΕΙΡΑΙΑ,23.634829,37.958946
12423,ΔΗΜΟΤΙΚΟ ΣΧΟΛΕΙΟ ΠΕΙΡΑΙΑ ΠΕΙΡΑΜΑΤΙΚΟ ΡΑΛΛΕΙΟΣ ΜΟΝΟΘΕΣΙΟ,23.654891,37.943351
12424,56ο ΔΗΜΟΤΙΚΟ ΣΧΟΛΕΙΟ ΠΕΙΡΑΙΑ,23.629331,37.935849
12425,2ο ΔΗΜΟΤΙΚΟ ΣΧΟΛΕΙΟ ΠΕΡΑΜΑΤΟΣ,23.572222,37.965124
12426,1ο ΔΗΜΟΤΙΚΟ ΣΧΟΛΕΙΟ ΠΕΡΑΜΑΤΟΣ,23.563302,37.965129
12427,33ο ΔΗΜΟΤΙΚΟ ΣΧΟΛΕΙΟ ΠΕΙΡΑΙΑ,23.637046,37.933406
12428,ΔΗΜΟΤΙΚΟ ΣΧΟΛΕΙΟ ΝΕΟΥ ΙΚΟΝΙΟΥ,,
12429,57ο ΔΗΜΟΤΙΚΟ ΣΧΟΛΕΙΟ ΠΕΙΡΑΙΑ,23.62668,37.953885
12430,31ο ΔΗΜΟΤΙΚΟ ΣΧΟΛΕΙΟ ΠΕΙΡΑΙΑ,23.631802,37.952984
12431,30ο ΔΗΜΟΤΙΚΟ ΣΧΟΛΕΙΟ ΠΕΙΡΑΙΑ,23.631648,37.959775
12432,27ο ΔΗΜΟΤΙΚΟ ΣΧΟΛΕΙΟ ΠΕΙΡΑΙΑ,23.630131,37.956521
12433,9ο ΔΗΜΟΤΙΚΟ ΣΧΟΛΕΙΟ ΠΕΙΡΑΙΑ,23.631782,37.95327
12434,6ο ΔΗΜΟΤΙΚΟ ΣΧΟΛΕΙΟ ΠΕΙΡΑΙΑ,23.634829,37.959041
12435,3ο ΔΗΜΟΤΙΚΟ ΣΧΟΛΕΙΟ ΠΕΡΑΜΑΤΟΣ,23.573913,37.961969
12436,ΔΗΜΟΤΙΚΟ ΣΧΟΛΕΙΟ ΠΕΡΔΙΚΑΣ ΑΙΓΙΝΑΣ,23.461204,37.687333
12437,ΔΗΜΟΤΙΚΟ ΣΧΟΛΕΙΟ ΜΕΣΑΓΡΟΥ ΑΙΓΙΝΑΣ,,
12438,ΔΗΜΟΤΙΚΟ ΣΧΟΛΕΙΟ ΑΓΙΑΣ ΜΑΡΙΝΑΣ ΑΙΓΙΝΑΣ,,
12439,4ο ΔΗΜΟΤΙΚΟ ΣΧΟΛΕΙΟ ΠΕΡΑΜΑΤΟΣ,23.565678,37.967516
12440,50ο ΔΗΜΟΤΙΚΟ ΣΧΟΛΕΙΟ ΠΕΙΡΑΙΑ,23.637095,37.933199
12441,2ο ΔΗΜΟΤΙΚΟ ΣΧΟΛΕΙΟ ΝΙΚΑΙΑΣ,23.638577,37.966173
12442,16ο ΔΗΜΟΤΙΚΟ ΣΧΟΛΕΙΟ ΚΟΡΥΔΑΛΛΟΥ,23.645863,37.977717
12443,4ο ΔΗΜΟΤΙΚΟ ΣΧΟΛΕΙΟ ΑΓΙΟΥ ΙΩΑΝΝΗ ΡΕΝΤΗ,23.668148,37.957612
12444,18ο ΔΗΜΟΤΙΚΟ ΣΧΟΛΕΙΟ ΚΕΡΑΤΣΙΝΙΟΥ,23.622701,37.972082
12445,15ο ΔΗΜΟΤΙΚΟ ΣΧΟΛΕΙΟ ΝΙΚΑΙΑΣ,23.632763,37.969505
12446,ΔΗΜΟΤΙΚΟ ΣΧΟΛΕΙΟ ΠΕΙΡΑΙΑ ΠΕΙΡΑΜΑΤΙΚΟ ΡΑΛΛΕΙΟΣ ΤΡΙΘΕΣΙΟ,23.654899,37.943263
12447,1ο ΔΗΜΟΤΙΚΟ ΣΧΟΛΕΙΟ ΕΙΔΙΚΟ ΣΙΚΙΑΡΙΔΕΙΟΥ ΙΔΡΥΜΑΤΟΣ,,
12448,1ο ΔΗΜΟΤΙΚΟ ΣΧΟΛΕΙΟ ΔΡΑΠΕΤΣΩΝΑΣ ΕΙΔΙΚΟ,23.623448,37.946044
12449,26ο ΔΗΜΟΤΙΚΟ ΣΧΟΛΕΙΟ ΝΙΚΑΙΑΣ,23.627538,37.975942
12450,6ο ΔΗΜΟΤΙΚΟ ΣΧΟΛΕΙΟ ΚΕΡΑΤΣΙΝΙΟΥ,23.620787,37.973541
12451,24ο ΔΗΜΟΤΙΚΟ ΣΧΟΛΕΙΟ ΚΕΡΑΤΣΙΝΙΟΥ,23.622729,37.971894
12452,18ο ΔΗΜΟΤΙΚΟ ΣΧΟΛΕΙΟ ΑΓΙΟΥ ΔΗΜΗΤΡΙΟΥ,23.718389,37.938017
12453,21ο ΔΗΜΟΤΙΚΟ ΣΧΟΛΕΙΟ ΑΓΙΟΥ ΔΗΜΗΤΡΙΟΥ,23.722453,37.920311
12454,ΔΗΜΟΤΙΚΟ ΣΧΟΛΕΙΟ ΣΑΛΑΜΙΝΑΣ ΕΙΔΙΚΟ,23.485459,37.966663
12455,3ο ΔΗΜΟΤΙΚΟ ΣΧΟΛΕΙΟ ΓΛΥΦΑΔΑΣ,23.755945,37.884023
12456,13ο ΔΗΜΟΤΙΚΟ ΣΧΟΛΕΙΟ ΠΑΛΑΙΟΥ ΦΑΛΗΡΟΥ,23.70871,37.925841
12457,17ο ΔΗΜΟΤΙΚΟ ΣΧΟΛΕΙΟ ΑΓΙΟΥ ΔΗΜΗΤΡΙΟΥ,23.732467,37.940786
12458,15ο ΔΗΜΟΤΙΚΟ ΣΧΟΛΕΙΟ ΝΕΑΣ ΣΜΥΡΝΗΣ,23.717903,37.941107
12459,5ο ΔΗΜΟΤΙΚΟ ΣΧΟΛΕΙΟ ΑΓΙΟΥ ΙΩΑΝΝΗ ΡΕΝΤΗ,23.671273,37.957051
12460,14ο ΔΗΜΟΤΙΚΟ ΣΧΟΛΕΙΟ ΝΕΑΣ ΣΜΥΡΝΗΣ,23.700283,37.940074
12461,16ο ΔΗΜΟΤΙΚΟ ΣΧΟΛΕΙΟ ΓΛΥΦΑΔΑΣ,23.761861,37.889962
12462,ΔΗΜΟΤΙΚΟ ΣΧΟΛΕΙΟ ΑΡΓΥΡΟΥΠΟΛΗΣ ΕΙΔΙΚΟ ΚΩΦΩΝ ΚΑΙ ΒΑΡΗΚΟΩΝ,,
12463,27ο ΔΗΜΟΤΙΚΟ ΣΧΟΛΕΙΟ ΚΑΛΛΙΘΕΑΣ,23.691612,37.949875
12464,3ο ΔΗΜΟΤΙΚΟ ΣΧΟΛΕΙΟ ΕΛΛΗΝΙΚΟΥ,23.734089,37.899917
12465,22ο ΔΗΜΟΤΙΚΟ ΣΧΟΛΕΙΟ ΚΑΛΛΙΘΕΑΣ,23.705626,37.961487
12466,2ο ΔΗΜΟΤΙΚΟ ΣΧΟΛΕΙΟ ΕΙΔΙΚΟ ΣΙΚΙΑΡΙΔΕΙΟΥ ΙΔΡΥΜΑΤΟΣ,,
12467,4ο ΔΗΜΟΤΙΚΟ ΣΧΟΛΕΙΟ ΖΕΚΑΚΕΙΟ ΑΜΑΡΟΥΣΙΟΥ,23.813399,38.039921
12468,1ο ΔΗΜΟΤΙΚΟ ΣΧΟΛΕΙΟ ΠΕΥΚΗΣ,23.797842,38.064742
12469,1ο ΔΗΜΟΤΙΚΟ ΣΧΟΛΕΙΟ ΑΓΙΑΣ ΠΑΡΑΣΚΕΥΗΣ,23.823371,38.008024
12470,ΔΗΜΟΤΙΚΟ ΣΧΟΛΕΙΟ ΓΙΑ ΠΑΙΔΙΑ ΜΕ ΕΓΚΕΦΑΛΙΚΗ ΠΑΡΑΛΥΣΗ ΕΙΔΙΚΟ,,
12471,9ο ΔΗΜΟΤΙΚΟ ΣΧΟΛΕΙΟ ΑΓΙΑΣ ΠΑΡΑΣΚΕΥΗΣ,23.838481,38.019446
12472,ΔΙΕΥΘΥΝΣΗ Δ.Ε. Δ ΑΘΗΝΑΣ,23.703339,37.945288
12473,ΔΙΕΥΘΥΝΣΗ Δ.Ε. ΠΕΙΡΑΙΑ,23.64632,37.944246
12474,ΔΙΕΥΘΥΝΣΗ Δ.Ε. Β ΑΘΗΝΑΣ,23.824941,38.012906
12475,1ο  ΕΡΓΑΣΤΗΡΙΑΚΟ ΚΕΝΤΡΟ ΦΥΣΙΚΩΝ ΕΠΙΣΤΗΜΩΝ Δ' ΑΘΗΝΑΣ (Ν. ΣΜΥΡΝΗ),23.707578,37.930449
12476,2ο ΕΡΓΑΣΤΗΡΙΑΚΟ ΚΕΝΤΡΟ ΦΥΣΙΚΩΝ ΕΠΙΣΤΗΜΩΝ Δ' ΑΘΗΝΑΣ (ΑΛΙΜΟΣ),23.73636,37.918979
12477,1ο  ΕΡΓΑΣΤΗΡΙΑΚΟ ΚΕΝΤΡΟ ΦΥΣΙΚΩΝ ΕΠΙΣΤΗΜΩΝ Β' ΑΘΗΝΑΣ (ΧΑΛΑΝΔΡΙ),23.806624,38.023564
12478,2ο ΕΡΓΑΣΤΗΡΙΑΚΟ ΚΕΝΤΡΟ ΦΥΣΙΚΩΝ ΕΠΙΣΤΗΜΩΝ ΠΕΙΡΑΙΑ (ΝΙΚΑΙΑ),23.650401,37.947239
12479,2ο  ΕΡΓΑΣΤΗΡΙΑΚΟ ΚΕΝΤΡΟ ΦΥΣΙΚΩΝ ΕΠΙΣΤΗΜΩΝ Β' ΑΘΗΝΑΣ (Ν. ΙΩΝΙΑΣ),23.759038,38.03746
12480,1ο ΕΡΓΑΣΤΗΡΙΑΚΟ ΚΕΝΤΡΟ ΦΥΣΙΚΩΝ ΕΠΙΣΤΗΜΩΝ ΠΕΙΡΑΙΑ (ΚΟΡΥΔΑΛΛΟΣ),23.644253,37.960649
12481,ΚΕΣΥΠ ΠΑΙΔΑΓΩΓΙΚΟ ΙΝΣΤΙΤΟΥΤΟ,,
12482,ΚΕΣΥΠ ΠΕΙΡΑΙΑ - 2,23.61699,37.957978
12483,ΚΕΣΥΠ ΠΕΙΡΑΙΑ - 1,23.648269,37.943166
12484,ΚΕΣΥΠ ΑΘΗΝΑΣ - Β2,23.748232,38.03811
12485,ΚΕΣΥΠ ΑΘΗΝΑΣ - Δ,23.73636,37.918979
12486,ΚΕΣΥΠ ΑΘΗΝΑΣ - Β1,23.824941,38.012906
12487,ΚΕΣΥΠ ΚΑΛΛΙΘΕΑΣ,,
12488,4ο ΓΡΑΦΕΙΟ Δ.Ε. Β ΑΘΗΝΑΣ,23.824941,38.012906
12489,3ο ΓΡΑΦΕΙΟ Δ.Ε. Β ΑΘΗΝΑΣ,23.748232,38.03811
12490,2ο ΓΡΑΦΕΙΟ Δ.Ε. Β ΑΘΗΝΑΣ,23.800592,38.054676
12491,2ο ΓΡΑΦΕΙΟ Δ.Ε. Δ ΑΘΗΝΑΣ,23.737348,37.925521
12492,1ο ΓΡΑΦΕΙΟ Δ.Ε. Δ ΑΘΗΝΑΣ,23.701395,37.956769
12493,3ο ΓΡΑΦΕΙΟ Δ.Ε. ΠΕΙΡΑΙΑ,23.622836,37.956248
12494,4ο ΓΡΑΦΕΙΟ Δ.Ε. ΠΕΙΡΑΙΑ,23.64632,37.944246
12495,1ο ΓΡΑΦΕΙΟ Δ.Ε. ΠΕΙΡΑΙΑ,23.64632,37.944246
12496,2ο ΓΡΑΦΕΙΟ Δ.Ε. ΠΕΙΡΑΙΑ,23.642194,37.964437
12497,3ο ΓΡΑΦΕΙΟ Δ.Ε. Δ ΑΘΗΝΑΣ,23.704529,37.945676
12498,1ο ΓΡΑΦΕΙΟ Δ.Ε. Β ΑΘΗΝΑΣ,23.796379,38.019328
12499,ΓΡΑΦΕΙΟ ΤΕΕ Δ ΑΘΗΝΑΣ,,
12500,ΓΡΑΦΕΙΟ ΤΕΕ ΠΕΙΡΑΙΑ,23.650326,37.951044
12501,ΓΡΑΦΕΙΟ ΤΕΕ Β ΑΘΗΝΑΣ,23.824941,38.012899
12502,ΙΕΚ ΑΙΓΙΝΑΣ,,
12503,ΙΕΚ ΠΕΙΡΑΙΑ,,
12504,ΙΕΚ ΑΡΓΥΡΟΥΠΟΛΗΣ,,
12505,ΙΕΚ ΧΑΛΑΝΔΡΙΟΥ,,
12506,ΙΕΚ ΜΕΤΑΜΟΡΦΩΣΗΣ,,
12507,ΙΕΚ ΑΜΑΡΟΥΣΙΟΥ,,
12508,ΙΕΚ ΚΟΡΥΔΑΛΛΟΥ,,
12509,ΙΕΚ ΑΓΙΟΥ ΔΗΜΗΤΡΙΟΥ,,
12510,ΙΕΚ ΝΙΚΑΙΑΣ,,
12511,ΙΕΚ ΝΕΑΣ ΣΜΥΡΝΗΣ,,
12512,ΙΕΚ ΝΕΑΣ ΙΩΝΙΑΣ,,
12513,ΙΕΚ ΚΕΡΑΤΣΙΝΙΟΥ,,
12514,ΙΕΚ ΚΗΦΙΣΣΙΑΣ,,
12515,ΙΕΚ ΠΕΡΑΜΑΤΟΣ,,
12516,ΙΕΚ ΓΑΛΑΤΑ ΤΡΟΙΖΗΝΙΑΣ,,
12517,2ο ΙΕΚ ΠΕΙΡΑΙΑ,,
12518,ΙΕΚ ΓΛΥΦΑΔΑΣ,,
12519,ΔΙΕΥΘΥΝΣΗ Π.Ε. Β' ΑΘΗΝΑΣ,,
12520,ΔΙΕΥΘΥΝΣΗ Π.Ε. Δ' ΑΘΗΝΑΣ,,
12521,ΔΙΕΥΘΥΝΣΗ Π.Ε. ΠΕΙΡΑΙΑ,,
12522,3ο ΓΡΑΦΕΙΟ Π.Ε. Δ' ΑΘΗΝΑΣ,,
12523,3ο ΓΡΑΦΕΙΟ Π.Ε. Β' ΑΘΗΝΑΣ,,
12524,2ο ΓΡΑΦΕΙΟ Π.Ε. Β' ΑΘΗΝΑΣ,,
12525,1ο ΓΡΑΦΕΙΟ Π.Ε. Δ' ΑΘΗΝΑΣ,,
12526,1ο ΓΡΑΦΕΙΟ Π.Ε. ΠΕΙΡΑΙΑ,,
12527,3ο ΓΡΑΦΕΙΟ Π.Ε. ΠΕΙΡΑΙΑ,,
12528,1ο ΓΡΑΦΕΙΟ Π.Ε. Β' ΑΘΗΝΑΣ,,
12529,4ο ΓΡΑΦΕΙΟ Π.Ε. ΠΕΙΡΑΙΑ,,
12530,2ο ΓΡΑΦΕΙΟ Π.Ε. Δ' ΑΘΗΝΑΣ,,
12531,5ο ΓΡΑΦΕΙΟ Π.Ε. ΠΕΙΡΑΙΑ,,
12532,2ο ΓΡΑΦΕΙΟ Π.Ε. ΠΕΙΡΑΙΑ,,
12533,2ο ΠΕΡΙΦΕΡΕΙΑΚΟ ΕΠΙΜΟΡΦΩΤΙΚΟ ΚΕΝΤΡΟ ΑΘΗΝΑΣ (ΑΝ. ΑΤΤΙΚΗΣ),,
12534,ΠΕΡΙΦΕΡΕΙΑΚΟ ΕΠΙΜΟΡΦΩΤΙΚΟ ΚΕΝΤΡΟ ΠΕΙΡΑΙΑ,,
12535,ΓΡΑΦΕΙΟ ΦΥΣΙΚΗΣ ΑΓΩΓΗΣ Β' ΑΘΗΝΩΝ,23.824938,38.012898
12536,ΓΡΑΦΕΙΟ ΦΥΣΙΚΗΣ ΑΓΩΓΗΣ Δ' ΑΘΗΝΩΝ,23.732471,37.978854
12537,ΓΡΑΦΕΙΟ ΦΥΣΙΚΗΣ ΑΓΩΓΗΣ ΠΕΙΡΑΙΑ,,
12538,6ο ΝΗΠΙΑΓΩΓΕΙΟ ΑΓΙΟΥ ΙΩΑΝΝΗ ΡΕΝΤΗ,,
12539,1ο ΝΗΠΙΑΓΩΓΕΙΟ ΒΡΙΛΗΣΣΙΩΝ,23.822081,38.033445
12540,6ο ΝΗΠΙΑΓΩΓΕΙΟ ΧΑΛΑΝΔΡΙΟΥ,23.79519,38.008448
12541,2ο ΝΗΠΙΑΓΩΓΕΙΟ ΧΟΛΑΡΓΟΥ,23.805345,37.997791
12542,4ο ΝΗΠΙΑΓΩΓΕΙΟ ΚΟΡΥΔΑΛΛΟΥ,23.649051,37.982848
12543,2ο ΝΗΠΙΑΓΩΓΕΙΟ ΑΓΙΑΣ ΠΑΡΑΣΚΕΥΗΣ,23.815571,38.006746
12544,8ο ΝΗΠΙΑΓΩΓΕΙΟ ΝΕΑΣ ΙΩΝΙΑΣ,23.746165,38.047349
12545,10ο ΝΗΠΙΑΓΩΓΕΙΟ ΑΓΙΟΥ ΔΗΜΗΤΡΙΟΥ,23.723598,37.93396
12546,3ο ΝΗΠΙΑΓΩΓΕΙΟ ΓΛΥΦΑΔΑΣ,23.752542,37.862971
12547,2ο ΝΗΠΙΑΓΩΓΕΙΟ ΑΜΑΡΟΥΣΙΟΥ,23.805189,38.05621
12548,7ο ΝΗΠΙΑΓΩΓΕΙΟ ΑΜΑΡΟΥΣΙΟΥ,23.82711,38.05983
12549,9ο ΝΗΠΙΑΓΩΓΕΙΟ ΠΕΙΡΑΙΑ,23.649283,37.947431
12550,4ο ΝΗΠΙΑΓΩΓΕΙΟ ΕΛΛΗΝΙΚΟΥ,23.747369,37.894368
12551,13ο ΝΗΠΙΑΓΩΓΕΙΟ ΓΛΥΦΑΔΑΣ,23.750419,37.883074
12552,ΝΗΠΙΑΓΩΓΕΙΟ ΑΓΚΙΣΤΡΙΟΥ,,
12553,ΝΗΠΙΑΓΩΓΕΙΟ ΑΛΩΝΩΝ ΑΙΓΙΝΑΣ,,
12554,5ο ΝΗΠΙΑΓΩΓΕΙΟ ΝΙΚΑΙΑΣ,23.631613,37.980514
12555,ΝΗΠΙΑΓΩΓΕΙΟ ΧΩΡΑΣ ΚΥΘΗΡΩΝ,22.987917,36.148244
12556,1ο ΝΗΠΙΑΓΩΓΕΙΟ ΝΕΟΥ ΦΑΛΗΡΟΥ,,
12557,54ο ΝΗΠΙΑΓΩΓΕΙΟ ΠΕΙΡΑΙΑ,23.655766,37.957278
12558,9ο ΝΗΠΙΑΓΩΓΕΙΟ ΝΕΑΣ ΣΜΥΡΝΗΣ,23.711432,37.937387
12559,14ο ΝΗΠΙΑΓΩΓΕΙΟ ΚΕΡΑΤΣΙΝΙΟΥ,23.616736,37.969818
12560,29ο ΝΗΠΙΑΓΩΓΕΙΟ ΚΑΛΛΙΘΕΑΣ,23.695301,37.955375
12561,15ο ΝΗΠΙΑΓΩΓΕΙΟ ΚΕΡΑΤΣΙΝΙΟΥ,23.623553,37.972195
12562,25ο ΝΗΠΙΑΓΩΓΕΙΟ ΚΑΛΛΙΘΕΑΣ,23.685292,37.950811
12563,10ο ΝΗΠΙΑΓΩΓΕΙΟ ΝΙΚΑΙΑΣ,23.650789,37.968078
12564,2ο ΝΗΠΙΑΓΩΓΕΙΟ ΠΕΡΑΜΑΤΟΣ,23.563355,37.966417
12565,7ο ΝΗΠΙΑΓΩΓΕΙΟ ΚΟΡΥΔΑΛΛΟΥ,23.638674,37.995814
12566,17ο ΝΗΠΙΑΓΩΓΕΙΟ ΚΟΡΥΔΑΛΛΟΥ,23.645916,37.977804
12567,16ο ΝΗΠΙΑΓΩΓΕΙΟ ΚΟΡΥΔΑΛΛΟΥ,23.657081,37.981375
12568,15ο ΝΗΠΙΑΓΩΓΕΙΟ ΚΟΡΥΔΑΛΛΟΥ,23.658455,37.981809
12569,ΝΗΠΙΑΓΩΓΕΙΟ ΚΑΛΛΟΝΗΣ,,
12570,3ο ΝΗΠΙΑΓΩΓΕΙΟ ΑΓΙΟΥ ΙΩΑΝΝΟΥ ΡΕΝΤΗ,,
12571,7ο ΝΗΠΙΑΓΩΓΕΙΟ ΑΓΙΟΥ ΙΩΑΝΝΗ ΡΕΝΤΗ,,
12572,4ο ΝΗΠΙΑΓΩΓΕΙΟ ΚΕΡΑΤΣΙΝΙΟΥ,23.615277,37.956212
12573,27ο ΝΗΠΙΑΓΩΓΕΙΟ ΚΑΛΛΙΘΕΑΣ,23.685308,37.950815
12574,1ο ΝΗΠΙΑΓΩΓΕΙΟ ΠΕΡΑΜΑΤΟΣ,23.576128,37.962557
12575,2ο ΝΗΠΙΑΓΩΓΕΙΟ ΥΔΡΑΣ,,
12576,2ο ΝΗΠΙΑΓΩΓΕΙΟ ΑΙΓΙΝΗΣ,,
12577,8ο ΝΗΠΙΑΓΩΓΕΙΟ ΝΙΚΑΙΑΣ,23.645963,37.962632
12578,1ο ΝΗΠΙΑΓΩΓΕΙΟ ΑΙΓΙΝΗΣ,,
12579,4ο ΝΗΠΙΑΓΩΓΕΙΟ ΝΙΚΑΙΑΣ,23.643359,37.966789
12580,28ο ΝΗΠΙΑΓΩΓΕΙΟ ΚΑΛΛΙΘΕΑΣ,23.689554,37.953038
12581,ΝΗΠΙΑΓΩΓΕΙΟ ΕΙΔΙΚΟ Κ.Ε.Α.Τ,,
12582,3ο ΝΗΠΙΑΓΩΓΕΙΟ ΚΕΡΑΤΣΙΝΙΟΥ,23.611673,37.959959
12583,1ο ΝΗΠΙΑΓΩΓΕΙΟ ΚΕΡΑΤΣΙΝΙΟΥ,23.620925,37.973757
12584,2ο ΝΗΠΙΑΓΩΓΕΙΟ ΝΙΚΑΙΑΣ,23.638253,37.964481
12585,1ο ΝΗΠΙΑΓΩΓΕΙΟ ΣΠΕΤΣΩΝ,,
12586,10ο ΝΗΠΙΑΓΩΓΕΙΟ ΠΕΙΡΑΙΑ,23.63729,37.95777
12587,6ο ΝΗΠΙΑΓΩΓΕΙΟ ΠΕΙΡΑΙΑ,23.63155,37.959777
12588,26ο ΝΗΠΙΑΓΩΓΕΙΟ ΚΑΛΛΙΘΕΑΣ,23.699409,37.950076
12589,48ο ΝΗΠΙΑΓΩΓΕΙΟ ΠΕΙΡΑΙΑ,23.627386,37.93019
12590,19ο ΝΗΠΙΑΓΩΓΕΙΟ ΝΙΚΑΙΑΣ,23.653346,37.971207
12591,9ο ΝΗΠΙΑΓΩΓΕΙΟ ΚΟΡΥΔΑΛΛΟΥ,23.652553,37.97874
12592,5ο ΝΗΠΙΑΓΩΓΕΙΟ ΠΕΙΡΑΙΑ,23.637406,37.95777
12593,51ο ΝΗΠΙΑΓΩΓΕΙΟ ΠΕΙΡΑΙΑ,23.631706,37.953305
12594,1ο ΝΗΠΙΑΓΩΓΕΙΟ ΠΕΙΡΑΙΑ,23.634835,37.958888
12595,1ο ΝΗΠΙΑΓΩΓΕΙΟ ΠΕΙΡΑΙΑ ΕΙΔΙΚΟ,,
12596,16ο ΝΗΠΙΑΓΩΓΕΙΟ ΚΑΛΛΙΘΕΑΣ,23.705475,37.961691
12597,11ο ΝΗΠΙΑΓΩΓΕΙΟ ΑΡΓΥΡΟΥΠΟΛΗΣ,23.742553,37.906798
12598,ΝΗΠΙΑΓΩΓΕΙΟ ΑΙΑΝΤΕΙΟΥ ΣΑΛΑΜΙΝΟΣ,23.498836,37.966543
12599,ΝΗΠΙΑΓΩΓΕΙΟ ΚΥΨΕΛΗΣ ΑΙΓΙΝΗΣ,,
12600,3ο ΝΗΠΙΑΓΩΓΕΙΟ ΚΟΡΥΔΑΛΛΟΥ,23.638954,37.987534
12601,2ο ΝΗΠΙΑΓΩΓΕΙΟ ΠΟΡΟΥ ΤΡΟΙΖΗΝΙΑΣ,,
12602,9ο ΝΗΠΙΑΓΩΓΕΙΟ ΚΕΡΑΤΣΙΝΙΟΥ,23.618715,37.969075
12603,13ο ΝΗΠΙΑΓΩΓΕΙΟ ΝΙΚΑΙΑΣ,23.628088,37.979574
12604,12ο ΝΗΠΙΑΓΩΓΕΙΟ ΝΙΚΑΙΑΣ,23.624735,37.983969
12605,ΝΗΠΙΑΓΩΓΕΙΟ ΑΜΠΕΛΑΚΙΩΝ,23.529611,37.948329
12606,2ο ΝΗΠΙΑΓΩΓΕΙΟ ΑΓΙΟΥ ΙΩΑΝΝΗ ΡΕΝΤΗ,23.66011,37.963624
12607,1ο ΝΗΠΙΑΓΩΓΕΙΟ ΑΓΙΟΥ ΙΩΑΝΝΟΥ ΡΕΝΤΗ,,
12608,24ο ΝΗΠΙΑΓΩΓΕΙΟ ΝΙΚΑΙΑΣ,23.655104,37.964672
12609,18ο ΝΗΠΙΑΓΩΓΕΙΟ ΠΕΙΡΑΙΑ,23.64739,37.94477
12610,16ο ΝΗΠΙΑΓΩΓΕΙΟ ΠΕΙΡΑΙΑ,23.664953,37.949897
12611,27ο ΝΗΠΙΑΓΩΓΕΙΟ ΠΕΙΡΑΙΑ,23.631818,37.952902
12612,26ο ΝΗΠΙΑΓΩΓΕΙΟ ΠΕΙΡΑΙΑ,23.635623,37.927835
12613,8ο ΝΗΠΙΑΓΩΓΕΙΟ ΝΕΑΣ ΣΜΥΡΝΗΣ,23.703129,37.937626
12614,7ο ΝΗΠΙΑΓΩΓΕΙΟ ΝΕΑΣ ΣΜΥΡΝΗΣ,23.714719,37.949855
12615,ΝΗΠΙΑΓΩΓΕΙΟ ΓΛΥΦΑΔΑΣ ΠΑΠΑΔΑΚΕΙΟ,23.754901,37.881922
12616,5ο ΝΗΠΙΑΓΩΓΕΙΟ ΑΓΙΟΥ ΙΩΑΝΝΗ ΡΕΝΤΗ,23.669988,37.958045
12617,7ο ΝΗΠΙΑΓΩΓΕΙΟ ΠΑΛΑΙΟΥ ΦΑΛΗΡΟΥ,23.697155,37.925342
12618,5ο ΝΗΠΙΑΓΩΓΕΙΟ ΠΑΛΑΙΟΥ ΦΑΛΗΡΟΥ,23.697459,37.939311
12619,25ο ΝΗΠΙΑΓΩΓΕΙΟ ΠΕΙΡΑΙΑ,23.627423,37.93019
12620,24ο ΝΗΠΙΑΓΩΓΕΙΟ ΠΕΙΡΑΙΑ,23.637813,37.935748
12621,23ο ΝΗΠΙΑΓΩΓΕΙΟ ΠΕΙΡΑΙΑ,23.62576,37.934504
12622,22ο ΝΗΠΙΑΓΩΓΕΙΟ ΠΕΙΡΑΙΑ,23.628128,37.934076
12623,20ο ΝΗΠΙΑΓΩΓΕΙΟ ΠΕΙΡΑΙΑ,23.639584,37.931323
12624,6ο ΝΗΠΙΑΓΩΓΕΙΟ ΠΑΛΑΙΟΥ ΦΑΛΗΡΟΥ,23.707762,37.926319
12625,7ο ΝΗΠΙΑΓΩΓΕΙΟ ΑΛΙΜΟΥ,23.705553,37.915449
12626,ΝΗΠΙΑΓΩΓΕΙΟ ΜΕΘΑΝΩΝ,,
12627,13ο ΝΗΠΙΑΓΩΓΕΙΟ ΚΕΡΑΤΣΙΝΙΟΥ,23.617019,37.969931
12628,14ο ΝΗΠΙΑΓΩΓΕΙΟ ΠΕΙΡΑΙΑ,23.655798,37.957329
12629,13ο ΝΗΠΙΑΓΩΓΕΙΟ ΠΕΙΡΑΙΑ,23.641746,37.953937
12630,12ο ΝΗΠΙΑΓΩΓΕΙΟ ΠΕΙΡΑΙΑ,23.653033,37.960706
12631,35ο ΝΗΠΙΑΓΩΓΕΙΟ ΠΕΙΡΑΙΑ,23.654883,37.94354
12632,8ο ΝΗΠΙΑΓΩΓΕΙΟ ΚΟΡΥΔΑΛΛΟΥ,23.635882,37.988136
12633,ΝΗΠΙΑΓΩΓΕΙΟ ΚΑΜΑΤΕΡΟΥ ΣΑΛΑΜΙΝΑΣ,,
12634,ΝΗΠΙΑΓΩΓΕΙΟ ΤΡΟΙΖΗΝΑΣ,,
12635,10ο ΝΗΠΙΑΓΩΓΕΙΟ ΓΛΥΦΑΔΑΣ,23.767365,37.893219
12636,2ο ΝΗΠΙΑΓΩΓΕΙΟ ΣΑΛΑΜΙΝΟΣ,23.515139,37.964845
12637,1ο ΝΗΠΙΑΓΩΓΕΙΟ ΣΑΛΑΜΙΝΟΣ,23.487781,37.965453
12638,10ο ΝΗΠΙΑΓΩΓΕΙΟ ΝΕΑΣ ΣΜΥΡΝΗΣ,23.711981,37.946369
12639,8ο ΝΗΠΙΑΓΩΓΕΙΟ ΚΗΦΙΣΙΑΣ,23.827577,38.065693
12640,8ο ΝΗΠΙΑΓΩΓΕΙΟ ΑΓΙΟΥ ΔΗΜΗΤΡΙΟΥ,23.732419,37.940808
12641,ΝΗΠΙΑΓΩΓΕΙΟ ΔΡΥΟΠΗΣ ΤΡΟΙΖΗΝΙΑΣ,,
12642,18ο ΝΗΠΙΑΓΩΓΕΙΟ ΚΟΡΥΔΑΛΛΟΥ,23.645344,37.987763
12643,10ο ΝΗΠΙΑΓΩΓΕΙΟ ΠΑΛΑΙΟΥ ΦΑΛΗΡΟΥ,23.707704,37.919472
12644,18ο ΝΗΠΙΑΓΩΓΕΙΟ ΚΕΡΑΤΣΙΝΙΟΥ,23.624792,37.970628
12645,ΝΗΠΙΑΓΩΓΕΙΟ ΝΕΟΥ ΙΚΟΝΙΟΥ,,
12646,20ο ΝΗΠΙΑΓΩΓΕΙΟ ΝΙΚΑΙΑΣ,23.635859,37.9762
12647,ΝΗΠΙΑΓΩΓΕΙΟ ΠΑΛΟΥΚΙΩΝ ΣΑΛΑΜΙΝΟΣ,23.520559,37.963328
12648,1ο ΝΗΠΙΑΓΩΓΕΙΟ ΝΙΚΑΙΑΣ,23.642517,37.966206
12649,28ο ΝΗΠΙΑΓΩΓΕΙΟ ΠΕΙΡΑΙΑ,23.628906,37.954904
12650,ΝΗΠΙΑΓΩΓΕΙΟ ΤΥΦΛΟΚΩΦΩΝ ΚΑΛΛΙΘΕΑΣ ΕΙΔΙΚΟ,,
12651,1ο ΝΗΠΙΑΓΩΓΕΙΟ ΥΔΡΑΣ,,
12652,3ο ΝΗΠΙΑΓΩΓΕΙΟ ΔΡΑΠΕΤΣΩΝΑΣ,23.62419,37.946288
12653,6ο ΝΗΠΙΑΓΩΓΕΙΟ ΚΟΡΥΔΑΛΛΟΥ,23.657009,37.981391
12654,5ο ΝΗΠΙΑΓΩΓΕΙΟ ΚΟΡΥΔΑΛΛΟΥ,23.654527,37.980135
12655,15ο ΝΗΠΙΑΓΩΓΕΙΟ ΑΡΓΥΡΟΥΠΟΛΗΣ,23.750495,37.909085
12656,47ο ΝΗΠΙΑΓΩΓΕΙΟ ΠΕΙΡΑΙΑ,23.650629,37.94134
12657,33ο ΝΗΠΙΑΓΩΓΕΙΟ ΠΕΙΡΑΙΑ,23.637084,37.933307
12658,23ο ΝΗΠΙΑΓΩΓΕΙΟ ΝΙΚΑΙΑΣ,23.650887,37.968155
12659,6ο ΝΗΠΙΑΓΩΓΕΙΟ ΠΕΡΑΜΑΤΟΣ,23.571311,37.965205
12660,42ο ΝΗΠΙΑΓΩΓΕΙΟ ΠΕΙΡΑΙΑ,23.64739,37.944805
12661,36ο ΝΗΠΙΑΓΩΓΕΙΟ ΠΕΙΡΑΙΑ,23.654886,37.943494
12662,31ο ΝΗΠΙΑΓΩΓΕΙΟ ΠΕΙΡΑΙΑ,23.653053,37.960714
12663,2ο ΝΗΠΙΑΓΩΓΕΙΟ ΝΕΟΥ ΦΑΛΗΡΟΥ,,
12664,18ο ΝΗΠΙΑΓΩΓΕΙΟ ΝΙΚΑΙΑΣ,23.653297,37.971357
12665,17ο ΝΗΠΙΑΓΩΓΕΙΟ ΝΙΚΑΙΑΣ,23.632455,37.966332
12666,16ο ΝΗΠΙΑΓΩΓΕΙΟ ΝΙΚΑΙΑΣ,23.635888,37.976061
12667,15ο ΝΗΠΙΑΓΩΓΕΙΟ ΝΙΚΑΙΑΣ,23.632833,37.969507
12668,11ο ΝΗΠΙΑΓΩΓΕΙΟ ΚΕΡΑΤΣΙΝΙΟΥ,23.61313,37.953479
12669,43ο ΝΗΠΙΑΓΩΓΕΙΟ ΠΕΙΡΑΙΑ,23.647683,37.934668
12670,13ο ΝΗΠΙΑΓΩΓΕΙΟ ΚΟΡΥΔΑΛΛΟΥ,23.645864,37.977616
12671,45ο ΝΗΠΙΑΓΩΓΕΙΟ ΠΕΙΡΑΙΑ,23.651838,37.941793
12672,ΝΗΠΙΑΓΩΓΕΙΟ ΚΑΚΗΣ ΒΙΓΛΑΣ ΣΑΛΑΜΙΝΑΣ,,
12673,8ο ΝΗΠΙΑΓΩΓΕΙΟ ΣΑΛΑΜΙΝΑΣ,,
12674,5ο ΝΗΠΙΑΓΩΓΕΙΟ ΣΑΛΑΜΙΝΑΣ,23.491398,37.967791
12675,29ο ΝΗΠΙΑΓΩΓΕΙΟ ΠΕΙΡΑΙΑ,23.643682,37.938603
12676,14ο ΝΗΠΙΑΓΩΓΕΙΟ ΓΛΥΦΑΔΑΣ,23.771354,37.890934
12677,17ο ΝΗΠΙΑΓΩΓΕΙΟ ΚΕΡΑΤΣΙΝΙΟΥ,23.621909,37.966872
12678,19ο ΝΗΠΙΑΓΩΓΕΙΟ ΚΕΡΑΤΣΙΝΙΟΥ,23.620934,37.973431
12679,15ο ΝΗΠΙΑΓΩΓΕΙΟ ΓΛΥΦΑΔΑΣ,23.767424,37.898327
12680,ΝΗΠΙΑΓΩΓΕΙΟ ΠΟΤΑΜΟΥ ΚΥΘΗΡΩΝ,22.963122,36.298382
12681,8ο ΝΗΠΙΑΓΩΓΕΙΟ ΠΕΡΑΜΑΤΟΣ,23.577411,37.964985
12682,20ο ΝΗΠΙΑΓΩΓΕΙΟ ΚΕΡΑΤΣΙΝΙΟΥ,23.617053,37.966736
12683,ΝΗΠΙΑΓΩΓΕΙΟ ΚΑΡΑΤΖΑ ΤΡΟΙΖΗΝΙΑΣ,,
12684,4ο ΝΗΠΙΑΓΩΓΕΙΟ ΔΡΑΠΕΤΣΩΝΑΣ,23.624218,37.946266
12685,16ο ΝΗΠΙΑΓΩΓΕΙΟ ΓΛΥΦΑΔΑΣ,23.764106,37.894141
12686,16ο ΝΗΠΙΑΓΩΓΕΙΟ ΑΓΙΟΥ ΔΗΜΗΤΡΙΟΥ,23.722478,37.920103
12687,20ο ΝΗΠΙΑΓΩΓΕΙΟ ΚΑΛΛΙΘΕΑΣ,23.709815,37.956507
12688,4ο ΝΗΠΙΑΓΩΓΕΙΟ ΑΓΙΟΥ ΙΩΑΝΝΗ ΡΕΝΤΗ,23.668335,37.95788
12689,6ο ΝΗΠΙΑΓΩΓΕΙΟ ΣΑΛΑΜΙΝΑΣ,23.486062,37.962564
12690,3ο ΝΗΠΙΑΓΩΓΕΙΟ ΠΕΡΑΜΑΤΟΣ,23.573875,37.962492
12691,3ο ΝΗΠΙΑΓΩΓΕΙΟ ΣΑΛΑΜΙΝΟΣ,23.508106,37.96307
12692,8ο ΝΗΠΙΑΓΩΓΕΙΟ ΚΕΡΑΤΣΙΝΙΟΥ,23.622189,37.960914
12693,5ο ΝΗΠΙΑΓΩΓΕΙΟ ΕΛΛΗΝΙΚΟΥ,23.745389,37.895204
12694,10ο ΝΗΠΙΑΓΩΓΕΙΟ ΑΛΙΜΟΥ,23.715044,37.907871
12695,9ο ΝΗΠΙΑΓΩΓΕΙΟ ΑΛΙΜΟΥ,23.733672,37.925485
12696,16ο ΝΗΠΙΑΓΩΓΕΙΟ ΚΕΡΑΤΣΙΝΙΟΥ,23.618075,37.950512
12697,21ο ΝΗΠΙΑΓΩΓΕΙΟ ΚΑΛΛΙΘΕΑΣ,23.697484,37.945475
12698,6ο ΝΗΠΙΑΓΩΓΕΙΟ ΝΕΑΣ ΣΜΥΡΝΗΣ,23.700235,37.940218
12699,14ο ΝΗΠΙΑΓΩΓΕΙΟ ΚΑΛΛΙΘΕΑΣ,23.709815,37.956494
12700,12ο ΝΗΠΙΑΓΩΓΕΙΟ ΚΕΡΑΤΣΙΝΙΟΥ,23.617067,37.966681
12701,22ο ΝΗΠΙΑΓΩΓΕΙΟ ΝΙΚΑΙΑΣ,23.640321,37.970637
12702,15ο ΝΗΠΙΑΓΩΓΕΙΟ ΝΕΑΣ ΙΩΝΙΑΣ,23.75862,38.031314
12703,7ο ΝΗΠΙΑΓΩΓΕΙΟ ΜΕΤΑΜΟΡΦΩΣΗΣ,23.763102,38.064491
12704,3ο ΝΗΠΙΑΓΩΓΕΙΟ ΜΕΤΑΜΟΡΦΩΣΗΣ,23.761352,38.056619
12705,4ο ΝΗΠΙΑΓΩΓΕΙΟ ΑΛΙΜΟΥ,23.73083,37.916174
12706,19ο ΝΗΠΙΑΓΩΓΕΙΟ ΚΑΛΛΙΘΕΑΣ,23.691442,37.94992
12707,7ο ΝΗΠΙΑΓΩΓΕΙΟ ΚΕΡΑΤΣΙΝΙΟΥ,23.616796,37.958061
12708,9ο ΝΗΠΙΑΓΩΓΕΙΟ ΚΑΛΛΙΘΕΑΣ,23.685274,37.950792
12709,11ο ΝΗΠΙΑΓΩΓΕΙΟ ΝΙΚΑΙΑΣ,23.632786,37.969422
12710,6ο ΝΗΠΙΑΓΩΓΕΙΟ ΚΑΛΛΙΘΕΑΣ,,
12711,6ο ΝΗΠΙΑΓΩΓΕΙΟ ΗΡΑΚΛΕΙΟΥ,23.777762,38.056511
12712,3ο ΝΗΠΙΑΓΩΓΕΙΟ ΑΜΑΡΟΥΣΙΟΥ,23.811023,38.049034
12713,2ο ΝΗΠΙΑΓΩΓΕΙΟ ΚΗΦΙΣΙΑΣ,23.796268,38.07575
12714,2ο ΝΗΠΙΑΓΩΓΕΙΟ ΝΕΑΣ ΕΡΥΘΡΑΙΑΣ,23.808409,38.093311
12715,3ο ΝΗΠΙΑΓΩΓΕΙΟ ΧΑΛΑΝΔΡΙΟΥ,23.793367,38.02744
12716,5ο ΝΗΠΙΑΓΩΓΕΙΟ ΧΑΛΑΝΔΡΙΟΥ,23.824661,38.023065
12717,2ο ΝΗΠΙΑΓΩΓΕΙΟ ΑΓΙΟΥ ΔΗΜΗΤΡΙΟΥ,23.7276,37.937207
12718,ΝΗΠΙΑΓΩΓΕΙΟ ΦΟΙΝΙΚΟΣ ΣΑΛΑΜΙΝΑΣ,,
12719,7ο ΝΗΠΙΑΓΩΓΕΙΟ ΣΑΛΑΜΙΝΑΣ,23.506302,37.969188
12720,ΝΗΠΙΑΓΩΓΕΙΟ ΒΑΣΙΛΙΚΩΝ ΣΑΛΑΜΙΝΑΣ,,
12721,12ο ΝΗΠΙΑΓΩΓΕΙΟ ΓΛΥΦΑΔΑΣ,23.750259,37.884556
12722,10ο ΝΗΠΙΑΓΩΓΕΙΟ ΚΑΛΛΙΘΕΑΣ,23.701996,37.959766
12723,ΝΗΠΙΑΓΩΓΕΙΟ ΑΓΙΩΝ ΒΑΘΗΣ ΑΙΓΙΝΑΣ,,
12724,11ο ΝΗΠΙΑΓΩΓΕΙΟ ΠΕΙΡΑΙΑ,23.631706,37.953305
12725,ΝΗΠΙΑΓΩΓΕΙΟ ΜΕΣΑΓΡΟΥ ΑΙΓΙΝΑΣ,,
12726,ΝΗΠΙΑΓΩΓΕΙΟ ΑΡΓΥΡΟΥΠΟΛΗΣ ΕΙΔΙΚΟ ΚΩΦΩΝ ΒΑΡΗΚΟΩΝ,,
12727,10ο ΝΗΠΙΑΓΩΓΕΙΟ ΚΕΡΑΤΣΙΝΙΟΥ,23.61426,37.962368
12728,46ο ΝΗΠΙΑΓΩΓΕΙΟ ΠΕΙΡΑΙΑ,23.627174,37.96183
12729,17ο ΝΗΠΙΑΓΩΓΕΙΟ ΚΑΛΛΙΘΕΑΣ,23.705224,37.961518
12730,52ο ΝΗΠΙΑΓΩΓΕΙΟ ΠΕΙΡΑΙΑ,23.641745,37.95407
12731,ΝΗΠΙΑΓΩΓΕΙΟ ΣΕΛΗΝΙΩΝ ΣΑΛΑΜΙΝΑΣ,23.530923,37.931804
12732,2ο ΝΗΠΙΑΓΩΓΕΙΟ ΓΑΛΑΤΑ,,
12733,2ο ΝΗΠΙΑΓΩΓΕΙΟ ΠΑΠΑΓΟΥ,23.791653,37.983321
12734,3ο ΝΗΠΙΑΓΩΓΕΙΟ ΚΗΦΙΣΙΑΣ,23.795519,38.08906
12735,50ο ΝΗΠΙΑΓΩΓΕΙΟ ΠΕΙΡΑΙΑ,23.637121,37.933116
12736,13ο ΝΗΠΙΑΓΩΓΕΙΟ ΑΡΓΥΡΟΥΠΟΛΗΣ,23.753871,37.901537
12737,10ο ΝΗΠΙΑΓΩΓΕΙΟ ΑΡΓΥΡΟΥΠΟΛΗΣ,23.750234,37.914596
12738,5ο ΝΗΠΙΑΓΩΓΕΙΟ ΑΓΙΟΥ ΔΗΜΗΤΡΙΟΥ,23.717939,37.927475
12739,3ο ΝΗΠΙΑΓΩΓΕΙΟ ΝΕΑΣ ΣΜΥΡΝΗΣ,23.707989,37.951329
12740,9ο ΝΗΠΙΑΓΩΓΕΙΟ ΓΛΥΦΑΔΑΣ,23.762076,37.874783
12741,ΝΗΠΙΑΓΩΓΕΙΟ ΑΓΙΩΝ ΑΣΩΜΑΤΩΝ ΑΙΓΙΝΗΣ,,
12742,5ο ΝΗΠΙΑΓΩΓΕΙΟ ΚΕΡΑΤΣΙΝΙΟΥ,23.609877,37.949746
12743,7ο ΝΗΠΙΑΓΩΓΕΙΟ ΝΙΚΑΙΑΣ,23.635844,37.97615
12744,15ο ΝΗΠΙΑΓΩΓΕΙΟ ΑΓΙΟΥ ΔΗΜΗΤΡΙΟΥ,23.713803,37.928324
12745,9ο ΝΗΠΙΑΓΩΓΕΙΟ ΝΙΚΑΙΑΣ,23.627541,37.97596
12746,3ο ΝΗΠΙΑΓΩΓΕΙΟ ΑΓΙΟΥ ΔΗΜΗΤΡΙΟΥ,23.722805,37.937231
12747,12ο ΝΗΠΙΑΓΩΓΕΙΟ ΗΡΑΚΛΕΙΟΥ,23.755792,38.047727
12748,8ο ΝΗΠΙΑΓΩΓΕΙΟ ΚΑΛΛΙΘΕΑΣ,23.703399,37.954537
12749,9ο ΝΗΠΙΑΓΩΓΕΙΟ ΑΡΓΥΡΟΥΠΟΛΗΣ,23.744657,37.90921
12750,5ο ΝΗΠΙΑΓΩΓΕΙΟ ΝΕΑΣ ΣΜΥΡΝΗΣ,23.711455,37.937457
12751,1ο ΝΗΠΙΑΓΩΓΕΙΟ ΝΕΑΣ ΣΜΥΡΝΗΣ,23.699981,37.942057
12752,3ο ΝΗΠΙΑΓΩΓΕΙΟ ΕΛΛΗΝΙΚΟΥ,23.732818,37.899978
12753,1ο ΝΗΠΙΑΓΩΓΕΙΟ ΝΕΟΥ ΨΥΧΙΚΟΥ,23.778553,38.005541
12754,1ο ΝΗΠΙΑΓΩΓΕΙΟ ΨΥΧΙΚΟΥ,23.768839,38.002616
12755,11ο ΝΗΠΙΑΓΩΓΕΙΟ ΑΜΑΡΟΥΣΙΟΥ,23.793728,38.050924
12756,10ο ΝΗΠΙΑΓΩΓΕΙΟ ΑΜΑΡΟΥΣΙΟΥ,23.798476,38.050017
12757,12ο ΝΗΠΙΑΓΩΓΕΙΟ ΑΜΑΡΟΥΣΙΟΥ,23.811016,38.049017
12758,1ο ΝΗΠΙΑΓΩΓΕΙΟ ΑΓΙΟΥ ΔΗΜΗΤΡΙΟΥ,23.728021,37.944695
12759,3ο ΝΗΠΙΑΓΩΓΕΙΟ ΜΟΣΧΑΤΟΥ,23.670137,37.949933
12760,2ο ΝΗΠΙΑΓΩΓΕΙΟ ΜΟΣΧΑΤΟΥ,23.675671,37.948849
12761,11ο ΝΗΠΙΑΓΩΓΕΙΟ ΚΑΛΛΙΘΕΑΣ,23.705754,37.955284
12762,3ο ΝΗΠΙΑΓΩΓΕΙΟ ΠΕΥΚΗΣ,23.792311,38.062633
12763,5ο ΝΗΠΙΑΓΩΓΕΙΟ ΑΓΙΑΣ ΠΑΡΑΣΚΕΥΗΣ,23.824073,38.000913
12764,2ο ΝΗΠΙΑΓΩΓΕΙΟ ΑΡΓΥΡΟΥΠΟΛΗΣ,23.749916,37.911851
12765,1ο ΝΗΠΙΑΓΩΓΕΙΟ ΕΛΛΗΝΙΚΟΥ,23.752169,37.893266
12766,5ο ΝΗΠΙΑΓΩΓΕΙΟ ΚΗΦΙΣΙΑΣ,23.811653,38.07837
12767,23ο ΝΗΠΙΑΓΩΓΕΙΟ ΚΟΡΥΔΑΛΛΟΥ,23.642581,37.972315
12768,3ο ΝΗΠΙΑΓΩΓΕΙΟ ΚΑΛΛΙΘΕΑΣ,23.684069,37.940647
12769,1ο ΝΗΠΙΑΓΩΓΕΙΟ ΜΟΣΧΑΤΟΥ,23.67508,37.943202
12770,1ο ΝΗΠΙΑΓΩΓΕΙΟ ΚΑΛΛΙΘΕΑΣ,23.692561,37.944217
12771,2ο ΝΗΠΙΑΓΩΓΕΙΟ ΚΑΛΛΙΘΕΑΣ,23.689765,37.948344
12772,4ο ΝΗΠΙΑΓΩΓΕΙΟ ΚΑΛΛΙΘΕΑΣ,23.690337,37.955855
12773,22ο ΝΗΠΙΑΓΩΓΕΙΟ ΚΟΡΥΔΑΛΛΟΥ,23.63994,37.977912
12774,15ο ΝΗΠΙΑΓΩΓΕΙΟ ΚΑΛΛΙΘΕΑΣ,23.705475,37.961704
12775,14ο ΝΗΠΙΑΓΩΓΕΙΟ ΑΓΙΟΥ ΔΗΜΗΤΡΙΟΥ,23.715568,37.934396
12776,12ο ΝΗΠΙΑΓΩΓΕΙΟ ΑΓΙΑΣ ΠΑΡΑΣΚΕΥΗΣ,,
12777,4ο ΝΗΠΙΑΓΩΓΕΙΟ ΒΡΙΛΗΣΣΙΩΝ,23.843119,38.03919
12778,7ο ΝΗΠΙΑΓΩΓΕΙΟ ΓΛΥΦΑΔΑΣ,23.76407,37.898183
12779,19ο ΝΗΠΙΑΓΩΓΕΙΟ ΑΜΑΡΟΥΣΙΟΥ,23.798634,38.032588
12780,ΝΗΠΙΑΓΩΓΕΙΟ ΕΚΑΛΗΣ,,
12781,30ο ΝΗΠΙΑΓΩΓΕΙΟ ΚΑΛΛΙΘΕΑΣ,23.695317,37.955388
12782,2ο ΝΗΠΙΑΓΩΓΕΙΟ ΑΛΙΜΟΥ,23.736535,37.920101
12783,2ο ΝΗΠΙΑΓΩΓΕΙΟ ΚΟΡΥΔΑΛΛΟΥ,23.645619,37.973804
12784,1ο ΝΗΠΙΑΓΩΓΕΙΟ ΔΡΑΠΕΤΣΩΝΑΣ,23.621557,37.941623
12785,2ο ΝΗΠΙΑΓΩΓΕΙΟ ΚΕΡΑΤΣΙΝΙΟΥ,23.622157,37.960793
12786,ΝΗΠΙΑΓΩΓΕΙΟ ΑΓΙΟΥ ΔΗΜΗΤΡΙΟΥ ΕΙΔΙΚΟ,,
12787,2ο ΝΗΠΙΑΓΩΓΕΙΟ ΔΡΑΠΕΤΣΩΝΑΣ,23.621499,37.941892
12788,8ο ΝΗΠΙΑΓΩΓΕΙΟ ΑΛΙΜΟΥ,23.730425,37.909255
12789,1ο ΝΗΠΙΑΓΩΓΕΙΟ ΧΑΛΑΝΔΡΙΟΥ,23.79749,38.017543
12790,1ο ΝΗΠΙΑΓΩΓΕΙΟ ΜΕΛΙΣΣΙΩΝ,23.834681,38.047987
12791,2ο ΝΗΠΙΑΓΩΓΕΙΟ ΧΑΛΑΝΔΡΙΟΥ,23.802865,38.020884
12792,3ο ΝΗΠΙΑΓΩΓΕΙΟ ΝΙΚΑΙΑΣ,23.640421,37.970645
12793,1ο ΝΗΠΙΑΓΩΓΕΙΟ ΠΟΡΟΥ,,
12794,1ο ΝΗΠΙΑΓΩΓΕΙΟ ΓΑΛΑΤΑ,,
12795,4ο ΝΗΠΙΑΓΩΓΕΙΟ ΠΑΛΑΙΟΥ ΦΑΛΗΡΟΥ,23.711855,37.922542
12796,2ο ΝΗΠΙΑΓΩΓΕΙΟ ΜΕΛΙΣΣΙΩΝ,23.829743,38.058197
12797,2ο ΝΗΠΙΑΓΩΓΕΙΟ ΠΕΥΚΗΣ,23.797284,38.063735
12798,4ο ΝΗΠΙΑΓΩΓΕΙΟ ΑΜΑΡΟΥΣΙΟΥ,23.813321,38.039802
12799,1ο ΝΗΠΙΑΓΩΓΕΙΟ ΚΗΦΙΣΙΑΣ,23.813519,38.06837
12800,6ο ΝΗΠΙΑΓΩΓΕΙΟ ΑΜΑΡΟΥΣΙΟΥ,23.813516,38.031983
12801,4ο ΝΗΠΙΑΓΩΓΕΙΟ ΠΕΙΡΑΙΑ,23.659376,37.952061
12802,19ο ΝΗΠΙΑΓΩΓΕΙΟ ΝΕΑΣ ΙΩΝΙΑΣ,23.76108,38.036342
12803,5ο ΝΗΠΙΑΓΩΓΕΙΟ ΑΜΑΡΟΥΣΙΟΥ,23.803744,38.0504
12804,7ο ΝΗΠΙΑΓΩΓΕΙΟ ΑΡΓΥΡΟΥΠΟΛΗΣ,23.744756,37.904985
12805,8ο ΝΗΠΙΑΓΩΓΕΙΟ ΗΡΑΚΛΕΙΟΥ,23.763086,38.040175
12806,6ο ΝΗΠΙΑΓΩΓΕΙΟ ΑΓΙΑΣ ΠΑΡΑΣΚΕΥΗΣ,23.812297,38.003943
12807,5ο ΝΗΠΙΑΓΩΓΕΙΟ ΒΡΙΛΗΣΣΙΩΝ,23.829975,38.02698
12808,3ο ΝΗΠΙΑΓΩΓΕΙΟ ΠΑΛΑΙΟΥ ΦΑΛΗΡΟΥ,23.698985,37.939713
12809,11ο ΝΗΠΙΑΓΩΓΕΙΟ ΚΟΡΥΔΑΛΛΟΥ,23.651506,37.978036
12810,9ο ΝΗΠΙΑΓΩΓΕΙΟ ΠΑΛ. ΦΑΛΗΡΟΥ,23.701351,37.933394
12811,14ο ΝΗΠΙΑΓΩΓΕΙΟ ΝΙΚΑΙΑΣ,23.639308,37.964083
12812,4ο ΝΗΠΙΑΓΩΓΕΙΟ ΠΕΡΑΜΑΤΟΣ,23.565673,37.967516
12813,11ο ΝΗΠΙΑΓΩΓΕΙΟ ΝΕΑΣ ΣΜΥΡΝΗΣ,23.718614,37.945666
12814,11ο ΝΗΠΙΑΓΩΓΕΙΟ ΑΛΙΜΟΥ,23.714095,37.919994
12815,ΝΗΠΙΑΓΩΓΕΙΟ ΒΑΘΕΟΣ ΑΙΓΙΝΗΣ,,
12816,5ο ΝΗΠΙΑΓΩΓΕΙΟ ΚΑΛΛΙΘΕΑΣ,23.697484,37.945475
12817,4ο ΝΗΠΙΑΓΩΓΕΙΟ ΜΟΣΧΑΤΟΥ,23.671877,37.951507
12818,2ο ΝΗΠΙΑΓΩΓΕΙΟ ΓΛΥΦΑΔΑΣ,23.766744,37.892481
12819,9ο ΝΗΠΙΑΓΩΓΕΙΟ ΑΓΙΟΥ ΔΗΜΗΤΡΙΟΥ,23.72243,37.92037
12820,10ο ΝΗΠΙΑΓΩΓΕΙΟ ΚΟΡΥΔΑΛΛΟΥ,23.651516,37.977971
12821,4ο ΝΗΠΙΑΓΩΓΕΙΟ ΑΓΙΟΥ ΔΗΜΗΤΡΙΟΥ,23.733392,37.933767
12822,1ο ΝΗΠΙΑΓΩΓΕΙΟ ΧΟΛΑΡΓΟΥ,23.798721,37.997216
12823,1ο ΝΗΠΙΑΓΩΓΕΙΟ ΑΓΙΑΣ ΠΑΡΑΣΚΕΥΗΣ,23.823453,38.008073
12824,1ο ΝΗΠΙΑΓΩΓΕΙΟ ΠΑΠΑΓΟΥ,23.786751,37.989182
12825,8ο ΝΗΠΙΑΓΩΓΕΙΟ ΠΑΛΑΙΟΥ ΦΑΛΗΡΟΥ,23.688897,37.929712
12826,21ο ΝΗΠΙΑΓΩΓΕΙΟ ΝΙΚΑΙΑΣ,23.624616,37.984034
12827,15ο ΝΗΠΙΑΓΩΓΕΙΟ ΠΕΙΡΑΙΑ,23.648418,37.940782
12828,23ο ΝΗΠΙΑΓΩΓΕΙΟ ΚΑΛΛΙΘΕΑΣ,23.701996,37.959766
12829,2ο ΝΗΠΙΑΓΩΓΕΙΟ ΠΕΙΡΑΙΑ,23.651093,37.960176
12830,8ο ΝΗΠΙΑΓΩΓΕΙΟ ΠΕΙΡΑΙΑ,23.66248,37.951569
12831,1ο ΝΗΠΙΑΓΩΓΕΙΟ ΚΟΡΥΔΑΛΛΟΥ,23.644717,37.98475
12832,13ο ΝΗΠΙΑΓΩΓΕΙΟ ΑΜΑΡΟΥΣΙΟΥ,23.793607,38.036296
12833,22ο ΝΗΠΙΑΓΩΓΕΙΟ ΝΕΑΣ ΙΩΝΙΑΣ,23.76108,38.036342
12834,5ο ΝΗΠΙΑΓΩΓΕΙΟ ΠΕΥΚΗΣ,23.784729,38.050474
12835,3ο ΝΗΠΙΑΓΩΓΕΙΟ ΛΥΚΟΒΡΥΣΗΣ,,
12836,3ο ΝΗΠΙΑΓΩΓΕΙΟ ΜΕΛΙΣΣΙΩΝ,23.841059,38.059714
12837,19ο ΝΗΠΙΑΓΩΓΕΙΟ ΚΟΡΥΔΑΛΛΟΥ,23.643021,37.989686
12838,16ο ΝΗΠΙΑΓΩΓΕΙΟ ΑΜΑΡΟΥΣΙΟΥ,23.821745,38.040166
12839,10ο ΝΗΠΙΑΓΩΓΕΙΟ ΑΓΙΑΣ ΠΑΡΑΣΚΕΥΗΣ,23.815571,38.006746
12840,18ο ΝΗΠΙΑΓΩΓΕΙΟ ΓΛΥΦΑΔΑΣ,23.749739,37.872041
12841,6ο ΝΗΠΙΑΓΩΓΕΙΟ ΑΡΓΥΡΟΥΠΟΛΗΣ,23.750243,37.896607
12842,5ο ΝΗΠΙΑΓΩΓΕΙΟ ΜΟΣΧΑΤΟΥ,23.66913,37.944983
12843,4ο ΝΗΠΙΑΓΩΓΕΙΟ ΜΕΛΙΣΣΙΩΝ,23.842516,38.054596
12844,2ο ΝΗΠΙΑΓΩΓΕΙΟ ΝΕΑΣ ΣΜΥΡΝΗΣ,23.718166,37.939193
12845,1ο ΝΗΠΙΑΓΩΓΕΙΟ ΚΟΡΥΔΑΛΛΟΥ ΕΙΔΙΚΟ,,
12846,3ο ΝΗΠΙΑΓΩΓΕΙΟ ΧΟΛΑΡΓΟΥ,23.805345,37.997744
12847,3ο ΝΗΠΙΑΓΩΓΕΙΟ ΝΕΟΥ ΨΥΧΙΚΟΥ,23.774209,37.998793
12848,5ο ΝΗΠΙΑΓΩΓΕΙΟ ΜΕΤΑΜΟΡΦΩΣΗΣ,23.754356,38.058738
12849,5ο ΝΗΠΙΑΓΩΓΕΙΟ ΠΕΡΑΜΑΤΟΣ,23.561524,37.966046
12850,4ο ΝΗΠΙΑΓΩΓΕΙΟ ΣΑΛΑΜΙΝΟΣ,23.478633,37.962298
12851,8ο ΝΗΠΙΑΓΩΓΕΙΟ ΜΕΤΑΜΟΡΦΩΣΗΣ,23.763092,38.064491
12852,5ο ΝΗΠΙΑΓΩΓΕΙΟ ΜΕΛΙΣΣΙΩΝ,23.841073,38.059736
12853,13ο ΝΗΠΙΑΓΩΓΕΙΟ ΑΓΙΑΣ ΠΑΡΑΣΚΕΥΗΣ,23.83252,38.013908
12854,1ο ΝΗΠΙΑΓΩΓΕΙΟ ΠΕΥΚΗΣ,23.787336,38.056672
12855,2ο ΝΗΠΙΑΓΩΓΕΙΟ ΣΠΕΤΣΩΝ,,
12856,11ο ΝΗΠΙΑΓΩΓΕΙΟ ΠΑΛΑΙΟΥ ΦΑΛΗΡΟΥ,23.700701,37.932091
12857,25ο ΝΗΠΙΑΓΩΓΕΙΟ ΝΙΚΑΙΑΣ,23.638716,37.966207
12858,12ο ΝΗΠΙΑΓΩΓΕΙΟ ΠΑΛΑΙΟΥ ΦΑΛΗΡΟΥ,23.694478,37.937734
12859,11ο ΝΗΠΙΑΓΩΓΕΙΟ ΑΓΙΑΣ ΠΑΡΑΣΚΕΥΗΣ,23.810152,38.000304
12860,13ο ΝΗΠΙΑΓΩΓΕΙΟ ΧΑΛΑΝΔΡΙΟΥ,23.817446,38.023834
12861,8ο ΝΗΠΙΑΓΩΓΕΙΟ ΓΛΥΦΑΔΑΣ,23.759482,37.861016
12862,14ο ΝΗΠΙΑΓΩΓΕΙΟ ΧΑΛΑΝΔΡΙΟΥ,23.805565,38.028177
12863,9ο ΝΗΠΙΑΓΩΓΕΙΟ ΚΗΦΙΣΙΑΣ,23.795546,38.089071
12864,1ο ΝΗΠΙΑΓΩΓΕΙΟ ΠΕΝΤΕΛΗΣ,23.877177,38.052789
12865,6ο ΝΗΠΙΑΓΩΓΕΙΟ ΚΕΡΑΤΣΙΝΙΟΥ,23.609487,37.965634
12866,6ο ΝΗΠΙΑΓΩΓΕΙΟ ΝΙΚΑΙΑΣ,23.653378,37.971107
12867,17ο ΝΗΠΙΑΓΩΓΕΙΟ ΠΕΙΡΑΙΑ,23.646285,37.955283
12868,9ο ΝΗΠΙΑΓΩΓΕΙΟ ΗΡΑΚΛΕΙΟΥ,23.773409,38.047006
12869,12ο ΝΗΠΙΑΓΩΓΕΙΟ ΚΑΛΛΙΘΕΑΣ,23.69425,37.955637
12870,4ο ΝΗΠΙΑΓΩΓΕΙΟ ΑΡΓΥΡΟΥΠΟΛΗΣ,23.752151,37.902242
12871,5ο ΝΗΠΙΑΓΩΓΕΙΟ ΑΡΓΥΡΟΥΠΟΛΗΣ,23.737378,37.910415
12872,9ο ΝΗΠΙΑΓΩΓΕΙΟ ΑΜΑΡΟΥΣΙΟΥ,23.792491,38.050078
12873,9ο ΝΗΠΙΑΓΩΓΕΙΟ ΧΑΛΑΝΔΡΙΟΥ,23.79519,38.008448
12874,4ο ΝΗΠΙΑΓΩΓΕΙΟ ΧΟΛΑΡΓΟΥ,23.800112,37.999546
12875,4ο ΝΗΠΙΑΓΩΓΕΙΟ ΝΕΟΥ ΨΥΧΙΚΟΥ,23.774248,37.99864
12876,3ο ΝΗΠΙΑΓΩΓΕΙΟ ΠΟΡΟΥ,,
12877,3ο ΝΗΠΙΑΓΩΓΕΙΟ ΑΡΓΥΡΟΥΠΟΛΗΣ,23.742933,37.911183
12878,9ο ΝΗΠΙΑΓΩΓΕΙΟ ΝΕΑΣ ΙΩΝΙΑΣ,23.744677,38.033586
12879,18ο ΝΗΠΙΑΓΩΓΕΙΟ ΑΜΑΡΟΥΣΙΟΥ,23.812749,38.05462
12880,6ο ΝΗΠΙΑΓΩΓΕΙΟ ΑΓΙΟΥ ΔΗΜΗΤΡΙΟΥ,23.727174,37.935056
12881,4ο ΝΗΠΙΑΓΩΓΕΙΟ ΚΗΦΙΣΙΑΣ,23.796268,38.07575
12882,8ο ΝΗΠΙΑΓΩΓΕΙΟ ΧΑΛΑΝΔΡΙΟΥ,23.786515,38.016042
12883,13ο ΝΗΠΙΑΓΩΓΕΙΟ ΝΕΑΣ ΙΩΝΙΑΣ,23.758762,38.030101
12884,4ο ΝΗΠΙΑΓΩΓΕΙΟ ΜΕΤΑΜΟΡΦΩΣΗΣ,23.754792,38.054868
12885,2ο ΝΗΠΙΑΓΩΓΕΙΟ ΜΕΤΑΜΟΡΦΩΣΗΣ,23.743686,38.055298
12886,22ο ΝΗΠΙΑΓΩΓΕΙΟ ΚΑΛΛΙΘΕΑΣ,23.699409,37.950076
12887,11ο ΝΗΠΙΑΓΩΓΕΙΟ ΧΑΛΑΝΔΡΙΟΥ,23.808538,38.021
12888,4ο ΝΗΠΙΑΓΩΓΕΙΟ ΓΛΥΦΑΔΑΣ,23.762203,37.88931
12889,5ο ΝΗΠΙΑΓΩΓΕΙΟ ΓΛΥΦΑΔΑΣ,23.761347,37.879954
12890,4ο ΝΗΠΙΑΓΩΓΕΙΟ ΧΑΛΑΝΔΡΙΟΥ,23.796459,38.013576
12891,2ο ΝΗΠΙΑΓΩΓΕΙΟ ΠΑΛΑΙΟΥ ΦΑΛΗΡΟΥ,23.697086,37.925163
12892,10ο ΝΗΠΙΑΓΩΓΕΙΟ ΗΡΑΚΛΕΙΟΥ,23.762959,38.040024
12893,6ο ΝΗΠΙΑΓΩΓΕΙΟ ΓΛΥΦΑΔΑΣ,23.769976,37.888239
12894,11ο ΝΗΠΙΑΓΩΓΕΙΟ ΓΛΥΦΑΔΑΣ,23.7624,37.889466
12895,1ο ΝΗΠΙΑΓΩΓΕΙΟ ΑΜΑΡΟΥΣΙΟΥ,23.782072,38.028483
12896,2ο ΝΗΠΙΑΓΩΓΕΙΟ ΝΕΑΣ ΙΩΝΙΑΣ,23.751503,38.032367
12897,7ο ΝΗΠΙΑΓΩΓΕΙΟ ΝΕΑΣ ΙΩΝΙΑΣ,23.740922,38.03022
12898,1ο ΝΗΠΙΑΓΩΓΕΙΟ ΝΕΑΣ ΙΩΝΙΑΣ,23.74312,38.041063
12899,5ο ΝΗΠΙΑΓΩΓΕΙΟ ΝΕΑΣ ΙΩΝΙΑΣ,23.758606,38.031513
12900,4ο ΝΗΠΙΑΓΩΓΕΙΟ ΝΕΑΣ ΣΜΥΡΝΗΣ,23.708506,37.930616
12901,6ο ΝΗΠΙΑΓΩΓΕΙΟ ΝΕΑΣ ΙΩΝΙΑΣ,23.752319,38.041934
12902,8ο ΝΗΠΙΑΓΩΓΕΙΟ ΑΜΑΡΟΥΣΙΟΥ,23.819608,38.053626
12903,14ο ΝΗΠΙΑΓΩΓΕΙΟ ΝΕΑΣ ΙΩΝΙΑΣ,23.757548,38.034964
12904,3ο ΝΗΠΙΑΓΩΓΕΙΟ ΧΕΛΜΕΙΟ ΑΓ ΠΑΡΑΣΚΕΥΗΣ,23.822968,38.013762
12905,2ο ΝΗΠΙΑΓΩΓΕΙΟ ΝΕΟΥ ΨΥΧΙΚΟΥ,23.784195,38.004698
12906,7ο ΝΗΠΙΑΓΩΓΕΙΟ ΗΡΑΚΛΕΙΟΥ,23.770799,38.055308
12907,7ο ΝΗΠΙΑΓΩΓΕΙΟ ΧΑΛΑΝΔΡΙΟΥ,23.79519,38.008448
12908,5ο ΝΗΠΙΑΓΩΓΕΙΟ ΑΛΙΜΟΥ,23.70993,37.917418
12909,2ο ΝΗΠΙΑΓΩΓΕΙΟ ΕΛΛΗΝΙΚΟΥ,23.751659,37.889258
12910,1ο ΝΗΠΙΑΓΩΓΕΙΟ ΑΡΓΥΡΟΥΠΟΛΗΣ,23.74743,37.901823
12911,3ο ΝΗΠΙΑΓΩΓΕΙΟ ΑΛΙΜΟΥ,23.726943,37.916701
12912,15ο ΝΗΠΙΑΓΩΓΕΙΟ ΧΑΛΑΝΔΡΙΟΥ,23.817446,38.023811
12913,1ο ΝΗΠΙΑΓΩΓΕΙΟ ΝΕΑΣ ΕΡΥΘΡΑΙΑΣ,23.819749,38.091242
12914,ΝΗΠΙΑΓΩΓΕΙΟ ΦΙΛΟΘΕΗΣ,23.778509,38.021778
12915,ΝΗΠΙΑΓΩΓΕΙΟ ΠΕΡΔΙΚΑΣ ΑΙΓΙΝΗΣ,23.46115,37.687254
12916,53ο ΝΗΠΙΑΓΩΓΕΙΟ ΠΕΙΡΑΙΑ,23.63959,37.931272
12917,5ο ΝΗΠΙΑΓΩΓΕΙΟ ΧΟΛΑΡΓΟΥ,23.791827,37.997768
12918,3ο ΝΗΠΙΑΓΩΓΕΙΟ ΝΕΑΣ ΙΩΝΙΑΣ,23.76108,38.036342
12919,4ο ΝΗΠΙΑΓΩΓΕΙΟ ΝΕΑΣ ΙΩΝΙΑΣ,23.770302,38.033027
12920,12ο ΝΗΠΙΑΓΩΓΕΙΟ ΝΕΑΣ ΙΩΝΙΑΣ,23.74614,38.047349
12921,1ο ΝΗΠΙΑΓΩΓΕΙΟ ΓΛΥΦΑΔΑΣ,23.760626,37.894971
12922,11ο ΝΗΠΙΑΓΩΓΕΙΟ ΝΕΑΣ ΙΩΝΙΑΣ,23.745682,38.037676
12923,4ο ΝΗΠΙΑΓΩΓΕΙΟ ΗΡΑΚΛΕΙΟΥ,23.767805,38.038866
12924,1ο ΝΗΠΙΑΓΩΓΕΙΟ ΛΥΚΟΒΡΥΣΗΣ,,
12925,1ο ΝΗΠΙΑΓΩΓΕΙΟ ΜΕΤΑΜΟΡΦΩΣΗΣ,23.755153,38.061951
12926,3ο ΝΗΠΙΑΓΩΓΕΙΟ ΗΡΑΚΛΕΙΟΥ,23.75257,38.050806
12927,1ο ΝΗΠΙΑΓΩΓΕΙΟ ΠΑΛΑΙΟΥ ΦΑΛΗΡΟΥ,23.688958,37.929809
12928,1ο ΝΗΠΙΑΓΩΓΕΙΟ ΗΡΑΚΛΕΙΟΥ,23.768116,38.046749
12929,2ο ΝΗΠΙΑΓΩΓΕΙΟ ΗΡΑΚΛΕΙΟΥ,23.768323,38.059439
12930,7ο ΝΗΠΙΑΓΩΓΕΙΟ ΑΓΙΑΣ ΠΑΡΑΣΚΕΥΗΣ,23.838481,38.019446
12931,25ο ΝΗΠΙΑΓΩΓΕΙΟ ΚΟΡΥΔΑΛΛΟΥ,23.644717,37.98475
12932,24ο ΝΗΠΙΑΓΩΓΕΙΟ ΚΕΡΑΤΣΙΝΙΟΥ,23.617816,37.952428
12933,6ο ΝΗΠΙΑΓΩΓΕΙΟ ΒΡΙΛΗΣΣΙΩΝ,,
12934,21ο ΝΗΠΙΑΓΩΓΕΙΟ ΚΟΡΥΔΑΛΛΟΥ,23.637492,37.997302
12935,ΝΗΠΙΑΓΩΓΕΙΟ ΦΙΛΟΘΕΗΣ ΕΙΔΙΚΟ ΚΩΦΩΝ ΒΑΡΗΚΟΩΝ,,
12936,16ο ΝΗΠΙΑΓΩΓΕΙΟ ΝΕΑΣ ΙΩΝΙΑΣ,23.771913,38.036351
12937,6ο ΝΗΠΙΑΓΩΓΕΙΟ ΜΕΤΑΜΟΡΦΩΣΗΣ,23.74949,38.064285
12938,5ο ΝΗΠΙΑΓΩΓΕΙΟ ΗΡΑΚΛΕΙΟΥ,23.771237,38.047
12939,4ο ΝΗΠΙΑΓΩΓΕΙΟ ΑΓΙΑΣ ΠΑΡΑΣΚΕΥΗΣ,23.824439,38.016697
12940,1ο ΝΗΠΙΑΓΩΓΕΙΟ ΕΙΔΙΚΟ ΣΙΚΙΑΡΙΔΕΙΟΥ ΙΔΡΥΜΑΤΟΣ,,
12941,7ο ΝΗΠΙΑΓΩΓΕΙΟ ΑΓΙΟΥ ΔΗΜΗΤΡΙΟΥ,23.726994,37.931113
12942,8ο ΝΗΠΙΑΓΩΓΕΙΟ ΑΓΙΑΣ ΠΑΡΑΣΚΕΥΗΣ,23.833461,38.017564
12943,ΝΗΠΙΑΓΩΓΕΙΟ ΝΕΑΣ ΠΕΝΤΕΛΗΣ,23.856061,38.056542
12944,12ο ΝΗΠΙΑΓΩΓΕΙΟ ΧΑΛΑΝΔΡΙΟΥ,23.80156,38.026168
12945,9ο ΝΗΠΙΑΓΩΓΕΙΟ ΑΓΙΑΣ ΠΑΡΑΣΚΕΥΗΣ,23.82809,38.009733
12946,12ο ΝΗΠΙΑΓΩΓΕΙΟ ΑΓΙΟΥ ΔΗΜΗΤΡΙΟΥ,23.73456,37.930706
12947,13ο ΝΗΠΙΑΓΩΓΕΙΟ ΑΓΙΟΥ ΔΗΜΗΤΡΙΟΥ,23.722059,37.920462
12948,11ο ΝΗΠΙΑΓΩΓΕΙΟ ΑΓΙΟΥ ΔΗΜΗΤΡΙΟΥ,23.733017,37.944887
12949,2ο ΝΗΠΙΑΓΩΓΕΙΟ ΒΡΙΛΗΣΣΙΩΝ,23.844894,38.043996
12950,7ο ΝΗΠΙΑΓΩΓΕΙΟ ΚΗΦΙΣΙΑΣ,23.795298,38.098917
12951,14ο ΝΗΠΙΑΓΩΓΕΙΟ ΗΡΑΚΛΕΙΟΥ,23.776534,38.0525
12952,6ο ΝΗΠΙΑΓΩΓΕΙΟ ΚΗΦΙΣΙΑΣ,23.829257,38.083933
12953,4ο ΝΗΠΙΑΓΩΓΕΙΟ ΠΕΥΚΗΣ,23.79249,38.062634
12954,10ο ΝΗΠΙΑΓΩΓΕΙΟ ΧΑΛΑΝΔΡΙΟΥ,23.796459,38.013576
12955,3ο ΝΗΠΙΑΓΩΓΕΙΟ ΒΡΙΛΗΣΣΙΩΝ,23.826258,38.039716
12956,2ο ΝΗΠΙΑΓΩΓΕΙΟ ΛΥΚΟΒΡΥΣΗΣ,,
12957,"ΙΔΙΩΤΙΚΟ ΓΥΜΝΑΣΙΟ ΕΛΛΗΝΟΓΑΛΛΙΚΗΣ ΣΧΟΛΗΣ ΠΕΙΡΑΙΑ ""Ο ΑΓΙΟΣ ΠΑΥΛΟΣ""",,
12958,"ΙΔΙΩΤΙΚΟ ΓΥΜΝΑΣΙΟ ""Ν. ΜΑΛΙΑΡΑΣ""",,
12959,"ΙΔΙΩΤΙΚΟ ΓΥΜΝΑΣΙΟ ""ΕΥΣΤ. ΚΟΡΟΠΟΥΛΗ"" ΕΣΠΕΡΙΝΟ",,
12960,"ΙΔΙΩΤΙΚΟ ΓΥΜΝΑΣΙΟ ""ΘΕΜΙΣΤΟΚΛΗΣ""",,
12961,"ΙΔΙΩΤΙΚΟ ΓΥΜΝΑΣΙΟ ""ΕΚΠΑΙΔΕΥΤΗΡΙΑ Ο ΠΛΑΤΩΝ""",,
12962,"ΙΔΙΩΤΙΚΟ ΓΥΜΝΑΣΙΟ ""ΙΩΑΝΝΑ Δ΄ΑΡΚ""",,
12963,"ΙΔΙΩΤΙΚΟ ΓΥΜΝΑΣΙΟ ""ΕΚΠΑΙΔΕΥΤΗΡΙΑ Γ. ΖΩΗ""",,
12964,ΙΔΙΩΤΙΚΟ ΓΥΜΝΑΣΙΟ ΚΑΡΑΧΑΛΙΟΥ,,
12965,"ΙΔΙΩΤΙΚΟ ΓΥΜΝΑΣΙΟ ""Μ. ΛΑΜΠΙΡΗ""",,
12966,"ΙΔΙΩΤΙΚΟ ΓΥΜΝΑΣΙΟ ""Β' ΑΡΣΑΚΕΙΟ ΨΥΧΙΚΟΥ""",,
12967,"ΙΔΙΩΤΙΚΟ ΓΥΜΝΑΣΙΟ ""Α' ΑΡΣΑΚΕΙΟ ΨΥΧΙΚΟΥ""",,
12968,ΙΔΙΩΤΙΚΟ ΓΥΜΝΑΣΙΟ ΛΕΟΝΤΕΙΟΥ ΛΥΚΕΙΟΥ ΝΕΑΣ ΣΜΥΡΝΗΣ,,
12969,"ΙΔΙΩΤΙΚΟ ΓΥΜΝΑΣΙΟ ""ΕΚΠΑΙΔΕΥΤΗΡΙΑ ΚΑΝΤΑ""",,
12970,"ΙΔΙΩΤΙΚΟ ΓΥΜΝΑΣΙΟ ""ΣΧΟΛΗ ΠΑΠΑΔΟΠΟΥΛΟΥ""",,
12971,"ΙΔΙΩΤΙΚΟ ΓΥΜΝΑΣΙΟ ""ΟΙ ΤΡΕΙΣ ΙΕΡΑΡΧΕΣ"" ΕΣΠΕΡΙΝΟ",,
12972,ΙΔΙΩΤΙΚΟ ΓΥΜΝΑΣΙΟ ΕΛΛΗΝΟΓΑΛΛΙΚΗΣ ΣΧΟΛΗΣ «ΑΓΙΟΣ ΙΩΣΗΦ» ΠΕΥΚΗΣ,,
12973,"ΙΔΙΩΤΙΚΟ ΓΥΜΝΑΣΙΟ ""ΕΚΠΑΙΔΕΥΤΗΡΙΑ ΓΙΑΝΝΟΠΟΥΛΟΥ""",,
12974,"ΙΔΙΩΤΙΚΟ ΓΥΜΝΑΣΙΟ ""ΜΙΧΑΛΟΠΟΥΛΕΙΟ""",,
12975,"ΙΔΙΩΤΙΚΟ ΓΥΜΝΑΣΙΟ ""Α. ΣΙΔΕΡΗ""",,
12976,"ΙΔΙΩΤΙΚΟ ΓΥΜΝΑΣΙΟ ""ΕΚΠΑΙΔΕΥΤΗΡΙΑ ΜΠΑΧΛΙΤΖΑΝΑΚΗ""",,
12977,"ΙΔΙΩΤΙΚΟ ΓΥΜΝΑΣΙΟ  ""ΑΜΕΡΙΚΑΝΙΚΟ ΚΟΛΛΕΓΙΟ ΕΛΛΑΔΟΣ""",,
12978,"ΙΔΙΩΤΙΚΟ ΓΥΜΝΑΣΙΟ  "" ΚΟΛΛΕΓΙΟ ΨΥΧΙΚΟΥ""",,
12979,"ΙΔΙΩΤΙΚΟ ΓΥΜΝΑΣΙΟ ""ΝΕΑ ΕΚΠΑΙΔΕΥΤΗΡΙΑ Δ. ΑΝΑΙΠΑΚΟΥ-Ν. ΖΑΓΟΡΙΑΝΑΚΟΥ""",,
12980,"ΙΔΙΩΤΙΚΟ ΓΥΜΝΑΣΙΟ ""ΚΩΝ. ΜΑΚΡΥΓΙΑΝΝΗΣ""",,
12981,"ΙΔΙΩΤΙΚΟ ΓΥΜΝΑΣΙΟ ""ΓΕΝΝΑΔΕΙΟΣ ΣΧΟΛΗ Β. ΖΩΗ""",,
12982,"ΙΔΙΩΤΙΚΟ ΓΥΜΝΑΣΙΟ ""ΣΧΟΛΗ ΞΕΝΟΠΟΥΛΟΥ-ΓΕΩΡΓΑΚΟΠΟΥΛΟΥ""",,
12983,"ΙΔΙΩΤΙΚΟ ΓΥΜΝΑΣΙΟ ""ΠΑΝ. ΜΑΝΕΣΗΣ""",,
12984,"ΙΔΙΩΤΙΚΟ ΓΥΜΝΑΣΙΟ ""Β. ΛΙΒΑΝΟΥ""",,
12985,ΙΔΙΩΤΙΚΟ ΓΥΜΝΑΣΙΟ ΕΛΛΗΝΟΓΑΛΙΚΗΣ ΣΧΟΛΗΣ ΑΓΙΑΣ ΠΑΡΑΣΚΕΥΗΣ,,
12986,"ΙΔΙΩΤΙΚΟ ΓΥΜΝΑΣΙΟ ""Α.ΤΣΟΥΜΑΝΗ-ΚΟΡΙΛΛΗ""",,
12987,ΕΛΛΗΝΟΓΑΛΛΙΚΗ ΣΧΟΛΗ ΓΥΜΝΑΣΙΟ ΟΥΡΣΟΥΛΙΝΩΝ,,
12988,"ΙΔΙΩΤΙΚΟ ΓΥΜΝΑΣΙΟ ""ΣΧΟΛΗ ΜΩΡΑΙΤΗ""",,
12989,"ΙΔΙΩΤΙΚΟ ΓΥΜΝΑΣΙΟ ""Η ΕΛΛΗΝΙΚΗ ΠΑΙΔΕΙΑ""",,
12990,"ΙΔΙΩΤΙΚΟ ΓΥΜΝΑΣΙΟ ""ΕΚΠΑΙΔΕΥΤΗΡΙΑ Ν. ΜΑΚΡΗ""",,
12991,"ΙΔΙΩΤΙΚΟ ΓΥΜΝΑΣΙΟ ΗΡΑΚΛΕΙΟΥ ""Η ΕΛΛΗΝΙΚΗ ΠΑΙΔΕΙΑ""",,
12992,"ΙΔΙΩΤΙΚΟ ΓΥΜΝΑΣΙΟ ""ΙΟΝΙΟΣ ΣΧΟΛΗ""",,
12993,"ΙΔΙΩΤΙΚΟ ΓΥΜΝΑΣΙΟ ""ΚΟΛΛΕΓΙΟ ΑΘΗΝΩΝ""",,
12994,"ΙΔΙΩΤΙΚΟ ΓΥΜΝΑΣΙΟ ""Α. ΛΑΖΑΡΟΠΟΥΛΟΥ"" ΕΣΠΕΡΙΝΟ",,
12995,"ΙΔΙΩΤΙΚΟ ΓΥΜΝΑΣΙΟ ""Μ.ΠΕΤΡΑΚΗ-ΒΑΛΣΑΜΙΔΟΥ""",,
12996,"ΙΔΙΩΤΙΚΟ ΓΥΜΝΑΣΙΟ ""ΕΚΠΑΙΔΕΥΤΗΡΙΑ ΚΑΛΟΣΚΑΜΗ"" ΕΣΠΕΡΙΝΟ",,
12997,"ΙΔΙΩΤΙΚΟ ΕΝΙΑΙΟ ΛΥΚΕΙΟ ""Μ. ΒΑΣΚΑ""",,
12998,"ΙΔΙΩΤΙΚΟ ΕΝΙΑΙΟ ΛΥΚΕΙΟ ΕΛΛΗΝΟΓΑΛΛΙΚΗΣ ΣΧΟΛΗΣ ""Ο ΑΓΙΟΣ ΠΑΥΛΟΣ""",,
12999,ΕΛΛΗΝΟΓΑΛΛΙΚΗ ΣΧΟΛΗ ΕΝΙΑΙΟ ΛΥΚΕΙΟ ΟΥΡΣΟΥΛΙΝΩΝ,,
13000,"ΙΔΙΩΤΙΚΟ ΕΝΙΑΙΟ ΛΥΚΕΙΟ ""Ν. ΜΑΛΙΑΡΑ""",,
13001,"ΙΔΙΩΤΙΚΟ ΕΝΙΑΙΟ ΛΥΚΕΙΟ ""ΘΕΜΙΣΤΟΚΛΗΣ""",,
13002,"ΙΔΙΩΤΙΚΟ ΕΝΙΑΙΟ ΛΥΚΕΙΟ ""ΑΡΣΑΚΕΙΟ ΨΥΧΙΚΟΥ""",,
13003,"ΙΔΙΩΤΙΚΟ ΕΝΙΑΙΟ ΛΥΚΕΙΟ ""ΕΚΠΑΙΔΕΥΤΗΡΙΑ ΓΙΑΝΝΟΠΟΥΛΟΥ""",,
13004,"ΙΔΙΩΤΙΚΟ ΕΝΙΑΙΟ ΛΥΚΕΙΟ ""ΕΚΠΑΙΔΕΥΤΗΡΙΑ ΔΟΥΚΑ ΠΑΛΛΑΔΙΟΝ""",,
13005,"ΙΔΙΩΤΙΚΟ ΕΝΙΑΙΟ ΛΥΚΕΙΟ ""Μ. ΛΑΜΠΙΡΗ""",,
13006,"ΙΔΙΩΤΙΚΟ ΕΝΙΑΙΟ ΛΥΚΕΙΟ ""ΜΙΧΑΛΟΠΟΥΛΕΙΟ""",,
13007,"ΙΔΙΩΤΙΚΟ ΕΝΙΑΙΟ ΛΥΚΕΙΟ ""ΕΚΠΑΙΔΕΥΤΗΡΙΑ ΚΑΝΤΑ""",,
13008,"ΙΔΙΩΤΙΚΟ ΕΝΙΑΙΟ ΛΥΚΕΙΟ ""ΝΕΑ ΕΚΠΑΙΔΕΥΤΗΡΙΑ Δ.ΑΝΑΙΠΑΚΟΥ-Ν.ΖΑΓΟΡΙΑΝΑΚΟΥ""",,
13009,"ΙΔΙΩΤΙΚΟ ΕΝΙΑΙΟ ΛΥΚΕΙΟ ""Μ. ΠΕΤΡΑΚΗ-ΒΑΛΣΑΜΙΔΟΥ""",,
13010,"ΙΔΙΩΤΙΚΟ ΕΝΙΑΙΟ ΛΥΚΕΙΟ ""ΕΚΠΑΙΔΕΥΤΗΡΙΑ  ΚΑΛΟΣΚΑΜΗ"" ΕΣΠΕΡΙΝΟ",,
13011,"ΙΔΙΩΤΙΚΟ ΕΝΙΑΙΟ ΛΥΚΕΙΟ ""Α. ΛΑΖΑΡΟΠΟΥΛΟΥ"" ΕΣΠΕΡΙΝΟ",,
13012,ΙΔΙΩΤΙΚΟ ΕΝΙΑΙΟ ΛΥΚΕΙΟ ΕΛΛΗΝΟΓΑΛΛΙΚΗΣ ΣΧΟΛΗΣ ΑΓΙΑΣ ΠΑΡΑΣΚΕΥΗΣ,,
13013,"ΙΔΙΩΤΙΚΟ ΕΝΙΑΙΟ ΛΥΚΕΙΟ ΜΕΛΙΣΣΙΩΝ ""Η ΕΛΛΗΝΙΚΗ ΠΑΙΔΕΙΑ""",,
13014,"ΙΔΙΩΤΙΚΟ ΕΝΙΑΙΟ ΛΥΚΕΙΟ ""ΕΚΠΑΙΔΕΥΤΗΡΙΑ Η ΕΛΛΗΝΙΚΗ ΠΑΙΔΕΙΑ""",,
13015,"ΙΔΙΩΤΙΚΟ ΕΝΙΑΙΟ ΛΥΚΕΙΟ ""ΑΜΕΡΙΚΑΝΙΚΟ ΚΟΛΛΕΓΙΟ ΕΛΛΑΔΟΣ""",,
13016,"ΙΔΙΩΤΙΚΟ ΕΝΙΑΙΟ ΛΥΚΕΙΟ ""ΓΕΝΝΑΔΕΙΟΣ ΣΧΟΛΗ"" Β. ΖΩΗ""",,
13017,"ΙΔΙΩΤΙΚΟ ΕΝΙΑΙΟ ΛΥΚΕΙΟ ΕΛΛΗΝΟΓΑΛΛΙΚΗΣ ΣΧΟΛΗΣ ""ΙΩΑΝΝΑ Δ΄ΑΡΚ""",,
13018,"ΙΔΙΩΤΙΚΟ ΕΝΙΑΙΟ ΛΥΚΕΙΟ ""ΚΛΗΡΟΝΟΜΟΙ ΕΥΣΤ. ΚΟΡΟΠΟΥΛΗ"" ΕΣΠΕΡΙΝΟ",,
13019,"ΙΔΙΩΤΙΚΟ ΕΝΙΑΙΟ ΛΥΚΕΙΟ ""Α' ΑΡΣΑΚΕΙΟ ΨΥΧΙΚΟΥ""",,
13020,"ΙΔΙΩΤΙΚΟ ΕΝΙΑΙΟ ΛΥΚΕΙΟ ""Β' ΑΡΣΑΚΕΙΟ ΨΥΧΙΚΟΥ""",,
13021,ΙΔΙΩΤΙΚΟ ΛΥΚΕΙΟ ΚΟΛΛΕΓΙΟΥ ΨΥΧΙΚΟΥ,,
13022,"ΙΔΙΩΤΙΚΟ ΕΝΙΑΙΟ ΛΥΚΕΙΟ ""ΚΟΛΛΕΓΙΟ ΑΘΗΝΩΝ""",,
13023,"ΙΔΙΩΤΙΚΟ ΕΝΙΑΙΟ ΛΥΚΕΙΟ ""ΣΧΟΛΗ Ι.Μ. ΠΑΝΑΓΙΩΤΟΠΟΥΛΟΥ""",,
13024,"ΙΔΙΩΤΙΚΟ ΕΝΙΑΙΟ ΛΥΚΕΙΟ ""ΣΧΟΛΗ ΞΕΝΟΠΟΥΛΟΥ-ΓΕΩΡΓΑΚΟΠΟΥΛΟΥ Ο.Ε""",,
13025,"ΙΔΙΩΤΙΚΟ ΕΝΙΑΙΟ ΛΥΚΕΙΟ ""Η ΕΥΡΩΠΑΪΚΗ ΠΑΙΔΕΙΑ""",,
13026,"ΙΔΙΩΤΙΚΟ ΕΝΙΑΙΟ ΛΥΚΕΙΟ ""Α. ΤΣΟΥΜΑΝΗ-ΚΟΡΙΛΛΗ""",,
13027,"ΙΔΙΩΤΙΚΟ ΕΝΙΑΙΟ ΛΥΚΕΙΟ ""ΣΥΓΧΡΟΝΑ ΕΚΠΑΙΔΕΥΤΗΡΙΑ ΜΑΝΕΣΗ""",,
13028,"ΙΔΙΩΤΙΚΟ ΕΝΙΑΙΟ ΛΥΚΕΙΟ ""ΛΕΟΝΤΕΙΟΥ ΛΥΚΕΙΟΥ"" ΝΕΑΣ ΣΜΥΡΝΗΣ",,
13029,"ΙΔΙΩΤΙΚΟ ΕΝΙΑΙΟ ΛΥΚΕΙΟ ""ΣΧΟΛΗ ΠΑΠΑΔΟΠΟΥΛΟΥ""",,
13030,"ΙΔΙΩΤΙΚΟ ΕΝΙΑΙΟ ΛΥΚΕΙΟ ""ΣΧΟΛΗ ΜΩΡΑΙΤΗ""",,
13031,"ΙΔΙΩΤΙΚΟ ΕΝΙΑΙΟ ΛΥΚΕΙΟ ""ΠΛΑΤΩΝ""",,
13032,ΙΔΙΩΤΙΚΟ ΕΝΙΑΙΟ ΛΥΚΕΙΟ ΕΛΛΗΝΟΓΑΛΛΙΚΗΣ ΣΧΟΛΗΣ «ΑΓΙΟΣ ΙΩΣΗΦ» ΠΕΥΚΗΣ,,
13033,"ΙΔΙΩΤΙΚΟ ΕΝΙΑΙΟ ΛΥΚΕΙΟ ""ΙΟΝΙΟΣ ΣΧΟΛΗ""",,
13034,"ΙΔΙΩΤΙΚΟ ΕΝΙΑΙΟ ΛΥΚΕΙΟ ""Ν. ΜΑΚΡΗ""",,
13035,"ΙΔΙΩΤΙΚΟ ΕΝΙΑΙΟ ΛΥΚΕΙΟ ""ΕΚΠΑΙΔΕΥΤΗΡΙΑ ΜΠΑΧΛΙΤΖΑΝΑΚΗ""",,
13036,"ΙΔΙΩΤΙΚΟ ΕΝΙΑΙΟ ΛΥΚΕΙΟ ""Α.ΣΙΔΕΡΗΣ""",,
13037,"ΙΔΙΩΤΙΚΟ ΣΕ-ΤΕΕ ""ΠΑΝΟΣ ΔΙΑΜΑΝΤΟΠΟΥΛΟΣ"" Β ΑΘΗΝΑΣ",,
13038,"ΙΔΙΩΤΙΚΟ ΤΕΕ ""ΠΑΝΟΣ ΔΙΑΜΑΝΤΟΠΟΥΛΟΣ""",,
13039,"ΙΔΙΩΤΙΚΟ ΤΕΕ ""ΑΙΚ. ΞΥΝΗ""",,
13040,ΚΕΝΤΡΟ ΠΕΡΙΒΑΛΛΟΝΤΙΚΗΣ ΕΚΠΑΙΔΕΥΣΗΣ ΣΠΕΤΣΩΝ,,
13041,ΚΕΝΤΡΟ ΠΕΡΙΒΑΛΛΟΝΤΙΚΗΣ ΕΚΠΑΙΔΕΥΣΗΣ ΔΡΑΠΕΤΣΩΝΑΣ,,
13042,ΚΕΝΤΡΟ ΠΕΡΙΒΑΛΛΟΝΤΙΚΗΣ ΕΚΠΑΙΔΕΥΣΗΣ ΑΜΑΡΟΥΣΙΟΥ,,
13043,ΚΕΝΤΡΟ ΠΕΡΙΒΑΛΛΟΝΤΙΚΗΣ ΕΚΠΑΙΔΕΥΣΗΣ ΑΡΓΥΡΟΥΠΟΛΗΣ ,,
13044,ΣΧΟΛΕΙΟ ΔΕΥΤΕΡΗΣ ΕΥΚΑΙΡΙΑΣ ΠΕΙΡΑΙΑ,,
13045,ΣΧΟΛΕΙΟ ΔΕΥΤΕΡΗΣ ΕΥΚΑΙΡΙΑΣ ΚΑΛΛΙΘΕΑΣ,,
13046,ΣΧΟΛΕΙΟ ΔΕΥΤΕΡΗΣ ΕΥΚΑΙΡΙΑΣ ΚΟΡΥΔΑΛΛΟΥ,,
13047,ΒΙΒΛΙΟΘΗΚΗ ΠΝΕΥΜΑΤΙΚΟΥ ΚΕΝΤΡΟΥ ΑΘΗΝΑΣ,,
13048,ΔΗΜΟΤΙΚΗ ΒΙΒΛΙΟΘΗΚΗ ΔΡΑΠΕΤΣΩΝΑΣ,,
13049,ΔΗΜΟΤΙΚΗ ΒΙΒΛΙΟΘΗΚΗ ΝΙΚΑΙΑΣ,,
13050,ΔΗΜΟΤΙΚΗ  ΒΙΒΛΙΟΘΗΚΗ ΠΟΛΙΤΙΣΤΙΚΟΥ ΟΡΓΑΝΙΣΜΟΥ ΚΑΛΛΙΘΕΑΣ,,
13051,ΒΙΒΛΙΟΘΗΚΗ ΠΝΕΥΜΑΤΙΚΟΥ ΚΕΝΤΡΟΥ ΜΟΣΧΑΤΟΥ,23.720254,37.984439
13052,ΔΗΜΟΣΙΑ ΒΙΒΛΙΟΘΗΚΗ ΑΙΓΙΝΑΣ,,
13053,ΔΗΜΟΤΙΚΗ ΒΙΒΛΙΟΘΗΚΗ ΠΝΕΥΜΑΤΙΚΟΥ ΠΟΛΙΤΙΣΤΙΚΟΥ ΚΕΝΤΡΟΥ ΧΟΛΑΡΓΟΥ,,
13054,ΠΑΡΑΡΤΗΜΑ ΔΗΜΟΤΙΚΗΣ ΒΙΒΛΙΟΘΗΚΗΣ ΠΕΙΡΑΙΑ,,
13055,ΓΕΝΙΚΑ ΑΡΧΕΙΑ ΤΟΥ ΚΡΑΤΟΥΣ-ΤΟΠΙΚΟ ΑΡΧΕΙΟ ΣΠΕΤΣΩΝ,,
13056,ΓΕΝΙΚΑ ΑΡΧΕΙΑ ΤΟΥ ΚΡΑΤΟΥΣ-ΤΟΠΙΚΟ ΑΡΧΕΙΟ ΑΙΓΙΝΑΣ,,
13057,ΓΕΝΙΚΑ ΑΡΧΕΙΑ ΤΟΥ ΚΡΑΤΟΥΣ-ΤΟΠΙΚΟ ΑΡΧΕΙΟ ΚΥΘΗΡΩΝ,,
13058,ΓΕΝΙΚΑ ΑΡΧΕΙΑ ΤΟΥ ΚΡΑΤΟΥΣ-ΤΟΠΙΚΟ ΑΡΧΕΙΟ ΥΔΡΑΣ,,
13059,ΓΕΝΙΚΑ ΑΡΧΕΙΑ ΤΟΥ ΚΡΑΤΟΥΣ-ΤΟΠΙΚΟ ΑΡΧΕΙΟ ΣΑΛΑΜΙΝΑΣ,,
13060,ΕΙΔΙΚΟ ΕΡΓΑΣΤΗΡΙΟ ΕΠΑΓΓΕΛΜΑΤΙΚΗΣ ΕΚΠΑΙΔΕΥΣΗΣ ΚΑΙ ΚΑΤΑΡΤΙΣΗΣ ΚΑΛΛΙΘΕΑΣ,,
13061,ΕΙΔΙΚΟ ΕΡΓΑΣΤΗΡΙΟ ΕΠΑΓΓΕΛΜΑΤΙΚΗΣ ΕΚΠΑΙΔΕΥΣΗΣ ΚΑΙ ΚΑΤΑΡΤΙΣΗΣ ΠΕΙΡΑΙΑ,,
13062,ΕΙΔΙΚΟ ΕΡΓΑΣΤΗΡΙΟ ΕΠΑΓΓΕΛΜΑΤΙΚΗΣ ΕΚΠΑΙΔΕΥΣΗΣ ΚΑΙ ΚΑΤΑΡΤΙΣΗΣ ΝΕΟΥ ΗΡΑΚΛΕΙΟΥ,,
13063,ΕΙΔΙΚΟ ΕΡΓΑΣΤΗΡΙΟ ΕΠΑΓΓΕΛΜΑΤΙΚΗΣ ΕΚΠΑΙΔΕΥΣΗΣ ΚΑΙ ΚΑΤΑΡΤΙΣΗΣ ΑΓΙΟΥ ΔΗΜΗΤΡΙΟΥ,,
13064,"ΙΔΙΩΤΙΚΟ ΔΗΜΟΤΙΚΟ ΣΧΟΛΕΙΟ ""ΑΓΙΟΣ ΠΟΛΥΚΑΡΠΟΣ-ΑΓΙΟΣ ΓΕΩΡΓΙΟΣ""",,
13065,"ΙΔΙΩΤΙΚΟ ΔΗΜΟΤΙΚΟ ΣΧΟΛΕΙΟ ""ΣΥΓΧΡΟΝΟ ΕΚΠΑΙΔΕΥΤΗΡΙΟ Π. ΜΑΝΕΣΗ""",,
13066,"ΙΔΙΩΤΙΚΟ ΔΗΜΟΤΙΚΟ ΣΧΟΛΕΙΟ ""ΧΡΥΣΟΣΤΟΜΟΣ ΣΜΥΡΝΗΣ""",,
13067,"1ο ΙΔΙΩΤΙΚΟ ΔΗΜΟΤΙΚΟ ΣΧΟΛΕΙΟ ""ΕΚΠΑΙΔΕΥΤΗΡΙΑ  ΠΑΣΧΑΛΗ-ΝΟΥΤΣΗ""",,
13068,"ΙΔΙΩΤΙΚΟ ΔΗΜΟΤΙΚΟ ΣΧΟΛΕΙΟ ""ΕΡΑΣΜΕΙΟΣ ΕΛΛΗΝΟΓΕΡΜΑΝΙΚΗ ΣΧΟΛΗ Π. ΒΟΣΣΟΥ""",,
13069,"2ο ΙΔΙΩΤΙΚΟ ΔΗΜΟΤΙΚΟ ΣΧΟΛΕΙΟ ""ΙΟΝΙΟΣ ΣΧΟΛΗ""",,
13070,"ΙΔΙΩΤΙΚΟ ΔΗΜΟΤΙΚΟ ΣΧΟΛΕΙΟ ""ΟΙ ΤΡΕΙΣ ΙΕΡΑΡΧΕΣ""",,
13071,"ΙΔΙΩΤΙΚΟ ΔΗΜΟΤΙΚΟ ΣΧΟΛΕΙΟ ""ΙΣΡΑΗΛΙΤΙΚΗΣ ΚΟΙΝΟΤΗΤΑΣ ΑΘΗΝΩΝ""",,
13072,"ΙΔΙΩΤΙΚΟ ΔΗΜΟΤΙΚΟ ΣΧΟΛΕΙΟ ""ΑΓΙΟΣ ΔΙΟΝΥΣΙΟΣ""",,
13073,"1ο ΙΔΙΩΤΙΚΟ ΔΗΜΟΤΙΚΟ ΣΧΟΛΕΙΟ ""ΕΚΠΑΙΔΕΥΤΗΡΙΑ ΖΗΡΙΔΗ ΛΥΚΕΙΟ Η ΑΘΗΝΑ""",,
13074,"ΙΔΙΩΤΙΚΟ ΔΗΜΟΤΙΚΟ ΣΧΟΛΕΙΟ ""ΕΛΛΗΝΟΓΕΡΜΑΝΙΚΟΣ ΕΚΠΑΙΔΕΥΤΙΚΟΣ ΣΥΛΛΟΓΟΣ""",,
13075,"ΙΔΙΩΤΙΚΟ ΔΗΜΟΤΙΚΟ ΣΧΟΛΕΙΟ ""ΣΧΟΛΗ Β. ΜΑΝΟΥ""",,
13076,"ΙΔΙΩΤΙΚΟ ΔΗΜΟΤΙΚΟ ΣΧΟΛΕΙΟ ""Δ. ΣΟΛΩΜΟΣ""",,
13077,"ΙΔΙΩΤΙΚΟ ΔΗΜΟΤΙΚΟ ΣΧΟΛΕΙΟ ""ΙΟΝΙΟΣ ΣΧΟΛΗ""",,
13078,"ΙΔΙΩΤΙΚΟ ΔΗΜΟΤΙΚΟ ΣΧΟΛΕΙΟ ""ΕΚΠΑΙΔΕΥΤΗΡΙΑ ΔΟΥΚΑ ΠΑΛΛΑΔΙΟ ΛΥΚΕΙΟ""",,
13079,"ΙΔΙΩΤΙΚΟ ΔΗΜΟΤΙΚΟ ΣΧΟΛΕΙΟ ""ΑΓΙΟΣ ΔΙΟΝΥΣΙΟΣ Ο ΑΡΕΟΠΑΓΙΤΗΣ"" ΝΕΑΣ ΣΜΥΡΝΗΣ",,
13080,"ΙΔΙΩΤΙΚΟ ΔΗΜΟΤΙΚΟ ΣΧΟΛΕΙΟ ""Α' ΝΕΑ ΕΚΠΑΙΔΕΥΤΗΡΙΑ ΜΑΛΛΙΑΡΑ""",,
13081,"ΙΔΙΩΤΙΚΟ ΔΗΜΟΤΙΚΟ ΣΧΟΛΕΙΟ ""ΣΧΟΛΗ ΚΑΝΤΑ""",,
13082,"ΙΔΙΩΤΙΚΟ ΔΗΜΟΤΙΚΟ ΣΧΟΛΕΙΟ ""ΣΧΟΛΗ ΜΩΡΑΙΤΗ""",,
13083,"ΙΔΙΩΤΙΚΟ ΔΗΜΟΤΙΚΟ ΣΧΟΛΕΙΟ ""Η ΕΛΛΗΝΙΚΗ ΠΑΙΔΕΙΑ"" ΗΡΑΚΛΕΙΟΥ",,
13084,"ΙΔΙΩΤΙΚΟ ΔΗΜΟΤΙΚΟ ΣΧΟΛΕΙΟ ""ΑΛ. ΣΑΚΕΛΛΑΡΙΟΥ-ΚΑΒΑΡΑΤΖΗ""",,
13085,"ΙΔΙΩΤΙΚΟ ΔΗΜΟΤΙΚΟ ΣΧΟΛΕΙΟ ""ΓΕΝΝΑΔΕΙΟΣ""",,
13086,"ΙΔΙΩΤΙΚΟ ΔΗΜΟΤΙΚΟ ΣΧΟΛΕΙΟ ""ΣΥΓΧΡΟΝΗ ΑΓΩΓΗ""",,
13087,"ΙΔΙΩΤΙΚΟ ΔΗΜΟΤΙΚΟ ΣΧΟΛΕΙΟ ""ΜΙΧΑΛΟΠΟΥΛΕΙΟ""",,
13088,"ΙΔΙΩΤΙΚΟ ΔΗΜΟΤΙΚΟ ΣΧΟΛΕΙΟ ""ΜΕΛΙΣΣΑ""",,
13089,"ΙΔΙΩΤΙΚΟ ΔΗΜΟΤΙΚΟ ΣΧΟΛΕΙΟ ""ΠΑΛΛΑΔΙΟ""",,
13090,"ΙΔΙΩΤΙΚΟ ΔΗΜΟΤΙΚΟ ΣΧΟΛΕΙΟ ""Ο ΤΑΞΙΑΡΧΗΣ""",,
13091,"ΙΔΙΩΤΙΚΟ ΔΗΜΟΤΙΚΟ ΣΧΟΛΕΙΟ ""ΕΚΠΑΙΔΕΥΤΗΡΙΑ ΓΙΑΝΝΟΠΟΥΛΟΥ""",,
13092,"2ο ΙΔΙΩΤΙΚΟ ΔΗΜΟΤΙΚΟ ΣΧΟΛΕΙΟ ""ΜΑΡΙΑΣ ΛΑΜΠΙΡΗ""",,
13093,"ΙΔΙΩΤΙΚΟ ΔΗΜΟΤΙΚΟ ΣΧΟΛΕΙΟ ""ΕΚΠΑΙΔΕΥΤΗΡΙΑ Μ. ΠΕΤΡΑΚΗ""",,
13094,"1ο ΙΔΙΩΤΙΚΟ ΔΗΜΟΤΙΚΟ ΣΧΟΛΕΙΟ ""ΙΟΝΙΟΣ ΣΧΟΛΗ""",,
13095,"ΙΔΙΩΤΙΚΟ ΔΗΜΟΤΙΚΟ ΣΧΟΛΕΙΟ ""ΠΑΙΔΑΓΩΓΙΚΗ""",,
13096,"ΙΔΙΩΤΙΚΟ ΔΗΜΟΤΙΚΟ ΣΧΟΛΕΙΟ ""ΑΓΙΟΣ ΔΙΟΝΥΣΙΟΣ Ο ΑΡΕΟΠΑΓΙΤΗΣ"" ΑΜΑΡΟΥΣΙΟΥ",,
13097,"ΙΔΙΩΤΙΚΟ ΔΗΜΟΤΙΚΟ ΣΧΟΛΕΙΟ ""ΓΕΝΝΑΔΕΙΟΣ ΣΧΟΛΗ ΒΑΣ. ΖΩΗΣ""",,
13098,"ΙΔΙΩΤΙΚΟ ΔΗΜΟΤΙΚΟ ΣΧΟΛΕΙΟ ""ΕΘΝΙΚΟ ΙΔΡΥΜΑ ΠΡΟΣΤΑΣΙΑΣ ΚΩΦΑΛΑΛΩΝ""",,
13099,"ΙΔΙΩΤΙΚΟ ΔΗΜΟΤΙΚΟ ΣΧΟΛΕΙΟ ""Η ΕΛΛΗΝΙΚΗ ΠΑΙΔΕΙΑ"" ΑΜΑΡΟΥΣΙΟΥ",,
13100,"1ο ΙΔΙΩΤΙΚΟ ΔΗΜΟΤΙΚΟ ΣΧΟΛΕΙΟ ""ΜΑΡΙΑΣ ΛΑΜΠΙΡΗ""",,
13101,"ΙΔΙΩΤΙΚΟ ΔΗΜΟΤΙΚΟ ΣΧΟΛΕΙΟ ""ΓΕΝ. ΑΡΜΕΝΙΚΗΣ ΕΝΩΣΗΣ ΑΓΑΘΟΕΡΓΙΑΣ""",,
13102,"ΙΔΙΩΤΙΚΟ ΔΗΜΟΤΙΚΟ ΣΧΟΛΕΙΟ ""Ο ΠΛΑΤΩΝ""",,
13103,"ΙΔΙΩΤΙΚΟ ΔΗΜΟΤΙΚΟ ΣΧΟΛΕΙΟ ""ΒΑΣΙΛΙΚΗΣ ΚΑΡΑΧΑΛΙΟΥ ΚΑΤΣΙΑΡΑ""",,
13104,"ΙΔΙΩΤΙΚΟ ΔΗΜΟΤΙΚΟ ΣΧΟΛΕΙΟ ""Ο ΑΓΙΟΣ ΛΑΥΡΕΝΤΙΟΣ""",,
13105,"ΙΔΙΩΤΙΚΟ ΔΗΜΟΤΙΚΟ ΣΧΟΛΕΙΟ ""Β. ΣΤΑΥΡΑΚΗ""",,
13106,"ΙΔΙΩΤΙΚΟ ΔΗΜΟΤΙΚΟ ΣΧΟΛΕΙΟ ""ΚΩΝΣΤΑΝΤΙΝΟΥ ΣΤΕΓΚΑ""",,
13107,"ΙΔΙΩΤΙΚΟ ΔΗΜΟΤΙΚΟ ΣΧΟΛΕΙΟ ""ΕΚΠΑΙΔΕΥΤΗΡΙΑ Γ. ΖΩΗ""",,
13108,"ΙΔΙΩΤΙΚΟ ΔΗΜΟΤΙΚΟ ΣΧΟΛΕΙΟ ""ΣΧΟΛΗ ΞΕΝΟΠΟΥΛΟΥ""",,
13109,"ΙΔΙΩΤΙΚΟ ΔΗΜΟΤΙΚΟ ΣΧΟΛΕΙΟ ""Ο ΑΓΙΟΣ ΓΕΩΡΓΙΟΣ""",,
13110,"ΙΔΙΩΤΙΚΟ ΔΗΜΟΤΙΚΟ ΣΧΟΛΕΙΟ ""ΑΛΕΞΑΝΔΡΑ ΠΑΥΛΑΚΗ""",,
13111,"ΙΔΙΩΤΙΚΟ ΔΗΜΟΤΙΚΟ ΣΧΟΛΕΙΟ ""ΣΧΟΛΗ ΠΑΠΑΔΟΠΟΥΛΟΥ""",,
13112,"ΙΔΙΩΤΙΚΟ ΔΗΜΟΤΙΚΟ ΣΧΟΛΕΙΟ ""ΣΥΓΧΡΟΝΑ ΕΚΠΑΙΔΕΥΤΗΡΙΑ Μ. ΧΟΥΡΔΑΚΗ""",,
13113,"ΙΔΙΩΤΙΚΟ ΔΗΜΟΤΙΚΟ ΣΧΟΛΕΙΟ ""ΑΓΓΕΛΙΚΗ ΜΕΛΙΑΚΗ ΛΙΒΑΝΟΥ""",,
13114,"ΙΔΙΩΤΙΚΟ ΔΗΜΟΤΙΚΟ ΣΧΟΛΕΙΟ ""ΚΩΝΣΤΑΝΤΙΝΟΥ ΜΑΚΡΥΓΙΑΝΝΗ""",,
13115,"ΙΔΙΩΤΙΚΟ ΔΗΜΟΤΙΚΟ ΣΧΟΛΕΙΟ ""ΣΧΟΛΗ ΚΑΙΣΑΡΗ""",,
13116,"ΙΔΙΩΤΙΚΟ ΔΗΜΟΤΙΚΟ ΣΧΟΛΕΙΟ ""Α' ΑΡΣΑΚΕΙΟ ΨΥΧΙΚΟΥ""",,
13117,"ΙΔΙΩΤΙΚΟ ΔΗΜΟΤΙΚΟ ΣΧΟΛΕΙΟ ""ΤΣΟΥΜΑΝΗ ΚΟΡΙΛΛΗ ΑΘΗΝΑ""",,
13118,"ΙΔΙΩΤΙΚΟ ΔΗΜΟΤΙΚΟ ΣΧΟΛΕΙΟ ""ΑΡΜΕΝΙΚΟΣ ΚΥΑΝΟΥΣ ΣΤΑΥΡΟΣ"" ΝΙΚΑΙΑΣ",,
13119,"2ο ΙΔΙΩΤΙΚΟ ΔΗΜΟΤΙΚΟ ΣΧΟΛΕΙΟ ""ΕΚΠΑΙΔΕΥΤΗΡΙΑ  ΠΑΣΧΑΛΗ-ΝΟΥΤΣΗ""",,
13120,"2ο ΙΔΙΩΤΙΚΟ ΔΗΜΟΤΙΚΟ ΣΧΟΛΕΙΟ ""ΕΚΠΑΙΔΕΥΤΗΡΙΑ ΖΗΡΙΔΗ ΛΥΚΕΙΟ Η ΑΘΗΝΑ""",,
13121,"ΙΔΙΩΤΙΚΟ ΔΗΜΟΤΙΚΟ ΣΧΟΛΕΙΟ ""ΕΛΛΗΝΟΓΕΡΜΑΝΙΚΗ ΑΓΩΓΗ""",,
13122,"ΙΔΙΩΤΙΚΟ ΔΗΜΟΤΙΚΟ ΣΧΟΛΕΙΟ ""ΣΧΟΛΗ Β. ΜΑΝΤΑ""",,
13123,"ΙΔΙΩΤΙΚΟ ΔΗΜΟΤΙΚΟ ΣΧΟΛΕΙΟ ""ΣΧΟΛΗ ΛΑΣΚΑΡΗ""",,
13124,"ΙΔΙΩΤΙΚΟ ΔΗΜΟΤΙΚΟ ΣΧΟΛΕΙΟ ""Γ' ΑΡΣΑΚΕΙΟ ΨΥΧΙΚΟΥ""",,
13125,"ΙΔΙΩΤΙΚΟ ΔΗΜΟΤΙΚΟ ΣΧΟΛΕΙΟ ""Β' ΝΕΑ ΕΚΠΑΙΔΕΥΤΗΡΙΑ ΜΑΛΛΙΑΡΑ""",,
13126,"ΙΔΙΩΤΙΚΟ ΔΗΜΟΤΙΚΟ ΣΧΟΛΕΙΟ ""Β' ΑΡΣΑΚΕΙΟ ΨΥΧΙΚΟΥ""",,
13127,"ΙΔΙΩΤΙΚΟ ΔΗΜΟΤΙΚΟ ΣΧΟΛΕΙΟ ""ΑΡΙΣΤΟΤΕΛΗΣ ΣΙΔΕΡΗΣ""",,
13128,"ΙΔΙΩΤΙΚΟ ΔΗΜΟΤΙΚΟ ΣΧΟΛΕΙΟ ""ΕΚΠΑΙΔΕΥΤΗΡΙΑ Θ. ΚΑΡΓΑΚΟΥ""",,
13129,ΑΝΩΤΕΡΗ ΕΚΚΛΗΣΙΑΣΤΙΚΗ ΣΧΟΛΗ ΑΘΗΝΑΣ,,
13130,ΓΡΑΦΕΙΟ ΠΕΡΙΒΑΛΛΟΝΤΙΚΗΣ ΕΚΠΑΙΔΕΥΣΗΣ Δ.Ε. Δ' ΑΘΗΝΩΝ,23.732535,37.978887
13131,ΓΡΑΦΕΙΟ ΠΕΡΙΒΑΛΛΟΝΤΙΚΗΣ ΕΚΠΑΙΔΕΥΣΗΣ Δ.Ε. Β' ΑΘΗΝΩΝ,,
13132,ΓΡΑΦΕΙΟ ΠΕΡΙΒΑΛΛΟΝΤΙΚΗΣ ΕΚΠΑΙΔΕΥΣΗΣ Δ.Ε. ΠΕΙΡΑΙΑ,,
13133,ΚΕΝΤΡΟ ΔΙΑΓΝΩΣΗΣ ΑΞΙΟΛΟΓΗΣΗΣ ΚΑΙ ΥΠΟΣΤΗΡΙΞΗΣ ΑΤΟΜΩΝ ΜΕ ΕΙΔΙΚΕΣ ΕΚΠΑΙΔΕΥΤΙΚΕΣ ΑΝΑΓΚΕΣ ΠΕΙΡΑΙΑ,,
13134,ΠΕΡΙΦΕΡΕΙΑΚΗ ΔΙΕΥΘΥΝΣΗ ΚΕΝΤΡΟ ΔΙΑΓΝΩΣΗΣ ΑΞΙΟΛΟΓΗΣΗΣ Κ ΥΠΟΣΤΗΡΙΞΗΣ Δ ΚΔΑΥ ΑΘΗΝΩΝ,,
13135,ΣΧΟΛΙΚΟ ΣΥΓΚΡΟΤΗΜΑ ΣΙΒΙΤΑΝΙΔΕΙΟΥ ΣΧΟΛΗΣ,,
13136,ΓΡΑΦΕΙΟ ΣΧΟΛΙΚΩΝ ΣΥΜΒΟΥΛΩΝ Π.Ε. 26ης ΠΕΡΙΦΕΡΕΙΑΣ ΑΘΗΝΩΝ,,
13137,ΓΡΑΦΕΙΟ ΣΧΟΛΙΚΩΝ ΣΥΜΒΟΥΛΩΝ Π.Ε. 28ης ΠΕΡΙΦΕΡΕΙΑΣ ΑΘΗΝΩΝ,,
13138,ΚΟΜΒΟΣ ΔΙΑΝΟΜΗΣ ΠΣΔ ΝΟΜΟΥ ΑΤΤΙΚΗΣ,,
13139,HELPDESK ΕΘΝΙΚΟΥ ΜΕΤΣΟΒΙΟΥ ΠΟΛΥΤΕΧΝΕΙΟΥ,,
13140,ΚΕΝΤΡΟ ΕΚΠΑΙΔΕΥΣΗΣ ΕΝΗΛΙΚΩΝ ΠΕΙΡΑΙΑ,,
13141,1ο ΓΥΜΝΑΣΙΟ ΣΟΦΑΔΩΝ,22.100641,39.333294
13142,ΓΥΜΝΑΣΙΟ ΑΜΠΕΛΩΝΑ ΛΑΡΙΣΑΣ,22.364628,39.744436
13143,ΓΥΜΝΑΣΙΟ ΜΕΓΑΛΟΥ ΕΥΥΔΡΙΟΥ,22.342898,39.350225
13144,ΔΗΜΟΤΙΚΟ ΣΧΟΛΕΙΟ ΤΡΙΚΕΡΙΟΥ,23.078372,39.097409
13145,ΓΥΜΝΑΣΙΟ ΜΑΓΟΥΛΑΣ,21.836783,39.446579
13146,ΓΥΜΝΑΣΙΟ ΦΑΝΑΡΙΟΥ,21.80071,39.41464
13147,2ο ΓΥΜΝΑΣΙΟ ΣΟΦΑΔΩΝ,22.100641,39.333294
13148,ΓΥΜΝΑΣΙΟ ΑΓΙΩΝ ΑΝΑΡΓΥΡΩΝ ΛΑΡΙΣΑΣ,22.42215,39.645723
13149,3ο ΔΗΜΟΤΙΚΟ ΣΧΟΛΕΙΟ ΖΑΓΟΡΑΣ-ΠΟΥΡΙΟΥ,23.097585,39.478634
13150,ΔΗΜΟΤΙΚΟ ΣΧΟΛΕΙΟ ΠΑΛΑΙΟΧΩΡΙΟΥ ΓΑΡΔ ΤΡΙΚΑΛΩΝ,,
13151,ΓΥΜΝΑΣΙΟ ΑΓΝΑΝΤΕΡΟΥ,21.848098,39.485673
13152,ΓΥΜΝΑΣΙΟ ΒΑΜΒΑΚΟΥΣ ΦΑΡΣΑΛΩΝ,22.421138,39.336349
13153,14ο ΓΥΜΝΑΣΙΟ ΛΑΡΙΣΑΣ,22.421583,39.644398
13154,ΓΥΜΝΑΣΙΟ ΠΡΟΑΣΤΙΟΥ,21.906457,39.48674
13155,ΓΥΜΝΑΣΙΟ ΑΡΓΥΡΟΠΟΥΛΕΙΟΥ,22.308836,39.825209
13156,ΓΥΜΝΑΣΙΟ ΒΟΛΟΥ ΜΟΥΣΙΚΟ,22.93782,39.382991
13157,ΓΥΜΝΑΣΙΟ ΜΗΛΕΩΝ,23.155108,39.326907
13158,5ο ΓΥΜΝΑΣΙΟ ΛΑΡΙΣΑΣ,22.414437,39.633246
13159,ΓΥΜΝΑΣΙΟ ΠΛΑΤΥΚΑΜΠΟΥ,22.53962,39.62062
13160,ΓΥΜΝΑΣΙΟ ΓΙΑΝΝΟΥΛΗΣ,22.397294,39.665265
13161,ΓΥΜΝΑΣΙΟ ΚΑΛΑΜΑΚΙΟΥ,22.747303,39.57003
13162,1ο ΓΥΜΝΑΣΙΟ ΤΥΡΝΑΒΟΥ,22.293099,39.741762
13163,2ο ΓΥΜΝΑΣΙΟ ΦΑΡΣΑΛΩΝ,22.388583,39.2947
13164,ΓΥΜΝΑΣΙΟ ΝΙΚΑΙΑΣ ΛΑΡΙΣΑΣ,22.467864,39.561852
13165,ΓΥΜΝΑΣΙΟ ΛΑΡΙΣΑΣ ΜΟΥΣΙΚΟ,22.401292,39.618668
13166,2ο ΓΥΜΝΑΣΙΟ ΤΥΡΝΑΒΟΥ,22.293099,39.741762
13167,ΓΥΜΝΑΣΙΟ ΛΙΒΑΔΙΟΥ,22.159933,40.125312
13168,ΓΥΜΝΑΣΙΟ ΠΥΡΓΕΤΟΥ,22.597406,39.917285
13169,ΔΗΜΟΤΙΚΟ ΣΧΟΛΕΙΟ ΚΟΡΥΦΗΣ ΤΡΙΚΑΛΩΝ,,
13170,ΔΗΜΟΤΙΚΟ ΣΧΟΛΕΙΟ ΜΥΡΟΦΥΛΛΟΥ ΤΡΙΚΑΛΩΝ,21.325283,39.365317
13171,ΓΥΜΝΑΣΙΟ ΚΡΑΝΕΑΣ ΕΛΑΣΣΟΝΑΣ,22.56771,39.926443
13172,5ο ΓΥΜΝΑΣΙΟ ΚΑΡΔΙΤΣΑΣ,21.908979,39.373498
13173,6ο ΓΥΜΝΑΣΙΟ ΚΑΡΔΙΤΣΑΣ,21.934225,39.357397
13174,1ο ΓΥΜΝΑΣΙΟ ΚΑΡΔΙΤΣΑΣ,21.934204,39.3574
13175,3ο ΓΥΜΝΑΣΙΟ ΚΑΡΔΙΤΣΑΣ,21.909325,39.356271
13176,9ο ΓΥΜΝΑΣΙΟ ΛΑΡΙΣΑΣ,22.392976,39.63687
13177,ΓΥΜΝΑΣΙΟ ΜΑΡΤΙΝΟΥ,23.217454,38.566358
13178,ΓΥΜΝΑΣΙΟ ΝΕΟΥ ΜΟΝΑΣΤΗΡΙΟΥ,22.277403,39.24193
13179,7ο ΓΥΜΝΑΣΙΟ ΛΑΜΙΑΣ,22.435875,38.885698
13180,10ο ΓΥΜΝΑΣΙΟ ΛΑΡΙΣΑΣ,22.393576,39.640063
13181,8ο ΓΥΜΝΑΣΙΟ ΛΑΜΙΑΣ-ΡΟΔΙΤΣΑΣ,22.464931,38.889594
13182,ΔΗΜΟΤΙΚΟ ΣΧΟΛΕΙΟ ΓΚΟΛΦΑΡΙΟΥ ΤΡΙΚΑΛΩΝ,,
13183,2ο ΓΥΜΝΑΣΙΟ ΠΑΛΑΜΑ,22.074839,39.469484
13184,2ο ΓΥΜΝΑΣΙΟ ΚΑΡΔΙΤΣΑΣ,21.908976,39.3735
13185,4ο ΓΥΜΝΑΣΙΟ ΚΑΡΔΙΤΣΑΣ,21.934694,39.35665
13186,ΔΗΜΟΤΙΚΟ ΣΧΟΛΕΙΟ ΑΗΔΟΝΟΣ ΚΑΛ/ΚΑΣ,21.468053,39.603761
13187,ΔΗΜΟΤΙΚΟ ΣΧΟΛΕΙΟ ΒΑΘΥΛΑΚΚΟΥ ΚΑΡΔΙΤΣΑΣ,,
13188,ΓΥΜΝΑΣΙΟ ΑΡΜΕΝΙΟΥ,22.696564,39.48746
13189,ΓΥΜΝΑΣΙΟ ΚΑΡΔΙΤΣΑΣ ΜΟΥΣΙΚΟ,21.925742,39.363856
13190,7ο ΓΥΜΝΑΣΙΟ ΚΑΡΔΙΤΣΑΣ,21.937158,39.372003
13191,ΔΗΜΟΤΙΚΟ ΣΧΟΛΕΙΟ ΒΙΝΙΑΝΗΣ ΕΥΡΥΤΑΝΙΑΣ,21.688571,38.986696
13192,ΓΥΜΝΑΣΙΟ ΚΑΡΔΙΤΣΗΣ ΕΣΠΕΡΙΝΟ,21.918243,39.365478
13193,2ο ΓΥΜΝΑΣΙΟ ΜΟΥΖΑΚΙΟΥ,21.6637,39.43235
13194,1ο ΓΥΜΝΑΣΙΟ ΜΟΥΖΑΚΙΟΥ,21.6637,39.43235
13195,1ο ΓΥΜΝΑΣΙΟ Ν.ΙΩΝΙΑΣ ΒΟΛΟΥ,22.932954,39.374519
13196,3ο ΓΥΜΝΑΣΙΟ ΝΕΑΣ ΙΩΝΙΑΣ ΒΟΛΟΥ,22.932954,39.374519
13197,ΓΥΜΝΑΣΙΟ ΒΟΛΟΥ ΕΣΠΕΡΙΝΟ,22.96521,39.349771
13198,ΓΥΜΝΑΣΙΟ ΚΑΝΑΛΙΩΝ,22.887664,39.499832
13199,ΓΥΜΝΑΣΙΟ ΕΥΞΕΙΝΟΥΠΟΛΗΣ,22.739724,39.183225
13200,1ο ΓΥΜΝΑΣΙΟ ΒΟΛΟΥ,22.957837,39.363825
13201,ΓΥΜΝΑΣΙΟ ΛΑΜΙΑΣ ΜΟΥΣΙΚΟ,,
13202,6ο ΓΥΜΝΑΣΙΟ ΛΑΜΙΑΣ,22.429639,38.900589
13203,ΓΥΜΝΑΣΙΟ ΖΑΓΟΡΑΣ,23.10739,39.441948
13204,ΓΥΜΝΑΣΙΟ ΑΓΡΙΑΣ,23.013944,39.339431
13205,1ο ΓΥΜΝΑΣΙΟ ΑΛΜΥΡΟΥ,22.763394,39.184129
13206,ΓΥΜΝΑΣΙΟ ΚΑΤΩ ΛΕΧΩΝΙΩΝ ΒΟΛΟΥ,23.040825,39.330133
13207,ΓΥΜΝΑΣΙΟ ΒΕΛΕΣΤΙΝΟΥ,22.74261,39.380636
13208,ΓΥΜΝΑΣΙΟ ΑΛΟΝΝΗΣΟΥ,23.860143,39.143938
13209,ΓΥΜΝΑΣΙΟ ΝΕΑΣ ΑΓΧΙΑΛΟΥ,22.821149,39.279716
13210,ΓΥΜΝΑΣΙΟ ΣΚΙΑΘΟΥ,23.483978,39.163872
13211,ΓΥΜΝΑΣΙΟ ΣΚΟΠΕΛΟΥ,23.721292,39.116853
13212,2ο ΓΥΜΝΑΣΙΟ Ν.ΙΩΝΙΑΣ ΒΟΛΟΥ,22.932954,39.374519
13213,2ο ΓΥΜΝΑΣΙΟ ΑΛΜΥΡΟΥ,22.763394,39.184129
13214,9ο ΓΥΜΝΑΣΙΟ ΒΟΛΟΥ,22.939718,39.367808
13215,5ο ΓΥΜΝΑΣΙΟ ΒΟΛΟΥ,22.954218,39.354096
13216,ΔΗΜΟΤΙΚΟ ΣΧΟΛΕΙΟ ΚΡΕΝΤΗΣ ΕΥΡΥΤΑΝΙΑΣ,,
13217,ΓΥΜΝΑΣΙΟ ΣΤΕΦΑΝΟΒΙΚΕΙΟΥ,22.73996,39.465867
13218,10ο ΓΥΜΝΑΣΙΟ ΒΟΛΟΥ,22.923877,39.357021
13219,ΓΥΜΝΑΣΙΟ ΤΣΑΓΚΑΡΑΔΑΣ,23.183166,39.381913
13220,12ο ΓΥΜΝΑΣΙΟ ΛΑΡΙΣΑΣ,22.409863,39.646734
13221,13ο ΓΥΜΝΑΣΙΟ ΛΑΡΙΣΑΣ,22.418795,39.610542
13222,6ο ΓΥΜΝΑΣΙΟ ΛΑΡΙΣΑΣ,22.388444,39.628415
13223,ΔΗΜΟΤΙΚΟ ΣΧΟΛΕΙΟ ΚΕΡΑΣΟΧΩΡΙΟΥ ΕΥΡΥΤΑΝΙΑΣ,21.639796,39.003908
13224,4ο ΓΥΜΝΑΣΙΟ ΛΑΡΙΣΑΣ,22.403089,39.634856
13225,ΓΥΜΝΑΣΙΟ ΛΑΡΙΣΑΣ ΑΘΛΗΤΙΚΟ,22.413242,39.636342
13226,11ο ΓΥΜΝΑΣΙΟ ΛΑΡΙΣΑΣ,22.424996,39.649607
13227,1ο ΓΥΜΝΑΣΙΟ ΛΑΡΙΣΑΣ,22.403342,39.636103
13228,ΓΥΜΝΑΣΙΟ ΖΑΠΠΕΙΟΥ,22.450399,39.465338
13229,7ο ΓΥΜΝΑΣΙΟ ΛΑΡΙΣΑΣ,22.446314,39.627154
13230,8ο ΓΥΜΝΑΣΙΟ ΛΑΡΙΣΑΣ,22.388552,39.628047
13231,2ο ΓΥΜΝΑΣΙΟ ΛΑΜΙΑΣ,22.444599,38.891297
13232,ΓΥΜΝΑΣΙΟ ΔΟΜΟΚΟΥ,22.299658,39.128622
13233,2ο ΓΥΜΝΑΣΙΟ ΒΟΛΟΥ,22.965241,39.349814
13234,2ο ΓΥΜΝΑΣΙΟ ΕΛΑΣΣΟΝΑΣ,22.191089,39.887541
13235,1ο ΓΥΜΝΑΣΙΟ ΦΑΡΣΑΛΩΝ,22.388583,39.2947
13236,3ο ΓΥΜΝΑΣΙΟ ΒΟΛΟΥ,22.953413,39.362465
13237,ΓΥΜΝΑΣΙΟ ΤΣΑΡΙΤΣΑΝΗΣ,22.23037,39.879224
13238,ΓΥΜΝΑΣΙΟ ΕΥΑΓΓΕΛΙΣΜΟΥ,22.519542,39.833193
13239,ΔΗΜΟΤΙΚΟ ΣΧΟΛΕΙΟ ΦΟΥΡΝΑΣ ΕΥΡΥΤΑΝΙΑΣ,21.879593,39.058214
13240,ΓΥΜΝΑΣΙΟ ΜΑΚΡΥΧΩΡΙΟΥ ΛΑΡΙΣΑΣ,22.491458,39.802412
13241,ΓΥΜΝΑΣΙΟ ΛΑΡΙΣΑΣ ΕΣΠΕΡΙΝΟ,22.399346,39.646044
13242,4ο ΓΥΜΝΑΣΙΟ ΒΟΛΟΥ,22.923883,39.35698
13243,ΓΥΜΝΑΣΙΟ ΚΑΛΛΙΘΕΑΣ ΛΑΡΙΣΑΣ,22.192679,39.980618
13244,ΓΥΜΝΑΣΙΟ ΜΑΤΑΡΑΓΚΑΣ ΚΑΡΔΙΤΣΑΣ,22.0749,39.396191
13245,15ο ΓΥΜΝΑΣΙΟ ΛΑΡΙΣΑΣ,22.40329,39.636481
13246,ΓΥΜΝΑΣΙΟ ΑΓΙΑΣ,22.765325,39.720179
13247,ΔΗΜΟΤΙΚΟ ΣΧΟΛΕΙΟ ΑΝΑΒΡΑΣ ΑΛΜΥΡΟΥ,22.552038,39.073155
13248,ΓΥΜΝΑΣΙΟ ΣΥΚΟΥΡΙΟΥ,22.581852,39.758329
13249,ΔΗΜΟΤΙΚΟ ΣΧΟΛΕΙΟ ΛΟΥΤΡΟΠΗΓΗΣ,,
13250,ΓΥΜΝΑΣΙΟ ΓΟΝΝΩΝ,22.477272,39.860432
13251,ΓΥΜΝΑΣΙΟ ΔΟΜΕΝΙΚΟΥ,22.124302,39.790133
13252,ΔΗΜΟΤΙΚΟ ΣΧΟΛΕΙΟ ΑΓΙΟΥ ΓΕΩΡΓΙΟΥ ΕΥΡΥΤΑΝΙΑΣ,,
13253,ΔΗΜΟΤΙΚΟ ΣΧΟΛΕΙΟ ΔΥΤΙΚΗΣ ΦΡΑΓΚΙΣΤΑΣ ΕΥΡ,21.606762,38.953952
13254,1ο ΓΥΜΝΑΣΙΟ ΕΛΑΣΣΟΝΑΣ,22.191089,39.887541
13255,7ο ΓΥΜΝΑΣΙΟ ΒΟΛΟΥ,22.939727,39.367805
13256,ΓΥΜΝΑΣΙΟ ΙΩΛΚΟΥ ΒΟΛΟΥ,22.963461,39.379509
13257,3ο ΓΥΜΝΑΣΙΟ ΛΑΡΙΣΑΣ,22.406079,39.632307
13258,8ο ΓΥΜΝΑΣΙΟ ΒΟΛΟΥ,22.965146,39.349668
13259,2ο ΓΥΜΝΑΣΙΟ ΛΑΡΙΣΑΣ,22.419603,39.636762
13260,ΔΗΜΟΤΙΚΟ ΣΧΟΛΕΙΟ ΑΝΑΤΟΛΙΚΗΣ ΦΡΑΓΚΙΣΤΑΣ ΕΥΡ,21.618467,38.955145
13261,ΔΗΜΟΤΙΚΟ ΣΧΟΛΕΙΟ ΠΟΡΤΗΣ ΚΑΡΔΙΤΣΑΣ,21.626956,39.422641
13262,ΔΗΜΟΤΙΚΟ ΣΧΟΛΕΙΟ ΥΔΡΟΥΣΗΣ ΣΑΜΟΥ,26.749309,37.778927
13263,6ο ΓΥΜΝΑΣΙΟ ΒΟΛΟΥ,22.958737,39.371653
13264,3ο ΔΗΜΟΤΙΚΟ ΣΧΟΛΕΙΟ ΜΥΡΙΝΑΣ,25.070232,39.871989
13265,ΔΗΜΟΤΙΚΟ ΣΧΟΛΕΙΟ ΠΛΑΤΕΑΣ ΛΗΜΝΟΥ,25.072246,39.860438
13266,1ο ΔΗΜΟΤΙΚΟ ΣΧΟΛΕΙΟ ΜΥΡΙΝΑΣ,25.070232,39.871989
13267,ΓΥΜΝΑΣΙΟ ΚΑΡΠΕΝΗΣΙΟΥ,21.78847,38.913294
13268,2ο ΔΗΜΟΤΙΚΟ ΣΧΟΛΕΙΟ ΜΥΡΙΝΑΣ,25.070232,39.871987
13269,ΔΗΜΟΤΙΚΟ ΣΧΟΛΕΙΟ ΚΑΡΑΒΟΣΤΑΜΟΥ ΙΚΑΡΙΑΣ,26.218892,37.628419
13270,2ο ΓΥΜΝΑΣΙΟ ΠΥΛΗΣ,21.621204,39.456858
13271,6ο ΓΥΜΝΑΣΙΟ ΤΡΙΚΑΛΩΝ,21.751296,39.539573
13272,ΓΥΜΝΑΣΙΟ ΜΗΤΡΟΠΟΛΗΣ ΚΑΡΔΙΤΣΑΣ,21.842454,39.339093
13273,2ο ΓΥΜΝΑΣΙΟ ΚΑΛΑΜΠΑΚΑΣ,21.582643,39.688374
13274,4ο ΓΥΜΝΑΣΙΟ ΤΡΙΚΑΛΩΝ,21.769825,39.56232
13275,ΔΗΜΟΤΙΚΟ ΣΧΟΛΕΙΟ ΕΥΔΗΛΟΥ ΙΚΑΡΙΑΣ,26.173937,37.623581
13276,ΓΥΜΝΑΣΙΟ ΚΑΡΔΙΤΣΟΜΑΓΟΥΛΑΣ,21.926227,39.392951
13277,ΓΥΜΝΑΣΙΟ ΛΕΟΝΤΑΡΙΟΥ,22.162387,39.210489
13278,ΓΥΜΝΑΣΙΟ ΦΑΛΑΝΗΣ ΛΑΡΙΣΑΣ,22.4025,39.718782
13279,1ο ΓΥΜΝΑΣΙΟ ΠΥΛΗΣ,21.621204,39.456858
13280,ΓΥΜΝΑΣΙΟ ΚΟΙΛΑΔΑΣ ΛΑΡΙΣΑΣ,22.304824,39.572924
13281,ΔΗΜΟΤΙΚΟ ΣΧΟΛΕΙΟ ΠΑΝΑΓΙΑΣ ΙΚΑΡΙΑΣ,,
13282,1ο ΓΥΜΝΑΣΙΟ ΠΑΛΑΜΑ,22.074839,39.469484
13283,ΓΥΜΝΑΣΙΟ ΠΡΙΝΟΥ,21.613194,39.568362
13284,ΓΥΜΝΑΣΙΟ ΜΕΓΑΛΟΧΩΡΙΟΥ,21.844564,39.560743
13285,ΓΥΜΝΑΣΙΟ ΤΡΙΚΑΛΩΝ ΜΟΥΣΙΚΟ,21.775274,39.563775
13286,ΓΥΜΝΑΣΙΟ ΜΕΓΑΛΩΝ ΚΑΛΥΒΙΩΝ ΤΡΙΚΑΛΩΝ,21.792256,39.496444
13287,ΓΥΜΝΑΣΙΟ ΥΠΑΤΗΣ,22.242859,38.870252
13288,ΓΥΜΝΑΣΙΟ ΣΠΕΡΧΕΙΑΔΑΣ,22.130084,38.907536
13289,3ο ΓΥΜΝΑΣΙΟ ΤΡΙΚΑΛΩΝ,21.760617,39.549281
13290,ΓΥΜΝΑΣΙΟ ΜΑΚΡΑΚΩΜΗΣ,22.11975,38.941527
13291,ΓΥΜΝΑΣΙΟ ΜΩΛΟΥ,22.646035,38.807307
13292,ΓΥΜΝΑΣΙΟ ΤΡΙΚΑΛΩΝ ΕΣΠΕΡΙΝΟ,21.770171,39.5621
13293,8ο ΓΥΜΝΑΣΙΟ ΤΡΙΚΑΛΩΝ,21.77399,39.548913
13294,1ο ΓΥΜΝΑΣΙΟ ΚΑΛΑΜΠΑΚΑΣ,21.582643,39.688374
13295,ΓΥΜΝΑΣΙΟ ΦΑΡΚΑΔΟΝΟΣ,22.070287,39.593551
13296,ΓΥΜΝΑΣΙΟ ΟΙΧΑΛΙΑΣ-ΝΕΟΧΩΡΙΟΥ,21.981075,39.606129
13297,ΓΥΜΝΑΣΙΟ ΜΕΓΑΡΧΗΣ ΤΡΙΚΑΛΩΝ,21.64488,39.608905
13298,2ο ΓΥΜΝΑΣΙΟ ΤΡΙΚΑΛΩΝ,21.774068,39.548818
13299,ΔΗΜΟΤΙΚΟ ΣΧΟΛΕΙΟ ΒΟΥΡΛΙΩΤΩΝ ΣΑΜΟΥ,26.848931,37.78333
13300,ΓΥΜΝΑΣΙΟ ΒΑΛΤΙΝΟΥ,21.661215,39.548306
13301,ΓΥΜΝΑΣΙΟ ΣΤΥΛΙΔΑΣ,22.616777,38.915512
13302,1ο ΓΥΜΝΑΣΙΟ ΤΡΙΚΑΛΩΝ,21.769932,39.562595
13303,ΓΥΜΝΑΣΙΟ ΠΤΕΛΕΟΥ,22.95457,39.051322
13304,5ο ΓΥΜΝΑΣΙΟ ΤΡΙΚΑΛΩΝ,21.752562,39.55958
13305,7ο ΓΥΜΝΑΣΙΟ ΤΡΙΚΑΛΩΝ,21.768486,39.545358
13306,ΔΗΜΟΤΙΚΟ ΣΧΟΛΕΙΟ ΑΜΠΕΛΟΥ ΣΑΜΟΥ,26.803564,37.800204
13307,9ο ΓΥΜΝΑΣΙΟ ΤΡΙΚΑΛΩΝ,21.760419,39.549726
13308,ΔΗΜΟΤΙΚΟ ΣΧΟΛΕΙΟ ΚΑΛΑΜΩΤΗΣ ΧΙΟΥ,26.044606,38.232551
13309,5ο ΓΥΜΝΑΣΙΟ ΛΑΜΙΑΣ,22.42318,38.893925
13310,ΓΥΜΝΑΣΙΟ ΛΑΜΙΑΣ ΕΣΠΕΡΙΝΟ,22.429585,38.900589
13311,1ο ΓΥΜΝΑΣΙΟ ΛΑΜΙΑΣ,22.429284,38.910181
13312,ΓΥΜΝΑΣΙΟ ΠΑΡΑΛΙΑΣ ΡΑΧΩΝ,22.783503,38.889608
13313,ΓΥΜΝΑΣΙΟ ΛΑΜΙΑΣ ΠΕΙΡΑΜΑΤΙΚΟ,22.429474,38.910553
13314,ΓΥΜΝΑΣΙΟ ΑΜΦΙΚΛΕΙΑΣ,22.592284,38.636853
13315,3ο ΓΥΜΝΑΣΙΟ ΛΑΜΙΑΣ ΜΟΥΣΤΑΚΕΙΟ,22.434619,38.897502
13316,ΓΥΜΝΑΣΙΟ ΛΙΑΝΟΚΛΑΔΙΟΥ,22.306183,38.913912
13317,ΓΥΜΝΑΣΙΟ ΛΙΒΑΝΑΤΩΝ,23.054773,38.710909
13318,ΓΥΜΝΑΣΙΟ ΜΑΛΕΣΙΝΑΣ,23.233994,38.621776
13319,ΓΥΜΝΑΣΙΟ ΕΛΑΤΕΙΑΣ,22.766375,38.627757
13320,ΓΥΜΝΑΣΙΟ ΠΕΛΑΣΓΙΑΣ,22.84307,38.946819
13321,ΓΥΜΝΑΣΙΟ ΟΜΒΡΙΑΚΗΣ,22.273049,39.100906
13322,ΓΥΜΝΑΣΙΟ ΦΗΚΗΣ ΤΡΙΚΑΛΩΝ,21.656754,39.51439
13323,ΓΥΜΝΑΣΙΟ ΚΑΤΩ ΤΙΘΟΡΕΑΣ,22.714204,38.607458
13324,ΓΥΜΝΑΣΙΟ ΑΓΙΟΥ ΓΕΩΡΓΙΟΥ ΤΥΜΦΡΗΣΤΟΥ,21.917061,38.910071
13325,4ο ΓΥΜΝΑΣΙΟ ΛΑΜΙΑΣ,22.429374,38.910313
13326,ΓΥΜΝΑΣΙΟ ΑΓΙΟΥ ΚΩΝΣΤΑΝΤΙΝΟΥ,22.856446,38.7536
13327,ΓΥΜΝΑΣΙΟ ΜΟΣΧΟΧΩΡΙΟΥ,22.451042,38.826355
13328,ΓΥΜΝΑΣΙΟ ΚΑΜΕΝΩΝ ΒΟΥΡΛΩΝ,22.788481,38.776121
13329,ΓΥΜΝΑΣΙΟ ΛΑΡΥΜΝΑΣ,23.282951,38.564175
13330,ΓΥΜΝΑΣΙΟ ΑΤΑΛΑΝΤΗΣ,22.994949,38.653802
13331,ΓΥΜΝΑΣΙΟ ΛΑΜΙΑΣ ΕΙΔΙΚΟ,,
13332,ΓΥΜΝΑΣΙΑΚΟ ΠΑΡΑΡΤΗΜΑ ΣΤΑΥΡΟΥ,22.24014,39.315754
13333,ΓΥΜΝΑΣΙΑΚΟ ΠΑΡΑΡΤΗΜΑ ΚΑΡΥΑΣ ΛΑΡΙΣΑΣ,22.39409,39.98394
13334,ΕΝΙΑΙΟ ΛΥΚΕΙΟ ΛΙΒΑΝΑΤΩΝ,23.054773,38.710909
13335,4ο ΕΝΙΑΙΟ ΛΥΚΕΙΟ ΛΑΜΙΑΣ,22.429418,38.910426
13336,ΕΝΙΑΙΟ ΛΥΚΕΙΟ ΜΑΡΤΙΝΟΥ,23.217454,38.566358
13337,ΔΗΜΟΤΙΚΟ ΣΧΟΛΕΙΟ ΚΑΤΑΡΡΑΚΤΟΥ ΧΙΟΥ,,
13338,ΕΝΙΑΙΟ ΛΥΚΕΙΟ ΑΤΑΛΑΝΤΗΣ,22.994949,38.653802
13339,12ο ΕΝΙΑΙΟ ΛΥΚΕΙΟ ΛΑΡΙΣΑΣ,22.419238,39.613868
13340,1ο ΕΝΙΑΙΟ ΛΥΚΕΙΟ ΛΑΡΙΣΑΣ,22.403384,39.635545
13341,ΕΝΙΑΙΟ ΛΥΚΕΙΟ ΤΣΑΡΙΤΣΑΝΗΣ,22.23037,39.879224
13342,ΕΝΙΑΙΟ ΛΥΚΕΙΟ ΜΑΛΕΣΙΝΑΣ,23.233994,38.621776
13343,5ο ΕΝΙΑΙΟ ΛΥΚΕΙΟ ΒΟΛΟΥ,22.958459,39.364792
13344,ΔΗΜΟΤΙΚΟ ΣΧΟΛΕΙΟ ΑΓΙΟΥ ΓΕΩΡΓΙΟΥ ΧΙΟΥ,26.05718,38.316498
13345,4ο ΕΝΙΑΙΟ ΛΥΚΕΙΟ ΒΟΛΟΥ,22.923898,39.356923
13346,2ο ΕΝΙΑΙΟ ΛΥΚΕΙΟ ΦΑΡΣΑΛΩΝ,22.388583,39.2947
13347,6ο ΕΝΙΑΙΟ ΛΥΚΕΙΟ ΒΟΛΟΥ,22.939727,39.367812
13348,1ο ΕΝΙΑΙΟ ΛΥΚΕΙΟ ΝΕΑΣ ΙΩΝΙΑΣ,22.933154,39.374316
13349,ΕΝΙΑΙΟ ΛΥΚΕΙΟ ΑΜΠΕΛΩΝΟΣ,22.364628,39.744436
13350,ΔΗΜΟΤΙΚΟ ΣΧΟΛΕΙΟ ΒΡΙΣΑΣ,26.201783,39.03796
13351,ΕΝΙΑΙΟ ΛΥΚΕΙΟ ΚΑΡΔΙΤΣΑΣ ΕΣΠΕΡΙΝΟ,21.918424,39.365451
13352,ΕΝΙΑΙΟ ΛΥΚΕΙΟ ΜΑΚΡΑΚΩΜΗΣ,22.11975,38.941527
13353,2ο ΕΝΙΑΙΟ ΛΥΚΕΙΟ ΝΕΑΣ ΙΩΝΙΑΣ,22.933154,39.374316
13354,5ο ΕΝΙΑΙΟ ΛΥΚΕΙΟ ΛΑΡΙΣΑΣ,22.415013,39.633407
13355,ΔΗΜΟΤΙΚΟ ΣΧΟΛΕΙΟ ΠΛΑΓΙΑΣ ΤΡΥΓΟΝΑ,26.408155,38.981469
13356,1ο ΕΝΙΑΙΟ ΛΥΚΕΙΟ ΒΟΛΟΥ,22.957925,39.363953
13357,3ο ΕΝΙΑΙΟ ΛΥΚΕΙΟ ΒΟΛΟΥ,22.953296,39.362416
13358,ΕΝΙΑΙΟ ΛΥΚΕΙΟ ΣΚΟΠΕΛΟΥ,23.721292,39.116853
13359,ΕΝΙΑΙΟ ΛΥΚΕΙΟ ΒΟΛΟΥ ΕΣΠΕΡΙΝΟ,22.965189,39.349737
13360,ΕΝΙΑΙΟ ΛΥΚΕΙΟ ΒΟΛΟΥ ΕΚΚΛΗΣΙΑΣΤΙΚΟ,22.954621,39.360496
13361,ΔΗΜΟΤΙΚΟ ΣΧΟΛΕΙΟ ΛΙΣΒΟΡΙΟΥ,26.219328,39.104006
13362,ΕΝΙΑΙΟ ΛΥΚΕΙΟ ΚΑΡΠΕΝΗΣΙΟΥ ΕΚΚΛΗΣΙΑΣΤΙΚΟ,21.807532,38.908107
13363,ΕΝΙΑΙΟ ΛΥΚΕΙΟ ΛΑΜΙΑΣ ΕΚΚΛΗΣΙΑΣΤΙΚΟ,22.457758,38.900905
13364,2ο ΕΝΙΑΙΟ ΛΥΚΕΙΟ ΕΛΑΣΣΟΝΑΣ,22.188606,39.890945
13365,ΕΝΙΑΙΟ ΛΥΚΕΙΟ ΠΡΟΑΣΤΙΟΥ,21.906457,39.48674
13366,7ο ΕΝΙΑΙΟ ΛΥΚΕΙΟ ΛΑΡΙΣΑΣ,22.421614,39.626757
13367,ΕΝΙΑΙΟ ΛΥΚΕΙΟ ΚΑΜΕΝΩΝ ΒΟΥΡΛΩΝ,22.788481,38.776121
13368,2ο ΕΝΙΑΙΟ ΛΥΚΕΙΟ ΛΑΡΙΣΑΣ,22.419613,39.636929
13369,ΔΗΜΟΤΙΚΟ ΣΧΟΛΕΙΟ ΚΑΠΗΣ-ΚΛΕΙΟΥΣ,26.310575,39.332354
13370,ΕΝΙΑΙΟ ΛΥΚΕΙΟ ΑΡΓΑΛΑΣΤΗΣ,23.220326,39.224843
13371,ΕΝΙΑΙΟ ΛΥΚΕΙΟ ΤΣΑΓΚΑΡΑΔΑΣ,23.183166,39.381913
13372,ΕΝΙΑΙΟ ΛΥΚΕΙΟ ΒΕΛΕΣΤΙΝΟΥ,22.74261,39.380636
13373,ΕΝΙΑΙΟ ΛΥΚΕΙΟ ΓΟΝΝΩΝ,22.477272,39.860432
13374,ΕΝΙΑΙΟ ΛΥΚΕΙΟ ΖΑΓΟΡΑΣ,23.10739,39.441948
13375,ΕΝΙΑΙΟ ΛΥΚΕΙΟ ΣΤΥΛΙΔΑΣ,22.616777,38.915512
13376,5ο ΕΝΙΑΙΟ ΛΥΚΕΙΟ ΛΑΜΙΑΣ,22.432624,38.890547
13377,1ο ΕΝΙΑΙΟ ΛΥΚΕΙΟ ΛΑΜΙΑΣ,22.429085,38.910223
13378,3ο ΕΝΙΑΙΟ ΛΥΚΕΙΟ ΤΡΙΚΑΛΩΝ,21.7536,39.54795
13379,2ο ΕΝΙΑΙΟ ΛΥΚΕΙΟ ΤΡΙΚΑΛΩΝ,21.774113,39.548754
13380,ΕΝΙΑΙΟ ΛΥΚΕΙΟ ΑΛΜΥΡΟΥ ΜΑΓΝΗΣΙΑΣ,22.763394,39.184129
13381,ΕΝΙΑΙΟ ΛΥΚΕΙΟ ΜΩΛΟΥ,22.646035,38.807307
13382,ΕΝΙΑΙΟ ΛΥΚΕΙΟ ΑΜΦΙΚΛΕΙΑΣ,22.592284,38.636853
13383,ΕΝΙΑΙΟ ΛΥΚΕΙΟ ΔΟΜΟΚΟΥ,22.299658,39.128622
13384,ΕΝΙΑΙΟ ΛΥΚΕΙΟ ΠΛΑΤΥΚΑΜΠΟΥ,22.53962,39.62062
13385,ΕΝΙΑΙΟ ΛΥΚΕΙΟ ΒΑΛΤΙΝΟΥ ΤΡΙΚΑΛΩΝ,21.661215,39.548306
13386,ΕΝΙΑΙΟ ΛΥΚΕΙΟ ΚΑΡΠΕΝΗΣΙΟΥ,21.788462,38.913293
13387,6ο ΕΝΙΑΙΟ ΛΥΚΕΙΟ ΤΡΙΚΑΛΩΝ,21.751593,39.539894
13388,8ο ΕΝΙΑΙΟ ΛΥΚΕΙΟ ΛΑΡΙΣΑΣ,22.409982,39.646222
13389,ΕΝΙΑΙΟ ΛΥΚΕΙΟ ΠΥΛΗΣ,21.621204,39.456858
13390,ΕΝΙΑΙΟ ΛΥΚΕΙΟ ΠΑΛΑΜΑ ΚΑΡΔΙΤΣΑΣ,22.074839,39.469484
13391,ΕΝΙΑΙΟ ΛΥΚΕΙΟ ΤΡΙΚΑΛΩΝ ΕΣΠΕΡΙΝΟ,21.76963,39.562704
13392,ΕΝΙΑΙΟ ΛΥΚΕΙΟ ΣΟΦΑΔΩΝ ΚΑΡΔΙΤΣΑΣ,22.100641,39.333294
13393,ΕΝΙΑΙΟ ΛΥΚΕΙΟ ΚΑΝΑΛΙΩΝ,22.887664,39.499832
13394,ΕΝΙΑΙΟ ΛΥΚΕΙΟ ΣΚΙΑΘΟΥ,23.483978,39.163872
13395,1ο ΕΝΙΑΙΟ ΛΥΚΕΙΟ ΤΡΙΚΑΛΩΝ,21.770527,39.562566
13396,ΕΝΙΑΙΟ ΛΥΚΕΙΟ ΝΕΑΣ ΑΓΧΙΑΛΟΥ,22.821149,39.279716
13397,ΕΝΙΑΙΟ ΛΥΚΕΙΟ ΣΥΚΟΥΡΙΟΥ,22.581852,39.758329
13398,1ο ΕΝΙΑΙΟ ΛΥΚΕΙΟ ΦΑΡΣΑΛΩΝ,22.388583,39.2947
13399,4ο ΕΝΙΑΙΟ ΛΥΚΕΙΟ ΤΡΙΚΑΛΩΝ,21.78044,39.554994
13400,ΕΝΙΑΙΟ ΛΥΚΕΙΟ ΣΠΕΡΧΕΙΑΔΑΣ,22.130084,38.907536
13401,7ο ΕΝΙΑΙΟ ΛΥΚΕΙΟ ΤΡΙΚΑΛΩΝ,21.770184,39.562343
13402,ΕΝΙΑΙΟ ΛΥΚΕΙΟ ΠΕΛΑΣΓΙΑΣ,22.84307,38.946819
13403,2ο ΕΝΙΑΙΟ ΛΥΚΕΙΟ ΒΟΛΟΥ,22.965168,39.349702
13404,6ο ΕΝΙΑΙΟ ΛΥΚΕΙΟ ΛΑΡΙΣΑΣ,22.388604,39.627656
13405,ΔΗΜΟΤΙΚΟ ΣΧΟΛΕΙΟ ΠΕΛΟΠΗΣ ΛΕΣΒΟΥ,26.280564,39.325419
13406,ΕΝΙΑΙΟ ΛΥΚΕΙΟ ΓΙΑΝΝΟΥΛΗΣ,22.397294,39.665265
13407,4ο ΕΝΙΑΙΟ ΛΥΚΕΙΟ ΛΑΡΙΣΑΣ,22.402697,39.63468
13408,3ο ΕΝΙΑΙΟ ΛΥΚΕΙΟ ΛΑΡΙΣΑΣ,22.406079,39.632307
13409,1ο ΕΝΙΑΙΟ ΛΥΚΕΙΟ ΤΥΡΝΑΒΟΥ,22.293099,39.741762
13410,1ο ΕΝΙΑΙΟ ΛΥΚΕΙΟ ΠΥΡΓΕΤΟΥ,22.597406,39.917285
13411,5ο ΕΝΙΑΙΟ ΛΥΚΕΙΟ ΤΡΙΚΑΛΩΝ,21.752552,39.559569
13412,ΕΝΙΑΙΟ ΛΥΚΕΙΟ ΛΑΜΙΑΣ ΕΣΠΕΡΙΝΟ,22.429517,38.900588
13413,ΕΝΙΑΙΟ ΛΥΚΕΙΟ ΟΙΧΑΛΙΑΣ-ΝΕΟΧΩΡΙΟΥ,21.972952,39.570335
13414,ΕΝΙΑΙΟ ΛΥΚΕΙΟ ΦΑΡΚΑΔΟΝΟΣ,22.070287,39.593551
13415,2ο ΕΝΙΑΙΟ ΛΥΚΕΙΟ ΛΑΜΙΑΣ,22.444722,38.891235
13416,ΕΝΙΑΙΟ ΛΥΚΕΙΟ ΥΠΑΤΗΣ,22.242859,38.870252
13417,3ο ΕΝΙΑΙΟ ΛΥΚΕΙΟ ΛΑΜΙΑΣ ΜΟΥΣΤΑΚΕΙΟ,22.434679,38.897503
13418,ΕΝΙΑΙΟ ΛΥΚΕΙΟ ΑΓΡΙΑΣ,23.013944,39.339431
13419,1ο ΕΝΙΑΙΟ ΛΥΚΕΙΟ ΚΑΛΑΜΠΑΚΑΣ,21.582643,39.688374
13420,7ο ΕΝΙΑΙΟ ΛΥΚΕΙΟ ΒΟΛΟΥ ΚΛΑΣΙΚΟ,22.955081,39.371816
13421,ΕΝΙΑΙΟ ΛΥΚΕΙΟ ΛΑΡΙΣΑΣ ΜΟΥΣΙΚΟ,22.401499,39.618311
13422,ΕΝΙΑΙΟ ΛΥΚΕΙΟ ΝΙΚΑΙΑΣ,22.467864,39.561852
13423,11ο ΕΝΙΑΙΟ ΛΥΚΕΙΟ ΛΑΡΙΣΑΣ,22.424896,39.64906
13424,8ο ΕΝΙΑΙΟ ΛΥΚΕΙΟ ΒΟΛΟΥ,22.965261,39.349845
13425,5ο ΕΝΙΑΙΟ ΛΥΚΕΙΟ ΚΑΡΔΙΤΣΑΣ,21.907866,39.373634
13426,10ο ΕΝΙΑΙΟ ΛΥΚΕΙΟ ΛΑΡΙΣΑΣ,22.393776,39.641242
13427,3ο ΕΝΙΑΙΟ ΛΥΚΕΙΟ ΚΑΡΔΙΤΣΑΣ,21.906802,39.373052
13428,ΔΗΜΟΤΙΚΟ ΣΧΟΛΕΙΟ ΠΟΤΑΜΙΑΣ ΝΑΞΟΥ,,
13429,ΕΝΙΑΙΟ ΛΥΚΕΙΟ ΜΟΥΖΑΚΙΟΥ,21.6637,39.43235
13430,4ο ΕΝΙΑΙΟ ΛΥΚΕΙΟ ΚΑΡΔΙΤΣΑΣ,21.934686,39.356662
13431,2ο ΕΝΙΑΙΟ ΛΥΚΕΙΟ ΚΑΡΔΙΤΣΑΣ,21.908981,39.373501
13432,9ο ΕΝΙΑΙΟ ΛΥΚΕΙΟ ΛΑΡΙΣΑΣ,22.421235,39.64474
13433,1ο ΕΝΙΑΙΟ ΛΥΚΕΙΟ ΕΛΑΣΣΟΝΑΣ,22.188606,39.890945
13434,1ο ΕΝΙΑΙΟ ΛΥΚΕΙΟ ΑΓΙΑΣ,22.765325,39.720179
13435,1ο ΕΝΙΑΙΟ ΛΥΚΕΙΟ ΚΑΡΔΙΤΣΑΣ,21.92756,39.361708
13436,1ο ΤΕΕ ΛΑΡΙΣΑΣ,22.410512,39.631524
13437,ΔΗΜΟΤΙΚΟ ΣΧΟΛΕΙΟ ΜΕΛΑΝΩΝ ΝΑΞΟΥ,25.439903,37.087925
13438,3ο ΤΕΕ ΛΑΡΙΣΑΣ ΕΣΠΕΡΙΝΟ,22.415178,39.633612
13439,4ο ΤΕΕ ΛΑΜΙΑΣ,22.434205,38.897507
13440,1ο ΤΕΕ ΦΑΡΣΑΛΩΝ,22.388583,39.2947
13441,1ο ΤΕΕ ΝΕΑΣ ΙΩΝΙΑΣ,22.940393,39.385551
13442,1ο ΤΕΕ ΚΑΡΠΕΝΗΣΙΟΥ,21.787202,38.912953
13443,2ο ΤΕΕ ΒΟΛΟΥ ΕΣΠΕΡΙΝΟ,22.954284,39.354159
13444,3ο ΤΕΕ ΛΑΜΙΑΣ ΕΣΠΕΡΙΝΟ,22.424335,38.917488
13445,ΔΗΜΟΤΙΚΟ ΣΧΟΛΕΙΟ ΓΕΝΝΑΔΙΟΥ ΡΟΔΟΥ,,
13446,2ο ΤΕΕ ΛΑΡΙΣΑΣ,22.414418,39.633453
13447,1ο ΤΕΕ ΤΥΡΝΑΒΟΥ,22.293099,39.741762
13448,1ο ΤΕΕ ΑΓΙΑΣ,22.765325,39.720179
13449,1ο ΤΕΕ ΕΛΑΣΣΟΝΑΣ,22.183119,39.891426
13450,2ο ΤΕΕ ΛΑΜΙΑΣ,22.424343,38.917673
13451,2ο ΤΕΕ ΤΡΙΚΑΛΩΝ,21.767821,39.556411
13452,3ο ΤΕΕ ΤΡΙΚΑΛΩΝ,21.767745,39.556389
13453,2ο ΤΕΕ ΕΛΑΣΣΟΝΑΣ,22.185323,39.883436
13454,1ο ΤΕΕ ΤΡΙΚΑΛΩΝ,21.778226,39.562481
13455,1ο ΤΕΕ ΚΑΛΑΜΠΑΚΑΣ,21.582643,39.688374
13456,ΔΗΜΟΤΙΚΟ ΣΧΟΛΕΙΟ ΑΠΟΛΛΩΝΩΝ ΡΟΔΟΥ,27.965616,36.258213
13457,6ο ΤΕΕ ΛΑΡΙΣΑΣ ΕΣΠΕΡΙΝΟ,22.392474,39.617659
13458,1ο ΤΕΕ ΛΑΜΙΑΣ,22.42432,38.917853
13459,2ο ΤΕΕ ΤΥΡΝΑΒΟΥ,22.293099,39.741762
13460,4ο ΤΕΕ ΛΑΡΙΣΑΣ,22.446207,39.626882
13461,1ο ΤΕΕ ΝΕΑΣ ΙΩΝΙΑΣ ΒΟΛΟΥ ΕΙΔΙΚΟ,,
13462,1ο ΤΕΕ ΑΤΑΛΑΝΤΗΣ,22.994949,38.653802
13463,ΤΕΕ ΒΕΛΕΣΤΙΝΟΥ,22.743113,39.380825
13464,ΤΕΕ ΠΥΛΗΣ,21.621204,39.456858
13465,ΤΕΕ ΖΑΓΟΡΑΣ,23.10739,39.441948
13466,1ο ΤΕΕ ΒΟΛΟΥ,22.954333,39.354228
13467,3ο ΤΕΕ ΒΟΛΟΥ,22.955203,39.371666
13468,2ο ΤΕΕ ΝΕΑΣ ΙΩΝΙΑΣ,22.953413,39.362465
13469,1ο ΤΕΕ ΑΛΜΥΡΟΥ,22.763394,39.184129
13470,1ο ΤΕΕ ΠΑΛΑΜΑ,22.074839,39.469484
13471,5ο ΤΕΕ ΛΑΡΙΣΑΣ,22.392474,39.617659
13472,1ο ΕΣΠΕΡΙΝΟ ΤΕΕ ΚΑΡΔΙΤΣΑΣ,21.906766,39.372496
13473,ΤΕΕ ΜΟΥΖΑΚΙΟΥ,21.663677,39.43237
13474,1ο ΤΕΕ ΣΟΦΑΔΩΝ,22.100641,39.333294
13475,1ο ΤΕΕ ΚΑΡΔΙΤΣΑΣ,21.906759,39.372504
13476,3ο ΤΕΕ ΝΕΑΣ ΙΩΝΙΑΣ,22.940472,39.385538
13477,1ο ΤΕΕ ΜΑΚΡΑΚΩΜΗΣ,22.11975,38.941527
13478,ΤΕΕ ΑΓΡΙΑΣ,23.013944,39.339431
13479,4ο ΤΕΕ ΝΕΑΣ ΙΩΝΙΑΣ ΕΣΠΕΡΙΝΟ,22.940539,39.385516
13480,4ο ΤΕΕ ΤΡΙΚΑΛΩΝ,,
13481,8ο ΤΕΕ ΛΑΡΙΣΑΣ,,
13482,3ο ΤΕΕ ΚΑΡΔΙΤΣΑΣ,21.906843,39.373685
13483,1ο ΤΕΕ ΦΑΡΚΑΔΟΝΑΣ,22.070287,39.593551
13484,7ο ΤΕΕ ΛΑΡΙΣΑΣ,,
13485,1ο ΤΕΕ ΛΑΡΙΣΑΣ ΕΙΔΙΚΟ,,
13486,3ο ΣΕΚ ΛΑΡΙΣΑΣ,22.410251,39.617889
13487,1ο ΣΕΚ ΚΑΡΔΙΤΣΑΣ,21.906758,39.372502
13488,1ο ΣΕΚ ΕΛΑΣΣΟΝΑΣ,22.183119,39.891426
13489,2ο ΣΕΚ ΜΑΓΝΗΣΙΑΣ (ΝΕΑΣ ΙΩΝΙΑΣ),22.940313,39.385564
13490,2ο ΣΕΚ ΛΑΡΙΣΑΣ,22.406079,39.632307
13491,1ο ΣΕΚ ΜΑΓΝΗΣΙΑΣ (ΒΟΛΟΥ),22.933154,39.374316
13492,1ο ΣΕΚ ΦΘΙΩΤΙΔΑΣ (ΛΑΜΙΑΣ),22.424307,38.918038
13493,1ο ΣΕΚ ΑΛΜΥΡΟΥ,22.763394,39.184129
13494,1ο ΣΕΚ ΤΡΙΚΑΛΩΝ,21.777453,39.562879
13495,1ο ΣΕΚ ΛΑΡΙΣΑΣ,22.376303,39.63409
13496,1ο ΣΕΚ ΑΤΑΛΑΝΤΗΣ,22.994949,38.653802
13497,ΣΥΜΒΟΥΛΕΥΤΙΚΟΣ ΣΤΑΘΜΟΣ ΝΕΩΝ ΛΑΡΙΣΑΣ,22.400789,39.637444
13498,4ο ΔΗΜΟΤΙΚΟ ΣΧΟΛΕΙΟ ΒΟΛΟΥ,22.959329,39.35353
13499,3ο ΔΗΜΟΤΙΚΟ ΣΧΟΛΕΙΟ ΒΟΛΟΥ,22.951159,39.357249
13500,22ο ΔΗΜΟΤΙΚΟ ΣΧΟΛΕΙΟ ΒΟΛΟΥ,,
13501,14ο ΔΗΜΟΤΙΚΟ ΣΧΟΛΕΙΟ ΒΟΛΟΥ,22.950146,39.368644
13502,3ο ΔΗΜΟΤΙΚΟ ΣΧΟΛΕΙΟ ΑΡΤΕΜΙΔΟΣ-ΑΓΙΟΥ ΛΑΥΡΕΝΤΙΟΥ,,
13503,ΔΗΜΟΤΙΚΟ ΣΧΟΛΕΙΟ ΕΜΠΩΝΑ ΡΟΔΟΥ,27.856878,36.225252
13504,1ο ΔΗΜΟΤΙΚΟ ΣΧΟΛΕΙΟ ΑΡΤΕΜΙΔΟΣ-ΑΝΩ ΛΕΧΩΝΙΩΝ,,
13505,ΔΗΜΟΤΙΚΟ ΣΧΟΛΕΙΟ ΑΡΓΑΛΑΣΤΗΣ,23.219432,39.224776
13506,ΔΗΜΟΤΙΚΟ ΣΧΟΛΕΙΟ ΚΡΗΤΗΝΙΑΣ ΡΟΔΟΥ,27.831582,36.246374
13507,37ο ΔΗΜΟΤΙΚΟ ΣΧΟΛΕΙΟ ΛΑΡΙΣΑΣ,22.401508,39.637516
13508,"2ο ΔΗΜΟΤΙΚΟ ΣΧΟΛΕΙΟ ΑΡΤΕΜΙΔΟΣ-ΚΑΤΩ ΛΕΧΩΝΙΩΝ ""ΤΟΠΑΛΕΙΟ""",,
13509,ΔΗΜΟΤΙΚΟ ΣΧΟΛΕΙΟ ΑΓΙΟΥ ΑΡΣΕΝΙΟΥ ΝΑΞΟΥ,25.394367,37.061254
13510,ΔΗΜΟΤΙΚΟ ΣΧΟΛΕΙΟ ΝΑΟΥΣΑΣ ΠΑΡΟΥ,25.241394,37.120257
13511,ΔΗΜΟΤΙΚΟ ΣΧΟΛΕΙΟ ΓΛΙΝΑΔΟΥ ΝΑΞΟΥ,25.402524,37.069934
13512,11ο ΔΗΜΟΤΙΚΟ ΣΧΟΛΕΙΟ ΒΟΛΟΥ,22.94605,39.361544
13513,4ο ΔΗΜΟΤΙΚΟ ΣΧΟΛΕΙΟ ΑΡΤΕΜΙΔΟΣ-ΑΓΙΟΥ ΒΛΑΣΙΟΥ,,
13514,"1ο ΔΗΜΟΤΙΚΟ ΣΧΟΛΕΙΟ ΣΚΟΠΕΛΟΥ ""ΠΕΠΑΡΗΘΕΙΟ""",23.720326,39.11653
13515,2ο ΔΗΜΟΤΙΚΟ ΣΧΟΛΕΙΟ ΠΟΡΤΑΡΙΑΣ-ΑΛΛΗΣ ΜΕΡΙΑΣ,22.996258,39.388924
13516,ΔΗΜΟΤΙΚΟ ΣΧΟΛΕΙΟ ΓΑΛΗΝΗΣ ΝΑΞΟΥ,25.425424,37.116597
13517,ΔΗΜΟΤΙΚΟ ΣΧΟΛΕΙΟ ΓΑΛΑΝΑΔΟΥ ΝΑΞΟΥ,25.411356,37.075055
13518,ΔΗΜΟΤΙΚΟ ΣΧΟΛΕΙΟ ΦΗΡΩΝ ΘΗΡΑΣ,,
13519,ΔΗΜΟΤΙΚΟ ΣΧΟΛΕΙΟ ΦΙΛΟΤΙΟΥ ΝΑΞΟΥ,25.500975,37.05167
13520,ΔΗΜΟΤΙΚΟ ΣΧΟΛΕΙΟ ΕΓΓΑΡΩΝ ΝΑΞΟΥ,25.437229,37.115764
13521,2ο ΔΗΜΟΤΙΚΟ ΣΧΟΛΕΙΟ ΚΑΡΠΑΘΟΥ,27.218668,35.502665
13522,42ο ΔΗΜΟΤΙΚΟ ΣΧΟΛΕΙΟ ΛΑΡΙΣΑΣ,,
13523,24ο ΔΗΜΟΤΙΚΟ ΣΧΟΛΕΙΟ ΒΟΛΟΥ,,
13524,3ο ΔΗΜΟΤΙΚΟ ΣΧΟΛΕΙΟ ΦΕΡΩΝ-ΑΓΙΟΥ ΓΕΩΡΓΙΟΥ,22.778576,39.367731
13525,3ο ΔΗΜΟΤΙΚΟ ΣΧΟΛΕΙΟ ΚΑΡΛΑΣ-ΚΑΝΑΛΙΩΝ,22.886724,39.499366
13526,39ο ΔΗΜΟΤΙΚΟ ΣΧΟΛΕΙΟ ΛΑΡΙΣΑΣ,22.420215,39.638557
13527,9ο ΔΗΜΟΤΙΚΟ ΣΧΟΛΕΙΟ ΒΟΛΟΥ,22.933216,39.356935
13528,4ο ΔΗΜΟΤΙΚΟ ΣΧΟΛΕΙΟ ΦΕΡΩΝ-ΑΕΡΙΝΟΥ,22.761614,39.333757
13529,5ο ΔΗΜΟΤΙΚΟ ΣΧΟΛΕΙΟ ΦΕΡΩΝ-ΧΛΟΗΣ,,
13530,12ο ΔΗΜΟΤΙΚΟ ΣΧΟΛΕΙΟ ΝΕΑΣ ΙΩΝΙΑΣ-ΓΛΑΦΥΡΩΝ,22.887743,39.440848
13531,26ο ΔΗΜΟΤΙΚΟ ΣΧΟΛΕΙΟ ΒΟΛΟΥ,22.96435,39.374925
13532,21ο ΔΗΜΟΤΙΚΟ ΣΧΟΛΕΙΟ ΒΟΛΟΥ,22.958952,39.353037
13533,12ο ΔΗΜΟΤΙΚΟ ΣΧΟΛΕΙΟ ΒΟΛΟΥ,22.958031,39.364566
13534,10ο ΔΗΜΟΤΙΚΟ ΣΧΟΛΕΙΟ ΒΟΛΟΥ,22.956487,39.363264
13535,2ο ΔΗΜΟΤΙΚΟ ΣΧΟΛΕΙΟ ΜΗΛΕΩΝ-ΚΑΛΩΝ ΝΕΡΩΝ-ΚΟΡΩΤΤΗΣ,23.153644,39.327295
13536,11ο ΔΗΜΟΤΙΚΟ ΣΧΟΛΕΙΟ ΛΑΡΙΣΑΣ,,
13537,7ο ΔΗΜΟΤΙΚΟ ΣΧΟΛΕΙΟ ΛΑΡΙΣΑΣ,22.401638,39.637524
13538,ΔΗΜΟΤΙΚΟ ΣΧΟΛΕΙΟ ΙΔΡ.Π.Α.ΠΑΙΔΩΝ Π.Υ.Μ ΘΕΣΣΑΛΟΝΙΚΗΣ,,
13539,13ο ΔΗΜΟΤΙΚΟ ΣΧΟΛΕΙΟ ΒΟΛΟΥ,22.943176,39.366932
13540,ΔΗΜΟΤΙΚΟ ΣΧΟΛΕΙΟ ΓΑΥΡΙΟΥ ΑΝΔΡΟΥ,,
13541,5ο ΔΗΜΟΤΙΚΟ ΣΧΟΛΕΙΟ ΦΑΡΣΑΛΩΝ,22.388082,39.294635
13542,18ο ΔΗΜΟΤΙΚΟ ΣΧΟΛΕΙΟ ΚΑΡΔΙΤΣΑΣ,21.925727,39.355119
13543,31ο ΔΗΜΟΤΙΚΟ ΣΧΟΛΕΙΟ ΒΟΛΟΥ,,
13544,ΔΗΜΟΤΙΚΟ ΣΧΟΛΕΙΟ ΙΩΛΚΟΥ,22.977791,39.376804
13545,ΔΗΜΟΤΙΚΟ ΣΧΟΛΕΙΟ ΑΛΜΥΡΟΥ ΕΙΔΙΚΟ,22.762031,39.183916
13546,10ο ΔΗΜΟΤΙΚΟ ΣΧΟΛΕΙΟ ΝΕΑΣ ΙΩΝΙΑΣ,22.932611,39.373518
13547,30ο ΔΗΜΟΤΙΚΟ ΣΧΟΛΕΙΟ ΒΟΛΟΥ,22.935875,39.364997
13548,5ο ΔΗΜΟΤΙΚΟ ΣΧΟΛΕΙΟ ΑΛΜΥΡΟΥ,22.762031,39.183916
13549,ΔΗΜΟΤΙΚΟ ΣΧΟΛΕΙΟ ΜΠΑΤΣΙΟΥ ΑΝΔΡΟΥ,,
13550,ΔΗΜΟΤΙΚΟ ΣΧΟΛΕΙΟ ΑΦΕΤΩΝ,23.181996,39.282812
13551,ΔΗΜΟΤΙΚΟ ΣΧΟΛΕΙΟ ΝΑΞΟΥ ΕΙΔΙΚΟ,,
13552,ΔΗΜΟΤΙΚΟ ΣΧΟΛΕΙΟ ΜΙΚΡΟΘΗΒΑΣ ΑΛΜΥΡΟΥ,22.753026,39.263141
13553,ΔΗΜΟΤΙΚΟ ΣΧΟΛΕΙΟ ΠΛΑΤΑΝΟΥ ΑΛΜΥΡΟΥ,22.767557,39.142488
13554,ΔΗΜΟΤΙΚΟ ΣΧΟΛΕΙΟ ΠΤΕΛΕΟΥ ΑΛΜΥΡΟΥ,22.95339,39.051652
13555,ΔΗΜΟΤΙΚΟ ΣΧΟΛΕΙΟ ΠΛΑΤΑΝΟΥΣΗΣ ΙΩΑΝΝΙΝΩΝ,21.010794,39.413176
13556,2ο ΔΗΜΟΤΙΚΟ ΣΧΟΛΕΙΟ ΚΑΡΛΑΣ-ΡΙΖΟΜΥΛΟΥ,22.743287,39.428754
13557,ΔΗΜΟΤΙΚΟ ΣΧΟΛΕΙΟ ΓΑΥΡΙΑΝΗΣ ΑΛΜΥΡΟΥ,,
13558,1ο ΔΗΜΟΤΙΚΟ ΣΧΟΛΕΙΟ ΑΛΜΥΡΟΥ,22.762031,39.183916
13559,2ο ΔΗΜΟΤΙΚΟ ΣΧΟΛΕΙΟ ΑΛΜΥΡΟΥ,22.762031,39.183916
13560,3ο ΔΗΜΟΤΙΚΟ ΣΧΟΛΕΙΟ ΑΛΜΥΡΟΥ,22.762031,39.183916
13561,ΔΗΜΟΤΙΚΟ ΣΧΟΛΕΙΟ ΝΕΟΧΩΡΑΚΙΟΥ ΑΛΜΥΡΟΥ,,
13562,2ο ΔΗΜΟΤΙΚΟ ΣΧΟΛΕΙΟ ΒΟΛΟΥ,22.942585,39.361463
13563,ΔΗΜΟΤΙΚΟ ΣΧΟΛΕΙΟ ΣΟΥΡΠΗΣ ΑΛΜΥΡΟΥ,22.899648,39.103939
13564,16ο ΔΗΜΟΤΙΚΟ ΣΧΟΛΕΙΟ ΒΟΛΟΥ,22.935877,39.365002
13565,1ο ΔΗΜΟΤΙΚΟ ΣΧΟΛΕΙΟ ΒΟΛΟΥ,22.942218,39.362804
13566,"1ο ΔΗΜΟΤΙΚΟ ΣΧΟΛΕΙΟ ΖΑΓΟΡΑΣ ""ΡΗΓΑΣ ΦΕΡΑΙΟΣ""",23.105884,39.442221
13567,3ο ΔΗΜΟΤΙΚΟ ΣΧΟΛΕΙΟ ΝΕΑΣ ΙΩΝΙΑΣ,22.932611,39.373518
13568,ΔΗΜΟΤΙΚΟ ΣΧΟΛΕΙΟ ΡΕΤΣΙΑΝΩΝ,,
13569,23ο ΔΗΜΟΤΙΚΟ ΣΧΟΛΕΙΟ ΒΟΛΟΥ,22.92091,39.353039
13570,ΔΗΜΟΤΙΚΟ ΣΧΟΛΕΙΟ ΕΥΞΕΙΝΟΥΠΟΛΗΣ ΑΛΜΥΡΟΥ,22.738844,39.18266
13571,ΔΗΜΟΤΙΚΟ ΣΧΟΛΕΙΟ ΔΕΛΒΙΝΑΚΙΟΥ,20.465037,39.931818
13572,ΔΗΜΟΤΙΚΟ ΣΧΟΛΕΙΟ ΒΗΣΣΑΝΗΣ,20.535255,39.944373
13573,ΔΗΜΟΤΙΚΟ ΣΧΟΛΕΙΟ ΑΝΩ ΚΑΛΕΝΤΙΝΗΣ,,
13574,ΔΗΜΟΤΙΚΟ ΣΧΟΛΕΙΟ ΠΕΤΡΑΣ,21.116052,39.164384
13575,ΔΗΜΟΤΙΚΟ ΣΧΟΛΕΙΟ ΚΑΣΣΑΒΕΤΕΙΑΣ,,
13576,ΔΗΜΟΤΙΚΟ ΣΧΟΛΕΙΟ ΠΕΡΔΙΚΟΡΡΑΧΗΣ ΚΛΕΙΔΙΟΥ,,
13577,ΔΗΜΟΤΙΚΟ ΣΧΟΛΕΙΟ ΜΑΚΡΙΝΙΤΣΗΣ,,
13578,ΔΗΜΟΤΙΚΟ ΣΧΟΛΕΙΟ ΚΛΕΙΔΙΟΥ,21.206998,39.153423
13579,ΔΗΜΟΤΙΚΟ ΣΧΟΛΕΙΟ ΖΑΠΠΕΙΟΥ ΛΑΡΙΣΑΣ,,
13580,"1ο ΔΗΜΟΤΙΚΟ ΣΧΟΛΕΙΟ ΠΟΡΤΑΡΙΑΣ ""ΝΙΚΟΛΑΟΣ ΤΣΟΠΩΤΟΣ""",22.996258,39.388928
13581,1ο ΔΗΜΟΤΙΚΟ ΣΧΟΛΕΙΟ ΚΑΡΛΑΣ-ΣΤΕΦΑΝΟΒΙΚΕΙΟΥ,22.738949,39.465876
13582,ΔΗΜΟΤΙΚΟ ΣΧΟΛΕΙΟ ΚΕΦΑΛΟΒΡΥΣΟΥ,20.560795,40.013975
13583,7ο ΔΗΜΟΤΙΚΟ ΣΧΟΛΕΙΟ ΝΕΑΣ ΙΩΝΙΑΣ,22.932611,39.373518
13584,ΔΗΜΟΤΙΚΟ ΣΧΟΛΕΙΟ ΒΟΤΟΝΟΣΙΟΥ,21.118203,39.767556
13585,41ο ΔΗΜΟΤΙΚΟ ΣΧΟΛΕΙΟ ΛΑΡΙΣΑΣ,22.41132,39.632745
13586,14ο ΔΗΜΟΤΙΚΟ ΣΧΟΛΕΙΟ ΤΡΙΚΑΛΩΝ,,
13587,1ο ΔΗΜΟΤΙΚΟ ΣΧΟΛΕΙΟ ΦΕΡΩΝ-ΒΕΛΕΣΤΙΝΟΥ,22.741723,39.380557
13588,"2ο ΔΗΜΟΤΙΚΟ ΣΧΟΛΕΙΟ ΦΕΡΩΝ-ΒΕΛΕΣΤΙΝΟΥ ""ΡΗΓΑΣ ΒΕΛΕΣΤΙΝΛΗΣ""",22.741622,39.380536
13589,1ο ΔΗΜΟΤΙΚΟ ΣΧΟΛΕΙΟ ΣΚΙΑΘΟΥ,23.483173,39.163511
13590,2ο ΔΗΜΟΤΙΚΟ ΣΧΟΛΕΙΟ ΣΚΙΑΘΟΥ,23.483173,39.163512
13591,18ο ΔΗΜΟΤΙΚΟ ΣΧΟΛΕΙΟ ΒΟΛΟΥ,22.916557,39.367176
13592,28ο ΔΗΜΟΤΙΚΟ ΣΧΟΛΕΙΟ ΒΟΛΟΥ,22.929501,39.342757
13593,29ο ΔΗΜΟΤΙΚΟ ΣΧΟΛΕΙΟ ΒΟΛΟΥ,22.916926,39.367115
13594,3ο ΔΗΜΟΤΙΚΟ ΣΧΟΛΕΙΟ ΑΓΡΙΑΣ-ΔΡΑΚΕΙΑΣ,23.050861,39.377219
13595,"2ο ΔΗΜΟΤΙΚΟ ΣΧΟΛΕΙΟ ΑΓΡΙΑΣ ""ΓΕΩΡΓΙΑΔΕΙΟ""",23.012836,39.340051
13596,6ο ΔΗΜΟΤΙΚΟ ΣΧΟΛΕΙΟ ΝΕΑΣ ΙΩΝΙΑΣ,22.932611,39.373518
13597,17ο ΔΗΜΟΤΙΚΟ ΣΧΟΛΕΙΟ ΒΟΛΟΥ,22.954895,39.378439
13598,27ο ΔΗΜΟΤΙΚΟ ΣΧΟΛΕΙΟ ΒΟΛΟΥ,22.932586,39.333169
13599,"1ο ΔΗΜΟΤΙΚΟ ΣΧΟΛΕΙΟ ΝΕΑΣ ΑΓΧΙΑΛΟΥ ""ΕΥΓΕΝΕΙΟ""",22.8195,39.280158
13600,1ο ΔΗΜΟΤΙΚΟ ΣΧΟΛΕΙΟ ΑΙΣΩΝΙΑΣ-ΔΙΜΗΝΙΟΥ,22.893951,39.356181
13601,5ο ΔΗΜΟΤΙΚΟ ΣΧΟΛΕΙΟ ΝΕΑΣ ΙΩΝΙΑΣ,22.932611,39.373518
13602,1ο ΔΗΜΟΤΙΚΟ ΣΧΟΛΕΙΟ ΑΓΡΙΑΣ,23.01285,39.340051
13603,2ο ΔΗΜΟΤΙΚΟ ΣΧΟΛΕΙΟ ΝΕΑΣ ΑΓΧΙΑΛΟΥ,22.8195,39.280158
13604,2ο ΔΗΜΟΤΙΚΟ ΣΧΟΛΕΙΟ ΝΕΑΣ ΙΩΝΙΑΣ,22.932611,39.373518
13605,1ο ΔΗΜΟΤΙΚΟ ΣΧΟΛΕΙΟ ΝΕΑΣ ΙΩΝΙΑΣ,22.932611,39.373518
13606,"4ο ΔΗΜΟΤΙΚΟ ΣΧΟΛΕΙΟ ΝΕΑΣ ΙΩΝΙΑΣ ""ΠΑΝΑΓΙΩΤΗΣ ΚΑΤΣΙΡΕΛΟΣ",22.932611,39.373518
13607,31ο ΔΗΜΟΤΙΚΟ ΣΧΟΛΕΙΟ ΤΡΙΚΑΛΩΝ,21.756268,39.550134
13608,1ο ΔΗΜΟΤΙΚΟ ΣΧΟΛΕΙΟ ΤΡΙΚΑΛΩΝ ΕΙΔΙΚΟ,,
13609,ΔΗΜΟΤΙΚΟ ΣΧΟΛΕΙΟ ΠΡΟΔΡΟΜΟΥ,21.590529,39.564253
13610,1ο ΔΗΜΟΤΙΚΟ ΣΧΟΛΕΙΟ ΧΡΥΣΟΒΙΤΣΗΣ,21.074031,39.777812
13611,ΔΗΜΟΤΙΚΟ ΣΧΟΛΕΙΟ ΚΕΦΑΛΟΒΡΥΣΟΥ,21.688686,39.581124
13612,ΔΗΜΟΤΙΚΟ ΣΧΟΛΕΙΟ ΚΟΤΡΩΝΙΟΥ,21.56244,39.461881
13613,ΔΗΜΟΤΙΚΟ ΣΧΟΛΕΙΟ ΛΟΓΓΙΩΝ,,
13614,ΔΗΜΟΤΙΚΟ ΣΧΟΛΕΙΟ ΦΙΛΥΡΑΣ,21.612683,39.491513
13615,ΔΗΜΟΤΙΚΟ ΣΧΟΛΕΙΟ ΛΥΓΑΡΙΑΣ,21.68439,39.493567
13616,ΔΗΜΟΤΙΚΟ ΣΧΟΛΕΙΟ ΜΕΓ ΚΕΦΑΛΟΒΡΥΣΟΥ,21.688842,39.580997
13617,ΔΗΜΟΤΙΚΟ ΣΧΟΛΕΙΟ ΑΝΤΑΛΛΑΞΙΜΩΝ,,
13618,ΔΗΜΟΤΙΚΟ ΣΧΟΛΕΙΟ ΚΑΛΟΝΕΡΙΟΥ,,
13619,ΔΗΜΟΤΙΚΟ ΣΧΟΛΕΙΟ ΜΕΓΑΡΧΗΣ,21.643916,39.608854
13620,ΔΗΜΟΤΙΚΟ ΣΧΟΛΕΙΟ ΞΥΛΟΠΑΡΟΙΚΟΥ,21.580894,39.534368
13621,ΔΗΜΟΤΙΚΟ ΣΧΟΛΕΙΟ ΠΕΡΤΟΥΛΙΟΥ,21.467063,39.536959
13622,ΔΗΜΟΤΙΚΟ ΣΧΟΛΕΙΟ ΠΗΓΗΣ,21.7003,39.510199
13623,ΔΗΜΟΤΙΚΟ ΣΧΟΛΕΙΟ ΠΙΑΛΕΙΑΣ,21.592799,39.504672
13624,ΔΗΜΟΤΙΚΟ ΣΧΟΛΕΙΟ ΠΡΙΝΟΥ,21.611706,39.569058
13625,ΔΗΜΟΤΙΚΟ ΣΧΟΛΕΙΟ ΤΣΕΠΕΛΟΒΟΥ,20.822623,39.903133
13626,ΔΗΜΟΤΙΚΟ ΣΧΟΛΕΙΟ ΦΩΤΑΔΑΣ,21.68471,39.553571
13627,ΔΗΜΟΤΙΚΟ ΣΧΟΛΕΙΟ ΦΗΚΗΣ,21.65514,39.514864
13628,ΔΗΜΟΤΙΚΟ ΣΧΟΛΕΙΟ ΡΙΖΩΜΑΤΟΣ,21.73408,39.663376
13629,ΔΗΜΟΤΙΚΟ ΣΧΟΛΕΙΟ ΡΑΞΗΣ,,
13630,2ο ΔΗΜΟΤΙΚΟ ΣΧΟΛΕΙΟ ΦΑΡΚΑΔΟΝΑΣ,22.069648,39.592605
13631,1ο ΔΗΜΟΤΙΚΟ ΣΧΟΛΕΙΟ ΣΠΕΡΧΕΙΑΔΑΣ,22.129457,38.906645
13632,2ο ΔΗΜΟΤΙΚΟ ΣΧΟΛΕΙΟ ΧΡΥΣΟΒΙΤΣΑΣ,21.073998,39.777976
13633,ΔΗΜΟΤΙΚΟ ΣΧΟΛΕΙΟ ΑΝΘΟΧΩΡΙΟΥ ΜΕΤΣΟΒΟΥ,21.13269,39.733426
13634,ΔΗΜΟΤΙΚΟ ΣΧΟΛΕΙΟ ΛΑΔΙΚΟΥΣ,22.230969,38.898825
13635,1ο ΔΗΜΟΤΙΚΟ ΣΧΟΛΕΙΟ ΤΡΙΚΑΛΩΝ,21.757457,39.55369
13636,10ο ΔΗΜΟΤΙΚΟ ΣΧΟΛΕΙΟ ΤΡΙΚΑΛΩΝ,21.773571,39.56264
13637,ΔΗΜΟΤΙΚΟ ΣΧΟΛΕΙΟ ΦΩΤΕΙΝΟΥ ΚΑΛ/ΚΑΣ,21.793362,39.839468
13638,ΔΗΜΟΤΙΚΟ ΣΧΟΛΕΙΟ ΛΟΦΟΥ ΧΕΙΜΕΡΙΝΟ,,
13639,ΔΗΜΟΤΙΚΟ ΣΧΟΛΕΙΟ ΛΟΓΓΟΥ ΤΡΙΚΑΛΩΝ,21.839512,39.528576
13640,2ο ΔΗΜΟΤΙΚΟ ΣΧΟΛΕΙΟ ΤΡΙΚΑΛΩΝ,,
13641,4ο ΔΗΜΟΤΙΚΟ ΣΧΟΛΕΙΟ ΚΑΛΑΜΠΑΚΑΣ,21.628445,39.703114
13642,ΔΗΜΟΤΙΚΟ ΣΧΟΛΕΙΟ ΠΕΡΙΣΤΕΡΑΣ ΚΑΛ/ΚΑΣ,21.646145,39.642716
13643,20ο ΔΗΜΟΤΙΚΟ ΣΧΟΛΕΙΟ ΤΡΙΚΑΛΩΝ,,
13644,ΔΗΜΟΤΙΚΟ ΣΧΟΛΕΙΟ ΠΥΛΗΣ,21.619735,39.456952
13645,ΔΗΜΟΤΙΚΟ ΣΧΟΛΕΙΟ ΜΟΥΡΓΚΑΝΙΟΥ ΚΑΛ/ΚΑΣ,,
13646,ΔΗΜΟΤΙΚΟ ΣΧΟΛΕΙΟ ΜΕΓ ΚΕΡΑΣΙΑΣ,21.4964,39.751796
13647,ΔΗΜΟΤΙΚΟ ΣΧΟΛΕΙΟ ΛΕΧΟΥΡΙΟΥ ΚΑΛΑΒΡΥΤΩΝ,21.931056,37.952348
13648,22ο ΔΗΜΟΤΙΚΟ ΣΧΟΛΕΙΟ ΤΡΙΚΑΛΩΝ,,
13649,ΔΗΜΟΤΙΚΟ ΣΧΟΛΕΙΟ ΜΑΛΑΚΑΣΙΟΥ ΚΑΛ/ΚΑΣ,21.284642,39.779996
13650,ΔΗΜΟΤΙΚΟ ΣΧΟΛΕΙΟ ΑΓΡΕΛΙΑΣ,21.933428,39.718005
13651,ΔΗΜΟΤΙΚΟ ΣΧΟΛΕΙΟ ΣΠΑΘΑΔΩΝ ΚΑΛ/ΚΑΣ,21.716022,39.696659
13652,ΔΗΜΟΤΙΚΟ ΣΧΟΛΕΙΟ ΛΕΙΒΑΡΤΖΙΟΥ ΚΑΛΑΒΡΥΤΩΝ,21.90253,37.927299
13653,ΔΗΜΟΤΙΚΟ ΣΧΟΛΕΙΟ ΛΕΟΝΤΙΟΥ ΠΑΤΡΑΣ,21.934526,38.11801
13654,ΔΗΜΟΤΙΚΟ ΣΧΟΛΕΙΟ ΚΑΣΤΡΑΚΙΟΥ ΚΑΛ/ΚΑΣ,21.619245,39.717107
13655,1ο ΔΗΜΟΤΙΚΟ ΣΧΟΛΕΙΟ ΦΑΡΚΑΔΟΝΑΣ,22.069628,39.59278
13656,ΔΗΜΟΤΙΚΟ ΣΧΟΛΕΙΟ ΛΙΒΑΝΑΤΩΝ ΑΤΑΛΑΝΤ,23.05467,38.710624
13657,ΔΗΜΟΤΙΚΟ ΣΧΟΛΕΙΟ ΟΞΥΝΕΙΑΣ ΚΑΛ/ΚΑΣ,21.490175,39.823596
13658,2ο ΔΗΜΟΤΙΚΟ ΣΧΟΛΕΙΟ ΑΤΑΛΑΝΤΗΣ Η ΜΑΚΕΔΟΝΙΑ,22.994072,38.652558
13659,ΔΗΜΟΤΙΚΟ ΣΧΟΛΕΙΟ ΚΑΙΝΟΥΡΓΙΟΥ,22.722653,38.791365
13660,ΔΗΜΟΤΙΚΟ ΣΧΟΛΕΙΟ ΠΟΡΤΩΝ,21.571475,37.93731
13661,ΔΗΜΟΤΙΚΟ ΣΧΟΛΕΙΟ ΑΓΡΙΔΙΟΥ,21.989664,37.891046
13662,ΔΗΜΟΤΙΚΟ ΣΧΟΛΕΙΟ ΑΡΚΙΤΣΗΣ ΑΤΑΛΑΝΤ,23.035792,38.743034
13663,ΔΗΜΟΤΙΚΟ ΣΧΟΛΕΙΟ ΠΛΑΤΑΝΟΥ ΑΙΤΩΛ/ΝΙΑΣ,21.792055,38.600265
13664,ΔΗΜΟΤΙΚΟ ΣΧΟΛΕΙΟ ΑΓΙΑΣ ΤΡΙΑΔΑΣ,22.60126,38.814
13665,ΔΗΜΟΤΙΚΟ ΣΧΟΛΕΙΟ ΚΥΡΤΩΝΗΣ ΑΤΑΛΑΝΤΗΣ,23.041358,38.585573
13666,1ο ΔΗΜΟΤΙΚΟ ΣΧΟΛΕΙΟ ΑΤΑΛΑΝΤΗΣ,22.994072,38.652558
13667,35ο ΔΗΜΟΤΙΚΟ ΣΧΟΛΕΙΟ ΤΡΙΚΑΛΩΝ,21.770827,39.541328
13668,1ο ΔΗΜΟΤΙΚΟ ΣΧΟΛΕΙΟ ΚΑΛΑΜΠΑΚΑΣ ΕΙΔΙΚΟ,21.628296,39.703449
13669,33ο ΔΗΜΟΤΙΚΟ ΣΧΟΛΕΙΟ ΤΡΙΚΑΛΩΝ,21.765145,39.559203
13670,ΔΗΜΟΤΙΚΟ ΣΧΟΛΕΙΟ ΕΛΑΤΕΙΑΣ ΑΤΑΛΑΝΤ,22.765753,38.626748
13671,ΔΗΜΟΤΙΚΟ ΣΧΟΛΕΙΟ ΔΑΦΝΗΣ ΓΟΡΤΥΝΙΑΣ,,
13672,ΔΗΜΟΤΙΚΟ ΣΧΟΛΕΙΟ ΑΓΙΟΥ ΚΩΝΣΤΑΝΤΙΝΟΥ ΑΤΑΛΑΝΤ,22.855753,38.753785
13673,ΔΗΜΟΤΙΚΟ ΣΧΟΛΕΙΟ ΑΓΙΟΥ ΣΕΡΑΦΕΙΜ ΑΤΑΛΑΝΤ,22.70484,38.800163
13674,32ο ΔΗΜΟΤΙΚΟ ΣΧΟΛΕΙΟ ΤΡΙΚΑΛΩΝ,21.770368,39.551816
13675,ΔΗΜΟΤΙΚΟ ΣΧΟΛΕΙΟ ΡΟΔΩΝΙΑΣ,22.234802,38.918345
13676,ΔΗΜΟΤΙΚΟ ΣΧΟΛΕΙΟ ΦΤΕΡΗΣ,22.050745,38.902214
13677,ΔΗΜΟΤΙΚΟ ΣΧΟΛΕΙΟ ΠΤΕΛΕΑΣ,22.012054,38.931652
13678,1ο ΔΗΜΟΤΙΚΟ ΣΧΟΛΕΙΟ ΓΟΡΓΟΠΟΤΑΜΟΥ,22.397716,38.832519
13679,ΔΗΜΟΤΙΚΟ ΣΧΟΛΕΙΟ ΚΑΜ ΒΟΥΡΛΩΝ ΑΤΑΛΑΝΤ,,
13680,ΔΗΜΟΤΙΚΟ ΣΧΟΛΕΙΟ ΛΕΥΚΑΔΑΣ,21.993595,38.905991
13681,2ο ΔΗΜΟΤΙΚΟ ΣΧΟΛΕΙΟ ΣΠΕΡΧΕΙΑΔΑΣ,22.129474,38.906635
13682,ΔΗΜΟΤΙΚΟ ΣΧΟΛΕΙΟ ΚΟΜΠΟΤΑΔΩΝ - ΜΕΞΙΑΤΩΝ,22.347544,38.865206
13683,ΔΗΜΟΤΙΚΟ ΣΧΟΛΕΙΟ ΚΟΜΜΑΤΟΣ,22.432943,38.85441
13684,ΔΗΜΟΤΙΚΟ ΣΧΟΛΕΙΟ ΘΕΡΜΟΠΥΛΩΝ,22.545807,38.797973
13685,ΔΗΜΟΤΙΚΟ ΣΧΟΛΕΙΟ ΔΑΜΑΣΤΑΣ,22.481045,38.798778
13686,ΔΗΜΟΤΙΚΟ ΣΧΟΛΕΙΟ ΜΑΚΡΑΚΩΜΗΣ,22.119482,38.941009
13687,ΔΗΜΟΤΙΚΟ ΣΧΟΛΕΙΟ ΚΑΤΩ ΕΛΑΤΗΣ,21.679758,39.539958
13688,ΔΗΜΟΤΙΚΟ ΣΧΟΛΕΙΟ ΠΗΝΕΙΑΔΑΣ ΤΡΙΚΑΛΩΝ,22.175821,39.589411
13689,ΔΗΜΟΤΙΚΟ ΣΧΟΛΕΙΟ ΠΑΛΑΙΟΠΥΡΓΟΥ,21.818793,39.605332
13690,2ο ΔΗΜΟΤΙΚΟ ΣΧΟΛΕΙΟ ΟΙΧΑΛΙΑΣ ΤΡΙΚΑΛΩΝ,21.979903,39.606195
13691,ΔΗΜΟΤΙΚΟ ΣΧΟΛΕΙΟ ΛΟΥΤΡΩΝ ΥΠΑΤΗΣ,22.277583,38.894177
13692,ΔΗΜΟΤΙΚΟ ΣΧΟΛΕΙΟ ΥΠΑΤΗΣ,22.242997,38.868904
13693,5ο ΔΗΜΟΤΙΚΟ ΣΧΟΛΕΙΟ ΤΡΙΚΑΛΩΝ,21.756515,39.550989
13694,7ο ΔΗΜΟΤΙΚΟ ΣΧΟΛΕΙΟ ΤΡΙΚΑΛΩΝ,21.756186,39.53976
13695,ΔΗΜΟΤΙΚΟ ΣΧΟΛΕΙΟ ΔΙΑΛΕΚΤΟΥ,21.651749,39.594085
13696,ΔΗΜΟΤΙΚΟ ΣΧΟΛΕΙΟ ΕΞΑΛΟΦΟΥ,,
13697,ΔΗΜΟΤΙΚΟ ΣΧΟΛΕΙΟ ΔΕΝΔΡΟΧΩΡΙΟΥ,21.642931,39.544946
13698,ΔΗΜΟΤΙΚΟ ΣΧΟΛΕΙΟ ΓΟΡΓΟΓΥΡΙΟΥ,21.581378,39.551415
13699,9ο ΔΗΜΟΤΙΚΟ ΣΧΟΛΕΙΟ ΤΡΙΚΑΛΩΝ,21.774516,39.548451
13700,4ο ΔΗΜΟΤΙΚΟ ΣΧΟΛΕΙΟ ΤΡΙΚΑΛΩΝ,21.763885,39.555757
13701,13ο ΔΗΜΟΤΙΚΟ ΣΧΟΛΕΙΟ ΤΡΙΚΑΛΩΝ,,
13702,19ο ΔΗΜΟΤΙΚΟ ΣΧΟΛΕΙΟ ΤΡΙΚΑΛΩΝ,,
13703,16ο ΔΗΜΟΤΙΚΟ ΣΧΟΛΕΙΟ ΤΡΙΚΑΛΩΝ,,
13704,12ο ΔΗΜΟΤΙΚΟ ΣΧΟΛΕΙΟ ΤΡΙΚΑΛΩΝ,21.752261,39.559435
13705,ΔΗΜΟΤΙΚΟ ΣΧΟΛΕΙΟ ΒΑΛΤΙΝΟΥ,21.659894,39.548871
13706,ΔΗΜΟΤΙΚΟ ΣΧΟΛΕΙΟ ΕΛΕΥΘΕΡΟΧΩΡΙΟΥ,21.635057,39.528181
13707,ΔΗΜΟΤΙΚΟ ΣΧΟΛΕΙΟ ΤΣΟΥΚΑΣ,22.063272,38.955809
13708,ΔΗΜΟΤΙΚΟ ΣΧΟΛΕΙΟ ΜΕΓΑΛΩΝ ΚΑΛΥΒΙΩΝ ΤΡΙΚΑΛΩΝ,21.790798,39.496821
13709,1ο ΔΗΜΟΤΙΚΟ ΣΧΟΛΕΙΟ ΛΑΜΙΑΣ,22.426626,38.914347
13710,ΔΗΜΟΤΙΚΟ ΣΧΟΛΕΙΟ ΣΠΑΘΑΡΙ ΓΟΡΤΥΝΙΑΣ,21.904612,37.746362
13711,ΔΗΜΟΤΙΚΟ ΣΧΟΛΕΙΟ ΟΜΒΡΙΑΚΗΣ,22.271811,39.099433
13712,ΔΗΜΟΤΙΚΟ ΣΧΟΛΕΙΟ ΞΥΝΙΑΔΑΣ,22.314755,39.040543
13713,10ο ΔΗΜΟΤΙΚΟ ΣΧΟΛΕΙΟ ΛΑΜΙΑΣ,,
13714,ΔΗΜΟΤΙΚΟ ΣΧΟΛΕΙΟ ΜΑΚΡΟΛΕΙΒΑΔΟΥ,22.41894,39.036119
13715,ΔΗΜΟΤΙΚΟ ΣΧΟΛΕΙΟ ΘΕΟΠΕΤΡΑΣ ΚΑΛ/ΚΑΣ,21.683861,39.67212
13716,ΔΗΜΟΤΙΚΟ ΣΧΟΛΕΙΟ ΔΙΑΒΑΣ ΚΑΛ/ΚΑΣ,21.581766,39.688369
13717,ΔΗΜΟΤΙΚΟ ΣΧΟΛΕΙΟ ΧΡΥΣΗΣ ΝΕΣΤΟΡΙΟΥ,20.975455,40.273713
13718,ΔΗΜΟΤΙΚΟ ΣΧΟΛΕΙΟ ΒΛΑΧΑΒΑΣ ΚΑΛ/ΚΑΣ,21.661558,39.774569
13719,ΔΗΜΟΤΙΚΟ ΣΧΟΛΕΙΟ ΘΕΟΤΟΚΟΥ ΚΑΛ/ΚΑΣ,,
13720,3ο ΔΗΜΟΤΙΚΟ ΣΧΟΛΕΙΟ ΤΡΙΚΑΛΩΝ,21.770379,39.551947
13721,12ο ΔΗΜΟΤΙΚΟ ΣΧΟΛΕΙΟ ΛΑΜΙΑΣ,22.423275,38.894099
13722,ΔΗΜΟΤΙΚΟ ΣΧΟΛΕΙΟ ΠΕΤΡΩΤΟΥ,22.391438,39.189205
13723,17ο ΔΗΜΟΤΙΚΟ ΣΧΟΛΕΙΟ ΛΑΜΙΑΣ,22.426644,38.91422
13724,13ο ΔΗΜΟΤΙΚΟ ΣΧΟΛΕΙΟ ΛΑΜΙΑΣ,22.425091,38.905283
13725,3ο ΔΗΜΟΤΙΚΟ ΣΧΟΛΕΙΟ ΛΑΜΙΑΣ,,
13726,ΔΗΜΟΤΙΚΟ ΣΧΟΛΕΙΟ ΝΕΟΥ ΜΟΝΑΣΤΗΡΙΟΥ,22.276882,39.241621
13727,25ο ΔΗΜΟΤΙΚΟ ΣΧΟΛΕΙΟ ΑΝΘΗΛΗΣ-ΛΑΜΙΑΣ,,
13728,8ο ΔΗΜΟΤΙΚΟ ΣΧΟΛΕΙΟ ΛΑΜΙΑΣ,22.407071,38.887364
13729,5ο ΔΗΜΟΤΙΚΟ ΣΧΟΛΕΙΟ ΛΑΜΙΑΣ,22.460871,38.900129
13730,ΔΗΜΟΤΙΚΟ ΣΧΟΛΕΙΟ ΚΛΕΙΣΟΥΡΑΣ,21.469319,40.533442
13731,2ο ΔΗΜΟΤΙΚΟ ΣΧΟΛΕΙΟ ΚΑΛΑΜΠΑΚΑΣ,21.62844,39.703278
13732,2ο ΔΗΜΟΤΙΚΟ ΣΧΟΛΕΙΟ ΛΑΜΙΑΣ,22.429789,38.901515
13733,28ο ΔΗΜΟΤΙΚΟ ΣΧΟΛΕΙΟ ΤΡΙΚΑΛΩΝ,,
13734,ΔΗΜΟΤΙΚΟ ΣΧΟΛΕΙΟ ΕΠΤΑΧΩΡΙΟΥ ΝΕΣΤΟΡΙΟ,21.025837,40.221241
13735,ΔΗΜΟΤΙΚΟ ΣΧΟΛΕΙΟ ΝΟΜΗΣ ΤΡΙΚΑΛΩΝ,21.931675,39.529925
13736,ΔΗΜΟΤΙΚΟ ΣΧΟΛΕΙΟ ΚΑΤΩ ΠΑΛΑΙΟΚΑΡΥΑΣ,21.520637,39.425979
13737,ΔΗΜΟΤΙΚΟ ΣΧΟΛΕΙΟ ΣΕΡΒΩΤΩΝ ΤΡΙΚΑΛΩΝ,21.90926,39.504148
13738,ΔΗΜΟΤΙΚΟ ΣΧΟΛΕΙΟ ΠΑΛΑΙΟΜΟΝΑΣΤΗΡΟΥ,21.656892,39.460636
13739,ΔΗΜΟΤΙΚΟ ΣΧΟΛΕΙΟ ΠΑΛΑΙΟΧΩΡΙΟΥ ΣΤΟΥΡΝΤΡΙΚΑΛΩ,,
13740,ΔΗΜΟΤΙΚΟ ΣΧΟΛΕΙΟ ΑΓΙΟΥ ΓΕΩΡΓΙΟΥ ΛΑΣΙΘΙΟΥ,,
13741,24ο ΔΗΜΟΤΙΚΟ ΣΧΟΛΕΙΟ ΛΑΜΙΑΣ ΑΓΙΑΣ ΠΑΡΑΣΚΕΥΗΣ,,
13742,ΔΗΜΟΤΙΚΟ ΣΧΟΛΕΙΟ ΠΑΛΑΙΟΚΕΡΑΣΕΑΣ,22.731124,38.927578
13743,23ο ΔΗΜΟΤΙΚΟ ΣΧΟΛΕΙΟ ΛΑΜΙΑΣ ΜΕΓΑΛΗΣ ΒΡΥΣΗΣ,,
13744,ΔΗΜΟΤΙΚΟ ΣΧΟΛΕΙΟ ΠΑΤΟΥΛΙΑΣ ΤΡΙΚΑΛΩΝ,21.868532,39.533407
13745,ΔΗΜΟΤΙΚΟ ΣΧΟΛΕΙΟ ΔΡΟΣΕΡΟΥ,21.741219,39.510585
13746,24ο ΔΗΜΟΤΙΚΟ ΣΧΟΛΕΙΟ ΤΡΙΚΑΛΩΝ,,
13747,ΔΗΜΟΤΙΚΟ ΣΧΟΛΕΙΟ ΜΑΛΩΝ,25.585382,35.078945
13748,ΔΗΜΟΤΙΚΟ ΣΧΟΛΕΙΟ ΜΟΥΡΙΑΣ ΤΡΙΚΑΛΩΝ,21.716752,39.487332
13749,ΔΗΜΟΤΙΚΟ ΣΧΟΛΕΙΟ ΜΕΣΟΧΩΡΑΣ ΤΡΙΚΑΛΩΝ,21.325716,39.472212
13750,15ο ΔΗΜΟΤΙΚΟ ΣΧΟΛΕΙΟ ΤΡΙΚΑΛΩΝ,,
13751,ΔΗΜΟΤΙΚΟ ΣΧΟΛΕΙΟ ΚΑΛΛΙΑΝΟΥ,24.490955,38.124044
13752,3ο ΔΗΜΟΤΙΚΟ ΣΧΟΛΕΙΟ ΚΑΛΑΜΠΑΚΑΣ,21.628221,39.703439
13753,ΔΗΜΟΤΙΚΟ ΣΧΟΛΕΙΟ ΓΟΜΦΩΝ ΤΡΙΚΑΛΩΝ,21.694118,39.464185
13754,ΔΗΜΟΤΙΚΟ ΣΧΟΛΕΙΟ ΓΛΙΝΟΥ ΤΡΙΚΑΛΩΝ,21.868622,39.510614
13755,ΔΗΜΟΤΙΚΟ ΣΧΟΛΕΙΟ ΑΓΙΟΥ ΔΗΜΗΤΡΙΟΥ,24.444338,38.106015
13756,ΔΗΜΟΤΙΚΟ ΣΧΟΛΕΙΟ ΑΓΙΟΥ ΒΗΣΣΑΡΙΩΝΑ,21.618186,39.470403
13757,ΔΗΜΟΤΙΚΟ ΣΧΟΛΕΙΟ ΑΓΙΑΣ ΚΥΡΙΑΚΗΣ ΤΡΙΚΑΛΩΝ,21.803333,39.515324
13758,ΔΗΜΟΤΙΚΟ ΣΧΟΛΕΙΟ ΜΕΓΑΛΟΧΩΡΙΟΥ ΤΡΙΚΑΛΩΝ,21.843285,39.560417
13759,30ο ΔΗΜΟΤΙΚΟ ΣΧΟΛΕΙΟ ΤΡΙΚΑΛΩΝ,,
13760,11ο ΔΗΜΟΤΙΚΟ ΣΧΟΛΕΙΟ ΤΡΙΚΑΛΩΝ,21.769858,39.543737
13761,27ο ΔΗΜΟΤΙΚΟ ΣΧΟΛΕΙΟ ΤΡΙΚΑΛΩΝ,,
13762,25ο ΔΗΜΟΤΙΚΟ ΣΧΟΛΕΙΟ ΤΡΙΚΑΛΩΝ,,
13763,26ο ΔΗΜΟΤΙΚΟ ΣΧΟΛΕΙΟ ΤΡΙΚΑΛΩΝ,,
13764,ΔΗΜΟΤΙΚΟ ΣΧΟΛΕΙΟ ΑΓΙΟΥ ΙΩΑΝΝΟΥ ΤΡΙΚΑΛΩΝ,,
13765,ΔΗΜΟΤΙΚΟ ΣΧΟΛΕΙΟ ΜΟΥΡΣΙΑΣ ΡΟΠΩΤΟΥ,,
13766,ΔΗΜΟΤΙΚΟ ΣΧΟΛΕΙΟ ΝΕΟΧΩΡΙΟΥ ΓΡΕΒΕΝΩΝ,,
13767,ΔΗΜΟΤΙΚΟ ΣΧΟΛΕΙΟ ΠΛΑΤΑΝΟΥ ΤΡΙΚΑΛΩΝ,21.770127,39.659637
13768,ΔΗΜΟΤΙΚΟ ΣΧΟΛΕΙΟ ΑΝΘΡΑΚΙΑΣ ΓΡΕΒΕΝΩΝ,,
13769,ΔΗΜΟΤΙΚΟ ΣΧΟΛΕΙΟ ΒΑΣΙΛΙΚΗΣ ΚΑΛ/ΚΑΣ,21.704638,39.63862
13770,ΔΗΜΟΤΙΚΟ ΣΧΟΛΕΙΟ ΓΗΛΟΦΟΥ ΓΡΕΒΕΝΩΝ,,
13771,ΔΗΜΟΤΙΚΟ ΣΧΟΛΕΙΟ ΣΠΗΛΑΙΟΥ,21.285172,40.001572
13772,ΔΗΜΟΤΙΚΟ ΣΧΟΛΕΙΟ ΑΓΙΟΥ ΔΗΜΗΤΡΙΟΥ,,
13773,ΔΗΜΟΤΙΚΟ ΣΧΟΛΕΙΟ ΞΗΡΟΚΑΜΠΟΥ ΚΑΛ/ΚΑΣ,,
13774,ΔΗΜΟΤΙΚΟ ΣΧΟΛΕΙΟ ΚΡΑΝΕΑΣ ΓΡΕΒΕΝΩΝ,21.282944,39.894297
13775,ΔΗΜΟΤΙΚΟ ΣΧΟΛΕΙΟ ΧΡΥΣΑΥΓΗΣ ΤΡΙΚΑΛΩΝ,21.855309,39.58402
13776,2ο ΔΗΜΟΤΙΚΟ ΣΧΟΛΕΙΟ ΚΡΟΚΟΥ,21.816825,40.260882
13777,ΔΗΜΟΤΙΚΟ ΣΧΟΛΕΙΟ ΑΝΩ ΒΥΡΣΙΝΗΣ ΜΕΙΟΝΟΤΙΚΟ,,
13778,1ο ΔΗΜΟΤΙΚΟ ΣΧΟΛΕΙΟ ΚΑΛΑΜΠΑΚΑΣ,21.628283,39.703481
13779,ΔΗΜΟΤΙΚΟ ΣΧΟΛΕΙΟ ΕΚΚΑΡΑΣ,22.198365,39.152283
13780,ΔΗΜΟΤΙΚΟ ΣΧΟΛΕΙΟ ΤΑΞΙΑΡΧΩΝ ΤΡΙΚΑΛΩΝ,21.894239,39.574088
13781,ΔΗΜΟΤΙΚΟ ΣΧΟΛΕΙΟ ΑΥΡΑΣ ΚΑΛ/ΚΑΣ,21.69002,39.708676
13782,6ο ΔΗΜΟΤΙΚΟ ΣΧΟΛΕΙΟ ΤΡΙΚΑΛΩΝ,21.765959,39.544452
13783,ΔΗΜΟΤΙΚΟ ΣΧΟΛΕΙΟ ΑΧΕΛΙΝΑΔΑΣ ΚΑΛ/ΚΑΣ,,
13784,ΔΗΜΟΤΙΚΟ ΣΧΟΛΕΙΟ ΣΑΡΑΚΙΝΗΣ ΚΑΛ/ΚΑΣ,21.638112,39.66143
13785,ΔΗΜΟΤΙΚΟ ΣΧΟΛΕΙΟ ΛΟΓΓΑΣ ΚΑΛ/ΚΑΣ,21.905475,39.803482
13786,ΔΗΜΟΤΙΚΟ ΣΧΟΛΕΙΟ ΚΑΛΟΧΩΡΙΟΥ ΚΑΛ/ΚΑΣ,,
13787,ΔΗΜΟΤΙΚΟ ΣΧΟΛΕΙΟ ΑΝΩ ΚΑΡΔΑΜΟΥ ΜΕΙΟΝΟΤΙΚΟ,,
13788,2ο ΔΗΜΟΤΙΚΟ ΣΧΟΛΕΙΟ ΜΙΚΡΟΥ ΚΕΧΡΟΥ ΜΕΙΟΝΟΤΙΚΟ,25.855034,41.233517
13789,2ο ΔΗΜΟΤΙΚΟ ΣΧΟΛΕΙΟ ΚΑΡΔΙΤΣΑΣ,21.920276,39.366376
13790,ΔΗΜΟΤΙΚΟ ΣΧΟΛΕΙΟ ΠΡΑΣΙΑΣ ΕΥΡΥΤΑΝΙΑΣ,,
13791,ΔΗΜΟΤΙΚΟ ΣΧΟΛΕΙΟ ΕΣΟΧΗΣ ΜΕΙΟΝΟΤΙΚΟ,,
13792,8ο ΔΗΜΟΤΙΚΟ ΣΧΟΛΕΙΟ ΚΑΡΔΙΤΣΑΣ,21.928577,39.365988
13793,ΔΗΜΟΤΙΚΟ ΣΧΟΛΕΙΟ ΔΑΣΟΧΩΡΙΟΥ ΚΑΡΔΙΤΣΑΣ,22.035358,39.266989
13794,2ο ΔΗΜΟΤΙΚΟ ΣΧΟΛΕΙΟ ΣΟΦΑΔΩΝ ΚΑΡΔΙΤΣΑΣ,22.099536,39.332976
13795,ΔΗΜΟΤΙΚΟ ΣΧΟΛΕΙΟ ΑΜΠΕΛΩΝΟΣ,,
13796,ΔΗΜΟΤΙΚΟ ΣΧΟΛΕΙΟ ΠΑΛΗΟΡΙΟΥ ΚΑΡΔΙΤΣΑΣ,21.983536,39.219782
13797,ΔΗΜΟΤΙΚΟ ΣΧΟΛΕΙΟ ΜΑΣΧΟΛΟΥΡΙΟΥ ΚΑΡΔΙΤΣΑΣ,22.0876,39.345781
13798,ΔΗΜΟΤΙΚΟ ΣΧΟΛΕΙΟ ΜΕΛΙΣΣΟΧΩΡΙΟΥ ΚΑΡΔΙΤΣΑΣ,22.036204,39.255279
13799,ΔΗΜΟΤΙΚΟ ΣΧΟΛΕΙΟ ΚΥΨΕΛΗΣ ΚΑΡΔΙΤΣΑΣ,22.141574,39.372171
13800,ΔΗΜΟΤΙΚΟ ΣΧΟΛΕΙΟ ΑΓΙΟΥ ΘΕΟΔΩΡΟΥ ΚΑΡΔΙΤΣΑΣ,22.004472,39.36718
13801,ΔΗΜΟΤΙΚΟ ΣΧΟΛΕΙΟ ΤΣΟΥΚΑ ΜΕΙΟΝΟΤΙΚΟ,,
13802,ΔΗΜΟΤΙΚΟ ΣΧΟΛΕΙΟ ΜΑΓΟΥΛΙΤΣΑΣ ΚΑΡΔΙΤΣΑΣ,21.762952,39.438264
13803,ΔΗΜΟΤΙΚΟ ΣΧΟΛΕΙΟ ΚΑΠΠΑΣ ΚΑΡΔΙΤΣΑΣ,,
13804,ΔΗΜΟΤΙΚΟ ΣΧΟΛΕΙΟ ΑΓΝΑΝΤΕΡΟΥ ΚΑΡΔΙΤΣΑΣ,21.84833,39.488122
13805,ΔΗΜΟΤΙΚΟ ΣΧΟΛΕΙΟ ΚΑΡΠΟΧΩΡΙΟΥ ΚΑΡΔΙΤΣΑΣ,22.014853,39.333798
13806,ΔΗΜΟΤΙΚΟ ΣΧΟΛΕΙΟ ΒΟΥΡΛΩΝ ΜΕΙΟΝΟΤΙΚΟ,,
13807,ΔΗΜΟΤΙΚΟ ΣΧΟΛΕΙΟ ΜΑΡΚΟΥ,22.044661,39.431073
13808,ΔΗΜΟΤΙΚΟ ΣΧΟΛΕΙΟ ΑΓΡΙΑΣ ΜΑΓΝΗΣΙΑΣ ΕΙΔΙΚΟ,,
13809,ΔΗΜΟΤΙΚΟ ΣΧΟΛΕΙΟ ΧΑΜΗΛΟΥ ΚΕΧΡΟΥ ΜΕΙΟΝΟΤΙΚΟ,,
13810,ΔΗΜΟΤΙΚΟ ΣΧΟΛΕΙΟ ΜΟΝΑΣΤΗΡΙΟΥ ΜΕΙΟΝΟΤΙΚΟ,,
13811,ΔΗΜΟΤΙΚΟ ΣΧΟΛΕΙΟ ΧΑΡΑΔΡΑΣ ΜΕΙΟΝΟΤΙΚΟ,,
13812,ΔΗΜΟΤΙΚΟ ΣΧΟΛΕΙΟ ΑΝΩ ΔΡΟΣΙΝΗΣ,,
13813,ΔΗΜΟΤΙΚΟ ΣΧΟΛΕΙΟ ΧΛΟΗΣ ΜΕΙΟΝΟΤΙΚΟ,,
13814,1ο ΔΗΜΟΤΙΚΟ ΣΧΟΛΕΙΟ ΚΑΡΠΕΝΗΣΙΟΥ,21.788398,38.916365
13815,ΔΗΜΟΤΙΚΟ ΣΧΟΛΕΙΟ ΚΕΧΡΟΥ ΜΕΙΟΝΟΤΙΚΟ,25.855054,41.233495
13816,ΔΗΜΟΤΙΚΟ ΣΧΟΛΕΙΟ ΛΙΘΟΧΩΡΙΟΥ ΕΥΡΥΤΑΝΙΑΣ,21.505465,39.137791
13817,ΔΗΜΟΤΙΚΟ ΣΧΟΛΕΙΟ ΚΟΤΙΝΟΥ ΜΕΙΟΝΟΤΙΚΟ,,
13818,ΔΗΜΟΤΙΚΟ ΣΧΟΛΕΙΟ ΜΑΝΤΑΙΝΑΣ ΜΕΙΟΝΟΤΙΚΟ,,
13819,ΔΗΜΟΤΙΚΟ ΣΧΟΛΕΙΟ ΣΜΙΓΑΔΑΣ ΜΕΙΟΝΟΤΙΚΟ,,
13820,ΔΗΜΟΤΙΚΟ ΣΧΟΛΕΙΟ ΜΥΡΤΙΣΚΗΣ ΜΕΙΟΝΟΤΙΚΟ,,
13821,ΔΗΜΟΤΙΚΟ ΣΧΟΛΕΙΟ ΚΕΡΑΣΕΑΣ ΜΕΙΟΝΟΤΙΚΟ,,
13822,25ο ΔΗΜΟΤΙΚΟ ΣΧΟΛΕΙΟ ΒΟΛΟΥ,22.942372,39.362705
13823,ΔΗΜΟΤΙΚΟ ΣΧΟΛΕΙΟ ΣΑΡΑΚΗΝΗΣ ΜΕΙΟΝΟΤΙΚΟ,,
13824,ΔΗΜΟΤΙΚΟ ΣΧΟΛΕΙΟ ΔΟΜΟΚΟΥ,22.299114,39.127833
13825,ΔΗΜΟΤΙΚΟ ΣΧΟΛΕΙΟ ΤΙΘΟΡΕΑΣ,22.713694,38.607201
13826,ΔΗΜΟΤΙΚΟ ΣΧΟΛΕΙΟ ΜΑΛΕΣΙΝΑΣ,23.232758,38.622083
13827,ΔΗΜΟΤΙΚΟ ΣΧΟΛΕΙΟ ΤΡΑΓΑΝΑΣ ΑΤΑΛΑΝΤ,23.125095,38.619089
13828,ΔΗΜΟΤΙΚΟ ΣΧΟΛΕΙΟ ΔΕΛΕΡΙΩΝ,,
13829,ΔΗΜΟΤΙΚΟ ΣΧΟΛΕΙΟ ΜΩΛΟΥ,22.645791,38.806806
13830,ΔΗΜΟΤΙΚΟ ΣΧΟΛΕΙΟ ΠΑΝΑΓΙΤΣΗΣ ΤΡΙΚΑΛΩΝ,22.054198,39.603067
13831,ΔΗΜΟΤΙΚΟ ΣΧΟΛΕΙΟ ΤΡΥΓΟΝΑΣ,,
13832,1ο ΔΗΜΟΤΙΚΟ ΣΧΟΛΕΙΟ ΛΑΜΙΑΣ ΕΙΔΙΚΟ,,
13833,ΔΗΜΟΤΙΚΟ ΣΧΟΛΕΙΟ ΠΟΛΥΝΕΡΙΟΥ ΦΑΡΣΑΛΩΝ,,
13834,15ο ΔΗΜΟΤΙΚΟ ΣΧΟΛΕΙΟ ΛΑΜΙΑΣ,22.444071,38.900916
13835,ΔΗΜΟΤΙΚΟ ΣΧΟΛΕΙΟ ΦΡΑΝΤΖΗ,22.388733,38.849889
13836,ΔΗΜΟΤΙΚΟ ΣΧΟΛΕΙΟ ΝΕΩΝ ΚΑΡΥΩΝ ΛΑΡΙΣΑΣ,,
13837,ΔΗΜΟΤΙΚΟ ΣΧΟΛΕΙΟ ΓΑΒΡΑΚΙΩΝ,22.17668,39.16225
13838,17ο ΔΗΜΟΤΙΚΟ ΣΧΟΛΕΙΟ ΤΡΙΚΑΛΩΝ,21.752759,39.550385
13839,18ο ΔΗΜΟΤΙΚΟ ΣΧΟΛΕΙΟ ΤΡΙΚΑΛΩΝ,21.746145,39.558573
13840,ΔΗΜΟΤΙΚΟ ΣΧΟΛΕΙΟ ΛΟΦΙΣΚΟΥ,,
13841,ΔΗΜΟΤΙΚΟ ΣΧΟΛΕΙΟ ΣΙΔΗΡΟΧΩΡΙΟΥ ΜΕΙΟΝΟΤΙΚΟ,,
13842,ΔΗΜΟΤΙΚΟ ΣΧΟΛΕΙΟ ΚΑΠΠΑΔΟΚΙΚΟΥ ΚΑΡΔΙΤΣΑΣ,22.144609,39.263885
13843,ΔΗΜΟΤΙΚΟ ΣΧΟΛΕΙΟ ΜΙΚΡΑΚΙΟΥ ΜΕΙΟΝΟΤΙΚΟ,,
13844,ΔΗΜΟΤΙΚΟ ΣΧΟΛΕΙΟ ΠΕΤΡΟΛΟΦΟΥ ΜΕΙΟΝΟΤΙΚΟ,,
13845,16ο ΔΗΜΟΤΙΚΟ ΣΧΟΛΕΙΟ ΛΑΜΙΑΣ,22.42632,38.909562
13846,18ο ΔΗΜΟΤΙΚΟ ΣΧΟΛΕΙΟ ΛΑΜΙΑΣ,22.426338,38.909413
13847,ΔΗΜΟΤΙΚΟ ΣΧΟΛΕΙΟ ΡΟΥΣΗΣ ΜΕΙΟΝΟΤΙΚΟ,,
13848,ΔΗΜΟΤΙΚΟ ΣΧΟΛΕΙΟ ΚΥΜΗΣ ΜΕΙΟΝΟΤΙΚΟ,,
13849,7ο ΔΗΜΟΤΙΚΟ ΣΧΟΛΕΙΟ ΚΑΡΔΙΤΣΑΣ,21.904616,39.365284
13850,ΔΗΜΟΤΙΚΟ ΣΧΟΛΕΙΟ ΛΑΜΙΑΣ ΠΕΙΡΑΜΑΤΙΚΟ,,
13851,ΔΗΜΟΤΙΚΟ ΣΧΟΛΕΙΟ ΛΙΑΝΟΚΛΑΔΙΟΥ,22.305691,38.912649
13852,ΔΗΜΟΤΙΚΟ ΣΧΟΛΕΙΟ ΚΑΣΤΡΙΟΥ,22.204568,38.944622
13853,ΔΗΜΟΤΙΚΟ ΣΧΟΛΕΙΟ ΖΗΛΕΥΤΟΥ,22.262435,38.928771
13854,ΔΗΜΟΤΙΚΟ ΣΧΟΛΕΙΟ ΦΑΝΑΡΙΟΥ,,
13855,ΔΗΜΟΤΙΚΟ ΣΧΟΛΕΙΟ ΚΑΤΩ ΚΑΡΔΑΜΟΥ ΜΕΙΟΝΟΤΙΚΟ,,
13856,21ο ΔΗΜΟΤΙΚΟ ΣΧΟΛΕΙΟ ΚΑΡΔΙΤΣΑΣ,,
13857,ΔΗΜΟΤΙΚΟ ΣΧΟΛΕΙΟ ΓΟΝΙΚΟΥ ΜΕΙΟΝΟΤΙΚΟ,,
13858,ΔΗΜΟΤΙΚΟ ΣΧΟΛΕΙΟ ΜΑΤΑΡΑΓΚΑΣ,22.073397,39.39647
13859,ΔΗΜΟΤΙΚΟ ΣΧΟΛΕΙΟ ΛΥΓΑΡΙΑΣ,22.356533,38.938314
13860,ΔΗΜΟΤΙΚΟ ΣΧΟΛΕΙΟ ΑΝΘΟΧΩΡΙΟΥ ΚΑΡΔΙΤΣΑΣ,21.664172,39.355308
13861,ΔΗΜΟΤΙΚΟ ΣΧΟΛΕΙΟ ΑΝΘΗΡΟΥ ΚΑΡΔΙΤΣΑΣ,21.459055,39.345123
13862,ΔΗΜΟΤΙΚΟ ΣΧΟΛΕΙΟ ΛΑΡΥΜΝΑΣ,23.281675,38.564672
13863,8ο ΔΗΜΟΤΙΚΟ ΣΧΟΛΕΙΟ ΝΕΑΣ ΙΩΝΙΑΣ,22.932611,39.373518
13864,ΔΗΜΟΤΙΚΟ ΣΧΟΛΕΙΟ ΝΙΚΑΙΑΣ ΛΑΡΙΣΑΣ,,
13865,ΔΗΜΟΤΙΚΟ ΣΧΟΛΕΙΟ ΚΑΡΔΙΤΣΑΣ ΕΙΔΙΚΟ,21.910706,39.353483
13866,ΔΗΜΟΤΙΚΟ ΣΧΟΛΕΙΟ ΠΥΡΓΟΥ ΚΙΕΡΙΟΥ ΚΑΡΔΙΤΣΑΣ,22.080699,39.368183
13867,19ο ΔΗΜΟΤΙΚΟ ΣΧΟΛΕΙΟ ΛΑΜΙΑΣ,,
13868,11ο ΔΗΜΟΤΙΚΟ ΣΧΟΛΕΙΟ ΚΑΡΔΙΤΣΑΣ,21.928474,39.373349
13869,4ο ΔΗΜΟΤΙΚΟ ΣΧΟΛΕΙΟ ΣΟΦΑΔΩΝ,22.09954,39.3329
13870,15ο ΔΗΜΟΤΙΚΟ ΣΧΟΛΕΙΟ ΚΑΡΔΙΤΣΑΣ,21.920401,39.366215
13871,12ο ΔΗΜΟΤΙΚΟ ΣΧΟΛΕΙΟ ΚΑΡΔΙΤΣΑΣ,21.914411,39.361118
13872,21ο ΔΗΜΟΤΙΚΟ ΣΧΟΛΕΙΟ ΛΑΜΙΑΣ-ΣΤΑΥΡΟΥ,,
13873,ΔΗΜΟΤΙΚΟ ΣΧΟΛΕΙΟ ΓΕΡΙΚΟΥ ΜΕΙΟΝΟΤΙΚΟ,,
13874,ΔΗΜΟΤΙΚΟ ΣΧΟΛΕΙΟ ΝΕΡΑΙΔΑΣ,22.640641,38.951903
13875,ΔΗΜΟΤΙΚΟ ΣΧΟΛΕΙΟ ΜΥΛΩΝ,22.806591,38.965339
13876,ΔΗΜΟΤΙΚΟ ΣΧΟΛΕΙΟ ΠΑΧΝΗΣ ΜΕΙΟΝΟΤΙΚΟ,,
13877,ΔΗΜΟΤΙΚΟ ΣΧΟΛΕΙΟ ΚΙΡΡΑΣ ΜΕΙΟΝΟΤΙΚΟ,,
13878,ΔΗΜΟΤΙΚΟ ΣΧΟΛΕΙΟ ΚΡΗΝΗΣ ΤΡΙΚΑΛΩΝ,22.014612,39.614647
13879,ΔΗΜΟΤΙΚΟ ΣΧΟΛΕΙΟ ΚΛΟΚΟΤΟΥ,22.011693,39.563095
13880,ΔΗΜΟΤΙΚΟ ΣΧΟΛΕΙΟ ΚΕΡΑΜΙΔΙΟΥ ΤΡΙΚΑΛΩΝ,22.087061,39.558114
13881,ΔΗΜΟΤΙΚΟ ΣΧΟΛΕΙΟ ΜΥΡΙΝΗΣ,21.963569,39.407057
13882,ΔΗΜΟΤΙΚΟ ΣΧΟΛΕΙΟ ΝΕΡΑΪΔΑΣ,,
13883,ΔΗΜΟΤΙΚΟ ΣΧΟΛΕΙΟ ΜΕΛΙΑΣ ΛΑΡΙΣΑΣ,22.605977,39.565104
13884,ΔΗΜΟΤΙΚΟ ΣΧΟΛΕΙΟ ΓΟΝΝΩΝ,22.476342,39.859998
13885,ΔΗΜΟΤΙΚΟ ΣΧΟΛΕΙΟ ΚΑΤΩ ΒΥΡΣΙΝΗΣ ΜΕΙΟΝΟΤΙΚΟ,,
13886,2ο ΔΗΜΟΤΙΚΟ ΣΧΟΛΕΙΟ ΣΚΟΠΕΛΟΥ-ΓΛΩΣΣΑΣ,23.61416,39.175269
13887,2ο ΔΗΜΟΤΙΚΟ ΣΧΟΛΕΙΟ ΤΥΡΝΑΒΟΥ,22.289065,39.738311
13888,3ο ΔΗΜΟΤΙΚΟ ΣΧΟΛΕΙΟ ΚΑΡΠΕΝΗΣΙΟΥ,21.806633,38.908432
13889,ΔΗΜΟΤΙΚΟ ΣΧΟΛΕΙΟ ΡΕΝΤΙΝΗΣ ΚΑΡΔΙΤΣΑΣ,,
13890,ΔΗΜΟΤΙΚΟ ΣΧΟΛΕΙΟ ΓΡΑΝΙΤΣΗΣ ΕΥΡΥΤΑΝΙΑΣ,21.513051,39.100466
13891,ΔΗΜΟΤΙΚΟ ΣΧΟΛΕΙΟ ΚΑΣΤΑΝΙΑΣ ΕΥΡΥΤΑΝΙΑΣ,,
13892,ΔΗΜΟΤΙΚΟ ΣΧΟΛΕΙΟ ΜΙΚΡΟΥ ΧΩΡΙΟΥ ΕΥΡΥΤΑΝΙΑΣ,21.734832,38.840573
13893,ΔΗΜΟΤΙΚΟ ΣΧΟΛΕΙΟ ΑΡΔΑΝΟΒΟΥ ΚΑΤΑΦΥΛΙΟΥ,,
13894,13ο ΔΗΜΟΤΙΚΟ ΣΧΟΛΕΙΟ ΚΑΡΔΙΤΣΑΣ,21.925467,39.363508
13895,32ο ΔΗΜΟΤΙΚΟ ΣΧΟΛΕΙΟ ΒΟΛΟΥ,22.962639,39.361744
13896,ΔΗΜΟΤΙΚΟ ΣΧΟΛΕΙΟ ΚΑΡΔΙΤΣΟΜΑΓΟΥΛΑΣ,21.925732,39.392557
13897,ΔΗΜΟΤΙΚΟ ΣΧΟΛΕΙΟ ΑΝΑΚΑΣΙΑΣ,,
13898,17ο ΔΗΜΟΤΙΚΟ ΣΧΟΛΕΙΟ ΚΑΡΔΙΤΣΑΣ,21.934322,39.356554
13899,1ο ΔΗΜΟΤΙΚΟ ΣΧΟΛΕΙΟ ΤΥΡΝΑΒΟΥ,22.289065,39.738311
13900,3ο ΔΗΜΟΤΙΚΟ ΣΧΟΛΕΙΟ ΑΙΣΩΝΙΑΣ-ΣΕΣΚΛΟΥ,22.835603,39.352384
13901,4ο ΔΗΜΟΤΙΚΟ ΣΧΟΛΕΙΟ ΑΛΜΥΡΟΥ,22.762031,39.183916
13902,ΔΗΜΟΤΙΚΟ ΣΧΟΛΕΙΟ ΠΛΑΤΑΝΟΥ ΕΥΡΥΤΑΝΙΑΣ,,
13903,ΔΗΜΟΤΙΚΟ ΣΧΟΛΕΙΟ ΛΗΜΕΡΙΟΥ ΕΥΡΥΤΑΝΙΑΣ,21.53767,39.067259
13904,ΔΗΜΟΤΙΚΟ ΣΧΟΛΕΙΟ ΤΡΙΠΟΤΑΜΟΥ ΕΥΡΥΤΑΝΙΑΣ,21.527205,38.943307
13905,ΔΗΜΟΤΙΚΟ ΣΧΟΛΕΙΟ ΦΑΝΕΡΩΜΕΝΗΣ ΤΡΙΚΑΛΩΝ,21.895081,39.546256
13906,ΔΗΜΟΤΙΚΟ ΣΧΟΛΕΙΟ ΖΑΡΚΟΥ ΤΡΙΚΑΛΩΝ,22.126369,39.60694
13907,ΔΗΜΟΤΙΚΟ ΣΧΟΛΕΙΟ ΤΣΟΥΚΚΑΣ ΕΥΡΥΤΑΝΙΑΣ,,
13908,ΔΗΜΟΤΙΚΟ ΣΧΟΛΕΙΟ ΒΥΤΟΥΜΑ ΚΑΛ/ΚΑΣ,,
13909,ΔΗΜΟΤΙΚΟ ΣΧΟΛΕΙΟ ΑΓΙΑΣ ΠΑΡΑΣΚΕΥΗΣ ΚΑΛΑΜΠΑΚ,,
13910,4ο ΔΗΜΟΤΙΚΟ ΣΧΟΛΕΙΟ ΚΑΡΛΑΣ-ΚΕΡΑΣΙΑΣ,22.924853,39.462853
13911,ΔΗΜΟΤΙΚΟ ΣΧΟΛΕΙΟ ΔΟΜΕΝΙΚΟΥ ΕΛΑΣΣΟΝΑΣ,,
13912,ΔΗΜΟΤΙΚΟ ΣΧΟΛΕΙΟ ΝΙΚΗΣ ΛΑΡΙΣΑΣ,22.686629,39.517576
13913,ΔΗΜΟΤΙΚΟ ΣΧΟΛΕΙΟ ΒΑΤΣΟΥΝΙΑΣ ΚΑΡΔΙΤΣΑΣ,21.58838,39.409638
13914,ΔΗΜΟΤΙΚΟ ΣΧΟΛΕΙΟ ΑΡΧΑΝΙΟΥ,22.16911,38.971182
13915,ΔΗΜΟΤΙΚΟ ΣΧΟΛΕΙΟ ΠΕΛΑΣΓΙΑΣ,22.841977,38.946916
13916,3ο ΔΗΜΟΤΙΚΟ ΣΧΟΛΕΙΟ ΓΙΑΝΝΟΥΛΗΣ,,
13917,ΔΗΜΟΤΙΚΟ ΣΧΟΛΕΙΟ ΑΓΙΑΣ ΤΡΙΑΔΑΣ,21.821646,38.986813
13918,ΔΗΜΟΤΙΚΟ ΣΧΟΛΕΙΟ ΧΡΥΣΩ,21.672543,39.038144
13919,4ο ΔΗΜΟΤΙΚΟ ΣΧΟΛΕΙΟ ΚΑΡΠΕΝΗΣΙΟΥ,21.792481,38.907036
13920,ΔΗΜΟΤΙΚΟ ΣΧΟΛΕΙΟ ΑΜΠΕΛΙΩΝ,21.467313,38.816726
13921,ΔΗΜΟΤΙΚΟ ΣΧΟΛΕΙΟ ΠΑΛΑΙΟΚΑΤΟΥΝΑΣ ΕΥΡΥΤΑΝΙΑΣ,,
13922,2ο ΔΗΜΟΤΙΚΟ ΣΧΟΛΕΙΟ ΚΑΡΠΕΝΗΣΙΟΥ,21.792331,38.910238
13923,ΔΗΜΟΤΙΚΟ ΣΧΟΛΕΙΟ ΣΚΟΥΡΑΙΙΚΩΝ ΣΑΜΟΥ,26.773824,37.693191
13924,ΔΗΜΟΤΙΚΟ ΣΧΟΛΕΙΟ ΦΕΡΩΝ 2/Θ ΕΙΔΙΚΟ,,
13925,ΔΗΜΟΤΙΚΟ ΣΧΟΛΕΙΟ ΑΓΙΑΣ ΠΑΡΑΣΚΕΥΗΣ ΚΑΡΔΙΤΣΗΣ,22.04606,39.304044
13926,ΔΗΜΟΤΙΚΟ ΣΧΟΛΕΙΟ ΞΥΛΟΣΥΡΤΟΥ ΙΚΑΡΙΑΣ,,
13927,ΔΗΜΟΤΙΚΟ ΣΧΟΛΕΙΟ ΣΑΡΑΝΤΑΠΟΡΟΥ ΚΑΡΔΙΤΣΑΣ,,
13928,ΔΗΜΟΤΙΚΟ ΣΧΟΛΕΙΟ ΝΕΑΣ ΣΠΑΡΤΙΑΣ,22.800895,38.917771
13929,10ο ΔΗΜΟΤΙΚΟ ΣΧΟΛΕΙΟ ΚΑΡΔΙΤΣΑΣ,21.925627,39.354865
13930,ΔΗΜΟΤΙΚΟ ΣΧΟΛΕΙΟ ΧΡΙΣΤΟΥ ΡΑΧΩΝ ΙΚΑΡΙΑΣ,26.07954,37.598637
13931,ΔΗΜΟΤΙΚΟ ΣΧΟΛΕΙΟ ΑΓΙΟΥ ΓΕΩΡΓΙΟΥ ΚΑΡΔΙΤΣΑΣ,21.836975,39.295915
13932,ΔΗΜΟΤΙΚΟ ΣΧΟΛΕΙΟ ΑΓΙΟΠΗΓΗΣ ΚΑΡΔΙΤΣΑΣ,21.920922,39.317584
13933,2ο ΔΗΜΟΤΙΚΟ ΣΧΟΛΕΙΟ ΛΑΜΙΑΣ ΕΙΔΙΚΟ,,
13934,ΔΗΜΟΤΙΚΟ ΣΧΟΛΕΙΟ ΚΡΥΑΣ ΒΡΥΣΗΣ ΚΑΡΔΙΤΣΑΣ,21.875341,39.323614
13935,2ο ΔΗΜΟΤΙΚΟ ΣΧΟΛΕΙΟ ΓΟΡΓΟΠΟΤΑΜΟΥ,22.397844,38.832504
13936,ΔΗΜΟΤΙΚΟ ΣΧΟΛΕΙΟ ΜΑΡΤΙΝΟΥ ΑΤΑΛΑΝΤ,23.216816,38.566384
13937,2ο ΔΗΜΟΤΙΚΟ ΣΧΟΛΕΙΟ ΜΑΛΕΣΙΝΑΣ,,
13938,ΔΗΜΟΤΙΚΟ ΣΧΟΛΕΙΟ ΠΑΛΗΟΚΚΛΗΣΙΟΥ,21.865079,39.375808
13939,2ο ΔΗΜΟΤΙΚΟ ΣΧΟΛΕΙΟ ΛΑΜΙΑΣ ΠΕΙΡΑΜΑΤΙΚΟ,,
13940,ΔΗΜΟΤΙΚΟ ΣΧΟΛΕΙΟ ΜΟΝΟΚΑΜΠΙΟΥ ΙΚΑΡΙΑΣ,,
13941,ΔΗΜΟΤΙΚΟ ΣΧΟΛΕΙΟ ΖΑΙΜΙΟΥ ΚΑΡΔΙΤΣΑΣ,21.939891,39.297448
13942,ΔΗΜΟΤΙΚΟ ΣΧΟΛΕΙΟ ΔΑΦΝΟΣΠΗΛΙΑΣ ΚΑΡΔΙΤΣΑΣ,21.947639,39.227441
13943,ΔΗΜΟΤΙΚΟ ΣΧΟΛΕΙΟ ΓΕΩΡΓΙΚΟΥ,21.864945,39.332428
13944,4ο ΔΗΜΟΤΙΚΟ ΣΧΟΛΕΙΟ ΛΑΜΙΑΣ,,
13945,ΔΗΜΟΤΙΚΟ ΣΧΟΛΕΙΟ ΣΥΚΕΩΝ,22.208116,39.48716
13946,ΔΗΜΟΤΙΚΟ ΣΧΟΛΕΙΟ ΝΕΡΑΪΔΑΣ,21.791307,39.139136
13947,ΔΗΜΟΤΙΚΟ ΣΧΟΛΕΙΟ ΚΑΤΑΦΥΛΛΙΟΥ ΚΑΡΔΙΤΣΑΣ,,
13948,ΔΗΜΟΤΙΚΟ ΣΧΟΛΕΙΟ ΤΡΑΓΟΣΤΑΣΙΟΥ ΙΚΑΡΙΑΣ,,
13949,ΔΗΜΟΤΙΚΟ ΣΧΟΛΕΙΟ ΣΤΑΥΡΟΥ ΚΑΡΔΙΤΣΑΣ,21.973106,39.361602
13950,ΔΗΜΟΤΙΚΟ ΣΧΟΛΕΙΟ ΚΡΑΝΕΑΣ ΚΑΡΔΙΤΣΑΣ,,
13951,ΔΗΜΟΤΙΚΟ ΣΧΟΛΕΙΟ ΠΕΡΔΙΚΙΟΥ ΙΚΑΡΙΑΣ,26.308767,37.66202
13952,16ο ΔΗΜΟΤΙΚΟ ΣΧΟΛΕΙΟ ΚΑΡΔΙΤΣΑΣ,21.920449,39.356254
13953,ΔΗΜΟΤΙΚΟ ΣΧΟΛΕΙΟ ΑΓΙΟΥ ΓΕΩΡΓΙΟΥ ΤΥΜΦΡΗΣΤΟΥ,21.960977,38.943108
13954,9ο ΔΗΜΟΤΙΚΟ ΣΧΟΛΕΙΟ ΛΑΜΙΑΣ,,
13955,7ο ΔΗΜΟΤΙΚΟ ΣΧΟΛΕΙΟ ΛΑΜΙΑΣ,22.420178,38.887772
13956,ΔΗΜΟΤΙΚΟ ΣΧΟΛΕΙΟ ΒΟΛΙΣΣΟΥ ΧΙΟΥ,25.927628,38.482681
13957,6ο ΔΗΜΟΤΙΚΟ ΣΧΟΛΕΙΟ ΚΑΡΔΙΤΣΑΣ,21.910708,39.353496
13958,ΔΗΜΟΤΙΚΟ ΣΧΟΛΕΙΟ ΑΝΑΒΡΑΣ,22.700964,39.676124
13959,ΔΗΜΟΤΙΚΟ ΣΧΟΛΕΙΟ ΜΕΣΤΩΝ ΧΙΟΥ,25.923915,38.259024
13960,1ο ΔΗΜΟΤΙΚΟ ΣΧΟΛΕΙΟ ΣΟΦΑΔΩΝ ΚΑΡΔΙΤΣΑΣ,22.099533,39.333001
13961,ΔΗΜΟΤΙΚΟ ΣΧΟΛΕΙΟ ΓΙΑΝΝΟΥΛΗΣ ΕΙΔΙΚΟ,,
13962,ΔΗΜΟΤΙΚΟ ΣΧΟΛΕΙΟ ΚΑΛΑΠΟΔΙΟΥ,22.883204,38.632691
13963,ΔΗΜΟΤΙΚΟ ΣΧΟΛΕΙΟ ΕΥΑΓΓΕΛΙΣΜΟΥ ΕΛΑΣΣΟΝΑΣ,22.105134,39.838943
13964,ΔΗΜΟΤΙΚΟ ΣΧΟΛΕΙΟ ΜΙΚΡΟΥ ΕΛΕΥΘΕΡΟΧΩΡΕΛΑΣΣΟΝ,,
13965,3ο ΔΗΜΟΤΙΚΟ ΣΧΟΛΕΙΟ ΕΛΑΣΣΟΝΑΣ,22.190925,39.891464
13966,ΔΗΜΟΤΙΚΟ ΣΧΟΛΕΙΟ ΣΥΚΕΑΣ ΕΛΑΣΣΟΝΑΣ,,
13967,ΔΗΜΟΤΙΚΟ ΣΧΟΛΕΙΟ ΚΟΣΚΙΝΑ,22.013892,39.490899
13968,5ο ΔΗΜΟΤΙΚΟ ΣΧΟΛΕΙΟ ΒΟΛΟΥ,22.958942,39.353021
13969,ΔΗΜΟΤΙΚΟ ΣΧΟΛΕΙΟ ΠΑΛΑΙΟΚΑΣΤΡΟΥ ΕΛΑΣΣΟΝΑΣ,22.068327,39.848894
13970,ΔΗΜΟΤΙΚΟ ΣΧΟΛΕΙΟ ΠΕΤΡΟΠΟΡΟΥ ΤΡΙΚΑΛΩΝ,21.928832,39.561448
13971,1ο ΔΗΜΟΤΙΚΟ ΣΧΟΛΕΙΟ ΟΙΧΑΛΙΑΣ ΤΡΙΚΑΛΩΝ,21.979903,39.606195
13972,ΔΗΜΟΤΙΚΟ ΣΧΟΛΕΙΟ ΚΡΗΝΙΤΣΑΣ,21.798052,39.587555
13973,ΔΗΜΟΤΙΚΟ ΣΧΟΛΕΙΟ ΓΡΙΖΑΝΟΥ ΤΡΙΚΑΛΩΝ,22.056072,39.629153
13974,ΔΗΜΟΤΙΚΟ ΣΧΟΛΕΙΟ ΓΕΩΡΓΑΝΑΔΩΝ ΤΡΙΚΑΛΩΝ,21.992856,39.566698
13975,ΔΗΜΟΤΙΚΟ ΣΧΟΛΕΙΟ ΠΕΔΙΝΟΥ,21.95275,39.51675
13976,ΔΗΜΟΤΙΚΟ ΣΧΟΛΕΙΟ ΠΡΟΑΣΤΙΟΥ,21.905371,39.487073
13977,4ο ΔΗΜΟΤΙΚΟ ΣΧΟΛΕΙΟ ΚΑΡΔΙΤΣΑΣ,21.914871,39.371419
13978,ΔΗΜΟΤΙΚΟ ΣΧΟΛΕΙΟ ΜΕΓ ΜΟΝΑΣΤΗΡΙΟΥ ΛΑΡΙΣΑΣ,22.676434,39.437322
13979,ΔΗΜΟΤΙΚΟ ΣΧΟΛΕΙΟ ΚΙΛΕΛΕΡ,22.639377,39.50126
13980,18ο ΔΗΜΟΤΙΚΟ ΣΧΟΛΕΙΟ ΛΑΡΙΣΑΣ,,
13981,17ο ΔΗΜΟΤΙΚΟ ΣΧΟΛΕΙΟ ΛΑΡΙΣΑΣ,,
13982,16ο ΔΗΜΟΤΙΚΟ ΣΧΟΛΕΙΟ ΛΑΡΙΣΑΣ,22.403685,39.625745
13983,13ο ΔΗΜΟΤΙΚΟ ΣΧΟΛΕΙΟ ΛΑΡΙΣΑΣ,,
13984,ΔΗΜΟΤΙΚΟ ΣΧΟΛΕΙΟ ΓΟΡΓΟΒΙΤΩΝ,22.017585,39.400476
13985,ΔΗΜΟΤΙΚΟ ΣΧΟΛΕΙΟ ΒΛΟΧΟΥ,22.092224,39.518524
13986,ΔΗΜΟΤΙΚΟ ΣΧΟΛΕΙΟ ΑΡΤΕΣΙΑΝΟΥ,21.896668,39.401831
13987,ΔΗΜΟΤΙΚΟ ΣΧΟΛΕΙΟ ΛΙΘΙΟΥ ΧΙΟΥ,26.001257,38.329611
13988,14ο ΔΗΜΟΤΙΚΟ ΣΧΟΛΕΙΟ ΛΑΜΙΑΣ,22.430383,38.888212
13989,ΔΗΜΟΤΙΚΟ ΣΧΟΛΕΙΟ ΠΕΤΡΑΣ ΛΕΣΒΟΥ,26.177845,39.326158
13990,ΔΗΜΟΤΙΚΟ ΣΧΟΛΕΙΟ ΣΤΥΨΗΣ ΛΕΣΒΟΥ,26.218452,39.309586
13991,21ο ΔΗΜΟΤΙΚΟ ΣΧΟΛΕΙΟ ΛΑΡΙΣΑΣ,,
13992,2ο ΔΗΜΟΤΙΚΟ ΣΧΟΛΕΙΟ ΣΥΜΗΣ,27.819036,36.589046
13993,3ο ΔΗΜΟΤΙΚΟ ΣΧΟΛΕΙΟ ΚΑΡΔΙΤΣΑΣ,21.925475,39.363501
13994,9ο ΔΗΜΟΤΙΚΟ ΣΧΟΛΕΙΟ ΛΑΡΙΣΑΣ,,
13995,4ο ΔΗΜΟΤΙΚΟ ΣΧΟΛΕΙΟ ΛΑΡΙΣΑΣ,22.401394,39.637503
13996,6ο ΔΗΜΟΤΙΚΟ ΣΧΟΛΕΙΟ ΛΑΡΙΣΑΣ,,
13997,2ο ΔΗΜΟΤΙΚΟ ΣΧΟΛΕΙΟ ΠΛΑΤΥΚΑΜΠΟΥ,22.538985,39.620525
13998,1ο ΔΗΜΟΤΙΚΟ ΣΧΟΛΕΙΟ ΣΥΜΗΣ,27.819036,36.587796
13999,22ο ΔΗΜΟΤΙΚΟ ΣΧΟΛΕΙΟ ΛΑΡΙΣΑΣ,,
14000,ΔΗΜΟΤΙΚΟ ΣΧΟΛΕΙΟ ΚΑΛΟΧΩΡΙΟΥ,22.546414,39.718867
14001,ΔΗΜΟΤΙΚΟ ΣΧΟΛΕΙΟ ΕΛΕΥΘΕΡΙΟΥ,22.581749,39.673809
14002,ΔΗΜΟΤΙΚΟ ΣΧΟΛΕΙΟ ΓΛΑΥΚΗΣ ΛΑΡΙΣΑΣ,22.578399,39.611217
14003,ΔΗΜΟΤΙΚΟ ΣΧΟΛΕΙΟ ΑΡΜΕΝΙΟΥ ΛΑΡΙΣΑΣ,22.695899,39.4876
14004,ΔΗΜΟΤΙΚΟ ΣΧΟΛΕΙΟ ΚΑΛΛΙΘΕΑΣ ΕΛΑΣΣΟΝΑΣ,,
14005,11ο ΔΗΜΟΤΙΚΟ ΣΧΟΛΕΙΟ ΛΑΜΙΑΣ,,
14006,2ο ΔΗΜΟΤΙΚΟ ΣΧΟΛΕΙΟ ΕΧΙΝΑΙΩΝ ΚΑΡΑΒΟΜΥΛΟΥ,22.72397,38.890073
14007,ΔΗΜΟΤΙΚΟ ΣΧΟΛΕΙΟ ΜΟΡΦΟΒΟΥΝΙΟΥ,21.744808,39.351549
14008,ΔΗΜΟΤΙΚΟ ΣΧΟΛΕΙΟ ΜΕΤΑΜΟΡΦΩΣΗΣ,22.054426,39.505228
14009,ΔΗΜΟΤΙΚΟ ΣΧΟΛΕΙΟ ΛΟΞΑΔΑΣ ΚΑΡΔΙΤΣΑΣ,,
14010,ΔΗΜΟΤΙΚΟ ΣΧΟΛΕΙΟ ΨΑΘΟΧΩΡΑΣ,,
14011,6ο ΔΗΜΟΤΙΚΟ ΣΧΟΛΕΙΟ ΒΟΛΟΥ,22.951468,39.35705
14012,ΔΗΜΟΤΙΚΟ ΣΧΟΛΕΙΟ ΡΑΧΟΥΛΑΣ ΚΑΡΔΙΤΣΑΣ,21.874009,39.237104
14013,ΔΗΜΟΤΙΚΟ ΣΧΟΛΕΙΟ ΚΟΚΚΙΝΟΠΗΛΟΥ ΕΛΑΣΣΟΝΑΣ,,
14014,ΔΗΜΟΤΙΚΟ ΣΧΟΛΕΙΟ ΠΤΕΛΟΠΟΥΛΑΣ ΚΑΡΔΙΤΣΑΣ,21.977359,39.324813
14015,ΔΗΜΟΤΙΚΟ ΣΧΟΛΕΙΟ ΑΠΕΡΑΘΟΥ,,
14016,ΔΗΜΟΤΙΚΟ ΣΧΟΛΕΙΟ ΕΠΙΣΚΟΠΗΣ ΘΗΡΑΣ,,
14017,ΔΗΜΟΤΙΚΟ ΣΧΟΛΕΙΟ ΟΘΟΥ ΚΑΡΠΑΘΟΥ,27.15394,35.539864
14018,ΔΗΜΟΤΙΚΟ ΣΧΟΛΕΙΟ ΜΗΤΡΟΠΟΛΗΣ,21.841439,39.33961
14019,ΔΗΜΟΤΙΚΟ ΣΧΟΛΕΙΟ ΜΑΓΟΥΛΑΣ ΕΛΑΣΣΟΝΑΣ,,
14020,8ο ΔΗΜΟΤΙΚΟ ΣΧΟΛΕΙΟ ΛΑΡΙΣΑΣ,,
14021,6ο ΔΗΜΟΤΙΚΟ ΣΧΟΛΕΙΟ ΛΑΜΙΑΣ,22.433794,38.885851
14022,ΔΗΜΟΤΙΚΟ ΣΧΟΛΕΙΟ ΠΥΛΩΝ ΚΑΡΠΑΘΟΥ,27.126555,35.52829
14023,ΔΗΜΟΤΙΚΟ ΣΧΟΛΕΙΟ ΚΟΥΜΠΟΥΡΙΑΝΩΝ ΚΑΡΔΙΤΣΑΣ,,
14024,8ο ΔΗΜΟΤΙΚΟ ΣΧΟΛΕΙΟ ΒΟΛΟY,22.951468,39.357055
14025,7ο ΔΗΜΟΤΙΚΟ ΣΧΟΛΕΙΟ ΒΟΛΟΥ,,
14026,9ο ΔΗΜΟΤΙΚΟ ΣΧΟΛΕΙΟ ΝΕΑΣ ΙΩΝΙΑΣ,22.932611,39.373518
14027,ΔΗΜΟΤΙΚΟ ΣΧΟΛΕΙΟ ΒΟΛΟΥ ΕΙΔΙΚΟ ΙΔΡΥΜΑΤΟΣ ΑΝΗΛΙΚΩΝ,,
14028,ΔΗΜΟΤΙΚΟ ΣΧΟΛΕΙΟ ΡΟΔΙΑΣ,,
14029,ΔΗΜΟΤΙΚΟ ΣΧΟΛΕΙΟ ΡΑΨΑΝΗΣ,22.552497,39.900753
14030,ΔΗΜΟΤΙΚΟ ΣΧΟΛΕΙΟ ΚΑΛΗΣ ΚΩΜΗΣ ΚΑΡΔΙΤΣΑΣ,21.408706,39.358742
14031,ΔΗΜΟΤΙΚΟ ΣΧΟΛΕΙΟ ΑΠΕΡΙΟΥ ΚΑΡΠΑΘΟΥ,27.187154,35.552354
14032,2ο ΔΗΜΟΤΙΚΟ ΣΧΟΛΕΙΟ ΒΟΛΟΥ ΕΙΔΙΚΟ,,
14033,24ο ΔΗΜΟΤΙΚΟ ΣΧΟΛΕΙΟ ΛΑΡΙΣΑΣ,,
14034,ΔΗΜΟΤΙΚΟ ΣΧΟΛΕΙΟ ΚΑΛΛΙΘΗΡΟΥ ΚΑΡΔΙΤΣΑΣ,21.905906,39.28104
14035,ΔΗΜΟΤΙΚΟ ΣΧΟΛΕΙΟ ΑΡΚΑΣΗΣ ΚΑΡΠΑΘΟΥ,27.120556,35.474435
14036,1ο ΔΗΜΟΤΙΚΟ ΣΧΟΛΕΙΟ ΤΣΑΡΙΤΣΑΝΗΣ ΕΛΑΣΣΟΝΑΣ,22.229884,39.878627
14037,9ο ΔΗΜΟΤΙΚΟ ΣΧΟΛΕΙΟ ΚΑΡΔΙΤΣΑΣ,21.934311,39.356549
14038,ΔΗΜΟΤΙΚΟ ΣΧΟΛΕΙΟ ΜΕΝΕΤΩΝ ΚΑΡΠΑΘΟΥ,27.168413,35.488513
14039,ΔΗΜΟΤΙΚΟ ΣΧΟΛΕΙΟ ΦΡΑΓΚΟΥ,21.844519,39.356347
14040,ΔΗΜΟΤΙΚΟ ΣΧΟΛΕΙΟ ΥΠΕΡΕΙΑΣ ΦΑΡΣΑΛΩΝ,,
14041,ΔΗΜΟΤΙΚΟ ΣΧΟΛΕΙΟ ΑΓΙΑΣ ΚΑΛΑΜΑΚΙΟΥ,,
14042,ΔΗΜΟΤΙΚΟ ΣΧΟΛΕΙΟ ΒΟΛΟΥ ΕΙΔΙΚΟ ΚΩΦΩΝ ΚΑΙ ΒΑΡΗΚΟΩΝ,,
14043,ΔΗΜΟΤΙΚΟ ΣΧΟΛΕΙΟ ΑΠΙΔΕΑΣ ΚΑΡΔΙΤΣΑΣ,21.939726,39.201478
14044,ΔΗΜΟΤΙΚΟ ΣΧΟΛΕΙΟ ΙΤΕΑΣ,22.161773,39.457764
14045,ΔΗΜΟΤΙΚΟ ΣΧΟΛΕΙΟ ΓΕΦΥΡΙΩΝ ΚΑΡΔΙΤΣΑΣ,22.194786,39.289992
14046,ΔΗΜΟΤΙΚΟ ΣΧΟΛΕΙΟ ΑΓΙΑΣ-ΑΕΤΟΛΟΦΟΥ,22.726079,39.684522
14047,5ο ΔΗΜΟΤΙΚΟ ΣΧΟΛΕΙΟ ΤΥΡΝΑΒΟΥ,22.289065,39.738311
14048,2ο ΔΗΜΟΤΙΚΟ ΣΧΟΛΕΙΟ ΑΓΙΑΣ,22.765498,39.719168
14049,2ο ΔΗΜΟΤΙΚΟ ΣΧΟΛΕΙΟ ΦΑΡΣΑΛΩΝ,22.388082,39.294635
14050,ΔΗΜΟΤΙΚΟ ΣΧΟΛΕΙΟ ΔΑΜΑΣΙΟΥ,22.188021,39.71044
14051,2ο ΔΗΜΟΤΙΚΟ ΣΧΟΛΕΙΟ ΜΟΥΖΑΚΙΟΥ ΚΑΡΔΙΤΣΑΣ,21.662452,39.432092
14052,23ο ΔΗΜΟΤΙΚΟ ΣΧΟΛΕΙΟ ΛΑΡΙΣΑΣ,22.421958,39.63574
14053,ΔΗΜΟΤΙΚΟ ΣΧΟΛΕΙΟ ΒΩΛΑΔΑΣ ΚΑΡΠΑΘΟΥ,27.155988,35.55894
14054,ΔΗΜΟΤΙΚΟ ΣΧΟΛΕΙΟ ΑΜΟΥΡΙΟΥ ΕΛΑΣΣΟΝΑΣ,,
14055,ΔΗΜΟΤΙΚΟ ΣΧΟΛΕΙΟ ΑΣΗΜΟΧΩΡΙΟΥ ΚΑΡΔΙΤΣΑΣ,22.166241,39.171744
14056,4ο ΔΗΜΟΤΙΚΟ ΣΧΟΛΕΙΟ ΤΥΡΝΑΒΟΥ,22.289065,39.738311
14057,1ο ΔΗΜΟΤΙΚΟ ΣΧΟΛΕΙΟ ΑΜΠΕΛΩΝΑ,,
14058,3ο ΔΗΜΟΤΙΚΟ ΣΧΟΛΕΙΟ ΠΑΛΑΜΑ,22.073929,39.469286
14059,ΔΗΜΟΤΙΚΟ ΣΧΟΛΕΙΟ ΠΥΡΓΕΤΟΥ,22.595698,39.918025
14060,ΔΗΜΟΤΙΚΟ ΣΧΟΛΕΙΟ ΚΑΡΤΕΡΑΔΟΥ ΘΗΡΑΣ,,
14061,ΔΗΜΟΤΙΚΟ ΣΧΟΛΕΙΟ ΒΡΥΟΤΟΠΟΥ,,
14062,3ο ΔΗΜΟΤΙΚΟ ΣΧΟΛΕΙΟ ΑΜΠΕΛΩΝΑ,,
14063,ΔΗΜΟΤΙΚΟ ΣΧΟΛΕΙΟ ΦΑΛΑΝΗΣ,22.401045,39.719101
14064,ΔΗΜΟΤΙΚΟ ΣΧΟΛΕΙΟ ΣΥΚΟΥΡΙΟΥ,22.580435,39.758621
14065,ΔΗΜΟΤΙΚΟ ΣΧΟΛΕΙΟ ΠΟΥΡΝΑΡΙΟΥ,22.575948,39.775428
14066,ΔΗΜΟΤΙΚΟ ΣΧΟΛΕΙΟ ΔΑΜΑΡΙΩΝΟΣ ΝΑΞΟΥ,25.480282,37.050352
14067,2ο ΔΗΜΟΤΙΚΟ ΣΧΟΛΕΙΟ ΑΜΠΕΛΩΝΑ,,
14068,ΔΗΜΟΤΙΚΟ ΣΧΟΛΕΙΟ ΜΑΚΡΥΧΩΡΙΟΥ ΛΑΡΙΣΑΣ,22.489913,39.803125
14069,ΔΗΜΟΤΙΚΟ ΣΧΟΛΕΙΟ ΟΜΟΛΙΟΥ,,
14070,ΔΗΜΟΤΙΚΟ ΣΧΟΛΕΙΟ ΠΥΡΓΟΥ ΘΗΡΑΣ,,
14071,ΔΗΜΟΤΙΚΟ ΣΧΟΛΕΙΟ ΑΧΙΛΛΕΙΟΥ ΛΑΡΙΣΑΣ,,
14072,1ο ΔΗΜΟΤΙΚΟ ΣΧΟΛΕΙΟ ΠΑΛΑΜΑ,22.073946,39.468959
14073,2ο ΔΗΜΟΤΙΚΟ ΣΧΟΛΕΙΟ ΠΑΛΑΜΑ,22.073966,39.468768
14074,ΔΗΜΟΤΙΚΟ ΣΧΟΛΕΙΟ ΠΑΡΑΠΟΤΑΜΟΥ ΛΑΡΙΣΑΣ,22.467734,39.829138
14075,ΔΗΜΟΤΙΚΟ ΣΧΟΛΕΙΟ ΛΑΖΑΡΙΝΑΣ ΚΑΡΔΙΤΣΑΣ,21.736358,39.460779
14076,2ο ΔΗΜΟΤΙΚΟ ΣΧΟΛΕΙΟ ΛΑΡΙΣΑΣ,22.403395,39.635052
14077,ΔΗΜΟΤΙΚΟ ΣΧΟΛΕΙΟ ΣΤΕΝΗΣ-ΦΑΛΑΤΑΔΟΥ ΤΗΝΟΥ,,
14078,ΔΗΜΟΤΙΚΟ ΣΧΟΛΕΙΟ ΑΜΠΕΛΙΚΟΥ ΚΑΡΔΙΤΣΑΣ,21.858443,39.276323
14079,ΔΗΜΟΤΙΚΟ ΣΧΟΛΕΙΟ ΡΕΓΚΙΝΙΟΥ ΑΤΑΛΑΝΤΗΣ,22.710581,38.716876
14080,19ο ΔΗΜΟΤΙΚΟ ΣΧΟΛΕΙΟ ΒΟΛΟΣ,22.950277,39.368544
14081,ΔΗΜΟΤΙΚΟ ΣΧΟΛΕΙΟ ΟΣΣΗΣ,22.578863,39.746523
14082,19ο ΔΗΜΟΤΙΚΟ ΣΧΟΛΕΙΟ ΚΑΡΔΙΤΣΑΣ ΔΙΑΠΟΛΙΤΙΣΜΙΚΗΣ ΕΚΠΑΙΔΕΥΣΗΣ,21.940661,39.372823
14083,20ο ΔΗΜΟΤΙΚΟ ΣΧΟΛΕΙΟ ΛΑΜΙΑΣ,22.4304,38.888067
14084,ΔΗΜΟΤΙΚΟ ΣΧΟΛΕΙΟ ΛΑΡΙΣΑΣ ΕΙΔΙΚΟ,22.420639,39.638675
14085,ΔΗΜΟΤΙΚΟ ΣΧΟΛΕΙΟ ΚΡΟΚΙΟΥ ΑΛΜΥΡΟΥ,22.745629,39.201589
14086,ΔΗΜΟΤΙΚΟ ΣΧΟΛΕΙΟ ΕΞΩΜΒΟΥΡΓΟΥ ΤΗΝΟΥ,,
14087,ΔΗΜΟΤΙΚΟ ΣΧΟΛΕΙΟ ΔΙΛΟΦΟΥ ΦΑΡΣΑΛΩΝ,22.455828,39.242222
14088,ΔΗΜΟΤΙΚΟ ΣΧΟΛΕΙΟ ΔΟΜΟΚΟΥ ΕΙΔΙΚΟ,22.299034,39.1278
14089,ΔΗΜΟΤΙΚΟ ΣΧΟΛΕΙΟ ΑΡΓΥΡΟΠΟΥΛΕΙΟΥ,22.308413,39.8246
14090,ΔΗΜΟΤΙΚΟ ΣΧΟΛΕΙΟ ΓΕΡΑΚΑΡΙΟΥ,22.690646,39.690002
14091,ΔΗΜΟΤΙΚΟ ΣΧΟΛΕΙΟ ΞΥΝΟΝΕΡΙΟΥ ΚΑΡΔΙΤΣΑΣ,21.860275,39.316812
14092,ΔΗΜΟΤΙΚΟ ΣΧΟΛΕΙΟ ΤΕΡΨΙΘΕΑΣ ΛΑΡΙΣΑΣ,22.351558,39.618749
14093,ΔΗΜΟΤΙΚΟ ΣΧΟΛΕΙΟ ΔΑΣΟΛΟΦΟΥ ΦΑΡΣΑΛΩΝ,22.493836,39.343352
14094,ΔΗΜΟΤΙΚΟ ΣΧΟΛΕΙΟ ΑΔΑΜΑΝΤΑ ΜΗΛΟΥ,24.448304,36.723741
14095,ΔΗΜΟΤΙΚΟ ΣΧΟΛΕΙΟ ΜΕΛΙΣΣΑΣ ΚΑΡΔΙΤΣΑΣ,21.956528,39.330752
14096,ΔΗΜΟΤΙΚΟ ΣΧΟΛΕΙΟ ΡΟΥΣΟΥ ΚΑΡΔΙΤΣΑΣ,21.905156,39.311919
14097,ΔΗΜΟΤΙΚΟ ΣΧΟΛΕΙΟ ΑΓΙΟΥ ΑΘΑΝΑΣΙΟΥ ΚΑΡΔΙΤΣΑΣ,,
14098,ΔΗΜΟΤΙΚΟ ΣΧΟΛΕΙΟ ΛΟΥΤΡΟΥ ΚΑΡΔΙΤΣΑΣ,,
14099,2ο ΔΗΜΟΤΙΚΟ ΣΧΟΛΕΙΟ ΑΙΣΩΝΙΑΣ-ΔΙΜΗΝΙΟΥ,22.893948,39.356342
14100,25ο ΔΗΜΟΤΙΚΟ ΣΧΟΛΕΙΟ ΛΑΡΙΣΑΣ,,
14101,ΔΗΜΟΤΙΚΟ ΣΧΟΛΕΙΟ ΠΟΤΑΜΙΑΣ ΑΓΙΟΥ ,22.788458,39.660724
14102,ΔΗΜΟΤΙΚΟ ΣΧΟΛΕΙΟ ΕΥΥΔΡΙΟΥ ΛΟΦΟΥ,,
14103,ΔΗΜΟΤΙΚΟ ΣΧΟΛΕΙΟ ΚΙΝΙΔΑΡΟΥ ΝΑΞΟΥ,25.479779,37.10045
14104,27ο ΔΗΜΟΤΙΚΟ ΣΧΟΛΕΙΟ ΛΑΡΙΣΑΣ,,
14105,26ο ΔΗΜΟΤΙΚΟ ΣΧΟΛΕΙΟ ΛΑΡΙΣΑΣ,,
14106,20ο ΔΗΜΟΤΙΚΟ ΣΧΟΛΕΙΟ ΒΟΛΟΣ,22.951155,39.357248
14107,11ο ΔΗΜΟΤΙΚΟ ΣΧΟΛΕΙΟ ΝΕΑΣ ΙΩΝΙΑΣ,22.932611,39.373518
14108,6ο ΔΗΜΟΤΙΚΟ ΣΧΟΛΕΙΟ ΤΥΡΝΑΒΟΥ,22.289065,39.738311
14109,20ο ΔΗΜΟΤΙΚΟ ΣΧΟΛΕΙΟ ΚΑΡΔΙΤΣΑΣ,21.910699,39.353493
14110,ΔΗΜΟΤΙΚΟ ΣΧΟΛΕΙΟ ΚΡΗΝΗΣ ΦΑΡΣΑΛΩΝ,,
14111,20ο ΔΗΜΟΤΙΚΟ ΣΧΟΛΕΙΟ ΛΑΡΙΣΑΣ,,
14112,ΔΗΜΟΤΙΚΟ ΣΧΟΛΕΙΟ ΧΑΛΚΕΙΟΥ ΝΑΞΟΥ,25.477517,37.06005
14113,15ο ΔΗΜΟΤΙΚΟ ΣΧΟΛΕΙΟ ΛΑΡΙΣΑΣ,,
14114,ΔΗΜΟΤΙΚΟ ΣΧΟΛΕΙΟ ΧΕΙΜΑΡΡΟΥ ΝΑΞΟΥ,,
14115,15ο ΔΗΜΟΤΙΚΟ ΣΧΟΛΕΙΟ ΒΟΛΟΥ,,
14116,30ο ΔΗΜΟΤΙΚΟ ΣΧΟΛΕΙΟ ΛΑΡΙΣΑΣ,22.401577,39.637517
14117,2ο ΔΗΜΟΤΙΚΟ ΣΧΟΛΕΙΟ ΓΙΑΝΝΟΥΛΗΣ,22.395981,39.665308
14118,ΔΗΜΟΤΙΚΟ ΣΧΟΛΕΙΟ ΜΑΚΡΥΧΩΡΙΟΥ,21.968483,39.439509
14119,ΔΗΜΟΤΙΚΟ ΣΧΟΛΕΙΟ ΒΑΜΒΑΚΟΥΣ ΦΑΡΣΑΛΩΝ,22.419973,39.335791
14120,36ο ΔΗΜΟΤΙΚΟ ΣΧΟΛΕΙΟ ΛΑΡΙΣΑΣ,22.415092,39.638757
14121,33ο ΔΗΜΟΤΙΚΟ ΣΧΟΛΕΙΟ ΛΑΡΙΣΑΣ,,
14122,5ο ΔΗΜΟΤΙΚΟ ΣΧΟΛΕΙΟ ΚΑΡΔΙΤΣΑΣ,21.920445,39.356246
14123,ΔΗΜΟΤΙΚΟ ΣΧΟΛΕΙΟ ΜΑΡΑΘΕΑΣ,22.00124,39.529852
14124,1ο ΔΗΜΟΤΙΚΟ ΣΧΟΛΕΙΟ ΓΙΑΝΝΟΥΛΗΣ,22.395962,39.665312
14125,ΔΗΜΟΤΙΚΟ ΣΧΟΛΕΙΟ ΕΜΠΟΡΕΙΟΥ ΘΗΡΑΣ,,
14126,28ο ΔΗΜΟΤΙΚΟ ΣΧΟΛΕΙΟ ΛΑΡΙΣΑΣ,22.403592,39.635426
14127,ΔΗΜΟΤΙΚΟ ΣΧΟΛΕΙΟ ΑΜΠΕΛΑΚΙΩΝ,,
14128,ΔΗΜΟΤΙΚΟ ΣΧΟΛΕΙΟ ΚΑΤΩ ΑΓΙΟΥ ΑΜΥΓΔΑΛΗΣ,22.714036,39.593994
14129,1ο ΔΗΜΟΤΙΚΟ ΣΧΟΛΕΙΟ ΕΛΑΣΣΟΝΑΣ,22.191076,39.891451
14130,29ο ΔΗΜΟΤΙΚΟ ΣΧΟΛΕΙΟ ΛΑΡΙΣΑΣ,22.413185,39.642245
14131,ΔΗΜΟΤΙΚΟ ΣΧΟΛΕΙΟ ΑΓΙΟΥ ΑΓΙΟΚΑΜΠΟΥ,,
14132,2ο ΔΗΜΟΤΙΚΟ ΣΧΟΛΕΙΟ ΕΛΑΣΣΟΝΑΣ,22.191294,39.887728
14133,ΔΗΜΟΤΙΚΟ ΣΧΟΛΕΙΟ ΓΕΛΑΝΘΗΣ ΚΑΡΔΙΤΣΑΣ,21.708249,39.438104
14134,ΔΗΜΟΤΙΚΟ ΣΧΟΛΕΙΟ ΣΩΤΗΡΙΟΥ ΛΑΡΙΣΑΣ,22.705552,39.503645
14135,1ο ΔΗΜΟΤΙΚΟ ΣΧΟΛΕΙΟ ΑΓΙΑΣ,22.765404,39.719241
14136,ΔΗΜΟΤΙΚΟ ΣΧΟΛΕΙΟ ΑΜΦΙΚΛΕΙΑΣ ΑΤΑΛΑΝΤ,22.59161,38.636239
14137,ΔΗΜΟΤΙΚΟ ΣΧΟΛΕΙΟ ΑΡΧΙΛΟΧΟΥ ΜΑΡΠΗΣΣΑΣ,,
14138,14ο ΔΗΜΟΤΙΚΟ ΣΧΟΛΕΙΟ ΚΑΡΔΙΤΣΑΣ,21.918119,39.365172
14139,ΔΗΜΟΤΙΚΟ ΣΧΟΛΕΙΟ ΜΑΡΜΑΡΙΝΗΣ,22.603217,39.721548
14140,ΔΗΜΟΤΙΚΟ ΣΧΟΛΕΙΟ ΜΕΣΣΑΡΙΑΣ ΘΗΡΑΣ,,
14141,1ο ΔΗΜΟΤΙΚΟ ΣΧΟΛΕΙΟ ΚΑΡΔΙΤΣΑΣ,21.914187,39.361138
14142,ΔΗΜΟΤΙΚΟ ΣΧΟΛΕΙΟ ΛΕΥΚΩΝ ΚΩΣΤΟΥ ΠΑΡΟΥ,,
14143,ΔΗΜΟΤΙΚΟ ΣΧΟΛΕΙΟ ΚΑΝΑΛΙΩΝ ΚΑΡΔΙΤΣΑΣ,,
14144,1ο ΔΗΜΟΤΙΚΟ ΣΧΟΛΕΙΟ ΣΤΥΛΙΔΑΣ,22.616455,38.915365
14145,ΔΗΜΟΤΙΚΟ ΣΧΟΛΕΙΟ ΠΑΛΑΙΟΧΩΡΙΟΥ ΚΑΡΔΙΤΣΑΣ,21.826034,39.470108
14146,ΔΗΜΟΤΙΚΟ ΣΧΟΛΕΙΟ ΔΡΥΜΟΥ ΕΛΑΣΣΟΝΑΣ,22.148198,39.914263
14147,ΔΗΜΟΤΙΚΟ ΣΧΟΛΕΙΟ ΑΓΙΑΣ ΚΑΣΤΡΙΟΥ,22.68388,39.623765
14148,ΔΗΜΟΤΙΚΟ ΣΧΟΛΕΙΟ ΠΑΛΑΙΑΣ ΓΙΑΝΝΙΤΣΟΥΣ,22.077252,39.032537
14149,ΔΗΜΟΤΙΚΟ ΣΧΟΛΕΙΟ ΜΑΥΡΟΜΜΑΤΙΟΥ ΚΑΡΔΙΤΣΑΣ,21.697131,39.422849
14150,ΔΗΜΟΤΙΚΟ ΣΧΟΛΕΙΟ ΜΟΝΗΣ ΝΑΞΟΥ,25.500066,37.080474
14151,ΔΗΜΟΤΙΚΟ ΣΧΟΛΕΙΟ ΔΡΑΚΟΤΡΥΠΑΣ ΚΑΡΔΙΤΣΑΣ,21.599941,39.395675
14152,2ο ΔΗΜΟΤΙΚΟ ΣΧΟΛΕΙΟ ΣΤΥΛΙΔΑΣ,22.616379,38.915403
14153,1ο ΔΗΜΟΤΙΚΟ ΣΧΟΛΕΙΟ ΜΟΥΖΑΚΙΟΥ ΚΑΡΔΙΤΣΑΣ,21.662452,39.432078
14154,ΔΗΜΟΤΙΚΟ ΣΧΟΛΕΙΟ ΚΑΛΟΓΡΑΙΑΝΩΝ,21.874814,39.463956
14155,ΔΗΜΟΤΙΚΟ ΣΧΟΛΕΙΟ ΓΕΝΕΣΙΟΥ,21.585584,39.57727
14156,ΔΗΜΟΤΙΚΟ ΣΧΟΛΕΙΟ ΜΑΓΟΥΛΑΣ ΚΑΡΔΙΤΣΑΣ,21.807162,39.454344
14157,ΔΗΜΟΤΙΚΟ ΣΧΟΛΕΙΟ ΑΓΙΩΝ ΑΝΑΡΓΥΡΩΝ ΚΑΡΔΙΤΣΑΣ,,
14158,ΔΗΜΟΤΙΚΟ ΣΧΟΛΕΙΟ ΧΑΛΚΗΣ ΛΑΡΙΣΑΣ,22.543065,39.565372
14159,ΔΗΜΟΤΙΚΟ ΣΧΟΛΕΙΟ ΓΑΛΑΝΟΒΡΥΣΗΣ ΣΤΕΦΑΝΟΒΟΥΝΟΥ,22.172863,39.846928
14160,ΔΗΜΟΤΙΚΟ ΣΧΟΛΕΙΟ ΓΛΥΦΑΣ,22.968568,38.953008
14161,ΔΗΜΟΤΙΚΟ ΣΧΟΛΕΙΟ ΒΑΘΥΚΟΙΛΟΥ,22.911806,38.949133
14162,ΔΗΜΟΤΙΚΟ ΣΧΟΛΕΙΟ ΓΙΑΝΝΙΤΣΟΥΣ,22.114274,38.993625
14163,ΔΗΜΟΤΙΚΟ ΣΧΟΛΕΙΟ ΟΡΜΟΥ ΚΟΡΘΙΟΥ ΑΝΔΡΟΥ,24.949691,37.77184
14164,ΔΗΜΟΤΙΚΟ ΣΧΟΛΕΙΟ ΒΟΥΛΠΗΣ ΕΥΡΥΤΑΝΙΑΣ,21.540526,39.041621
14165,3ο ΔΗΜΟΤΙΚΟ ΣΧΟΛΕΙΟ ΣΟΦΑΔΩΝ,22.099535,39.333027
14166,ΔΗΜΟΤΙΚΟ ΣΧΟΛΕΙΟ ΚΕΦΑΛΟΒΡΥΣΟΥ,,
14167,ΔΗΜΟΤΙΚΟ ΣΧΟΛΕΙΟ ΝΕΑΣ ΚΕΡΑΣΟΥΝΤΑΣ,20.859932,39.154019
14168,ΔΗΜΟΤΙΚΟ ΣΧΟΛΕΙΟ ΑΓΙΑΣ ΤΡΙΑΔΑΣ,21.899987,39.463032
14169,ΔΗΜΟΤΙΚΟ ΣΧΟΛΕΙΟ ΚΑΛΛΙΦΩΝΙΟΥ ΚΑΡΔΙΤΣΑΣ,21.963344,39.275507
14170,ΔΗΜΟΤΙΚΟ ΣΧΟΛΕΙΟ ΚΕΦΑΛΟΧΩΡΙΟΥ,20.884376,40.237378
14171,ΔΗΜΟΤΙΚΟ ΣΧΟΛΕΙΟ ΑΓΙΑΣ ΠΑΡΑΣΚΕΥΗΣ ΚΟΝΙΤΣΗΣ,20.896686,40.142388
14172,ΔΗΜΟΤΙΚΟ ΣΧΟΛΕΙΟ ΜΕΛΙΣΣΟΧΩΡΙΟΥ ΛΑΡΙΣΑΣ,22.50411,39.629697
14173,1ο ΔΗΜΟΤΙΚΟ ΣΧΟΛΕΙΟ ΛΑΡΙΣΑΣ ΠΑΙΔ.ΑΚΑΔΗΜΙΑΣ,22.420465,39.638619
14174,ΔΗΜΟΤΙΚΟ ΣΧΟΛΕΙΟ ΠΡΑΜΑΝΤΩΝ ΙΩΑΝΝΙΝΩΝ,21.099,39.521473
14175,ΔΗΜΟΤΙΚΟ ΣΧΟΛΕΙΟ ΑΝΩ ΧΑΛΙΑΔΩΝ,,
14176,ΔΗΜΟΤΙΚΟ ΣΧΟΛΕΙΟ ΜΕΛΙΣΣΑΣ ΛΑΡΙΣΑΣ,22.646555,39.555471
14177,ΔΗΜΟΤΙΚΟ ΣΧΟΛΕΙΟ ΑΓΙΑΣ ΔΗΜΗΤΡΑΣ,22.634428,39.686433
14178,ΔΗΜΟΤΙΚΟ ΣΧΟΛΕΙΟ ΟΜΟΡΦΟΧΩΡΙΟΥ ΛΑΡΙΣΑΣ,22.477882,39.674002
14179,29ο ΔΗΜΟΤΙΚΟ ΣΧΟΛΕΙΟ ΤΡΙΚΑΛΩΝ,21.773128,39.543524
14180,1ο ΔΗΜΟΤΙΚΟ ΣΧΟΛΕΙΟ ΕΧΙΝΑΙΩΝ,22.72396,38.890619
14181,ΔΗΜΟΤΙΚΟ ΣΧΟΛΕΙΟ ΒΛΑΧΟΓΙΑΝΝΙΟΥ,,
14182,ΔΗΜΟΤΙΚΟ ΣΧΟΛΕΙΟ ΒΕΡΔΙΚΟΥΣΗΣ ΕΛΑΣΣΟΝΑΣ,,
14183,ΔΗΜΟΤΙΚΟ ΣΧΟΛΕΙΟ ΡΟΔΑΥΓΗΣ,21.00253,39.329904
14184,ΔΗΜΟΤΙΚΟ ΣΧΟΛΕΙΟ ΛΑΜΙΑΣ ΤΣΙΓΓΑΝΟΠΑΙΔΩΝ,,
14185,ΔΗΜΟΤΙΚΟ ΣΧΟΛΕΙΟ ΡΙΖΟΒΟΥΝΙΟΥ,21.868611,39.439374
14186,1ο ΔΗΜΟΤΙΚΟ ΣΧΟΛΕΙΟ ΠΛΑΤΥΚΑΜΠΟΥ,22.538794,39.620133
14187,ΔΗΜΟΤΙΚΟ ΣΧΟΛΕΙΟ ΠΡΟΔΡΟΜΟΥ,21.975811,39.375924
14188,22ο ΔΗΜΟΤΙΚΟ ΣΧΟΛΕΙΟ ΛΑΜΙΑΣ-ΡΟΔΙΤΣΑΣ,,
14189,ΔΗΜΟΤΙΚΟ ΣΧΟΛΕΙΟ ΠΛΑΤΑΝΟΥ ΑΣΤΡΟΧΩΡΙΟΥ,21.291349,39.27293
14190,ΔΗΜΟΤΙΚΟ ΣΧΟΛΕΙΟ ΑΓΝΑΝΤΩΝ,21.081816,39.471853
14191,38ο ΔΗΜΟΤΙΚΟ ΣΧΟΛΕΙΟ ΛΑΡΙΣΑΣ,,
14192,ΔΗΜΟΤΙΚΟ ΣΧΟΛΕΙΟ ΒΑΣΙΛΙ ΦΑΡΣΑΛΩΝ,,
14193,ΔΗΜΟΤΙΚΟ ΣΧΟΛΕΙΟ ΠΛΑΤΑΝΟΥΛΙΩΝ,,
14194,31ο ΔΗΜΟΤΙΚΟ ΣΧΟΛΕΙΟ ΛΑΡΙΣΑΣ,,
14195,ΔΗΜΟΤΙΚΟ ΣΧΟΛΕΙΟ ΣΚΟΥΛΗΚΑΡΙΑΣ,21.268208,39.171161
14196,ΔΗΜΟΤΙΚΟ ΣΧΟΛΕΙΟ ΣΤΟΜΙΟΥ,,
14197,ΔΗΜΟΤΙΚΟ ΣΧΟΛΕΙΟ ΜΑΥΡΟΒΟΥΝΙΟΥ ΛΑΡΙΣΑΣ,22.271772,39.52885
14198,ΔΗΜΟΤΙΚΟ ΣΧΟΛΕΙΟ ΚΟΥΛΟΥΡΙΟΥ ΛΑΡΙΣΑΣ,,
14199,ΔΗΜΟΤΙΚΟ ΣΧΟΛΕΙΟ ΜΕΣΟΧΩΡΙΟΥ,,
14200,ΔΗΜΟΤΙΚΟ ΣΧΟΛΕΙΟ Ι Μ ΡΩΜΑΝΟΥ ΙΩΑΝΝΙΝΩΝ,,
14201,ΔΗΜΟΤΙΚΟ ΣΧΟΛΕΙΟ ΕΛΕΥΘΕΡΩΝ ΛΑΡΙΣΑΣ,22.33896,39.576565
14202,ΔΗΜΟΤΙΚΟ ΣΧΟΛΕΙΟ ΚΑΤΩ ΒΟΥΝΑΙΝΩΝ,22.24221,39.50103
14203,ΔΗΜΟΤΙΚΟ ΣΧΟΛΕΙΟ ΚΟΙΛΑΔΑΣ ΛΑΡΙΣΑΣ,22.303282,39.572589
14204,ΔΗΜΟΤΙΚΟ ΣΧΟΛΕΙΟ ΚΟΥΤΣΟΧΕΡΟΥ ΛΑΡΙΣΑΣ,22.230895,39.60621
14205,32ο ΔΗΜΟΤΙΚΟ ΣΧΟΛΕΙΟ ΛΑΡΙΣΑΣ,22.403685,39.625745
14206,ΔΗΜΟΤΙΚΟ ΣΧΟΛΕΙΟ ΣΤΑΥΡΟΥ ΓΗΓΕΝΩΝ ΦΑΡΣΑΛΩΝ,,
14207,43ο ΔΗΜΟΤΙΚΟ ΣΧΟΛΕΙΟ ΛΑΡΙΣΑΣ,22.421003,39.638762
14208,3ο ΔΗΜΟΤΙΚΟ ΣΧΟΛΕΙΟ ΦΑΡΣΑΛΩΝ,22.388082,39.294636
14209,4ο ΔΗΜΟΤΙΚΟ ΣΧΟΛΕΙΟ ΦΑΡΣΑΛΩΝ,22.388082,39.294636
14210,7ο ΔΗΜΟΤΙΚΟ ΣΧΟΛΕΙΟ ΤΥΡΝΑΒΟΥ,22.289065,39.738311
14211,ΔΗΜΟΤΙΚΟ ΣΧΟΛΕΙΟ ΠΡΑΙΤΩΡΙΟΥ ΕΛΑΣΣΟΝΑΣ,,
14212,2ο ΔΗΜΟΤΙΚΟ ΣΧΟΛΕΙΟ ΛΑΡΙΣΑΣ  ΠΕΙΡΑΜΑΤΙΚΟ ΠΑΙΔ. ΑΚΑΔΗΜΙΑΣ,22.420768,39.638712
14213,ΔΗΜΟΤΙΚΟ ΣΧΟΛΕΙΟ ΣΟΦΟΥ ΛΑΡΙΣΑΣ,,
14214,35ο ΔΗΜΟΤΙΚΟ ΣΧΟΛΕΙΟ ΛΑΡΙΣΑΣ,22.41129,39.632853
14215,ΔΗΜΟΤΙΚΟ ΣΧΟΛΕΙΟ ΡΑΧΟΥΛΑΣ ΛΑΡΙΣΑΣ,22.29747,39.606312
14216,ΔΗΜΟΤΙΚΟ ΣΧΟΛΕΙΟ ΛΑΡΙΣΑΣ ΠΕΙΡΑΜΑΤΙΚΟ ΠΑΙΔ. ΑΚΑΔΗΜΙΑΣ,22.420912,39.638743
14217,ΔΗΜΟΤΙΚΟ ΣΧΟΛΕΙΟ ΜΑΝΔΡΑΣ ΛΑΡΙΣΑΣ,22.262067,39.614608
14218,19ο ΔΗΜΟΤΙΚΟ ΣΧΟΛΕΙΟ ΛΑΡΙΣΑΣ,,
14219,10ο ΔΗΜΟΤΙΚΟ ΣΧΟΛΕΙΟ ΛΑΡΙΣΑΣ,,
14220,ΕΙΔΙΚΟ ΔΗΜΟΤΙΚΟ ΣΧΟΛΕΙΟ ΓΑΛΑΝΟΒΡΥΣΗΣ,,
14221,ΔΗΜΟΤΙΚΟ ΣΧΟΛΕΙΟ ΦΑΡΣΑΛΩΝ ΕΙΔΙΚΟ,,
14222,ΔΗΜΟΤΙΚΟ ΣΧΟΛΕΙΟ ΑΓΙΩΝ ΑΝΑΡΓΥΡΩΝ ΛΑΡΙΣΑΣ,22.367639,39.523571
14223,ΔΗΜΟΤΙΚΟ ΣΧΟΛΕΙΟ ΑΜΥΓΔΑΛΕΑΣ ΛΑΡΙΣΑΣ,22.264754,39.652712
14224,12ο ΔΗΜΟΤΙΚΟ ΣΧΟΛΕΙΟ ΛΑΡΙΣΑΣ,22.421958,39.63574
14225,1ο ΔΗΜΟΤΙΚΟ ΣΧΟΛΕΙΟ ΛΑΡΙΣΑΣ,22.411485,39.632899
14226,ΔΗΜΟΤΙΚΟ ΣΧΟΛΕΙΟ ΔΕΝΔΡΩΝ,,
14227,ΔΗΜΟΤΙΚΟ ΣΧΟΛΕΙΟ ΧΑΡΑΣ ΛΑΡΙΣΑΣ,,
14228,ΔΗΜΟΤΙΚΟ ΣΧΟΛΕΙΟ ΕΛΑΤΕΙΑΣ,22.539243,39.811234
14229,1ο ΔΗΜΟΤΙΚΟ ΣΧΟΛΕΙΟ ΒΟΛΟΥ ΕΙΔΙΚΟ,,
14230,14ο ΔΗΜΟΤΙΚΟ ΣΧΟΛΕΙΟ ΛΑΡΙΣΑΣ,,
14231,1ο ΔΗΜΟΤΙΚΟ ΣΧΟΛΕΙΟ ΦΑΡΣΑΛΩΝ,22.388081,39.294635
14232,3ο ΔΗΜΟΤΙΚΟ ΣΧΟΛΕΙΟ ΤΥΡΝΑΒΟΥ,22.289065,39.738311
14233,3ο ΔΗΜΟΤΙΚΟ ΣΧΟΛΕΙΟ ΛΑΡΙΣΑΣ,22.411344,39.632647
14234,5ο ΔΗΜΟΤΙΚΟ ΣΧΟΛΕΙΟ ΛΑΡΙΣΑΣ,22.415151,39.638814
14235,ΔΙΕΥΘΥΝΣΗ Δ.Ε. ΦΘΙΩΤΙΔΑΣ,22.426933,38.891529
14236,ΔΙΕΥΘΥΝΣΗ Δ.Ε. ΜΑΓΝΗΣΙΑΣ,22.939721,39.36781
14237,ΔΙΕΥΘΥΝΣΗ Δ.Ε. ΛΑΡΙΣΑΣ,22.405254,39.636611
14238,ΔΙΕΥΘΥΝΣΗ Δ.Ε. ΤΡΙΚΑΛΩΝ,21.768002,39.552759
14239,ΔΙΕΥΘΥΝΣΗ Δ.Ε. ΕΥΡΥΤΑΝΙΑΣ,21.7892,38.914611
14240,ΔΙΕΥΘΥΝΣΗ Δ.Ε. ΚΑΡΔΙΤΣΑΣ,21.921182,39.360573
14241,1ο ΕΡΓΑΣΤΗΡΙΑΚΟ ΚΕΝΤΡΟ ΦΥΣΙΚΩΝ ΕΠΙΣΤΗΜΩΝ ΛΑΡΙΣΑΣ (ΛΑΡΙΣΑ),22.405464,39.632193
14242,1ο ΕΡΓΑΣΤΗΡΙΑΚΟ ΚΕΝΤΡΟ ΦΥΣΙΚΩΝ ΕΠΙΣΤΗΜΩΝ ΜΑΓΝΗΣΙΑΣ (ΒΟΛΟΣ),,
14243,2ο ΕΡΓΑΣΤΗΡΙΑΚΟ ΚΕΝΤΡΟ ΦΥΣΙΚΩΝ ΕΠΙΣΤΗΜΩΝ ΛΑΡΙΣΑΣ (ΕΛΑΣΣΟΝΑ),22.185323,39.883436
14244,1ο ΕΡΓΑΣΤΗΡΙΑΚΟ ΚΕΝΤΡΟ ΦΥΣΙΚΩΝ ΕΠΙΣΤΗΜΩΝ ΤΡΙΚΑΛΩΝ (ΤΡΙΚΑΛΑ),21.752566,39.55957
14245,1ο ΕΡΓΑΣΤΗΡΙΑΚΟ ΚΕΝΤΡΟ ΦΥΣΙΚΩΝ ΕΠΙΣΤΗΜΩΝ ΕΥΡΥΤΑΝΙΑΣ (ΚΑΡΠΕΝΗΣΙ),21.7892,38.914611
14246,1ο ΕΡΓΑΣΤΗΡΙΑΚΟ ΚΕΝΤΡΟ ΦΥΣΙΚΩΝ ΕΠΙΣΤΗΜΩΝ ΦΘΙΩΤΙΔΑΣ (ΛΑΜΙΑ),,
14247,1ο ΕΡΓΑΣΤΗΡΙΑΚΟ ΚΕΝΤΡΟ ΦΥΣΙΚΩΝ ΕΠΙΣΤΗΜΩΝ ΚΑΡΔΙΤΣΑΣ (ΚΑΡΔΙΤΣΑ),21.906802,39.373047
14248,ΚΕΣΥΠ ΜΑΓΝΗΣΙΑΣ,22.945847,39.360356
14249,ΚΕΣΥΠ ΦΘΙΩΤΙΔΑΣ,22.426933,38.891529
14250,ΚΕΣΥΠ ΚΑΡΔΙΤΣΑΣ,21.920688,39.360703
14251,ΚΕΣΥΠ ΛΑΡΙΣΑ,22.409339,39.63683
14252,ΚΕΣΥΠ ΕΥΡΥΤΑΝΙΑΣ,21.789792,38.915313
14253,ΚΕΣΥΠ ΤΡΙΚΑΛΩΝ,21.76434,39.549999
14254,ΓΡΑΦΕΙΟ Δ.Ε. ΚΑΡΔΙΤΣΑΣ,21.921201,39.360566
14255,3ο ΓΡΑΦΕΙΟ Δ.Ε. ΛΑΡΙΣΑΣ,,
14256,2ο ΓΡΑΦΕΙΟ Δ.Ε. ΜΑΓΝΗΣΙΑΣ,22.939721,39.367808
14257,1ο ΓΡΑΦΕΙΟ Δ.Ε. ΤΡΙΚΑΛΩΝ,21.768188,39.5527
14258,2ο ΓΡΑΦΕΙΟ Δ.Ε. ΦΘΙΩΤΙΔΑΣ,22.994949,38.653802
14259,1ο ΓΡΑΦΕΙΟ Δ.Ε. ΛΑΡΙΣΑΣ,22.405287,39.636418
14260,1ο ΓΡΑΦΕΙΟ Δ.Ε. ΜΑΓΝΗΣΙΑΣ,22.939716,39.36781
14261,2ο ΓΡΑΦΕΙΟ Δ.Ε. ΤΡΙΚΑΛΩΝ,,
14262,2ο ΓΡΑΦΕΙΟ Δ.Ε. ΛΑΡΙΣΑΣ,22.191089,39.887541
14263,1ο ΓΡΑΦΕΙΟ Δ.Ε. ΦΘΙΩΤΙΔΑΣ,22.426933,38.891529
14264,ΓΡΑΦΕΙΟ ΤΕΕ ΛΑΡΙΣΑΣ,22.404801,39.636042
14265,ΓΡΑΦΕΙΟ ΤΕΕ ΜΑΓΝΗΣΙΑΣ,22.939727,39.367811
14266,ΓΡΑΦΕΙΟ ΤΕΕ ΦΘΙΩΤΙΔΑΣ,,
14267,ΙΕΚ ΦΑΡΣΑΛΩΝ (ΠΑΡΑΡΤ. ΛΑΡΙΣΑΣ),,
14268,ΙΕΚ ΛΑΡΙΣΑΣ,,
14269,ΙΕΚ ΚΑΡΔΙΤΣΑΣ,,
14270,ΙΕΚ ΑΤΑΛΑΝΤΗΣ (ΠΑΡΑΡΤ. ΛΑΜΙΑΣ),,
14271,2ο ΙΕΚ ΛΑΡΙΣΑΣ,,
14272,ΙΕΚ ΛΑΜΙΑΣ,,
14273,ΙΕΚ ΚΑΡΠΕΝΗΣΙΟΥ,,
14274,ΙΕΚ ΤΡΙΚΑΛΩΝ,,
14275,ΙΕΚ ΕΛΑΣΣΟΝΑΣ,,
14276,2ο ΙΕΚ ΒΟΛΟΥ,,
14277,ΙΕΚ ΒΟΛΟΥ,22.923881,39.356987
14278,ΙΕΚ ΑΛΜΥΡΟΥ (ΠΑΡΑΡΤ. ΒΟΛΟΥ),,
14279,ΙΕΚ ΣΠΕΡΧΕΙΑΔΑΣ (ΠΑΡΑΡΤ. ΛΑΜΙΑΣ),,
14280,ΙΕΚ ΣΚΙΑΘΟΥ,,
14281,ΔΙΕΥΘΥΝΣΗ Π.Ε. ΜΑΓΝΗΣΙΑΣ,22.945883,39.360285
14282,ΔΙΕΥΘΥΝΣΗ Π.Ε. ΦΘΙΩΤΙΔΑΣ,,
14283,ΔΙΕΥΘΥΝΣΗ Π.Ε. ΕΥΡΥΤΑΝΙΑΣ,21.789394,38.91469
14284,ΔΙΕΥΘΥΝΣΗ Π.Ε. ΛΑΡΙΣΑΣ,,
14285,ΔΙΕΥΘΥΝΣΗ Π.Ε. ΤΡΙΚΑΛΩΝ,21.768093,39.552728
14286,ΔΙΕΥΘΥΝΣΗ Π.Ε. ΚΑΡΔΙΤΣΑΣ,21.920769,39.359097
14287,1ο ΓΡΑΦΕΙΟ Π.Ε. ΛΑΡΙΣΑΣ,,
14288,2ο ΓΡΑΦΕΙΟ Π.Ε. ΤΡΙΚΑΛΩΝ,,
14289,1ο ΓΡΑΦΕΙΟ Π.Ε. ΦΘΙΩΤΙΔΑΣ,,
14290,5ο ΓΡΑΦΕΙΟ Π.Ε. ΛΑΡΙΣΑΣ,,
14291,2ο ΓΡΑΦΕΙΟ Π.Ε. ΚΑΡΔΙΤΣΑΣ,,
14292,3ο ΓΡΑΦΕΙΟ Π.Ε. ΛΑΡΙΣΑΣ,,
14293,1ο ΓΡΑΦΕΙΟ Π.Ε. ΜΑΓΝΗΣΙΑΣ,,
14294,2ο ΓΡΑΦΕΙΟ Π.Ε. ΦΘΙΩΤΙΔΑΣ,,
14295,1ο ΓΡΑΦΕΙΟ Π.Ε. ΤΡΙΚΑΛΩΝ,,
14296,4ο ΓΡΑΦΕΙΟ Π.Ε. ΛΑΡΙΣΑΣ,,
14297,3ο ΓΡΑΦΕΙΟ Π.Ε. ΚΑΡΔΙΤΣΑΣ,,
14298,4ο ΓΡΑΦΕΙΟ Π.Ε. ΚΑΡΔΙΤΣΑΣ,,
14299,2ο ΓΡΑΦΕΙΟ Π.Ε. ΛΑΡΙΣΑΣ,,
14300,3ο ΓΡΑΦΕΙΟ Π.Ε. ΦΘΙΩΤΙΔΑΣ,,
14301,1ο ΓΡΑΦΕΙΟ Π.Ε. ΚΑΡΔΙΤΣΑΣ,21.920763,39.359092
14302,2ο ΓΡΑΦΕΙΟ Π.Ε. ΜΑΓΝΗΣΙΑΣ,22.945816,39.360224
14303,3ο ΓΡΑΦΕΙΟ Π.Ε. ΤΡΙΚΑΛΩΝ,,
14304,3ο ΓΡΑΦΕΙΟ Π.Ε. ΜΑΓΝΗΣΙΑΣ,22.945808,39.360267
14305,ΠΕΡΙΦΕΡΕΙΑΚΟ ΕΠΙΜΟΡΦΩΤΙΚΟ ΚΕΝΤΡΟ ΛΑΜΙΑΣ,,
14306,ΠΕΡΙΦΕΡΕΙΑΚΟ ΕΠΙΜΟΡΦΩΤΙΚΟ ΚΕΝΤΡΟ ΛΑΡΙΣΑΣ,,
14307,29ο ΝΗΠΙΑΓΩΓΕΙΟ ΚΑΡΔΙΤΣΑΣ,,
14308,ΝΗΠΙΑΓΩΓΕΙΟ ΦΟΥΡΝΑΣ,21.880021,39.058222
14309,24ο ΝΗΠΙΑΓΩΓΕΙΟ ΚΑΡΔΙΤΣΑΣ,,
14310,3ο ΝΗΠΙΑΓΩΓΕΙΟ ΚΑΡΔΙΤΣΑΣ,,
14311,ΝΗΠΙΑΓΩΓΕΙΟ ΓΙΑΝΝΙΤΣΟΥΣ,22.114301,38.993835
14312,ΝΗΠΙΑΓΩΓΕΙΟ ΤΡΑΓΑΝΑΣ,23.124729,38.619324
14313,5ο ΝΗΠΙΑΓΩΓΕΙΟ ΛΑΡΙΣΑΣ,,
14314,ΝΗΠΙΑΓΩΓΕΙΟ ΛΟΥΤΡΟΠΗΓΗΣ,,
14315,2ο ΝΗΠΙΑΓΩΓΕΙΟ ΜΟΥΖΑΚΙΟΥ,21.662453,39.432066
14316,1ο ΝΗΠΙΑΓΩΓΕΙΟ ΚΑΡΠΕΝΗΣΙΟΥ,21.788398,38.916378
14317,2ο ΝΗΠΙΑΓΩΓΕΙΟ ΚΑΛΛΙΦΩΝΙΟΥ,,
14318,ΝΗΠΙΑΓΩΓΕΙΟ ΑΓΙΑΣ ΤΡΙΑΔΑΣ,21.899993,39.462978
14319,24ο ΝΗΠΙΑΓΩΓΕΙΟ ΛΑΜΙΑΣ-ΑΓΙΑΣ ΠΑΡΑΣΚΕΥΗΣ,,
14320,4ο ΝΗΠΙΑΓΩΓΕΙΟ ΚΑΡΠΕΝΗΣΙΟΥ,21.792477,38.90703
14321,ΝΗΠΙΑΓΩΓΕΙΟ ΡΙΖΟΒΟΥΝΙΟΥ,21.868727,39.439253
14322,2ο ΝΗΠΙΑΓΩΓΕΙΟ ΕΛΑΣΣΟΝΟΣ,22.19111,39.891409
14323,ΝΗΠΙΑΓΩΓΕΙΟ ΣΤΕΦΑΝΟΒΟΥΝΟΥ ΕΛΑΣΣΟΝΑΣ,22.180661,39.841656
14324,15ο ΝΗΠΙΑΓΩΓΕΙΟ ΛΑΜΙΑΣ,,
14325,ΝΗΠΙΑΓΩΓΕΙΟ ΦΡΑΓΚΟΥ,21.844519,39.356347
14326,6ο ΝΗΠΙΑΓΩΓΕΙΟ ΚΑΡΔΙΤΣΑΣ,,
14327,5ο ΝΗΠΙΑΓΩΓΕΙΟ ΚΑΡΔΙΤΣΑΣ,,
14328,ΝΗΠΙΑΓΩΓΕΙΟ ΠΑΛΗΟΚΛΗΣΙΟΥ,21.865075,39.37583
14329,3ο ΝΗΠΙΑΓΩΓΕΙΟ ΛΑΡΙΣΑΣ,,
14330,1ο ΝΗΠΙΑΓΩΓΕΙΟ ΠΑΛΑΜΑ,22.07396,39.468849
14331,ΝΗΠΙΑΓΩΓΕΙΟ ΜΑΚΡΥΧΩΡΙΟΥ,21.968451,39.439635
14332,ΝΗΠΙΑΓΩΓΕΙΟ ΗΡΑΚΛΕΙΑΣ,22.449235,38.805565
14333,ΝΗΠΙΑΓΩΓΕΙΟ ΚΡΕΝΤΗΣ,,
14334,10ο ΝΗΠΙΑΓΩΓΕΙΟ ΛΑΜΙΑΣ,22.441438,38.900768
14335,ΝΗΠΙΑΓΩΓΕΙΟ ΥΠΑΤΗΣ,22.243003,38.868645
14336,ΝΗΠΙΑΓΩΓΕΙΟ ΑΓΙΟΠΗΓΗΣ,21.920923,39.317585
14337,22ο ΝΗΠΙΑΓΩΓΕΙΟ ΚΑΡΔΙΤΣΑΣ,,
14338,ΝΗΠΙΑΓΩΓΕΙΟ ΚΑΡΔΙΤΣΑΣ ΕΙΔΙΚΟ,,
14339,ΝΗΠΙΑΓΩΓΕΙΟ ΛΟΥΤΡΟΥ,,
14340,ΝΗΠΙΑΓΩΓΕΙΟ ΜΕΛΙΒΟΙΑΣ ΑΓΙΟΥ ,22.797199,39.749233
14341,ΝΗΠΙΑΓΩΓΕΙΟ ΟΡΦΑΝΩΝ,22.219521,39.403604
14342,17ο ΝΗΠΙΑΓΩΓΕΙΟ ΚΑΡΔΙΤΣΑΣ,,
14343,3ο ΝΗΠΙΑΓΩΓΕΙΟ ΚΑΡΠΕΝΗΣΙΟΥ,21.806631,38.908447
14344,ΝΗΠΙΑΓΩΓΕΙΟ ΒΑΛΑΩΡΑΣ,21.44984,39.036251
14345,2ο ΝΗΠΙΑΓΩΓΕΙΟ ΠΑΛΑΜΑ,22.073952,39.469082
14346,ΝΗΠΙΑΓΩΓΕΙΟ ΚΡΑΝΕΑΣ ΚΑΡΔΙΤΣΑΣ,21.835577,39.446776
14347,25ο ΝΗΠΙΑΓΩΓΕΙΟ ΑΝΘΗΛΗΣ ΛΑΜΙΑΣ,,
14348,ΝΗΠΙΑΓΩΓΕΙΟ ΚΑΛΟΓΡΑΙΑΝΩΝ,21.874815,39.463941
14349,ΝΗΠΙΑΓΩΓΕΙΟ ΠΑΛΑΙΟΧΩΡΙΟΥ,21.825995,39.470199
14350,44ο ΝΗΠΙΑΓΩΓΕΙΟ ΛΑΡΙΣΑΣ,,
14351,ΝΗΠΙΑΓΩΓΕΙΟ ΜΕΣΕΝΙΚΟΛΑ,21.761753,39.341656
14352,2ο ΝΗΠΙΑΓΩΓΕΙΟ ΚΑΡΔΙΤΣΟΜΑΓΟΥΛΑΣ,21.925738,39.392519
14353,2ο ΝΗΠΙΑΓΩΓΕΙΟ ΚΑΡΔΙΤΣΑΣ,,
14354,ΝΗΠΙΑΓΩΓΕΙΟ ΚΑΝΑΛΙΩΝ ΚΑΡΔΙΤΣΑΣ,,
14355,2ο ΝΗΠΙΑΓΩΓΕΙΟ ΦΑΛΑΝΗΣ,22.400967,39.719097
14356,12ο ΝΗΠΙΑΓΩΓΕΙΟ ΚΑΡΔΙΤΣΑΣ,,
14357,10ο ΝΗΠΙΑΓΩΓΕΙΟ ΚΑΡΔΙΤΣΑΣ,,
14358,4ο ΝΗΠΙΑΓΩΓΕΙΟ ΑΜΠΕΛΩΝΑ,,
14359,ΝΗΠΙΑΓΩΓΕΙΟ ΕΛΑΤΕΙΑΣ,22.539309,39.811372
14360,ΝΗΠΙΑΓΩΓΕΙΟ ΑΡΤΕΣΙΑΝΟΥ,21.896696,39.40168
14361,1ο ΝΗΠΙΑΓΩΓΕΙΟ ΚΑΡΔΙΤΣΟΜΑΓΟΥΛΑΣ,21.925734,39.392539
14362,ΝΗΠΙΑΓΩΓΕΙΟ ΜΕΞΙΑΤΩΝ,22.316756,38.880112
14363,ΝΗΠΙΑΓΩΓΕΙΟ ΑΡΚΙΤΣΑΣ,23.035342,38.742492
14364,ΝΗΠΙΑΓΩΓΕΙΟ ΡΕΓΓΙΝΙΟΥ ΑΤΑΛΑΝΤΗΣ,22.710565,38.716876
14365,ΝΗΠΙΑΓΩΓΕΙΟ ΤΙΘΟΡΕΑΣ,22.669771,38.582599
14366,2ο ΝΗΠΙΑΓΩΓΕΙΟ ΤΥΡΝΑΒΟΥ,22.289065,39.738311
14367,ΝΗΠΙΑΓΩΓΕΙΟ ΜΑΡΤΙΝΟΥ ΑΤΑΛΑΝΤ,23.216688,38.566537
14368,ΝΗΠΙΑΓΩΓΕΙΟ ΒΡΥΝΑΙΝΑΣ,22.810913,39.067646
14369,30ο ΝΗΠΙΑΓΩΓΕΙΟ ΚΑΡΔΙΤΣΑΣ,,
14370,8ο ΝΗΠΙΑΓΩΓΕΙΟ ΛΑΡΙΣΑΣ,,
14371,2ο ΝΗΠΙΑΓΩΓΕΙΟ ΜΗΤΡΟΠΟΛΗΣ,21.841438,39.339594
14372,2ο ΝΗΠΙΑΓΩΓΕΙΟ ΠΡΟΑΣΤΙΟΥ,21.90537,39.487063
14373,"ΝΗΠΙΑΓΩΓΕΙΟ ""ΠΑΡΑΜΥΘΟΚΟΣΜΟΣ""",,
14374,ΝΗΠΙΑΓΩΓΕΙΟ ΔΑΣΟΛΟΦΟΥ,22.493834,39.343513
14375,4ο ΝΗΠΙΑΓΩΓΕΙΟ ΦΑΡΣΑΛΩΝ,22.388082,39.294636
14376,5ο ΝΗΠΙΑΓΩΓΕΙΟ ΦΑΡΣΑΛΩΝ,22.388081,39.294635
14377,4ο ΝΗΠΙΑΓΩΓΕΙΟ ΒΟΛΟΥ,22.957362,39.356285
14378,ΝΗΠΙΑΓΩΓΕΙΟ ΚΟΜΜΑΤΟΣ,22.432937,38.854409
14379,ΝΗΠΙΑΓΩΓΕΙΟ ΒΑΡΔΑΛΗΣ,22.318484,39.201203
14380,20ο ΝΗΠΙΑΓΩΓΕΙΟ ΚΑΡΔΙΤΣΑΣ,,
14381,1ο ΝΗΠΙΑΓΩΓΕΙΟ ΚΑΡΔΙΤΣΑΣ,,
14382,ΝΗΠΙΑΓΩΓΕΙΟ ΚΡΥΟΝΕΡΙΟΥ,21.687461,39.331017
14383,ΝΗΠΙΑΓΩΓΕΙΟ ΓΟΝΝΩΝ,22.476527,39.860076
14384,ΝΗΠΙΑΓΩΓΕΙΟ ΓΡΑΜΜΑΤΙΚΟΥ,22.216375,39.248754
14385,16ο ΝΗΠΙΑΓΩΓΕΙΟ ΚΑΡΔΙΤΣΑΣ,,
14386,ΝΗΠΙΑΓΩΓΕΙΟ ΛΕΥΚΑΔΑ,21.993582,38.906307
14387,4ο ΝΗΠΙΑΓΩΓΕΙΟ ΜΟΥΖΑΚΙΟΥ,,
14388,5ο ΝΗΠΙΑΓΩΓΕΙΟ ΒΟΛΟΥ,22.956551,39.363239
14389,28ο ΝΗΠΙΑΓΩΓΕΙΟ ΒΟΛΟΥ,,
14390,1ο ΝΗΠΙΑΓΩΓΕΙΟ ΜΟΥΡΕΣΙΟΥ-ΤΣΑΓΚΑΡΑΔΑΣ,23.181929,39.381946
14391,1ο ΝΗΠΙΑΓΩΓΕΙΟ ΣΗΠΙΑΔΑΣ-ΛΑΥΚΟΥ,23.246582,39.177021
14392,ΝΗΠΙΑΓΩΓΕΙΟ ΜΕΛΙΣΣΑΣ,,
14393,ΝΗΠΙΑΓΩΓΕΙΟ ΚΟΜΠΟΤΑΔΩΝ,22.347452,38.865318
14394,ΝΗΠΙΑΓΩΓΕΙΟ ΚΡΙΚΕΛΛΟΥ,22.432456,38.823089
14395,ΝΗΠΙΑΓΩΓΕΙΟ ΠΕΤΡΟΠΟΡΟΥ ΤΡΙΚΑΛΩΝ,21.928863,39.561646
14396,ΝΗΠΙΑΓΩΓΕΙΟ ΜΕΓΑΛΟΥ ΜΟΝΑΣΤΗΡΙΟΥ,22.676303,39.437
14397,ΝΗΠΙΑΓΩΓΕΙΟ ΚΑΛΟΧΩΡΙΟΥ,22.546327,39.718945
14398,ΝΗΠΙΑΓΩΓΕΙΟ ΑΡΜΕΝΙΟΥ ΛΑΡΙΣΑΣ,22.695886,39.487521
14399,ΝΗΠΙΑΓΩΓΕΙΟ ΛΟΥΤΡΟΥ ΕΛΑΣΣΟΝΑΣ,21.934663,39.968392
14400,ΝΗΠΙΑΓΩΓΕΙΟ ΛΙΒΑΔΙΟΥ,22.158942,40.124995
14401,ΝΗΠΙΑΓΩΓΕΙΟ ΚΑΡΑΒΟΜΥΛΟΥ,22.704422,38.88767
14402,ΝΗΠΙΑΓΩΓΕΙΟ ΓΛΥΦΑΣ,22.968669,38.953142
14403,ΝΗΠΙΑΓΩΓΕΙΟ ΚΑΛΥΒΙΩΝ ΚΟΚΚΙΝΟΠ ΕΛΑΣΣΟΝ,,
14404,ΝΗΠΙΑΓΩΓΕΙΟ ΘΕΡΜΟΠΥΛΩΝ,22.545822,38.797981
14405,ΝΗΠΙΑΓΩΓΕΙΟ ΦΗΚΗΣ,21.655041,39.514849
14406,28ο ΝΗΠΙΑΓΩΓΕΙΟ ΚΑΡΔΙΤΣΑΣ,,
14407,ΝΗΠΙΑΓΩΓΕΙΟ ΚΑΡΥΑΣ ΕΛΑΣΣΟΝΑΣ,,
14408,ΝΗΠΙΑΓΩΓΕΙΟ ΚΑΛΛΙΘΕΑΣ ΕΛΑΣΣΟΝΑΣ,,
14409,ΝΗΠΙΑΓΩΓΕΙΟ ΟΛΥΜΠΙΑΔΑΣ ΕΛΑΣΣΟΝΑΣ,,
14410,11ο ΝΗΠΙΑΓΩΓΕΙΟ ΛΑΡΙΣΑΣ,,
14411,ΝΗΠΙΑΓΩΓΕΙΟ ΠΥΡΓΕΤΟΥ,,
14412,2ο ΝΗΠΙΑΓΩΓΕΙΟ ΚΡΑΝΕΑΣ ΕΛΑΣΣΟΝΑΣ,21.970793,39.951698
14413,1ο ΝΗΠΙΑΓΩΓΕΙΟ ΚΡΑΝΕΑΣ ΕΛΑΣΣΟΝΑΣ,21.970752,39.951603
14414,ΝΗΠΙΑΓΩΓΕΙΟ ΠΟΥΡΝΑΡΙΟΥ,22.576084,39.77543
14415,ΝΗΠΙΑΓΩΓΕΙΟ ΑΜΠΕΛΑΚΙΩΝ,,
14416,ΝΗΠΙΑΓΩΓΕΙΟ ΔΕΝΔΡΩΝ,,
14417,ΝΗΠΙΑΓΩΓΕΙΟ ΑΜΥΓΔΑΛΕΑΣ,22.264712,39.652531
14418,ΝΗΠΙΑΓΩΓΕΙΟ ΚΑΠΠΑΔΟΚΙΚΟΥ,22.144625,39.263794
14419,ΝΗΠΙΑΓΩΓΕΙΟ ΙΤΕΑΣ,22.161762,39.457718
14420,ΝΗΠΙΑΓΩΓΕΙΟ ΠΥΡΓΕΤΟΥ,22.595657,39.918051
14421,ΝΗΠΙΑΓΩΓΕΙΟ ΑΜΠΕΛΟΥ,22.04862,39.28722
14422,2ο ΝΗΠΙΑΓΩΓΕΙΟ ΑΓΝΑΝΤΕΡΟΥ,,
14423,ΝΗΠΙΑΓΩΓΕΙΟ ΜΑΥΡΑΧΑΔΩΝ,22.078226,39.264474
14424,ΝΗΠΙΑΓΩΓΕΙΟ ΝΕΟΥ ΙΚΟΝΙΟΥ,,
14425,4ο ΝΗΠΙΑΓΩΓΕΙΟ ΚΑΡΔΙΤΣΑΣ,,
14426,16ο ΝΗΠΙΑΓΩΓΕΙΟ ΛΑΜΙΑΣ,,
14427,1ο ΝΗΠΙΑΓΩΓΕΙΟ ΑΜΠΕΛΩΝΑ,,
14428,ΝΗΠΙΑΓΩΓΕΙΟ ΣΥΚΟΥΡΙΟΥ,22.580498,39.758771
14429,ΝΗΠΙΑΓΩΓΕΙΟ ΛΕΟΝΤΑΡΙΟΥ,22.134703,39.180467
14430,1ο ΝΗΠΙΑΓΩΓΕΙΟ ΦΑΛΑΝΗΣ,22.401013,39.719202
14431,ΝΗΠΙΑΓΩΓΕΙΟ ΓΟΡΓΟΒΙΤΩΝ,22.017516,39.400455
14432,ΝΗΠΙΑΓΩΓΕΙΟ ΜΕΛΙΣΣΟΧΩΡΙΟΥ,22.036213,39.25518
14433,ΝΗΠΙΑΓΩΓΕΙΟ ΜΑΚΡΥΧΩΡΙΟΥ ΛΑΡΙΣΑΣ,22.489836,39.80312
14434,ΝΗΠΙΑΓΩΓΕΙΟ ΨΑΘΟΧΩΡΑΣ,,
14435,34ο ΝΗΠΙΑΓΩΓΕΙΟ ΛΑΡΙΣΑΣ,,
14436,ΝΗΠΙΑΓΩΓΕΙΟ ΑΙΓΑΝΗΣ,22.612638,39.951572
14437,35ο ΝΗΠΙΑΓΩΓΕΙΟ ΛΑΡΙΣΑΣ,,
14438,3ο ΝΗΠΙΑΓΩΓΕΙΟ ΑΤΑΛΑΝΤΗΣ,22.994122,38.652805
14439,33ο ΝΗΠΙΑΓΩΓΕΙΟ ΛΑΡΙΣΑΣ,,
14440,ΝΗΠΙΑΓΩΓΕΙΟ ΖΗΛΕΥΤΟΥ,22.262448,38.928881
14441,32ο ΝΗΠΙΑΓΩΓΕΙΟ ΛΑΡΙΣΑΣ,,
14442,18ο ΝΗΠΙΑΓΩΓΕΙΟ ΛΑΜΙΑΣ,,
14443,30ο ΝΗΠΙΑΓΩΓΕΙΟ ΛΑΡΙΣΑΣ,,
14444,18ο ΝΗΠΙΑΓΩΓΕΙΟ ΚΑΡΔΙΤΣΑΣ,,
14445,19ο ΝΗΠΙΑΓΩΓΕΙΟ ΚΑΡΔΙΤΣΑΣ,,
14446,29ο ΝΗΠΙΑΓΩΓΕΙΟ ΛΑΡΙΣΑΣ,,
14447,28ο ΝΗΠΙΑΓΩΓΕΙΟ ΛΑΡΙΣΑΣ,,
14448,ΝΗΠΙΑΓΩΓΕΙΟ ΚΑΛΑΜΑΚΙΟΥ,,
14449,ΝΗΠΙΑΓΩΓΕΙΟ ΜΕΣΟΧΩΡΙΟΥ,,
14450,ΝΗΠΙΑΓΩΓΕΙΟ ΑΓΙΩΝ ΑΝΑΡΓΥΡΩΝ ΛΑΡΙΣΑΣ,22.367427,39.52355
14451,ΝΗΠΙΑΓΩΓΕΙΟ ΑΡΓΥΡΟΠΟΥΛΕΙΟΥ,22.308402,39.825025
14452,3ο ΝΗΠΙΑΓΩΓΕΙΟ ΤΥΡΝΑΒΟΥ,22.289065,39.738311
14453,35ο ΝΗΠΙΑΓΩΓΕΙΟ ΚΑΡΔΙΤΣΑΣ,,
14454,ΝΗΠΙΑΓΩΓΕΙΟ ΓΟΡΓΟΠΟΤΑΜΟΥ,22.397797,38.832503
14455,ΝΗΠΙΑΓΩΓΕΙΟ ΔΑΜΑΣΤΑΣ,22.481041,38.798953
14456,ΝΗΠΙΑΓΩΓΕΙΟ ΛΑΔΙΚΟΥΣ,22.230934,38.898865
14457,1ο ΝΗΠΙΑΓΩΓΕΙΟ ΜΟΥΖΑΚΙΟΥ,21.662453,39.43207
14458,33ο ΝΗΠΙΑΓΩΓΕΙΟ ΒΟΛΟΥ,22.954211,39.360014
14459,2ο ΝΗΠΙΑΓΩΓΕΙΟ ΙΩΛΚΟΥ,22.977881,39.376736
14460,ΝΗΠΙΑΓΩΓΕΙΟ ΦΡΑΝΤΖΗ,22.388684,38.849867
14461,ΝΗΠΙΑΓΩΓΕΙΟ ΛΟΥΤΡΩΝ ΥΠΑΤΗΣ,22.277576,38.894149
14462,ΝΗΠΙΑΓΩΓΕΙΟ ΤΥΜΦΡΗΣΤΟΥ,21.916657,38.909282
14463,1ο ΝΗΠΙΑΓΩΓΕΙΟ ΛΑΡΙΣΑΣ,,
14464,ΝΗΠΙΑΓΩΓΕΙΟ ΜΙΚΡΟΘΗΒΩΝ,,
14465,ΝΗΠΙΑΓΩΓΕΙΟ ΜΕΛΙΣΣΟΧΩΡΙΟΥ,22.504437,39.629694
14466,ΝΗΠΙΑΓΩΓΕΙΟ ΟΜΟΡΦΟΧΩΡΙΟΥ,22.477771,39.674076
14467,31ο ΝΗΠΙΑΓΩΓΕΙΟ ΛΑΡΙΣΑΣ,,
14468,2ο ΝΗΠΙΑΓΩΓΕΙΟ ΠΛΑΤΥΚΑΜΠΟΥ,22.538745,39.620334
14469,ΝΗΠΙΑΓΩΓΕΙΟ ΑΖΩΡΟΥ,22.081813,39.996817
14470,12ο ΝΗΠΙΑΓΩΓΕΙΟ ΛΑΡΙΣΑΣ,,
14471,ΝΗΠΙΑΓΩΓΕΙΟ ΟΜΟΛΙΟΥ,,
14472,27ο ΝΗΠΙΑΓΩΓΕΙΟ ΛΑΡΙΣΑΣ,,
14473,ΝΗΠΙΑΓΩΓΕΙΟ ΓΛΑΥΚΗΣ ΛΑΡΙΣΑΣ,22.578391,39.611594
14474,ΝΗΠΙΑΓΩΓΕΙΟ ΑΝΑΒΡΑΣ,22.700964,39.676124
14475,ΝΗΠΙΑΓΩΓΕΙΟ ΔΑΦΝΟΣΠΗΛΙΑΣ,21.947633,39.227633
14476,1ο ΝΗΠΙΑΓΩΓΕΙΟ ΛΑΜΙΑΣ,,
14477,ΝΗΠΙΑΓΩΓΕΙΟ ΓΕΡΑΚΑΡΙΟΥ,22.690446,39.689926
14478,ΝΗΠΙΑΓΩΓΕΙΟ ΜΕΛΙΑΣ,22.605873,39.565201
14479,ΝΗΠΙΑΓΩΓΕΙΟ ΝΕΩΝ ΚΑΡΥΩΝ,,
14480,ΝΗΠΙΑΓΩΓΕΙΟ ΑΧΙΝΟΥ,22.723963,38.890437
14481,2ο ΝΗΠΙΑΓΩΓΕΙΟ ΜΑΛΕΣΙΝΑΣ,23.232944,38.621995
14482,ΝΗΠΙΑΓΩΓΕΙΟ ΑΓΙΟΥ ΣΕΡΑΦΕΙΜ,22.705104,38.799963
14483,ΝΗΠΙΑΓΩΓΕΙΟ ΚΡΥΑΣ ΒΡΥΣΗΣ,21.875348,39.323618
14484,ΝΗΠΙΑΓΩΓΕΙΟ ΚΥΨΕΛΗΣ,22.14153,39.372199
14485,3ο ΝΗΠΙΑΓΩΓΕΙΟ ΜΟΥΖΑΚΙΟΥ,21.662452,39.432085
14486,ΝΗΠΙΑΓΩΓΕΙΟ ΡΑΧΟΥΛΑΣ,21.873923,39.237147
14487,ΝΗΠΙΑΓΩΓΕΙΟ ΠΤΕΛΟΠΟΥΛΑΣ,21.977294,39.324831
14488,ΝΗΠΙΑΓΩΓΕΙΟ ΛΑΖΑΡΙΝΑΣ,21.736349,39.460768
14489,ΝΗΠΙΑΓΩΓΕΙΟ ΜΑΣΧΟΛΟΥΡΙΟΥ,22.087601,39.345827
14490,30ο ΝΗΠΙΑΓΩΓΕΙΟ ΤΡΙΚΑΛΩΝ,21.773928,39.548019
14491,ΝΗΠΙΑΓΩΓΕΙΟ ΜΑΡΑΘΕΑΣ,22.001519,39.529869
14492,ΝΗΠΙΑΓΩΓΕΙΟ ΖΑΙΜΙΟΥ,21.940199,39.29734
14493,3ο ΝΗΠΙΑΓΩΓΕΙΟ ΠΑΛΑΜΑ,22.073941,39.469185
14494,ΝΗΠΙΑΓΩΓΕΙΟ ΑΓΙΟΥ ΓΕΩΡΓΙΟΥ,21.836971,39.295953
14495,ΝΗΠΙΑΓΩΓΕΙΟ ΛΥΓΑΡΙΑΣ,22.356721,38.938209
14496,23ο ΝΗΠΙΑΓΩΓΕΙΟ ΛΑΜΙΑΣ ΜΕΓΑΛΗΣ ΒΡΥΣΗΣ,,
14497,4ο ΝΗΠΙΑΓΩΓΕΙΟ ΣΟΦΑΔΩΝ ΤΣΙΓΓΑΝΟΠΑΙΔΩΝ,22.099542,39.332916
14498,ΝΗΠΙΑΓΩΓΕΙΟ ΡΟΥΣΣΟΥ,21.905158,39.311915
14499,11ο ΝΗΠΙΑΓΩΓΕΙΟ ΚΑΡΔΙΤΣΑΣ,,
14500,ΝΗΠΙΑΓΩΓΕΙΟ ΓΕΩΡΓΙΚΟΥ,21.865005,39.332395
14501,14ο ΝΗΠΙΑΓΩΓΕΙΟ ΚΑΡΔΙΤΣΑΣ,,
14502,13ο ΝΗΠΙΑΓΩΓΕΙΟ ΚΑΡΔΙΤΣΑΣ,,
14503,ΝΗΠΙΑΓΩΓΕΙΟ ΡΑΧΩΝ,22.782987,38.889427
14504,36ο ΝΗΠΙΑΓΩΓΕΙΟ ΚΑΡΔΙΤΣΑΣ,,
14505,ΝΗΠΙΑΓΩΓΕΙΟ ΟΜΒΡΙΑΚΗΣ,22.272043,39.099621
14506,ΝΗΠΙΑΓΩΓΕΙΟ ΕΚΚΑΡΑΣ,22.19836,39.152468
14507,1ο ΝΗΠΙΑΓΩΓΕΙΟ ΛΑΡΥΜΝΑΣ,23.281673,38.564673
14508,8ο ΝΗΠΙΑΓΩΓΕΙΟ ΛΑΜΙΑΣ,,
14509,13ο ΝΗΠΙΑΓΩΓΕΙΟ ΛΑΜΙΑΣ,,
14510,3ο ΝΗΠΙΑΓΩΓΕΙΟ ΛΑΜΙΑΣ,,
14511,15ο ΝΗΠΙΑΓΩΓΕΙΟ ΚΑΡΔΙΤΣΑΣ,,
14512,3ο ΝΗΠΙΑΓΩΓΕΙΟ ΣΟΦΑΔΩΝ,22.099534,39.333049
14513,17ο ΝΗΠΙΑΓΩΓΕΙΟ ΛΑΜΙΑΣ,,
14514,9ο ΝΗΠΙΑΓΩΓΕΙΟ ΚΑΡΔΙΤΣΑΣ,,
14515,ΝΗΠΙΑΓΩΓΕΙΟ ΜΕΓΑΛΟΥ ΚΕΦΑΛΟΒΡΥΣΟΥ,21.688692,39.580925
14516,ΝΗΠΙΑΓΩΓΕΙΟ ΛΕΠΤΟΚΑΡΥΑΣ,,
14517,ΝΗΠΙΑΓΩΓΕΙΟ ΓΡΑΝΙΤΣΗΣ,21.513169,39.100881
14518,ΝΗΠΙΑΓΩΓΕΙΟ ΕΛΑΤΗΣ,21.537259,39.501553
14519,4ο ΝΗΠΙΑΓΩΓΕΙΟ ΦΕΡΩΝ-ΑΕΡΙΝΟΥ,22.761616,39.333642
14520,ΝΗΠΙΑΓΩΓΕΙΟ ΛΑΡΙΣΑΣ ΕΙΔΙΚΟ,,
14521,14ο ΝΗΠΙΑΓΩΓΕΙΟ ΝΕΑΣ ΙΩΝΙΑΣ,22.932611,39.373518
14522,12ο ΝΗΠΙΑΓΩΓΕΙΟ ΤΡΙΚΑΛΩΝ,,
14523,ΝΗΠΙΑΓΩΓΕΙΟ ΡΑΞΑΣ,,
14524,ΝΗΠΙΑΓΩΓΕΙΟ ΑΓΙΟΥ ΝΕΚΤΑΡΙΟΥ,,
14525,ΝΗΠΙΑΓΩΓΕΙΟ ΒΕΛΕΤΣΙΩΤΩΝ,22.246405,39.150703
14526,ΝΗΠΙΑΓΩΓΕΙΟ ΠΑΝΑΓΙΤΣΑΣ,22.05419,39.603095
14527,ΝΗΠΙΑΓΩΓΕΙΟ ΜΑΤΑΡΑΓΚΑΣ,22.073289,39.396382
14528,ΝΗΠΙΑΓΩΓΕΙΟ ΛΙΒΑΝΑΤΩΝ ΑΤΑΛΑΝΤ,23.054375,38.710685
14529,1ο ΝΗΠΙΑΓΩΓΕΙΟ ΟΙΧΑΛΙΑΣ ΤΡΙΚΑΛΩΝ,21.979903,39.606195
14530,31ο ΝΗΠΙΑΓΩΓΕΙΟ ΤΡΙΚΑΛΩΝ,21.760051,39.54924
14531,1ο ΝΗΠΙΑΓΩΓΕΙΟ ΙΩΛΚΟΥ,22.977835,39.376819
14532,26ο ΝΗΠΙΑΓΩΓΕΙΟ ΚΑΡΔΙΤΣΑΣ,,
14533,ΝΗΠΙΑΓΩΓΕΙΟ ΑΓΙΟΥ ΝΙΚΟΛΑΟΥ,21.864807,38.891489
14534,5ο ΝΗΠΙΑΓΩΓΕΙΟ ΛΑΜΙΑΣ,,
14535,2ο ΝΗΠΙΑΓΩΓΕΙΟ ΛΑΜΙΑΣ,22.429918,38.901604
14536,1ο ΝΗΠΙΑΓΩΓΕΙΟ ΜΑΛΕΣΙΝΑΣ,23.232782,38.621814
14537,ΝΗΠΙΑΓΩΓΕΙΟ ΣΥΚΕΩΝ,22.208117,39.487329
14538,ΝΗΠΙΑΓΩΓΕΙΟ ΚΑΠΠΑ,,
14539,ΝΗΠΙΑΓΩΓΕΙΟ ΑΣΗΜΟΧΩΡΙΟΥ,22.166234,39.172043
14540,ΝΗΠΙΑΓΩΓΕΙΟ ΑΓΙΑΣ ΠΑΡΑΣΚΕΥΗΣ,22.04605,39.303964
14541,ΝΗΠΙΑΓΩΓΕΙΟ ΝΙΚΑΙΑΣ,,
14542,ΝΗΠΙΑΓΩΓΕΙΟ ΔΟΜΟΚΟΥ,22.299119,39.127648
14543,2ο ΝΗΠΙΑΓΩΓΕΙΟ ΑΜΠΕΛΩΝΑ,,
14544,1ο ΝΗΠΙΑΓΩΓΕΙΟ ΚΑΡΛΑΣ-ΣΤΕΦΑΝΟΒΙΚΕΙΟΥ,22.738941,39.465861
14545,ΝΗΠΙΑΓΩΓΕΙΟ ΓΕΛΑΝΘΗΣ,21.708254,39.4381
14546,ΝΗΠΙΑΓΩΓΕΙΟ ΓΕΩΡΓΑΝΑΔΩΝ,21.992854,39.566773
14547,ΝΗΠΙΑΓΩΓΕΙΟ ΠΡΙΝΟΥ,21.611755,39.568971
14548,ΝΗΠΙΑΓΩΓΕΙΟ ΚΥΡΤΩΝΗΣ,23.041359,38.585574
14549,ΝΗΠΙΑΓΩΓΕΙΟ ΣΤΟΥΡΝΑΡΕΙΚΩΝ ΤΡΙΚΑΛΩΝ,21.490109,39.452328
14550,5ο ΝΗΠΙΑΓΩΓΕΙΟ ΤΡΙΚΑΛΩΝ,,
14551,4ο ΝΗΠΙΑΓΩΓΕΙΟ ΤΡΙΚΑΛΩΝ,,
14552,7ο ΝΗΠΙΑΓΩΓΕΙΟ ΛΑΡΙΣΑΣ,,
14553,ΝΗΠΙΑΓΩΓΕΙΟ ΖΑΡΚΟΥ ΤΡΙΚΑΛΩΝ,22.126316,39.607136
14554,3ο ΝΗΠΙΑΓΩΓΕΙΟ ΕΛΑΣΣΟΝΟΣ,,
14555,ΝΗΠΙΑΓΩΓΕΙΟ ΓΡΙΖΑΝΟΥ ΤΡΙΚΑΛΩΝ,22.056066,39.629364
14556,29ο ΝΗΠΙΑΓΩΓΕΙΟ ΛΑΜΙΑΣ,,
14557,ΝΗΠΙΑΓΩΓΕΙΟ ΛΑΜΙΑΣ ΕΙΔΙΚΟ 1/ΘΕΣΙΟ,,
14558,2ο ΝΗΠΙΑΓΩΓΕΙΟ ΣΠΕΡΧΕΙΑΔΑΣ,22.129463,38.906618
14559,ΝΗΠΙΑΓΩΓΕΙΟ ΑΜΠΕΛΙΩΝ,,
14560,3ο ΝΗΠΙΑΓΩΓΕΙΟ ΤΡΙΚΑΛΩΝ,21.756052,39.552832
14561,1ο ΝΗΠΙΑΓΩΓΕΙΟ ΤΡΙΚΑΛΩΝ,,
14562,ΝΗΠΙΑΓΩΓΕΙΟ ΛΥΓΑΡΙΑΣ,21.684389,39.493533
14563,10ο ΝΗΠΙΑΓΩΓΕΙΟ ΤΡΙΚΑΛΩΝ,,
14564,1ο ΝΗΠΙΑΓΩΓΕΙΟ ΑΓΡΙΑΣ,23.012845,39.340048
14565,48ο ΝΗΠΙΑΓΩΓΕΙΟ ΛΑΡΙΣΑΣ,22.421958,39.63574
14566,52ο ΝΗΠΙΑΓΩΓΕΙΟ ΛΑΡΙΣΑΣ,,
14567,ΝΗΠΙΑΓΩΓΕΙΟ ΚΕΔΡΟΥ,,
14568,3ο ΝΗΠΙΑΓΩΓΕΙΟ ΖΑΓΟΡΑΣ,23.105884,39.44222
14569,32ο ΝΗΠΙΑΓΩΓΕΙΟ ΚΑΡΔΙΤΣΑΣ,,
14570,31ο ΝΗΠΙΑΓΩΓΕΙΟ ΚΑΡΔΙΤΣΑΣ,,
14571,ΝΗΠΙΑΓΩΓΕΙΟ ΠΙΑΛΕΙΑΣ,21.592752,39.504735
14572,ΝΗΠΙΑΓΩΓΕΙΟ ΒΗΣΣΑΡΙΩΝΑ,21.618155,39.470246
14573,ΝΗΠΙΑΓΩΓΕΙΟ ΝΟΜΗΣ,21.93172,39.529695
14574,ΝΗΠΙΑΓΩΓΕΙΟ ΦΑΝΕΡΩΜΕΝΗΣ,21.89502,39.546177
14575,ΝΗΠΙΑΓΩΓΕΙΟ ΔΡΟΣΕΡΟΥ,21.741218,39.51055
14576,ΝΗΠΙΑΓΩΓΕΙΟ ΡΙΖΑΡΙΟΥ,,
14577,ΝΗΠΙΑΓΩΓΕΙΟ ΔΕΝΔΡΟΧΩΡΙΟΥ,21.642997,39.544897
14578,ΝΗΠΙΑΓΩΓΕΙΟ ΜΕΣΟΧΩΡΑΣ,21.325692,39.472226
14579,ΝΗΠΙΑΓΩΓΕΙΟ ΚΟΤΡΩΝΙΟΥ,21.562563,39.461883
14580,ΝΗΠΙΑΓΩΓΕΙΟ ΡΟΠΩΤΟΥ,21.544266,39.417829
14581,ΝΗΠΙΑΓΩΓΕΙΟ ΑΓΙΑΣ ΚΥΡΙΑΚΗΣ,21.803333,39.515324
14582,ΝΗΠΙΑΓΩΓΕΙΟ ΔΙΑΣΕΛΛΟΥ,22.018913,39.700525
14583,5ο ΝΗΠΙΑΓΩΓΕΙΟ ΚΑΛΑΜΠΑΚΑΣ,21.628445,39.703114
14584,ΝΗΠΙΑΓΩΓΕΙΟ ΜΑΛΑΚΑΣΙΟΥ,21.284691,39.779866
14585,22ο ΝΗΠΙΑΓΩΓΕΙΟ ΤΡΙΚΑΛΩΝ,21.757353,39.553856
14586,ΝΗΠΙΑΓΩΓΕΙΟ ΒΛΑΧΑΒΑΣ,21.661733,39.774572
14587,26ο ΝΗΠΙΑΓΩΓΕΙΟ ΤΡΙΚΑΛΩΝ,,
14588,27ο ΝΗΠΙΑΓΩΓΕΙΟ ΤΡΙΚΑΛΩΝ,,
14589,28ο ΝΗΠΙΑΓΩΓΕΙΟ ΤΡΙΚΑΛΩΝ,,
14590,ΝΗΠΙΑΓΩΓΕΙΟ ΑΓΙΟΥ ΔΗΜΗΤΡΙΟΥ,,
14591,ΝΗΠΙΑΓΩΓΕΙΟ ΔΙΠΟΤΑΜΟΥ,21.698858,39.567966
14592,ΝΗΠΙΑΓΩΓΕΙΟ ΚΟΡΥΦΗΣ,,
14593,ΝΗΠΙΑΓΩΓΕΙΟ ΦΛΑΜΟΥΛΙΟΥ,,
14594,29ο ΝΗΠΙΑΓΩΓΕΙΟ ΤΡΙΚΑΛΩΝ,21.756047,39.552988
14595,ΝΗΠΙΑΓΩΓΕΙΟ ΦΙΛΥΡΑΣ,21.612688,39.491384
14596,ΝΗΠΙΑΓΩΓΕΙΟ ΞΗΡΟΚΑΜΠΟΥ,,
14597,1ο ΝΗΠΙΑΓΩΓΕΙΟ ΦΑΡΚΑΔΟΝΑΣ,22.069602,39.592957
14598,ΝΗΠΙΑΓΩΓΕΙΟ ΕΛΑΦΙΟΥ,,
14599,ΝΗΠΙΑΓΩΓΕΙΟ ΚΕΡΑΜΙΔΙΟΥ,22.087165,39.557879
14600,4ο ΝΗΠΙΑΓΩΓΕΙΟ ΚΑΛΑΜΠΑΚΑΣ,21.628303,39.703443
14601,ΝΗΠΙΑΓΩΓΕΙΟ ΠΕΤΡΟΧΩΡΙΟΥ,,
14602,ΝΗΠΙΑΓΩΓΕΙΟ ΧΡΥΣΑΥΓΗΣ,21.855451,39.583916
14603,ΝΗΠΙΑΓΩΓΕΙΟ ΚΡΗΝΙΤΣΑΣ,21.79822,39.587591
14604,ΝΗΠΙΑΓΩΓΕΙΟ ΓΑΒΡΟΥ,21.598392,39.797268
14605,20ο ΝΗΠΙΑΓΩΓΕΙΟ ΤΡΙΚΑΛΩΝ,,
14606,23ο ΝΗΠΙΑΓΩΓΕΙΟ ΤΡΙΚΑΛΩΝ,21.774055,39.547869
14607,24ο ΝΗΠΙΑΓΩΓΕΙΟ ΤΡΙΚΑΛΩΝ,,
14608,ΝΗΠΙΑΓΩΓΕΙΟ ΚΑΛΟΝΕΡΙΟΥ,,
14609,ΝΗΠΙΑΓΩΓΕΙΟ ΛΟΓΓΟΥ,21.839523,39.52857
14610,ΝΗΠΙΑΓΩΓΕΙΟ ΠΕΔΙΝΟΥ,21.952786,39.516852
14611,1ο ΝΗΠΙΑΓΩΓΕΙΟ ΠΡΟΑΣΤΙΟΥ,21.90537,39.487084
14612,ΝΗΠΙΑΓΩΓΕΙΟ ΖΗΛΕΥΤΗΣ,21.822192,39.584959
14613,ΝΗΠΙΑΓΩΓΕΙΟ ΣΠΑΘΑΔΩΝ,21.716101,39.696561
14614,3ο ΝΗΠΙΑΓΩΓΕΙΟ ΚΑΛΑΜΠΑΚΑΣ,21.628226,39.703274
14615,ΝΗΠΙΑΓΩΓΕΙΟ ΠΕΤΡΩΤΟΥ ΤΡΙΚΑΛΩΝ,21.9647,39.585313
14616,ΝΗΠΙΑΓΩΓΕΙΟ ΠΑΛΑΙΟΜΟΝΑΣΤΗΡΟΥ,21.656794,39.460466
14617,ΝΗΠΙΑΓΩΓΕΙΟ ΔΙΑΛΕΚΤΟΥ,21.65162,39.594083
14618,ΝΗΠΙΑΓΩΓΕΙΟ ΡΙΖΩΜΑΤΟΣ,21.733961,39.663365
14619,ΝΗΠΙΑΓΩΓΕΙΟ ΤΑΞΙΑΡΧΩΝ ΤΡΙΚΑΛΩΝ,21.894239,39.574088
14620,ΝΗΠΙΑΓΩΓΕΙΟ ΑΜΠΕΛΑΚΙΩΝ,,
14621,6ο ΝΗΠΙΑΓΩΓΕΙΟ ΤΡΙΚΑΛΩΝ,,
14622,1ο ΝΗΠΙΑΓΩΓΕΙΟ ΑΤΑΛΑΝΤΗΣ,22.994072,38.652558
14623,12ο ΝΗΠΙΑΓΩΓΕΙΟ ΛΑΜΙΑΣ,,
14624,ΝΗΠΙΑΓΩΓΕΙΟ ΑΥΡΑΣ,21.689841,39.708807
14625,ΝΗΠΙΑΓΩΓΕΙΟ ΣΑΡΑΚΙΝΗΣ,,
14626,ΝΗΠΙΑΓΩΓΕΙΟ ΑΓΙΟΥ ΚΩΝΣΤΑΝΤΙΝΟΥ,22.855764,38.753798
14627,22ο ΝΗΠΙΑΓΩΓΕΙΟ ΛΑΜΙΑΣ ΡΟΔΙΤΣΑΣ,,
14628,ΝΗΠΙΑΓΩΓΕΙΟ ΜΟΣΧΟΧΩΡΙΟΥ,22.450582,38.826318
14629,ΝΗΠΙΑΓΩΓΕΙΟ ΚΑΣΤΡΙΟΥ,22.2045,38.944588
14630,ΝΗΠΙΑΓΩΓΕΙΟ ΖΕΛΙΟΥ,22.877183,38.656863
14631,ΝΗΠΙΑΓΩΓΕΙΟ ΚΑΙΝΟΥΡΓΙΟΥ,22.722653,38.791365
14632,ΝΗΠΙΑΓΩΓΕΙΟ ΕΞΑΡΧΟΥ,22.943265,38.586724
14633,ΝΗΠΙΑΓΩΓΕΙΟ ΣΕΡΒΩΤΩΝ ΤΡΙΚΑΛΩΝ,21.909264,39.504041
14634,1ο ΝΗΠΙΑΓΩΓΕΙΟ ΚΑΛΑΜΠΑΚΑΣ,21.62844,39.703278
14635,2ο ΝΗΠΙΑΓΩΓΕΙΟ ΚΑΛΑΜΠΑΚΑΣ,21.628282,39.703513
14636,ΝΗΠΙΑΓΩΓΕΙΟ ΑΣΠΡΟΚΚΛΗΣΙΑΣ,21.664808,39.849137
14637,ΝΗΠΙΑΓΩΓΕΙΟ ΠΛΑΤΑΝΟΥ ΤΡΙΚΑΛΩΝ,21.769967,39.659666
14638,ΝΗΠΙΑΓΩΓΕΙΟ ΓΛΥΚΟΜΗΛΕΑΣ,21.530766,39.621141
14639,ΝΗΠΙΑΓΩΓΕΙΟ ΔΙΑΒΑΣ,21.581587,39.6885
14640,ΝΗΠΙΑΓΩΓΕΙΟ ΘΕΟΠΕΤΡΑΣ,21.683748,39.672203
14641,ΝΗΠΙΑΓΩΓΕΙΟ ΑΓΙΟΦΥΛΛΟΥ,21.56262,39.8623
14642,ΝΗΠΙΑΓΩΓΕΙΟ ΑΓΝΑΝΤΙΑΣ,21.465876,39.866068
14643,ΝΗΠΙΑΓΩΓΕΙΟ ΚΑΣΤΡΑΚΙΟΥ,21.619166,39.717025
14644,ΝΗΠΙΑΓΩΓΕΙΟ ΠΕΤΡΩΤΟΥ,22.393333,39.203571
14645,2ο ΝΗΠΙΑΓΩΓΕΙΟ ΛΑΡΥΜΝΑΣ,23.281708,38.564697
14646,ΝΗΠΙΑΓΩΓΕΙΟ ΑΡΔΑΝΙΟΥ,21.78925,39.628695
14647,ΝΗΠΙΑΓΩΓΕΙΟ ΧΡΥΣΟΜΗΛΙΑΣ,21.50221,39.605517
14648,2ο ΝΗΠΙΑΓΩΓΕΙΟ ΦΑΡΚΑΔΟΝΑΣ,22.069598,39.593104
14649,1ο ΝΗΠΙΑΓΩΓΕΙΟ ΣΠΕΡΧΙΑΔΑΣ,22.12949,38.906658
14650,ΝΗΠΙΑΓΩΓΕΙΟ ΚΡΥΑΣ ΒΡΥΣΗΣ,21.551149,39.687545
14651,ΝΗΠΙΑΓΩΓΕΙΟ ΟΞΥΝΕΙΑΣ,21.489911,39.823996
14652,ΝΗΠΙΑΓΩΓΕΙΟ ΜΠΑΡΑΣ ΤΡΙΚΑΛΩΝ,,
14653,ΝΗΠΙΑΓΩΓΕΙΟ ΦΩΤΕΙΝΟΥ,21.793312,39.839329
14654,ΝΗΠΙΑΓΩΓΕΙΟ ΜΕΓ ΚΕΡΑΣΙΑΣ,21.496592,39.751664
14655,ΝΗΠΙΑΓΩΓΕΙΟ ΒΥΤΟΥΜΑ,,
14656,7ο ΝΗΠΙΑΓΩΓΕΙΟ ΤΡΙΚΑΛΩΝ,21.769466,39.543975
14657,ΝΗΠΙΑΓΩΓΕΙΟ ΚΑΡΥΩΝ,,
14658,ΝΗΠΙΑΓΩΓΕΙΟ ΜΟΥΡΙΑΣ,21.716743,39.487273
14659,ΝΗΠΙΑΓΩΓΕΙΟ ΠΥΛΗΣ,21.619755,39.456945
14660,ΝΗΠΙΑΓΩΓΕΙΟ ΦΩΤΑΔΑΣ,21.684675,39.553565
14661,ΝΗΠΙΑΓΩΓΕΙΟ ΚΛΟΚΟΤΟΥ,22.011591,39.563108
14662,ΝΗΠΙΑΓΩΓΕΙΟ ΚΟΥΤΣΟΜΗΛΙΩΝ,,
14663,17ο ΝΗΠΙΑΓΩΓΕΙΟ ΤΡΙΚΑΛΩΝ,,
14664,18ο ΝΗΠΙΑΓΩΓΕΙΟ ΤΡΙΚΑΛΩΝ,,
14665,19ο ΝΗΠΙΑΓΩΓΕΙΟ ΤΡΙΚΑΛΩΝ,,
14666,ΝΗΠΙΑΓΩΓΕΙΟ ΕΛΕΥΘΕΡΟΧΩΡΙΟΥ,21.635142,39.528118
14667,14ο ΝΗΠΙΑΓΩΓΕΙΟ ΤΡΙΚΑΛΩΝ,,
14668,ΝΗΠΙΑΓΩΓΕΙΟ ΠΡΟΔΡΟΜΟΥ,21.590572,39.564262
14669,ΝΗΠΙΑΓΩΓΕΙΟ ΓΛΥΝΟΥ,21.868626,39.510641
14670,ΝΗΠΙΑΓΩΓΕΙΟ ΓΟΡΓΟΓΥΡΙΟΥ,21.581333,39.551378
14671,ΝΗΠΙΑΓΩΓΕΙΟ ΠΑΤΟΥΛΙΑΣ,21.868671,39.533409
14672,ΝΗΠΙΑΓΩΓΕΙΟ ΠΗΝΕΙΑΔΑΣ,22.175826,39.5892
14673,ΝΗΠΙΑΓΩΓΕΙΟ ΑΜΦΙΚΛΕΙΑΣ,22.591585,38.636278
14674,ΝΗΠΙΑΓΩΓΕΙΟ ΓΕΝΕΣΙΟΥ,21.585506,39.577206
14675,ΝΗΠΙΑΓΩΓΕΙΟ ΑΓΙΟΥ ΚΩΝΣΤΑΝΤΙΝΟΥ,,
14676,2ο ΝΗΠΙΑΓΩΓΕΙΟ ΤΡΙΚΑΛΩΝ,,
14677,ΝΗΠΙΑΓΩΓΕΙΟ ΜΕΓΑΛΟΧΩΡΙΟΥ ΤΡΙΚΑΛΩΝ,21.843241,39.560587
14678,ΝΗΠΙΑΓΩΓΕΙΟ ΜΕΓ ΚΑΛΥΒΙΩΝ ΤΡΙΚΑΛΩΝ,21.7908,39.49675
14679,11ο ΝΗΠΙΑΓΩΓΕΙΟ ΤΡΙΚΑΛΩΝ,,
14680,ΝΗΠΙΑΓΩΓΕΙΟ ΠΗΓΗΣ,21.700302,39.510183
14681,25ο ΝΗΠΙΑΓΩΓΕΙΟ ΤΡΙΚΑΛΩΝ,,
14682,ΝΗΠΙΑΓΩΓΕΙΟ ΑΓΙΟΥ ΝΙΚΟΛΑΟΥ,,
14683,8ο ΝΗΠΙΑΓΩΓΕΙΟ ΤΡΙΚΑΛΩΝ,,
14684,9ο ΝΗΠΙΑΓΩΓΕΙΟ ΤΡΙΚΑΛΩΝ,,
14685,ΝΗΠΙΑΓΩΓΕΙΟ ΓΟΜΦΩΝ,21.693978,39.464275
14686,ΝΗΠΙΑΓΩΓΕΙΟ ΚΕΦΑΛΟΒΡΥΣΟΥ,21.688711,39.581094
14687,ΝΗΠΙΑΓΩΓΕΙΟ ΜΕΓΑΡΧΗΣ,21.64392,39.608754
14688,ΝΗΠΙΑΓΩΓΕΙΟ ΒΑΛΤΙΝΟΥ,21.659908,39.548851
14689,ΝΗΠΙΑΓΩΓΕΙΟ ΚΡΗΝΗΣ,22.014499,39.614714
14690,ΝΗΠΙΑΓΩΓΕΙΟ ΠΑΛΑΙΟΠΥΡΓΟΥ,21.818899,39.604856
14691,1ο ΝΗΠΙΑΓΩΓΕΙΟ ΣΟΦΑΔΩΝ,22.099537,39.332956
14692,8ο ΝΗΠΙΑΓΩΓΕΙΟ ΚΑΡΔΙΤΣΑΣ,,
14693,ΝΗΠΙΑΓΩΓΕΙΟ ΡΕΝΤΙΝΗΣ,,
14694,ΝΗΠΙΑΓΩΓΕΙΟ ΚΑΛΛΙΘΗΡΟΥ,21.905892,39.281273
14695,6ο ΝΗΠΙΑΓΩΓΕΙΟ ΜΟΥΡΕΣΙΟΥ-ΞΟΡΙΧΤΙΟΥ,,
14696,ΝΗΠΙΑΓΩΓΕΙΟ ΚΟΥΛΟΥΡΙΟΥ,,
14697,7ο ΝΗΠΙΑΓΩΓΕΙΟ ΚΑΡΔΙΤΣΑΣ,,
14698,ΝΗΠΙΑΓΩΓΕΙΟ ΜΑΓΟΥΛΑΣ ΚΑΡΔΙΤΣΑΣ,21.807085,39.454418
14699,ΝΗΠΙΑΓΩΓΕΙΟ ΣΤΑΥΡΟΥ,21.973134,39.361618
14700,ΝΗΠΙΑΓΩΓΕΙΟ ΠΥΡΓΟΥ ΚΙΕΡΙΟΥ,22.080809,39.368185
14701,ΝΗΠΙΑΓΩΓΕΙΟ ΔΑΣΟΧΩΡΙΟΥ,22.035364,39.266928
14702,ΝΗΠΙΑΓΩΓΕΙΟ ΠΑΛΗΟΡΙΟΥ,21.983542,39.219589
14703,ΝΗΠΙΑΓΩΓΕΙΟ ΜΕΤΑΜΟΡΦΩΣΗΣ,22.054352,39.505306
14704,ΝΗΠΙΑΓΩΓΕΙΟ ΦΙΛΙΑΣ,22.055637,39.251919
14705,55ο ΝΗΠΙΑΓΩΓΕΙΟ ΛΑΡΙΣΑΣ,,
14706,ΝΗΠΙΑΓΩΓΕΙΟ ΒΟΛΟΥ ΕΙΔΙΚΟ,,
14707,25ο ΝΗΠΙΑΓΩΓΕΙΟ ΚΑΡΔΙΤΣΑΣ,,
14708,ΝΗΠΙΑΓΩΓΕΙΟ ΓΕΦΥΡΙΩΝ,22.194826,39.290151
14709,6ο ΝΗΠΙΑΓΩΓΕΙΟ ΤΥΡΝΑΒΟΥ,22.289065,39.738311
14710,ΝΗΠΙΑΓΩΓΕΙΟ ΜΥΡΙΝΗΣ,21.9639,39.407099
14711,1ο ΝΗΠΙΑΓΩΓΕΙΟ ΜΗΤΡΟΠΟΛΗΣ,21.841438,39.33958
14712,ΝΗΠΙΑΓΩΓΕΙΟ ΚΟΣΚΙΝΑ,,
14713,ΝΗΠΙΑΓΩΓΕΙΟ ΜΑΡΚΟΥ,22.044719,39.430901
14714,7ο ΝΗΠΙΑΓΩΓΕΙΟ ΛΑΜΙΑΣ,,
14715,2ο ΝΗΠΙΑΓΩΓΕΙΟ ΣΟΦΑΔΩΝ,22.099537,39.332935
14716,ΝΗΠΙΑΓΩΓΕΙΟ ΜΑΚΡΑΚΩΜΗΣ,22.119485,38.940994
14717,14ο ΝΗΠΙΑΓΩΓΕΙΟ ΛΑΜΙΑΣ,22.430416,38.887942
14718,11ο ΝΗΠΙΑΓΩΓΕΙΟ ΛΑΜΙΑΣ,,
14719,ΝΗΠΙΑΓΩΓΕΙΟ ΓΡΑΜΜΕΝΗΣ 1/ΘΕΣΙΟ,22.198629,38.964385
14720,ΝΗΠΙΑΓΩΓΕΙΟ ΑΓΙΟΥ ΓΕΩΡΓΙΟΥ ΤΥΜΦΡΗΣΤΟΥ,,
14721,ΝΗΠΙΑΓΩΓΕΙΟ ΒΛΟΧΟΥ,22.091971,39.518832
14722,ΝΗΠΙΑΓΩΓΕΙΟ ΑΝΑΒΡΑΣ,22.093252,39.191957
14723,ΝΗΠΙΑΓΩΓΕΙΟ ΜΑΓΟΥΛΙΤΣΗΣ ΚΑΡΔΙΤΣΑΣ,21.762955,39.438264
14724,ΝΗΠΙΑΓΩΓΕΙΟ ΕΛΑΤΕΙΑΣ,22.765848,38.626669
14725,ΝΗΠΙΑΓΩΓΕΙΟ ΚΑΤΩ ΤΙΘΟΡΕΑΣ,22.71363,38.607151
14726,25ο ΝΗΠΙΑΓΩΓΕΙΟ ΒΟΛΟΥ,,
14727,6ο ΝΗΠΙΑΓΩΓΕΙΟ ΒΟΛΟΥ,22.943174,39.366933
14728,4ο ΝΗΠΙΑΓΩΓΕΙΟ ΝΕΑΣ ΙΩΝΙΑΣ,22.932611,39.373518
14729,10ο ΝΗΠΙΑΓΩΓΕΙΟ ΒΟΛΟΥ,22.91652,39.366921
14730,2ο ΝΗΠΙΑΓΩΓΕΙΟ ΒΟΛΟΥ,22.956519,39.363264
14731,ΝΗΠΙΑΓΩΓΕΙΟ ΑΝΑΒΡΑΣ ΑΛΜΥΡΟΥ,22.552072,39.073203
14732,"1ο ΝΗΠΙΑΓΩΓΕΙΟ ΠΟΡΤΑΡΙΑΣ ""ΑΘΑΝΑΣΑΚΕΙΟ""",22.996258,39.388926
14733,12ο ΝΗΠΙΑΓΩΓΕΙΟ ΝΕΑΣ ΙΩΝΙΑΣ,22.932611,39.373518
14734,50ο ΝΗΠΙΑΓΩΓΕΙΟ ΛΑΡΙΣΑΣ,,
14735,ΝΗΠΙΑΓΩΓΕΙΟ ΑΛΟΝΝΗΣΟΥ,23.864834,39.151288
14736,1ο ΝΗΠΙΑΓΩΓΕΙΟ ΑΛΜΥΡΟΥ,22.762031,39.183916
14737,2ο ΝΗΠΙΑΓΩΓΕΙΟ ΝΕΑΣ ΙΩΝΙΑΣ,22.932611,39.373518
14738,2ο ΝΗΠΙΑΓΩΓΕΙΟ ΜΗΛΕΩΝ-ΚΑΛΩΝ ΝΕΡΩΝ,23.122696,39.306653
14739,ΝΗΠΙΑΓΩΓΕΙΟ ΑΡΓΑΛΑΣΤΗΣ,23.219255,39.224775
14740,2ο ΝΗΠΙΑΓΩΓΕΙΟ ΓΙΑΝΝΟΥΛΗΣ,22.39596,39.6654
14741,ΝΗΠΙΑΓΩΓΕΙΟ ΚΡΗΝΗΣ ΦΑΡΣΑΛΩΝ,,
14742,2ο ΝΗΠΙΑΓΩΓΕΙΟ ΛΑΡΙΣΑΣ,,
14743,16ο ΝΗΠΙΑΓΩΓΕΙΟ ΒΟΛΟΥ,,
14744,15ο ΝΗΠΙΑΓΩΓΕΙΟ ΒΟΛΟΥ,,
14745,6ο ΝΗΠΙΑΓΩΓΕΙΟ ΛΑΡΙΣΑΣ,,
14746,3ο ΝΗΠΙΑΓΩΓΕΙΟ ΚΑΡΛΑΣ-ΚΑΝΑΛΙΩΝ,22.886764,39.499517
14747,ΝΗΠΙΑΓΩΓΕΙΟ ΕΛΕΥΘΕΡΩΝ,22.338778,39.576695
14748,9ο ΝΗΠΙΑΓΩΓΕΙΟ ΒΟΛΟΥ,22.933382,39.356778
14749,14ο ΝΗΠΙΑΓΩΓΕΙΟ ΒΟΛΟΥ,,
14750,13ο ΝΗΠΙΑΓΩΓΕΙΟ ΒΟΛΟΥ,22.943778,39.362819
14751,ΝΗΠΙΑΓΩΓΕΙΟ ΜΙΚΡΟΥ ΕΛΕΥΘΕΡΟΧΩΡΙΟΥ,,
14752,3ο ΝΗΠΙΑΓΩΓΕΙΟ ΓΙΑΝΝΟΥΛΗΣ,22.395962,39.665312
14753,57ο ΝΗΠΙΑΓΩΓΕΙΟ ΛΑΡΙΣΑΣ,,
14754,58ο ΝΗΠΙΑΓΩΓΕΙΟ ΛΑΡΙΣΑΣ,,
14755,1ο ΝΗΠΙΑΓΩΓΕΙΟ ΦΕΡΩΝ-ΒΕΛΕΣΤΙΝΟΥ,22.741741,39.380405
14756,ΝΗΠΙΑΓΩΓΕΙΟ ΚΑΛΑΠΟΔΙΟΥ,22.88315,38.632656
14757,ΝΗΠΙΑΓΩΓΕΙΟ ΠΑΡΑΠΟΤΑΜΟΥ,22.467739,39.82916
14758,ΝΗΠΙΑΓΩΓΕΙΟ ΒΕΡΔΙΚΟΥΣΑΣ,,
14759,46ο ΝΗΠΙΑΓΩΓΕΙΟ ΛΑΡΙΣΑΣ,,
14760,47ο ΝΗΠΙΑΓΩΓΕΙΟ ΛΑΡΙΣΑΣ,,
14761,ΝΗΠΙΑΓΩΓΕΙΟ ΔΑΦΝΟΥΛΑΣ Ν ΑΡΓΥΡΙΟΥ,,
14762,60ο ΝΗΠΙΑΓΩΓΕΙΟ ΛΑΡΙΣΑΣ,,
14763,ΝΗΠΙΑΓΩΓΕΙΟ ΔΟΜΕΝΙΚΟΥ ΕΛΑΣΣΟΝΑΣ,,
14764,45ο ΝΗΠΙΑΓΩΓΕΙΟ ΛΑΡΙΣΑΣ,,
14765,1ο ΝΗΠΙΑΓΩΓΕΙΟ ΝΕΑΣ ΑΓΧΙΑΛΟΥ,22.8195,39.280158
14766,2ο ΝΗΠΙΑΓΩΓΕΙΟ ΝΕΑΣ ΑΓΧΙΑΛΟΥ,22.8195,39.280158
14767,ΝΗΠΙΑΓΩΓΕΙΟ ΔΡΥΜΩΝΑΣ,22.866148,39.076065
14768,6ο ΝΗΠΙΑΓΩΓΕΙΟ ΦΕΡΩΝ-ΠΕΡΙΒΛΕΠΤΟΥ,22.687308,39.307854
14769,5ο ΝΗΠΙΑΓΩΓΕΙΟ ΜΟΥΡΕΣΙΟΥ-ΑΓΙΟΥ ΔΗΜΗΤΡΙΟΥ,23.15612,39.40084
14770,30ο ΝΗΠΙΑΓΩΓΕΙΟ ΒΟΛΟΥ,,
14771,36ο ΝΗΠΙΑΓΩΓΕΙΟ ΒΟΛΟΥ,22.93588,39.365001
14772,16ο ΝΗΠΙΑΓΩΓΕΙΟ ΝΕΑΣ ΙΩΝΙΑΣ,22.932611,39.373518
14773,15ο ΝΗΠΙΑΓΩΓΕΙΟ ΝΕΑΣ ΙΩΝΙΑΣ,22.932611,39.373518
14774,4ο ΝΗΠΙΑΓΩΓΕΙΟ ΑΛΜΥΡΟΥ,22.762031,39.183916
14775,ΝΗΠΙΑΓΩΓΕΙΟ ΠΛΑΤΑΝΟΥ ΜΑΓΝΗΣΙΑΣ,22.76764,39.142433
14776,2ο ΝΗΠΙΑΓΩΓΕΙΟ ΠΟΡΤΑΡΙΑΣ-ΑΛΛΗΣ ΜΕΡΙΑΣ,22.985894,39.370918
14777,38ο ΝΗΠΙΑΓΩΓΕΙΟ ΚΑΡΔΙΤΣΑΣ,,
14778,ΝΗΠΙΑΓΩΓΕΙΟ ΜΑΚΡΥΝΙΤΣΑΣ,,
14779,35ο ΝΗΠΙΑΓΩΓΕΙΟ ΒΟΛΟΥ,22.92942,39.342724
14780,19ο ΝΗΠΙΑΓΩΓΕΙΟ ΒΟΛΟΥ,22.951465,39.357058
14781,2ο ΝΗΠΙΑΓΩΓΕΙΟ ΜΟΥΡΕΣΙΟΥ,23.15612,39.40084
14782,37ο ΝΗΠΙΑΓΩΓΕΙΟ ΚΑΡΔΙΤΣΑΣ,,
14783,ΝΗΠΙΑΓΩΓΕΙΟ ΑΧΙΛΛΕΙΟΥ,22.959227,39.001515
14784,ΝΗΠΙΑΓΩΓΕΙΟ ΤΡΥΓΟΝΑΣ,21.413867,39.788627
14785,ΝΗΠΙΑΓΩΓΕΙΟ ΠΕΡΙΣΤΕΡΑΣ,21.646153,39.642698
14786,ΝΗΠΙΑΓΩΓΕΙΟ ΣΟΥΡΠΗΣ,22.899526,39.10398
14787,23ο ΝΗΠΙΑΓΩΓΕΙΟ ΒΟΛΟΥ,22.921364,39.352853
14788,7ο ΝΗΠΙΑΓΩΓΕΙΟ ΝΕΑΣ ΙΩΝΙΑΣ,22.932611,39.373518
14789,34ο ΝΗΠΙΑΓΩΓΕΙΟ ΒΟΛΟΥ,22.964588,39.374961
14790,32ο ΝΗΠΙΑΓΩΓΕΙΟ ΒΟΛΟΥ,22.916849,39.366829
14791,29ο ΝΗΠΙΑΓΩΓΕΙΟ ΒΟΛΟΥ,22.951465,39.357058
14792,ΝΗΠΙΑΓΩΓΕΙΟ ΚΡΟΚΙΟΥ,22.745629,39.201588
14793,ΝΗΠΙΑΓΩΓΕΙΟ ΑΙΔΙΝΙΟΥ,22.743223,39.245338
14794,9ο ΝΗΠΙΑΓΩΓΕΙΟ ΝΕΑΣ ΙΩΝΙΑΣ,22.932611,39.373518
14795,17ο ΝΗΠΙΑΓΩΓΕΙΟ ΒΟΛΟΥ,22.962814,39.361645
14796,11ο ΝΗΠΙΑΓΩΓΕΙΟ ΒΟΛΟΥ,22.946202,39.361495
14797,13ο ΝΗΠΙΑΓΩΓΕΙΟ ΝΕΑΣ ΙΩΝΙΑΣ,22.932611,39.373518
14798,2ο ΝΗΠΙΑΓΩΓΕΙΟ ΑΙΣΩΝΙΑΣ-ΔΙΜΗΝΙΟΥ,22.893977,39.356532
14799,3ο ΝΗΠΙΑΓΩΓΕΙΟ ΜΟΥΡΕΣΙΟΥ-ΚΙΣΣΟΥ,23.132595,39.404851
14800,3ο ΝΗΠΙΑΓΩΓΕΙΟ ΑΙΣΩΝΙΑΣ-ΣΕΣΚΛΟΥ,22.835811,39.352386
14801,4ο ΝΗΠΙΑΓΩΓΕΙΟ ΜΟΥΡΕΣΙΟΥ-ΑΝΗΛΙΟΥ,23.139063,39.420651
14802,4ο ΝΗΠΙΑΓΩΓΕΙΟ ΣΚΟΠΕΛΟΥ-ΚΛΗΜΑΤΟΣ,23.643384,39.137985
14803,3ο ΝΗΠΙΑΓΩΓΕΙΟ ΑΡΤΕΜΙΔΟΣ-ΑΓΙΟΥ ΒΛΑΣΙΟΥ,,
14804,17ο ΝΗΠΙΑΓΩΓΕΙΟ ΝΕΑΣ ΙΩΝΙΑΣ-ΓΛΑΦΥΡΩΝ,22.887881,39.440743
14805,8ο ΝΗΠΙΑΓΩΓΕΙΟ ΒΟΛΟΥ,,
14806,2ο ΝΗΠΙΑΓΩΓΕΙΟ ΣΚΟΠΕΛΟΥ,23.720339,39.116531
14807,11ο ΝΗΠΙΑΓΩΓΕΙΟ ΝΕΑΣ ΙΩΝΙΑΣ,22.932611,39.373518
14808,39ο ΝΗΠΙΑΓΩΓΕΙΟ ΚΑΡΔΙΤΣΑΣ,,
14809,1ο ΝΗΠΙΑΓΩΓΕΙΟ ΑΦΕΤΩΝ-ΝΕΟΧΩΡΙΟΥ,23.219418,39.306137
14810,ΝΗΠΙΑΓΩΓΕΙΟ ΒΟΛΟΥ ΕΙΔΙΚΟ ΚΩΦΩΝ ΒΑΡΗΚΟΩΝ,,
14811,ΝΗΠΙΑΓΩΓΕΙΟ ΣΤΟΜΙΟΥ,,
14812,3ο ΝΗΠΙΑΓΩΓΕΙΟ ΜΗΛΕΩΝ-ΑΓΙΟΥ ΓΕΩΡΓΙΟΥ,23.153672,39.327254
14813,ΝΗΠΙΑΓΩΓΕΙΟ ΝΕΟΧΩΡΑΚΙΟΥ,,
14814,5ο ΝΗΠΙΑΓΩΓΕΙΟ ΦΕΡΩΝ-ΧΛΟΗΣ,,
14815,26ο ΝΗΠΙΑΓΩΓΕΙΟ ΒΟΛΟΣ,22.943177,39.366933
14816,ΝΗΠΙΑΓΩΓΕΙΟ ΦΑΝΑΡΙΟΥ,,
14817,ΝΗΠΙΑΓΩΓΕΙΟ ΒΑΣΙΛΙ,,
14818,3ο ΝΗΠΙΑΓΩΓΕΙΟ ΝΕΑΣ ΙΩΝΙΑΣ,22.932611,39.373518
14819,"ΝΗΠΙΑΓΩΓΕΙΟ ""ΕΚΠΑΙΔΕΥΤΗΡΙΑ ΓΛΥΚΕΡΙΑ ΤΖΟΥΜΑΚΗ""",,
14820,7ο ΝΗΠΙΑΓΩΓΕΙΟ ΒΟΛΟΥ,22.935876,39.365
14821,ΝΗΠΙΑΓΩΓΕΙΟ ΑΡΧΑΝΙΟΥ,22.169056,38.971216
14822,ΝΗΠΙΑΓΩΓΕΙΟ ΒΑΛΑΝΙΔΑΣ ΕΛΑΣΣΟΝΑΣ,22.048809,39.924699
14823,10ο ΝΗΠΙΑΓΩΓΕΙΟ ΝΕΑΣ ΙΩΝΙΑΣ,22.932611,39.373518
14824,ΝΗΠΙΑΓΩΓΕΙΟ ΚΕΡΑΜΙΔΙΟΥ,22.912758,39.570965
14825,ΝΗΠΙΑΓΩΓΕΙΟ ΑΜΠΕΛΙΚΟΥ,21.858357,39.276386
14826,ΝΗΠΙΑΓΩΓΕΙΟ ΒΑΣΙΛΙΚΗΣ,21.704573,39.638512
14827,4ο ΝΗΠΙΑΓΩΓΕΙΟ ΛΑΜΙΑΣ,,
14828,6ο ΝΗΠΙΑΓΩΓΕΙΟ ΛΑΜΙΑΣ,,
14829,9ο ΝΗΠΙΑΓΩΓΕΙΟ ΛΑΜΙΑΣ,,
14830,1ο ΝΗΠΙΑΓΩΓΕΙΟ ΣΤΥΛΙΔΑΣ,22.616389,38.915325
14831,2ο ΝΗΠΙΑΓΩΓΕΙΟ ΣΤΥΛΙΔΑΣ,22.616303,38.915455
14832,ΝΗΠΙΑΓΩΓΕΙΟ ΛΙΑΝΟΚΛΑΔΙΟΥ,22.305698,38.912389
14833,ΝΗΠΙΑΓΩΓΕΙΟ ΤΣΟΥΚΑΣ,22.062997,38.955793
14834,21ο ΝΗΠΙΑΓΩΓΕΙΟ ΛΑΜΙΑΣ ΣΤΑΥΡΟΥ,,
14835,2ο ΝΗΠΙΑΓΩΓΕΙΟ ΑΤΑΛΑΝΤΗΣ,22.993971,38.652698
14836,ΝΗΠΙΑΓΩΓΕΙΟ ΠΕΛΑΣΓΙΑΣ,22.84182,38.947154
14837,ΝΗΠΙΑΓΩΓΕΙΟ ΜΑΚΡΥΡΡΑΧΗΣ,,
14838,ΝΗΠΙΑΓΩΓΕΙΟ ΝΕΟΥ ΜΟΝΑΣΤΗΡΙΟΥ,22.27664,39.241802
14839,3ο ΝΗΠΙΑΓΩΓΕΙΟ ΣΚΟΠΕΛΟΥ-ΓΛΩΣΣΑΣ,23.614056,39.175269
14840,1ο ΝΗΠΙΑΓΩΓΕΙΟ ΣΚΟΠΕΛΟΥ,23.72032,39.116526
14841,1ο ΝΗΠΙΑΓΩΓΕΙΟ ΣΚΙΑΘΟΥ,23.483173,39.163511
14842,ΝΗΠΙΑΓΩΓΕΙΟ ΜΩΛΟΥ,22.645795,38.806603
14843,1ο ΝΗΠΙΑΓΩΓΕΙΟ ΒΟΛΟΥ,,
14844,ΝΗΠΙΑΓΩΓΕΙΟ ΠΑΛΑΙΟΚΑΤΟΥΝΑΣ,,
14845,3ο ΝΗΠΙΑΓΩΓΕΙΟ ΒΟΛΟΥ,22.956487,39.363239
14846,ΝΗΠΙΑΓΩΓΕΙΟ ΜΑΥΡΟΒΟΥΝΙΟΥ,,
14847,ΝΗΠΙΑΓΩΓΕΙΟ ΚΑΜΜΕΝΩΝ ΒΟΥΡΛΩΝ,22.788402,38.776281
14848,ΝΗΠΙΑΓΩΓΕΙΟ ΝΙΚΗΣ,22.686651,39.517649
14849,ΝΗΠΙΑΓΩΓΕΙΟ ΑΜΥΓΔΑΛΗΣ,22.714036,39.593928
14850,ΝΗΠΙΑΓΩΓΕΙΟ ΑΓΙΟΥ ΑΚΑΚΙΟΥ,,
14851,12ο ΝΗΠΙΑΓΩΓΕΙΟ ΒΟΛΟΥ,22.949241,39.362498
14852,ΝΗΠΙΑΓΩΓΕΙΟ ΚΑΣΤΡΙΟΥ,22.683925,39.623819
14853,ΝΗΠΙΑΓΩΓΕΙΟ ΚΑΡΠΟΧΩΡΙΟΥ,22.015114,39.333672
14854,54ο ΝΗΠΙΑΓΩΓΕΙΟ ΛΑΡΙΣΑΣ,,
14855,ΝΗΠΙΑΓΩΓΕΙΟ ΑΓΝΑΝΤΕΡΟΥ,21.848332,39.488045
14856,4ο ΝΗΠΙΑΓΩΓΕΙΟ ΛΑΡΙΣΑΣ,,
14857,ΝΗΠΙΑΓΩΓΕΙΟ ΒΛΑΧΟΓΙΑΝΝΙΟΥ,,
14858,ΝΗΠΙΑΓΩΓΕΙΟ ΝΕΟΥ ΑΡΓΥΡΙΟΥ,,
14859,ΝΗΠΙΑΓΩΓΕΙΟ ΛΕΠΙΑΝΩΝ,,
14860,ΝΗΠΙΑΓΩΓΕΙΟ ΒΙΝΙΑΝΗΣ,,
14861,ΝΗΠΙΑΓΩΓΕΙΟ ΤΡΙΠΟΤΑΜΟΥ,21.527482,38.943328
14862,ΝΗΠΙΑΓΩΓΕΙΟ ΜΕΓΑΛΟΥ ΧΩΡΙΟΥ,21.743468,38.825658
14863,ΝΗΠΙΑΓΩΓΕΙΟ ΔΑΜΑΣΙΟΥ,22.18829,39.710657
14864,ΝΗΠΙΑΓΩΓΕΙΟ ΣΑΡΑΝΤΑΠΟΡΟΥ ΕΛΑΣΣΟΝΑΣ,22.054467,40.06585
14865,ΝΗΠΙΑΓΩΓΕΙΟ ΑΠΙΔΕΑΣ,21.939479,39.201474
14866,ΝΗΠΙΑΓΩΓΕΙΟ ΚΕΔΡΟΥ,,
14867,2ο ΝΗΠΙΑΓΩΓΕΙΟ ΚΑΜΜΕΝΩΝ ΒΟΥΡΛΩΝ,,
14868,26ο ΝΗΠΙΑΓΩΓΕΙΟ ΛΑΜΙΑΣ,,
14869,ΝΗΠΙΑΓΩΓΕΙΟ ΑΧΛΑΔΙΟΥ 1/ΘΕΣΙΟ,,
14870,28ο ΝΗΠΙΑΓΩΓΕΙΟ ΛΑΜΙΑΣ,,
14871,2ο ΝΗΠΙΑΓΩΓΕΙΟ ΚΑΡΠΕΝΗΣΙΟΥ,21.792328,38.910233
14872,5ο ΝΗΠΙΑΓΩΓΕΙΟ ΣΟΦΑΔΩΝ ΤΣΙΓΓΑΝΟΠΑΙΔΩΝ,22.099544,39.332883
14873,ΝΗΠΙΑΓΩΓΕΙΟ ΑΝΘΗΡΟΥ,21.459043,39.345101
14874,7ο ΝΗΠΙΑΓΩΓΕΙΟ ΤΥΡΝΑΒΟΥ,22.289065,39.738311
14875,ΝΗΠΙΑΓΩΓΕΙΟ ΑΜΟΥΡΙΟΥ,,
14876,4ο ΝΗΠΙΑΓΩΓΕΙΟ ΚΑΡΛΑΣ-ΚΕΡΑΣΙΑΣ,22.924852,39.462864
14877,ΝΗΠΙΑΓΩΓΕΙΟ ΜΑΓΟΥΛΑΣ,,
14878,ΝΗΠΙΑΓΩΓΕΙΟ ΠΡΑΙΤΩΡΙΟΥ,,
14879,7ο ΝΗΠΙΑΓΩΓΕΙΟ ΦΕΡΩΝ-Μ.ΠΕΡΙΒΟΛΑΚΙΟΥ,22.741887,39.380521
14880,ΝΗΠΙΑΓΩΓΕΙΟ ΔΡΥΜΟΥ ΕΛΑΣΣΟΝΑΣ,22.148385,39.9145
14881,1ο ΝΗΠΙΑΓΩΓΕΙΟ ΠΛΑΤΥΚΑΜΠΟΥ,22.539066,39.620309
14882,1ο ΝΗΠΙΑΓΩΓΕΙΟ ΑΓΙΑΣ,22.765244,39.719359
14883,1ο ΝΗΠΙΑΓΩΓΕΙΟ ΕΛΑΣΣΟΝΑΣ,22.190847,39.891515
14884,ΝΗΠΙΑΓΩΓΕΙΟ ΠΡΟΔΡΟΜΟΥ,21.975819,39.37593
14885,22ο ΝΗΠΙΑΓΩΓΕΙΟ ΒΟΛΟΥ,22.954337,39.355133
14886,1ο ΝΗΠΙΑΓΩΓΕΙΟ ΑΡΤΕΜΙΔΟΣ-ΑΝΩ ΛΕΧΩΝΙΩΝ,,
14887,1ο ΝΗΠΙΑΓΩΓΕΙΟ ΑΙΣΩΝΙΑΣ-ΔΙΜΗΝΙΟΥ,22.894006,39.356156
14888,21ο ΝΗΠΙΑΓΩΓΕΙΟ ΒΟΛΟΥ,22.958962,39.353037
14889,20ο ΝΗΠΙΑΓΩΓΕΙΟ ΒΟΛΟΥ,,
14890,ΝΗΠΙΑΓΩΓΕΙΟ ΕΥΞΕΙΝΟΥΠΟΛΗΣ,22.738817,39.182659
14891,4ο ΝΗΠΙΑΓΩΓΕΙΟ ΖΑΓΟΡΑΣ-ΜΑΚΡΥΡΑΧΗΣ,23.105884,39.44222
14892,8ο ΝΗΠΙΑΓΩΓΕΙΟ ΝΕΑΣ ΙΩΝΙΑΣ,22.932611,39.373518
14893,2ο ΝΗΠΙΑΓΩΓΕΙΟ ΑΓΡΙΑΣ,23.012856,39.34005
14894,2ο ΝΗΠΙΑΓΩΓΕΙΟ ΑΡΤΕΜΙΔΟΣ-ΚΑΤΩ ΛΕΧΩΝΙΩΝ,,
14895,5ο ΝΗΠΙΑΓΩΓΕΙΟ ΝΕΑΣ ΙΩΝΙΑΣ,22.932611,39.373518
14896,6ο ΝΗΠΙΑΓΩΓΕΙΟ ΝΕΑΣ ΙΩΝΙΑΣ,22.932611,39.373518
14897,ΝΗΠΙΑΓΩΓΕΙΟ ΑΓΙΩΝ ΘΕΟΔΩΡΩΝ,22.924449,38.996041
14898,13ο ΝΗΠΙΑΓΩΓΕΙΟ ΛΑΡΙΣΑΣ,,
14899,5ο ΝΗΠΙΑΓΩΓΕΙΟ ΖΑΓΟΡΑΣ-ΠΟΥΡΙΟΥ,23.097433,39.478761
14900,2ο ΝΗΠΙΑΓΩΓΕΙΟ ΦΕΡΩΝ-ΒΕΛΕΣΤΙΝΟΥ,22.741644,39.380657
14901,ΝΗΠΙΑΓΩΓΕΙΟ ΚΙΛΕΛΕΡ,22.639265,39.501362
14902,ΝΗΠΙΑΓΩΓΕΙΟ ΡΑΧΟΥΛΑΣ,22.29747,39.606312
14903,ΝΗΠΙΑΓΩΓΕΙΟ ΑΜΑΛΙΑΠΟΛΗΣ,22.898912,39.161378
14904,ΝΗΠΙΑΓΩΓΕΙΟ ΣΥΚΕΑΣ,,
14905,ΝΗΠΙΑΓΩΓΕΙΟ ΜΑΝΔΡΑΣ ΛΑΡΙΣΑΣ,22.262319,39.614869
14906,16ο ΝΗΠΙΑΓΩΓΕΙΟ ΛΑΡΙΣΑΣ,,
14907,ΝΗΠΙΑΓΩΓΕΙΟ ΣΤΑΥΡΟΥ ΓΗΓΕΝΩΝ,,
14908,25ο ΝΗΠΙΑΓΩΓΕΙΟ ΛΑΡΙΣΑΣ,,
14909,22ο ΝΗΠΙΑΓΩΓΕΙΟ ΛΑΡΙΣΑΣ,,
14910,21ο ΝΗΠΙΑΓΩΓΕΙΟ ΛΑΡΙΣΑΣ,,
14911,20ο ΝΗΠΙΑΓΩΓΕΙΟ ΛΑΡΙΣΑΣ,22.403685,39.625745
14912,33ο ΝΗΠΙΑΓΩΓΕΙΟ ΚΑΡΔΙΤΣΑΣ,,
14913,24ο ΝΗΠΙΑΓΩΓΕΙΟ ΒΟΛΟΥ,,
14914,1ο ΝΗΠΙΑΓΩΓΕΙΟ ΦΑΡΣΑΛΩΝ,22.388082,39.294635
14915,ΝΗΠΙΑΓΩΓΕΙΟ ΖΑΠΠΕΙΟΥ,,
14916,3ο ΝΗΠΙΑΓΩΓΕΙΟ ΑΓΡΙΑΣ-ΔΡΑΚΕΙΑΣ,23.050848,39.377127
14917,ΝΗΠΙΑΓΩΓΕΙΟ ΝΑΡΘΑΚΙΟΥ ΦΑΡΣΑΛΩΝ,22.48442,39.242922
14918,3ο ΝΗΠΙΑΓΩΓΕΙΟ ΣΗΠΙΑΔΑΣ-ΜΗΛΙΝΑΣ,23.226578,39.172332
14919,26ο ΝΗΠΙΑΓΩΓΕΙΟ ΛΑΡΙΣΑΣ,,
14920,3ο ΝΗΠΙΑΓΩΓΕΙΟ ΑΛΜΥΡΟΥ,22.762031,39.183916
14921,1ο ΝΗΠΙΑΓΩΓΕΙΟ ΜΗΛΕΩΝ,23.153753,39.327135
14922,ΝΗΠΙΑΓΩΓΕΙΟ ΥΠΕΡΕΙΑΣ,,
14923,41ο ΝΗΠΙΑΓΩΓΕΙΟ ΛΑΡΙΣΑΣ,,
14924,ΝΗΠΙΑΓΩΓΕΙΟ ΦΥΛΛΟΥ,22.185662,39.430604
14925,ΝΗΠΙΑΓΩΓΕΙΟ ΑΓΙΟΥ ΘΕΟΔΩΡΟΥ,22.004214,39.367424
14926,19ο ΝΗΠΙΑΓΩΓΕΙΟ ΛΑΜΙΑΣ,,
14927,31ο ΝΗΠΙΑΓΩΓΕΙΟ ΒΟΛΟΥ,22.932857,39.333003
14928,23ο ΝΗΠΙΑΓΩΓΕΙΟ ΛΑΡΙΣΑΣ,,
14929,23ο ΝΗΠΙΑΓΩΓΕΙΟ ΚΑΡΔΙΤΣΑΣ,,
14930,21ο ΝΗΠΙΑΓΩΓΕΙΟ ΚΑΡΔΙΤΣΑΣ,,
14931,ΝΗΠΙΑΓΩΓΕΙΟ ΠΑΣΧΑΛΙΤΣΗΣ,22.212276,39.354149
14932,ΝΗΠΙΑΓΩΓΕΙΟ ΜΑΥΡΟΜΑΤΙΟΥ,21.697131,39.422849
14933,ΝΗΠΙΑΓΩΓΕΙΟ ΑΧΛΑΔΕΑΣ,22.115925,39.191258
14934,ΝΗΠΙΑΓΩΓΕΙΟ ΡΑΠΤΟΠΟΥΛΟΥ,,
14935,4ο ΝΗΠΙΑΓΩΓΕΙΟ ΠΑΛΑΜΑ,,
14936,2ο ΝΗΠΙΑΓΩΓΕΙΟ ΣΗΠΙΑΔΑΣ-ΠΡΟΜΥΡΙΟΥ,23.288864,39.19041
14937,27ο ΝΗΠΙΑΓΩΓΕΙΟ ΒΟΛΟΥ,22.943931,39.362736
14938,ΝΗΠΙΑΓΩΓΕΙΟ ΠΤΕΛΕΟΥ,22.95338,39.051653
14939,ΝΗΠΙΑΓΩΓΕΙΟ ΑΕΡΟΔΡΟΜΙΟΥ ΝΕΑΣ ΑΓΧΙΑΛΟΥ,22.8195,39.280158
14940,3ο ΝΗΠΙΑΓΩΓΕΙΟ ΦΕΡΩΝ-ΑΓΙΟΥ ΓΕΩΡΓΙΟΥ ΦΕΡΩΝ,22.778427,39.367844
14941,ΝΗΠΙΑΓΩΓΕΙΟ ΞΥΝΟΝΕΡΙΟΥ,21.860277,39.316808
14942,ΝΗΠΙΑΓΩΓΕΙΟ ΑΡΓΥΡΙΟΥ,21.418926,39.192674
14943,4ο ΝΗΠΙΑΓΩΓΕΙΟ ΑΦΕΤΩΝ,23.181996,39.282812
14944,5ο ΝΗΠΙΑΓΩΓΕΙΟ ΚΑΡΠΕΝΗΣΙΟΥ,,
14945,3ο ΝΗΠΙΑΓΩΓΕΙΟ ΑΦΕΤΩΝ-ΚΑΛΑΜΑΚΙΟΥ,23.214414,39.340222
14946,ΝΗΠΙΑΓΩΓΕΙΟ ΑΕΤΟΛΟΦΟΥ,22.725829,39.684519
14947,27ο ΝΗΠΙΑΓΩΓΕΙΟ ΚΑΡΔΙΤΣΑΣ,,
14948,20ο ΝΗΠΙΑΓΩΓΕΙΟ ΛΑΜΙΑΣ,,
14949,1ο ΝΗΠΙΑΓΩΓΕΙΟ ΝΕΑΣ ΙΩΝΙΑΣ,22.932611,39.373518
14950,1ο ΝΗΠΙΑΓΩΓΕΙΟ ΤΣΑΡΙΤΣΑΝΗΣ ΕΛΑΣΣΟΝΑΣ,22.22963,39.878707
14951,17ο ΝΗΠΙΑΓΩΓΕΙΟ ΛΑΡΙΣΑΣ,,
14952,2ο ΝΗΠΙΑΓΩΓΕΙΟ ΚΑΡΛΑΣ-ΡΙΖΟΜΥΛΟΥ,22.743287,39.428754
14953,18ο ΝΗΠΙΑΓΩΓΕΙΟ ΛΑΡΙΣΑΣ,,
14954,ΝΗΠΙΑΓΩΓΕΙΟ ΤΡΙΚΕΡΙΟΥ,23.078129,39.097625
14955,ΝΗΠΙΑΓΩΓΕΙΟ ΒΡΥΟΤΟΠΟΥ,,
14956,ΝΗΠΙΑΓΩΓΕΙΟ ΧΕΙΜΑΔΙΟΥ,,
14957,ΝΗΠΙΑΓΩΓΕΙΟ ΔΕΛΕΡΙΩΝ,,
14958,ΝΗΠΙΑΓΩΓΕΙΟ ΔΥΤΙΚΗΣ ΦΡΑΓΚΙΣΤΑΣ,21.606605,38.954315
14959,ΝΗΠΙΑΓΩΓΕΙΟ ΤΕΡΨΙΘΕΑΣ,22.351489,39.618748
14960,ΝΗΠΙΑΓΩΓΕΙΟ ΚΑΛΛΙΦΩΝΙΟΥ,21.963344,39.275507
14961,ΝΗΠΙΑΓΩΓΕΙΟ ΔΟΛΙΧΗΣ,22.170233,40.060605
14962,ΝΗΠΙΑΓΩΓΕΙΟ ΒΑΜΒΑΚΟΥΣ,22.419883,39.335806
14963,2ο ΝΗΠΙΑΓΩΓΕΙΟ ΑΛΜΥΡΟΥ,22.762031,39.183916
14964,ΝΗΠΙΑΓΩΓΕΙΟ ΛΟΦΙΣΚΟΥ,,
14965,34ο ΝΗΠΙΑΓΩΓΕΙΟ ΚΑΡΔΙΤΣΑΣ,,
14966,ΝΗΠΙΑΓΩΓΕΙΟ ΠΑΝΑΓΙΑΣ,,
14967,1ο ΝΗΠΙΑΓΩΓΕΙΟ ΖΑΓΟΡΑΣ,23.105884,39.442221
14968,2ο ΝΗΠΙΑΓΩΓΕΙΟ ΑΓΙΑΣ,22.765171,39.719522
14969,ΝΗΠΙΑΓΩΓΕΙΟ ΡΑΨΑΝΗΣ,22.552232,39.900957
14970,24ο ΝΗΠΙΑΓΩΓΕΙΟ ΛΑΡΙΣΑΣ,,
14971,14ο ΝΗΠΙΑΓΩΓΕΙΟ ΛΑΡΙΣΑΣ,,
14972,ΝΗΠΙΑΓΩΓΕΙΟ ΜΗΛΕΑΣ,22.074125,40.02755
14973,3ο ΝΗΠΙΑΓΩΓΕΙΟ ΦΑΡΣΑΛΩΝ,22.388082,39.294636
14974,9ο ΝΗΠΙΑΓΩΓΕΙΟ ΛΑΡΙΣΑΣ,,
14975,1ο ΝΗΠΙΑΓΩΓΕΙΟ ΤΥΡΝΑΒΟΥ,22.289065,39.738311
14976,10ο ΝΗΠΙΑΓΩΓΕΙΟ ΛΑΡΙΣΑΣ,22.421958,39.63574
14977,ΝΗΠΙΑΓΩΓΕΙΟ ΡΟΔΙΑΣ,,
14978,1ο ΝΗΠΙΑΓΩΓΕΙΟ ΓΙΑΝΝΟΥΛΗΣ,22.39596,39.6654
14979,ΝΗΠΙΑΓΩΓΕΙΟ ΚΛΕΙΝΟΥ,,
14980,19ο ΝΗΠΙΑΓΩΓΕΙΟ ΛΑΡΙΣΑΣ,,
14981,2ο ΝΗΠΙΑΓΩΓΕΙΟ ΦΑΡΣΑΛΩΝ,22.388082,39.294635
14982,39ο ΝΗΠΙΑΓΩΓΕΙΟ ΛΑΡΙΣΑΣ,,
14983,ΝΗΠΙΑΓΩΓΕΙΟ ΣΤΑΥΡΟΥ,,
14984,ΝΗΠΙΑΓΩΓΕΙΟ ΕΥΑΓΓΕΛΙΣΜΟΥ,22.105118,39.838903
14985,ΝΗΠΙΑΓΩΓΕΙΟ ΑΜΠΕΛΙΩΝ ΒΕΡΔΙΚΟΥΣΑΣ,,
14986,36ο ΝΗΠΙΑΓΩΓΕΙΟ ΛΑΡΙΣΑΣ,,
14987,2ο ΝΗΠΙΑΓΩΓΕΙΟ ΑΦΕΤΩΝ-ΣΥΚΗΣ,23.261081,39.283755
14988,ΝΗΠΙΑΓΩΓΕΙΟ ΠΟΛΥΝΕΡΙΟΥ,,
14989,ΝΗΠΙΑΓΩΓΕΙΟ ΠΛΑΤΑΝΟΥΛΙΩΝ,,
14990,43ο ΝΗΠΙΑΓΩΓΕΙΟ ΛΑΡΙΣΑΣ,22.403685,39.625745
14991,4ο ΝΗΠΙΑΓΩΓΕΙΟ ΕΛΑΣΣΟΝΟΣ,,
14992,42ο ΝΗΠΙΑΓΩΓΕΙΟ ΛΑΡΙΣΑΣ,,
14993,2ο ΝΗΠΙΑΓΩΓΕΙΟ ΣΚΙΑΘΟΥ,23.483173,39.163512
14994,2ο ΝΗΠΙΑΓΩΓΕΙΟ ΖΑΓΟΡΑΣ,23.105885,39.44222
14995,18ο ΝΗΠΙΑΓΩΓΕΙΟ ΒΟΛΟΥ,22.951157,39.357249
14996,ΝΗΠΙΑΓΩΓΕΙΟ ΕΡΕΤΡΙΑΣ ΦΑΡΣΑΛΩΝ,22.614999,39.294471
14997,38ο ΝΗΠΙΑΓΩΓΕΙΟ ΛΑΡΙΣΑΣ,,
14998,37ο ΝΗΠΙΑΓΩΓΕΙΟ ΛΑΡΙΣΑΣ,,
14999,ΝΗΠΙΑΓΩΓΕΙΟ ΚΟΙΛΑΔΑΣ ΛΑΡΙΣΑΣ,22.303345,39.572597
15000,56ο ΝΗΠΙΑΓΩΓΕΙΟ ΛΑΡΙΣΑΣ,,
15001,27ο ΝΗΠΙΑΓΩΓΕΙΟ ΛΑΜΙΑΣ,,
15002,ΝΗΠΙΑΓΩΓΕΙΟ ΧΑΛΚΗΣ,22.543061,39.565561
15003,15ο ΝΗΠΙΑΓΩΓΕΙΟ ΛΑΡΙΣΑΣ,,
15004,4ο ΝΗΠΙΑΓΩΓΕΙΟ ΤΥΡΝΑΒΟΥ,22.289065,39.738311
15005,3ο ΝΗΠΙΑΓΩΓΕΙΟ ΑΜΠΕΛΩΝΑ,,
15006,40ο ΝΗΠΙΑΓΩΓΕΙΟ ΛΑΡΙΣΑΣ,,
15007,ΝΗΠΙΑΓΩΓΕΙΟ ΚΑΡΙΤΣΑΣ,,
15008,ΝΗΠΙΑΓΩΓΕΙΟ ΟΣΣΑΣ,22.578951,39.746553
15009,ΝΗΠΙΑΓΩΓΕΙΟ ΕΥΥΔΡΙΟΥ ΛΟΦΟΥ,,
15010,5ο ΝΗΠΙΑΓΩΓΕΙΟ ΤΥΡΝΑΒΟΥ,22.289065,39.738311
15011,ΝΗΠΙΑΓΩΓΕΙΟ ΕΛΕΥΘΕΡΙΟΥ,22.581669,39.673627
15012,"ΙΔΙΩΤΙΚΟ ΓΥΜΝΑΣΙΟ ""ΕΙΡ. ΚΟΥΖΕΛΕΑ""",,
15013,"ΙΔΙΩΤΙΚΟ ΓΥΜΝΑΣΙΟ ""ΝΕΑ ΠΑΙΔΕΙΑ""",,
15014,"ΙΔΙΩΤΙΚΟ ΓΥΜΝΑΣΙΟ ""Μ. Ν. ΡΑΠΤΟΥ""",,
15015,"ΙΔΙΩΤΙΚΟ ΓΥΜΝΑΣΙΟ ""ΙΩΑΝΝΗΣ ΜΠΟΥΚΑΛΗΣ""",,
15016,"ΙΔΙΩΤΙΚΟ ΓΥΜΝΑΣΙΟ ""Ι. ΛΕΚΚΑΣ""",,
15017,"ΙΔΙΩΤΙΚΟ ΓΥΜΝΑΣΙΟ ΕΚΠΑΙΔΕΥΤΗΡΙΩΝ ""ΑΘΗΝΑ""",,
15018,"ΙΔΙΩΤΙΚΟ ΓΥΜΝΑΣΙΟ ""ΕΚΠΑΙΔΕΥΤΙΚΗ ΕΤΑΙΡΕΙΑ ΚΑΡΔΙΤΣΑΣ-ΚΟΛΛΕΓΙΟ""",,
15019,"ΙΔΙΩΤΙΚΟ ΓΥΜΝΑΣΙΟ ""ΑΓΙΟΣ ΑΠΟΣΤΟΛΟΣ Ο ΝΕΟΣ""",,
15020,"ΙΔΙΩΤΙΚΟ ΓΥΜΝΑΣΙΟ ""ΕΚΠΑΙΔΕΥΤΗΡΙΑ Κ. ΝΤΟΛΚΟΥ-Ν.ΜΠΑΚΟΓΙΑΝΝΗ""",,
15021,"ΙΔΙΩΤΙΚΟ ΓΥΜΝΑΣΙΟ ""ΣΧΟΛΗ ΚΑΡΑΒΑΝΑ""",,
15022,"ΙΔΙΩΤΙΚΟ ΓΥΜΝΑΣΙΟ ""Γ. ΤΣΑΛΟΠΟΥΛΟΣ""",,
15023,"ΙΔΙΩΤΙΚΟ ΓΥΜΝΑΣΙΟ ""ΚΕΝΤΡΟ ΕΛΛΗΝΙΚΗΣ ΠΑΙΔΕΙΑΣ""",,
15024,"ΙΔΙΩΤΙΚΟ ΕΝΙΑΙΟ ΛΥΚΕΙΟ ""Ι. ΛΕΚΚΑΣ""",,
15025,"ΙΔΙΩΤΙΚΟ ΕΝΙΑΙΟ ΛΥΚΕΙΟ ""Γ. ΤΣΑΛΟΠΟΥΛΟΣ""",,
15026,"ΙΔΙΩΤΙΚΟ ΕΝΙΑΙΟ ΛΥΚΕΙΟ ""ΕΙΡ. ΚΟΥΖΕΛΕΑ""",,
15027,"ΙΔΙΩΤΙΚΟ ΕΝΙΑΙΟ ΛΥΚΕΙΟ ""ΕΚΠΑΙΔΕΥΤΗΡΙΑ Κ. ΝΤΟΛΚΟΥ-Ν. ΜΠΑΚΟΓΙΑΝΝΗ""",,
15028,"ΙΔΙΩΤΙΚΟ ΕΝΙΑΙΟ ΛΥΚΕΙΟ ""ΕΥΡΩΕΚΠΑΙΔΕΥΤΙΚΗ""",,
15029,"ΙΔΙΩΤΙΚΟ ΕΝΙΑΙΟ ΛΥΚΕΙΟ ""ΕΚΠΑΙΔΕΥΤΙΚΗ ΕΤΑΙΡΕΙΑ ΚΑΡΔΙΤΣΑΣ-ΚΟΛΛΕΓΙΟ""",,
15030,"ΙΔΙΩΤΙΚΟ ΕΝΙΑΙΟ ΛΥΚΕΙΟ ΕΚΠΑΙΔΕΥΤΗΡΙΩΝ ""ΑΘΗΝΑ""",,
15031,"ΙΔΙΩΤΙΚΟ ΕΝΙΑΙΟ ΛΥΚΕΙΟ ""Μ. Ν. ΡΑΠΤΟΥ""",,
15032,"ΙΔΙΩΤΙΚΟ ΕΝΙΑΙΟ ΛΥΚΕΙΟ ""ΚΕΝΤΡΟ ΕΛΛΗΝΙΚΗΣ ΠΑΙΔΕΙΑΣ""",,
15033,"ΙΔΙΩΤΙΚΟ ΕΝΙΑΙΟ ΛΥΚΕΙΟ ""ΣΧΟΛΗ ΚΑΡΑΒΑΝΑ""",,
15034,ΙΔΙΩΤΙΚΟ ΤΕΕ ΓΙΑΤΣΟΣ ΚΩΝΣΤΑΝΤΙΝΟΣ,,
15035,ΚΕΝΤΡΟ ΠΕΡΙΒΑΛΛΟΝΤΙΚΗΣ ΕΚΠΑΙΔΕΥΣΗΣ ΥΠΑΤΗΣ,,
15036,ΚΕΝΤΡΟ ΠΕΡΙΒΑΛΛΟΝΤΙΚΗΣ ΕΚΠΑΙΔΕΥΣΗΣ ΚΙΣΣΑΒΟΥ-ΜΑΥΡΟΒΟΥΝΙΟΥ,,
15037,ΚΕΝΤΡΟ ΠΕΡΙΒΑΛΛΟΝΤΙΚΗΣ ΕΚΠΑΙΔΕΥΣΗΣ ΜΑΚΡΥΝΙΤΣΑΣ ΠΗΛΙΟΥ,,
15038,ΚΕΝΤΡΟ ΠΕΡΙΒΑΛΛΟΝΤΙΚΗΣ ΕΚΠΑΙΔΕΥΣΗΣ ΜΟΥΖΑΚΙΟΥ ΚΑΡΔΙΤΣΑΣ,,
15039,ΚΕΝΤΡΟ ΠΕΡΙΒΑΛΛΟΝΤΙΚΗΣ ΕΚΠΑΙΔΕΥΣΗΣ ΣΤΥΛΙΔΑΣ,,
15040,ΕΚΚΛΗΣΙΑΣΤΙΚΟ ΦΡΟΝΤΙΣΤΗΡΙΟ ΚΑΡΔΙΤΣΑΣ,,
15041,ΣΧΟΛΕΙΟ ΔΕΥΤΕΡΗΣ ΕΥΚΑΙΡΙΑΣ ΛΑΜΙΑΣ,,
15042,ΣΧΟΛΕΙΟ ΔΕΥΤΕΡΗΣ ΕΥΚΑΙΡΙΑΣ ΤΡΙΚΑΛΩΝ,,
15043,ΣΧΟΛΕΙΟ ΔΕΥΤΕΡΗΣ ΕΥΚΑΙΡΙΑΣ ΔΙΚΑΣΤΙΚΗΣ ΦΥΛΑΚΗΣ ΛΑΡΙΣΑΣ,,
15044,ΣΧΟΛΕΙΟ ΔΕΥΤΕΡΗΣ ΕΥΚΑΙΡΙΑΣ ΒΟΛΟΥ,,
15045,ΣΧΟΛΕΙΟ ΔΕΥΤΕΡΗΣ ΕΥΚΑΙΡΙΑΣ ΚΑΡΔΙΤΣΑΣ,,
15046,ΣΧΟΛΕΙΟ ΔΕΥΤΕΡΗΣ ΕΥΚΑΙΡΙΑΣ ΛΑΡΙΣΑΣ,,
15047,ΔΗΜΟΤΙΚΟ ΚΕΝΤΡΟ ΙΣΤΟΡΙΑΣ ΚΑΙ ΤΕΚΜΗΡΙΩΣΗΣ ΒΙΒΛΙΟΘΗΚΗ ΒΟΛΟΥ,,
15048,ΔΗΜΟΣΙΑ ΒΙΒΛΙΟΘΗΚΗ ΚΑΡΠΕΝΗΣΙΟΥ,,
15049,ΔΗΜΟΣΙΑ  ΒΙΒΛΙΟΘΗΚΗ ΖΑΓΟΡΑΣ,,
15050,ΔΗΜΟΣΙΑ ΒΙΒΛΙΟΘΗΚΗ ΜΟΥΖΑΚΙΟΥ,,
15051,ΔΗΜΟΣΙΑ ΒΙΒΛΙΟΘΗΚΗ ΑΤΑΛΑΝΤΗΣ,,
15052,ΔΗΜΟΣΙΑ ΒΙΒΛΙΟΘΗΚΗ ΑΜΦΙΚΛΕΙΑΣ,,
15053,ΔΗΜΟΣΙΑ ΒΙΒΛΙΟΘΗΚΗ ΛΑΜΙΑΣ ΚΕΝΤΡΙΚΗ,,
15054,ΔΗΜΟΣΙΑ ΒΙΒΛΙΟΘΗΚΗ ΛΑΡΙΣΑΣ ΚΕΝΤΡΙΚΗ,,
15055,ΔΗΜΟΤΙΚΗ ΒΙΒΛΙΟΘΗΚΗ ΤΡΙΚΑΛΩΝ,,
15056,ΔΗΜΟΣΙΑ ΒΙΒΛΙΟΘΗΚΗ ΜΗΛΕΩΝ,,
15057,ΔΗΜΟΤΙΚΗ ΒΙΒΛΙΟΘΗΚΗ ΚΑΡΔΙΤΣΑΣ,,
15058,ΓΕΝΙΚΑ ΑΡΧΕΙΑ ΤΟΥ ΚΡΑΤΟΥΣ-ΤΟΠΙΚΟ ΑΡΧΕΙΟ ΑΓΙΑΣ ΛΑΡΙΣΑΣ,,
15059,ΓΕΝΙΚΑ ΑΡΧΕΙΑ ΤΟΥ ΚΡΑΤΟΥΣ-ΑΡΧΕΙΑ Ν. ΕΥΡΥΤΑΝΙΑΣ,,
15060,ΓΕΝΙΚΑ ΑΡΧΕΙΑ ΤΟΥ ΚΡΑΤΟΥΣ-ΑΡΧΕΙΑ Ν. ΤΡΙΚΑΛΩΝ,,
15061,ΓΕΝΙΚΑ ΑΡΧΕΙΑ ΤΟΥ ΚΡΑΤΟΥΣ-ΑΡΧΕΙΑ Ν. ΜΑΓΝΗΣΙΑΣ,,
15062,ΓΕΝΙΚΑ ΑΡΧΕΙΑ ΤΟΥ ΚΡΑΤΟΥΣ-ΑΡΧΕΙΑ Ν. ΚΑΡΔΙΤΣΑΣ,,
15063,ΓΕΝΙΚΑ ΑΡΧΕΙΑ ΤΟΥ ΚΡΑΤΟΥΣ-ΑΡΧΕΙΑ Ν. ΛΑΡΙΣΑΣ,,
15064,ΓΕΝΙΚΑ ΑΡΧΕΙΑ ΤΟΥ ΚΡΑΤΟΥΣ-ΑΡΧΕΙΑ Ν. ΦΘΙΩΤΙΔΑΣ,,
15065,ΕΙΔΙΚΟ ΕΡΓΑΣΤΗΡΙΟ ΕΠΑΓΓΕΛΜΑΤΙΚΗΣ ΕΚΠΑΙΔΕΥΣΗΣ ΚΑΙ ΚΑΤΑΡΤΙΣΗΣ ΦΘΙΩΤΙΔΑΣ,,
15066,ΕΙΔΙΚΟ ΕΡΓΑΣΤΗΡΙΟ ΕΠΑΓΓΕΛΜΑΤΙΚΗΣ ΕΚΠΑΙΔΕΥΣΗΣ ΚΑΙ ΚΑΤΑΡΤΙΣΗΣ ΤΡΙΚΑΛΩΝ,,
15067,ΕΙΔΙΚΟ ΕΡΓΑΣΤΗΡΙΟ ΕΠΑΓΓΕΛΜΑΤΙΚΗΣ ΕΚΠΑΙΔΕΥΣΗΣ ΚΑΙ ΚΑΤΑΡΤΙΣΗΣ ΛΑΡΙΣΑΣ,,
15068,ΕΙΔΙΚΟ ΕΡΓΑΣΤΗΡΙΟ ΕΠΑΓΓΕΛΜΑΤΙΚΗΣ ΕΚΠΑΙΔΕΥΣΗΣ ΚΑΙ ΚΑΤΑΡΤΙΣΗΣ ΑΛΜΥΡΟΥ,,
15069,ΕΙΔΙΚΟ ΕΡΓΑΣΤΗΡΙΟ ΕΠΑΓΓΕΛΜΑΤΙΚΗΣ ΕΚΠΑΙΔΕΥΣΗΣ ΚΑΙ ΚΑΤΑΡΤΙΣΗΣ ΚΑΡΔΙΤΣΑΣ,,
15070,ΕΙΔΙΚΟ ΕΡΓΑΣΤΗΡΙΟ ΕΠΑΓΓΕΛΜΑΤΙΚΗΣ ΕΚΠΑΙΔΕΥΣΗΣ ΚΑΙ ΚΑΤΑΡΤΙΣΗΣ ΒΟΛΟΥ,,
15071,"ΙΔΙΩΤΙΚΟ ΔΗΜΟΤΙΚΟ ΣΧΟΛΕΙΟ ""ΑΓΙΟΣ ΑΠΟΣΤΟΛΟΣ Ο ΝΕΟΣ""",,
15072,"ΙΔΙΩΤΙΚΟ ΔΗΜΟΤΙΚΟ ΣΧΟΛΕΙΟ ""ΕΚΠΑΙΔΕΥΤΗΡΙΑ ΜΠΟΥΚΑΛΗ""",,
15073,"ΙΔΙΩΤΙΚΟ ΔΗΜΟΤΙΚΟ ΣΧΟΛΕΙΟ ""ΕΚΠΑΙΔΕΥΤΙΚΗ ΕΤΑΙΡΕΙΑ ΚΑΡΔΙΤΣΑΣ-ΚΟΛΛΕΓΙΟ""",,
15074,"ΔΗΜΟΤΙΚΟ ΣΧΟΛΕΙΟ ""ΕΚΠΑΙΔΕΥΤΗΡΙΑ ΓΛΥΚΕΡΙΑ ΤΖΟΥΜΑΚΗ""",,
15075,"ΙΔΙΩΤΙΚΟ ΔΗΜΟΤΙΚΟ ΣΧΟΛΕΙΟ ""ΑΓΙΟΣ ΙΩΣΗΦ""",,
15076,"ΙΔΙΩΤΙΚΟ ΔΗΜΟΤΙΚΟ ΣΧΟΛΕΙΟ ""ΣΧΟΛΗ ΚΑΡΑΒΑΝΑ""",,
15077,"ΙΔΙΩΤΙΚΟ ΔΗΜΟΤΙΚΟ ""ΕΚΠΑΙΔΕΥΤΗΡΙΑ Κ. ΝΤΟΛΚΟΥ-Ν.ΜΠΑΚΟΓΙΑΝΝΗ""",,
15078,"ΙΔΙΩΤΙΚΟ ΝΗΠΙΑΓΩΓΕΙΟ ""ΜΕΛΩΔΙΑ""",,
15079,"ΙΔΙΩΤΙΚΟ ΝΗΠΙΑΓΩΓΕΙΟ ""ΕΚΠΑΙΔΕΥΤΙΚΗ ΕΤΑΙΡΕΙΑ ΚΑΡΔΙΤΣΑΣ-ΚΟΛΛΕΓΙΟ""",,
15080,ΓΡΑΦΕΙΟ ΠΕΡΙΒΑΛΛΟΝΤΙΚΗΣ ΕΚΠΑΙΔΕΥΣΗΣ ΚΑΡΔΙΤΣΑΣ,,
15081,ΓΡΑΦΕΙΟ ΠΕΡΙΒΑΛΛΟΝΤΙΚΗΣ ΕΚΠΑΙΔΕΥΣΗΣ ΜΑΓΝΗΣΙΑΣ,,
15082,ΓΡΑΦΕΙΟ ΠΕΡΙΒΑΛΛΟΝΤΙΚΗΣ ΕΚΠΑΙΔΕΥΣΗΣ ΦΘΙΩΤΙΔΑΣ,,
15083,ΓΡΑΦΕΙΟ ΠΕΡΙΒΑΛΛΟΝΤΙΚΗΣ ΕΚΠΑΙΔΕΥΣΗΣ ΤΡΙΚΑΛΩΝ,,
15084,ΓΡΑΦΕΙΟ ΠΕΡΙΒΑΛΛΟΝΤΙΚΗΣ ΕΚΠΑΙΔΕΥΣΗΣ ΛΑΡΙΣΑΣ,,
15085,ΓΡΑΦΕΙΟ ΠΕΡΙΒΑΛΛΟΝΤΙΚΗΣ ΕΚΠΑΙΔΕΥΣΗΣ ΕΥΡΥΤΑΝΙΑΣ,,
15086,ΚΕΝΤΡΟ ΔΙΑΓΝΩΣΗΣ ΑΞΙΟΛΟΓΗΣΗΣ ΚΑΙ ΥΠΟΣΤΗΡΙΞΗΣ ΑΤΟΜΩΝ ΜΕ ΕΙΔΙΚΕΣ ΕΚΠΑΙΔΕΥΤΙΚΕΣ ΑΝΑΓΚΕΣ ΤΡΙΚΑΛΩΝ,,
15087,ΚΕΝΤΡΟ ΔΙΑΓΝΩΣΗΣ ΑΞΙΟΛΟΓΗΣΗΣ ΚΑΙ ΥΠΟΣΤΗΡΙΞΗΣ ΑΤΟΜΩΝ ΜΕ ΕΙΔΙΚΕΣ ΕΚΠΑΙΔΕΥΤΙΚΕΣ ΑΝΑΓΚΕΣ ΚΑΡΔΙΤΣΑΣ,,
15088,ΚΕΝΤΡΟ ΔΙΑΓΝΩΣΗΣ ΑΞΙΟΛΟΓΗΣΗΣ ΚΑΙ ΥΠΟΣΤΗΡΙΞΗΣ ΑΤΟΜΩΝ ΜΕ ΕΙΔΙΚΕΣ ΕΚΠΑΙΔΕΥΤΙΚΕΣ ΑΝΑΓΚΕΣ ΦΘΙΩΤΙΔΑΣ,,
15089,ΚΕΝΤΡΟ ΔΙΑΓΝΩΣΗΣ ΑΞΙΟΛΟΓΗΣΗΣ ΚΑΙ ΥΠΟΣΤΗΡΙΞΗΣ ΑΤΟΜΩΝ ΜΕ ΕΙΔΙΚΕΣ ΕΚΠΑΙΔΕΥΤΙΚΕΣ ΑΝΑΓΚΕΣ ΛΑΡΙΣΑΣ,,
15090,ΚΕΝΤΡΟ ΔΙΑΓΝΩΣΗΣ ΑΞΙΟΛΟΓΗΣΗΣ ΚΑΙ ΥΠΟΣΤΗΡΙΞΗΣ ΑΤΟΜΩΝ ΜΕ ΕΙΔΙΚΕΣ ΕΚΠΑΙΔΕΥΤΙΚΕΣ ΑΝΑΓΚΕΣ ΕΥΡΥΤΑΝΙΑΣ,,
15091,ΠΕΡΙΦΕΡΕΙΑΚΗ ΔΙΕΥΘΥΝΣΗ ΕΚΠΑΙΔΕΥΣΗΣ ΘΕΣΣΑΛΙΑΣ,,
15092,ΠΕΡΙΦΕΡΕΙΑΚΗ ΔΙΕΥΘΥΝΣΗ ΕΚΠΑΙΔΕΥΣΗΣ ΣΤΕΡΕΑΣ ΕΛΛΑΔΑΣ,,
15093,ΑΝΩΤΑΤΗ ΣΧΟΛΗ ΠΑΙΔΑΓΩΓΙΚΗΣ ΚΑΙ ΤΕΧΝΟΛΟΓΙΚΗΣ ΕΚΠΑΙΔΕΥΣΗΣ ΒΟΛΟΥ,,
15094,ΚΟΜΒΟΣ ΔΙΑΝΟΜΗΣ ΠΣΔ ΝΟΜΟΥ ΛΑΡΙΣΑΣ,,
15095,ΚΟΜΒΟΣ ΔΙΑΝΟΜΗΣ ΠΣΔ ΝΟΜΟΥ ΤΡΙΚΑΛΩΝ,,
15096,ΚΟΜΒΟΣ ΔΙΑΝΟΜΗΣ ΠΣΔ ΝΟΜΟΥ ΦΘΙΩΤΙΔΑΣ,,
15097,ΚΟΜΒΟΣ ΔΙΑΝΟΜΗΣ ΠΣΔ ΝΟΜΟΥ ΚΑΡΔΙΤΣΑΣ,,
15098,ΚΟΜΒΟΣ ΔΙΑΝΟΜΗΣ ΠΣΔ ΝΟΜΟΥ ΜΑΓΝΗΣΙΑΣ,,
15099,ΚΟΜΒΟΣ ΔΙΑΝΟΜΗΣ ΠΣΔ ΝΟΜΟΥ ΕΥΡΥΤΑΝΙΑΣ,,
15100,HELPDESK ΠΑΝΕΠΙΣΤΗΜΙΟΥ ΘΕΣΣΑΛΙΑΣ,,
15101,ΚΕΝΤΡΟ ΕΚΠΑΙΔΕΥΣΗΣ ΕΝΗΛΙΚΩΝ ΒΟΛΟΥ,,
15102,ΚΕΝΤΡΟ ΕΚΠΑΙΔΕΥΣΗΣ ΕΝΗΛΙΚΩΝ ΤΡΙΚΑΛΩΝ,,
15103,ΚΕΝΤΡΟ ΕΚΠΑΙΔΕΥΣΗΣ ΕΝΗΛΙΚΩΝ ΚΑΡΔΙΤΣΑΣ,,
15104,ΚΕΝΤΡΟ ΕΚΠΑΙΔΕΥΣΗΣ ΕΝΗΛΙΚΩΝ ΛΑΡΙΣΑΣ,,
15105,ΚΕΝΤΡΟ ΕΚΠΑΙΔΕΥΣΗΣ ΕΝΗΛΙΚΩΝ ΛΑΜΙΑΣ,,
15106,ΚΕΝΤΡΟ ΕΚΠΑΙΔΕΥΣΗΣ ΕΝΗΛΙΚΩΝ ΚΑΡΠΕΝΗΣΙΟΥ,,
15107,ΚΕΝΤΡΟ ΔΙΑΓΝΩΣΗΣ ΑΞΙΟΛΟΓΗΣΗΣ ΚΑΙ ΥΠΟΣΤΗΡΙΞΗΣ ΑΤΟΜΩΝ ΜΕ ΕΙΔΙΚΕΣ ΕΚΠΑΙΔΕΥΤΙΚΕΣ ΑΝΑΓΚΕΣ ΒΟΛΟΥ,,
15108,1ο ΔΗΜΟΤΙΚΟ ΣΧΟΛΕΙΟ ΜΕΤΣΟΒΟΥ,21.181083,39.767977
15109,ΔΗΜΟΤΙΚΟ ΣΧΟΛΕΙΟ ΧΡΙΣΤΩΝ ΠΡΑΜΑΝΤΩΝ,,
15110,ΓΥΜΝΑΣΙΟ ΒΡΟΝΤΑΔΟΥ,26.132267,38.407338
15111,4ο ΓΥΜΝΑΣΙΟ ΧΙΟΥ,26.134107,38.364153
15112,ΓΥΜΝΑΣΙΟ ΚΑΡΔΑΜΥΛΩΝ ΛΙΒΑΝΕΙΟ,26.094683,38.528197
15113,ΔΗΜΟΤΙΚΟ ΣΧΟΛΕΙΟ ΑΝΗΛΙΟΥ,21.186848,39.758864
15114,ΓΥΜΝΑΣΙΟ ΚΑΛΛΟΝΗΣ,26.206607,39.230363
15115,ΓΥΜΝΑΣΙΟ ΠΑΠΑΔΟΥ ( ΓΕΡΑΣ ),26.459526,39.037458
15116,ΓΥΜΝΑΣΙΟ ΜΥΤΙΛΗΝΗΣ ΕΣΠΕΡΙΝΟ,26.545674,39.094777
15117,1ο ΓΥΜΝΑΣΙΟ ΜΥΤΙΛΗΝΗΣ,26.553859,39.106673
15118,ΔΗΜΟΤΙΚΟ ΣΧΟΛΕΙΟ ΠΡΟΦΗΤΗ ΗΛΙΑ ΠΑΞΩΝ,,
15119,4ο ΓΥΜΝΑΣΙΟ ΜΥΤΙΛΗΝΗΣ,26.547312,39.090997
15120,ΓΥΜΝΑΣΙΟ ΑΓΡΑΣ ΛΕΣΒΟΥ,26.061404,39.157539
15121,ΓΥΜΝΑΣΙΟ ΠΛΩΜΑΡΙΟΥ,26.375112,38.975003
15122,ΓΥΜΝΑΣΙΟ ΦΙΛΙΑΣ,26.141716,39.260857
15123,ΔΗΜΟΤΙΚΟ ΣΧΟΛΕΙΟ ΤΡΙΠΟΤΑΜΙΑΣ ΓΟΡΤΥΝΙΑΣ,21.798685,37.614202
15124,ΓΥΜΝΑΣΙΟ ΠΑΜΦΙΛΩΝ ΛΕΣΒΟΥ,26.493011,39.157455
15125,ΔΗΜΟΤΙΚΟ ΣΧΟΛΕΙΟ ΡΑΠΤΗ ΓΟΡΤΥΝΙΑΣ,21.965518,37.597399
15126,3ο ΓΥΜΝΑΣΙΟ ΜΥΤΙΛΗΝΗΣ,26.544388,39.093994
15127,ΓΥΜΝΑΣΙΟ ΑΓΙΑΣΟΥ,26.374228,39.081523
15128,ΔΗΜΟΤΙΚΟ ΣΧΟΛΕΙΟ ΒΟΥΤΣΗ ΓΟΡΤΥΝΙΑΣ,21.858243,37.766722
15129,ΔΗΜΟΤΙΚΟ ΣΧΟΛΕΙΟ ΝΕΟΧΩΡΙΟΥ ΓΟΡΤΥΝΙΑΣ,21.819164,37.671132
15130,ΔΗΜΟΤΙΚΟ ΣΧΟΛΕΙΟ ΚΟΣΜΑ ΚΥΝΟΥΡΙΑΣ,22.744045,37.088957
15131,5ο ΓΥΜΝΑΣΙΟ ΜΥΤΙΛΗΝΗΣ,26.553859,39.106673
15132,ΓΥΜΝΑΣΙΟ ΛΙΒΑΔΟΧΩΡΙΟΥ ΛΗΜΝΟΥ,25.202801,39.908765
15133,ΔΗΜΟΤΙΚΟ ΣΧΟΛΕΙΟ ΠΕΛΕΤΩΝ ΚΥΝΟΥΡΙΑΣ,22.894964,37.054888
15134,ΔΗΜΟΤΙΚΟ ΣΧΟΛΕΙΟ ΠΗΓΑΔΙΟΥ ΚΥΝΟΥΡΙΑΣ,22.927219,37.063582
15135,ΔΗΜΟΤΙΚΟ ΣΧΟΛΕΙΟ ΛΙΟΔΩΡΑΣ,21.858512,37.63406
15136,ΓΥΜΝΑΣΙΟ ΜΥΤΙΛΗΝΗΣ ΜΟΥΣΙΚΟ,26.547307,39.091071
15137,2ο ΓΥΜΝΑΣΙΟ ΜΥΤΙΛΗΝΗΣ,26.551933,39.102934
15138,ΓΥΜΝΑΣΙΟ ΜΥΤΙΛΗΝΗΣ ΠΕΙΡΑΜΑΤΙΚΟ,26.553087,39.106286
15139,ΓΥΜΝΑΣΙΟ ΙΠΠΕΙΟΥ ΛΕΣΒΟΥ,26.415474,39.115813
15140,ΔΗΜΟΤΙΚΟ ΣΧΟΛΕΙΟ ΚΡΥΣΤΑΛΛΟΠΗΓΗΣ ΦΛΩΡΙΝΑΣ,21.087982,40.633468
15141,ΓΥΜΝΑΣΙΟ ΚΑΜΠΟΥ ΧΙΟΥ,26.133891,38.35584
15142,ΔΗΜΟΤΙΚΟ ΣΧΟΛΕΙΟ ΓΑΥΔΟΥ ΣΕΛΙΝΟΥ ΧΑΝΙΩΝ,24.082614,34.834937
15143,1ο ΓΥΜΝΑΣΙΟ ΣΑΜΟΥ,26.984218,37.74694
15144,2ο ΓΥΜΝΑΣΙΟ ΧΙΟΥ,26.13261,38.361654
15145,3ο ΓΥΜΝΑΣΙΟ ΧΙΟΥ,26.135777,38.36457
15146,ΔΗΜΟΤΙΚΟ ΣΧΟΛΕΙΟ ΜΕΣΩΝ ΘΕΡΜΩΝ ΜΕΙΟΝΟΤΙΚΟ,24.977154,41.352133
15147,ΔΗΜΟΤΙΚΟ ΣΧΟΛΕΙΟ ΑΝΩ ΘΕΡΜΩΝ ΜΕΙΟΝΟΤΙΚΟ,24.977169,41.352134
15148,ΔΗΜΟΤΙΚΟ ΣΧΟΛΕΙΟ ΜΕΛΙΒΟΙΩΝ ΜΕΙΟΝΟΤΙΚΟ,,
15149,ΔΗΜΟΤΙΚΟ ΣΧΟΛΕΙΟ ΣΑΤΡΩΝ,25.049353,41.241594
15150,1ο ΓΥΜΝΑΣΙΟ ΧΙΟΥ,26.134802,38.364485
15151,3ο ΤΜΗΜΑ ΑΘΛΗΤΙΚΗΣ ΔΙΕΥΚΟΛΥΝΣΗΣ ΓΥΜΝΑΣΙΟΥ ΜΥΤΙΛΗΝΗΣ,,
15152,ΓΥΜΝΑΣΙΟ ΧΙΟΥ ΕΣΠΕΡΙΝΟ,26.129116,38.353775
15153,ΔΗΜΟΤΙΚΟ ΣΧΟΛΕΙΟ ΡΕΥΜΑΤΟΣ ΜΕΙΟΝΟΤΙΚΟ,,
15154,ΔΗΜΟΤΙΚΟ ΣΧΟΛΕΙΟ ΤΕΜΕΝΟΥΣ ΜΕΙΟΝΟΤΙΚΟ,,
15155,ΓΥΜΝΑΣΙΟ ΚΑΡΛΟΒΑΣΙΟΥ,26.708131,37.789305
15156,ΔΗΜΟΤΙΚΟ ΣΧΟΛΕΙΟ ΠΟΤΑΜΟΧΩΡΙΟΥ ΜΕΙΟΝΟΤΙΚΟ,,
15157,2ο ΓΥΜΝΑΣΙΟ ΣΑΜΟΥ,26.984218,37.74694
15158,ΜΟΥΣΙΚΟ ΓΥΜΝΑΣΙΟ ΧΙΟΥ,,
15159,ΔΗΜΟΤΙΚΟ ΣΧΟΛΕΙΟ ΧΩΡΑΣ ΚΥΘΗΡΩΝ,22.987917,36.148241
15160,ΕΝΙΑΙΟ ΛΥΚΕΙΟ ΠΟΛΙΧΝΙΤΟΥ,26.184619,39.078724
15161,ΕΝΙΑΙΟ ΛΥΚΕΙΟ ΠΑΜΦΙΛΩΝ,26.493011,39.157455
15162,ΕΝΙΑΙΟ ΛΥΚΕΙΟ ΓΕΡΑΣ,26.459526,39.037458
15163,2ο ΕΝΙΑΙΟ ΛΥΚΕΙΟ ΧΙΟΥ,26.132558,38.361601
15164,ΕΝΙΑΙΟ ΛΥΚΕΙΟ ΚΑΡΔΑΜΥΛΩΝ,26.094683,38.528197
15165,2ο ΕΝΙΑΙΟ ΛΥΚΕΙΟ ΜΥΤΙΛΗΝΗΣ,26.544304,39.093932
15166,ΔΗΜΟΤΙΚΟ ΣΧΟΛΕΙΟ ΚΑΡΒΟΥΝΑΔΩΝ ΚΥΘΗΡΩΝ,22.975612,36.204514
15167,3ο ΕΝΙΑΙΟ ΛΥΚΕΙΟ ΧΙΟΥ,26.138122,38.362542
15168,ΔΗΜΟΤΙΚΟ ΣΧΟΛΕΙΟ ΚΑΣΤΡΙΣΙΑΝΙΚΩΝ ΚΥΘΗΡΩΝ,,
15169,ΔΗΜΟΤΙΚΟ ΣΧΟΛΕΙΟ ΛΕΙΒΑΔΙΟΥ ΚΥΘΗΡΩΝ,22.984742,36.182074
15170,ΔΗΜΟΤΙΚΟ ΣΧΟΛΕΙΟ ΑΓΙΟΥ ΠΕΛΑΓΙΟΥ ΚΥΘΗΡΩΝ,,
15171,ΕΝΙΑΙΟ ΛΥΚΕΙΟ ΜΟΥΔΡΟΥ,25.273524,39.874039
15172,ΔΗΜΟΤΙΚΟ ΣΧΟΛΕΙΟ ΑΛΟΝΝΗΣΟΥ,23.864833,39.152538
15173,ΔΗΜΟΤΙΚΟ ΣΧΟΛΕΙΟ ΕΛΑΦΙΟΥ ΚΑΛ/ΚΑΣ,,
15174,ΔΗΜΟΤΙΚΟ ΣΧΟΛΕΙΟ ΚΑΣΤΡΑΚΙΟΥ ΕΥΡΥΤΑΝΙΑΣ,,
15175,ΔΗΜΟΤΙΚΟ ΣΧΟΛΕΙΟ ΔΑΦΝΗΣ ΕΥΡΥΤΑΝΙΑΣ,21.725405,39.035738
15176,5ο ΕΝΙΑΙΟ ΛΥΚΕΙΟ ΜΥΤΙΛΗΝΗΣ,26.556452,39.085171
15177,ΕΝΙΑΙΟ ΛΥΚΕΙΟ ΒΟΡΕΙΟΥ ΑΙΓΑΙΟΥ ΕΚΚΛΗΣΙΑΣΤΙΚΟ,26.131923,38.36628
15178,1ο ΕΝΙΑΙΟ ΛΥΚΕΙΟ ΧΙΟΥ,26.138122,38.362542
15179,ΕΝΙΑΙΟ ΛΥΚΕΙΟ ΜΥΤΙΛΗΝΗΣ ΠΕΙΡΑΜΑΤΙΚΟ,26.545817,39.094855
15180,"""ΠΥΘΑΓΟΡΕΙΟ"" ΕΝΙΑΙΟ ΛΥΚΕΙΟ ΣΑΜΟΥ",26.984218,37.74694
15181,ΔΗΜΟΤΙΚΟ ΣΧΟΛΕΙΟ ΡΑΠΤΟΠΟΥΛΟΥ ΕΥΡΥΤΑΝΙΑΣ,,
15182,ΔΗΜΟΤΙΚΟ ΣΧΟΛΕΙΟ ΝΕΟΥ ΑΡΓΥΡΙΟΥ ΕΥΡΥΤΑΝΙΑΣ,,
15183,"ΕΝΙΑΙΟ ΛΥΚΕΙΟ ΚΑΛΛΟΝΗΣ ""ΙΓΝΑΤΙΟΣ ΑΓΑΛΙΑΝΟΣ""",26.206607,39.230363
15184,ΕΝΙΑΙΟ ΛΥΚΕΙΟ ΚΑΡΛΟΒΑΣΙΟΥ,26.708131,37.789305
15185,1ο ΕΝΙΑΙΟ ΛΥΚΕΙΟ ΜΥΤΙΛΗΝΗΣ,26.553859,39.106673
15186,3ο ΕΝΙΑΙΟ ΛΥΚΕΙΟ ΜΥΤΙΛΗΝΗΣ,26.544514,39.094071
15187,ΔΗΜΟΤΙΚΟ ΣΧΟΛΕΙΟ ΑΡΓΥΡΙΟΥ ΚΑΡΔΙΤΣΑΣ,21.418926,39.192674
15188,ΔΗΜΟΤΙΚΟ ΣΧΟΛΕΙΟ ΤΟΠΟΛΙΑΝΩΝ ΕΥΡΥΤΑΝΙΑΣ,21.446648,39.066934
15189,ΕΝΙΑΙΟ ΛΥΚΕΙΟ ΜΥΤΙΛΗΝΗΣ ΜΟΥΣΙΚΟ,26.553859,39.106673
15190,ΔΗΜΟΤΙΚΟ ΣΧΟΛΕΙΟ ΒΑΛΑΩΡΑΣ,21.44988,39.036359
15191,ΤΕΕ ΜΥΡΙΝΑΣ,25.071309,39.872837
15192,1ο ΤΕΕ ΚΑΡΔΑΜΥΛΩΝ,26.094683,38.528197
15193,ΤΕΕ ΚΑΛΛΟΝΗΣ,26.206607,39.230363
15194,2ο ΤΕΕ ΜΥΤΙΛΗΝΗΣ,26.544177,39.093839
15195,ΤΕΕ ΓΕΡΑΣ,26.459526,39.037458
15196,ΔΗΜΟΤΙΚΟ ΣΧΟΛΕΙΟ ΒΡΑΓΚΙΑΝΩΝ ΚΑΡΔΙΤΣΑΣ,21.434926,39.238892
15197,1ο ΤΕΕ ΚΑΡΛΟΒΑΣΙΟΥ,26.708131,37.789305
15198,ΔΗΜΟΤΙΚΟ ΣΧΟΛΕΙΟ ΛΕΠΙΑΝΩΝ ΕΥΡΥΤΑΝΙΑΣ,,
15199,1ο ΤΕΕ ΜΥΤΙΛΗΝΗΣ,26.544177,39.093839
15200,ΔΗΜΟΤΙΚΟ ΣΧΟΛΕΙΟ ΚΟΝΤΙΑ ΛΗΜΝΟΥ,25.155945,39.863333
15201,ΔΗΜΟΤΙΚΟ ΣΧΟΛΕΙΟ ΜΟΥΔΡΟΥ ΛΗΜΝΟΥ,25.275276,39.872754
15202,ΤΕΕ ΑΓΙΑΣΟΥ,26.374228,39.081523
15203,1ο ΤΕΕ ΧΙΟΥ,26.138671,38.362247
15204,1ο ΤΕΕ ΜΥΤΙΛΗΝΗΣ ΕΣΠΕΡΙΝΟ,,
15205,"""ΜΑΥΡΟΓΕΝΕΙΟ"" ΤΕΕ ΣΑΜΟΥ",26.984218,37.74694
15206,3ο ΤΕΕ ΜΥΤΙΛΗΝΗΣ,26.544177,39.093839
15207,2ο ΤΕΕ ΧΙΟΥ,26.13871,38.362228
15208,1ο ΣΕΚ ΜΥΤΙΛΗΝΗΣ,26.544049,39.093714
15209,1ο ΣΕΚ ΧΙΟΥ,26.138756,38.362209
15210,ΣΥΜΒΟΥΛΕΥΤΙΚΟΣ ΣΤΑΘΜΟΣ ΝΕΩΝ ΣΑΜΟΥ,26.979503,37.749106
15211,ΔΗΜΟΤΙΚΟ ΣΧΟΛΕΙΟ ΚΑΣΠΑΚΑ ΛΗΜΝΟΥ,25.086846,39.914015
15212,ΔΗΜΟΤΙΚΟ ΣΧΟΛΕΙΟ ΝΕΑΣ ΚΟΥΤΑΛΗΣ ΛΗΜΝΟΥ,25.206556,39.893166
15213,ΔΗΜΟΤΙΚΟ ΣΧΟΛΕΙΟ ΣΑΜΟΥ ΕΙΔΙΚΟ,,
15214,ΔΗΜΟΤΙΚΟ ΣΧΟΛΕΙΟ ΚΟΝΤΟΠΟΥΛΙΟΥ ΛΗΜΝΟΥ,25.335948,39.924885
15215,ΔΗΜΟΤΙΚΟ ΣΧΟΛΕΙΟ ΚΟΡΝΟΥ ΛΗΜΝΟΥ,25.12038,39.917404
15216,ΔΗΜΟΤΙΚΟ ΣΧΟΛΕΙΟ ΑΤΣΙΚΗΣ ΛΗΜΝΟΥ,25.227143,39.946391
15217,ΔΗΜΟΤΙΚΟ ΣΧΟΛΕΙΟ ΑΓΙΟΥ ΔΗΜΗΤΡΙΟΥ ΛΗΜΝΟΥ,25.155569,39.911829
15218,ΔΗΜΟΤΙΚΟ ΣΧΟΛΕΙΟ ΘΑΝΟΥΣ ΛΗΜΝΟΥ,25.088653,39.854939
15219,ΔΗΜΟΤΙΚΟ ΣΧΟΛΕΙΟ ΒΑΡΟΥΣ ΛΗΜΝΟΥ,25.263909,39.92799
15220,ΔΗΜΟΤΙΚΟ ΣΧΟΛΕΙΟ ΑΓΙΟΥ ΠΟΛΥΚΑΡΠΟΥ ΙΚΑΡΙΑΣ,26.094251,37.609992
15221,2ο ΔΗΜΟΤΙΚΟ ΣΧΟΛΕΙΟ ΣΑΜΟΥ,,
15222,3ο ΔΗΜΟΤΙΚΟ ΣΧΟΛΕΙΟ ΣΑΜΟΥ,,
15223,ΔΗΜΟΤΙΚΟ ΣΧΟΛΕΙΟ ΜΕΣΑΙΟΥ ΚΑΡΛΟΒΑΣΟΥ ΣΑΜΟΥ,26.706604,37.788784
15224,1ο ΔΗΜΟΤΙΚΟ ΣΧΟΛΕΙΟ ΝΕΟΥ ΚΑΡΛΟΒΑΣΙ,26.706604,37.788785
15225,1ο ΔΗΜΟΤΙΚΟ ΣΧΟΛΕΙΟ ΣΑΜΟΥ,,
15226,ΔΗΜΟΤΙΚΟ ΣΧΟΛΕΙΟ ΟΡΜΟΥ ΝΕΟΥ ΚΑΡΛΟΒΑΣΙΟΥ,26.706604,37.788785
15227,ΔΗΜΟΤΙΚΟ ΣΧΟΛΕΙΟ ΦΟΥΡΝΩΝ ΙΚΑΡΙΑΣ,26.483972,37.575555
15228,9ο ΔΗΜΟΤΙΚΟ ΣΧΟΛΕΙΟ ΜΥΤΙΛΗΝΗΣ,,
15229,11ο ΔΗΜΟΤΙΚΟ ΣΧΟΛΕΙΟ ΜΥΤΙΛΗΝΗΣ,,
15230,ΔΗΜΟΤΙΚΟ ΣΧΟΛΕΙΟ ΠΛΑΓΙΑΣ ΙΚΑΡΙΑΣ,,
15231,ΔΗΜΟΤΙΚΟ ΣΧΟΛΕΙΟ ΠΑΜΦΙΛΩΝ,26.521959,39.156105
15232,ΔΗΜΟΤΙΚΟ ΣΧΟΛΕΙΟ ΚΟΣΜΑΔΑΙΩΝ ΣΑΜΟΥ,26.661684,37.760606
15233,ΔΗΜΟΤΙΚΟ ΣΧΟΛΕΙΟ ΜΟΡΙΑΣ ΛΕΣΒΟΥ,26.51831,39.131722
15234,ΔΗΜΟΤΙΚΟ ΣΧΟΛΕΙΟ ΚΑΜΠΙΩΝ ΧΙΟΥ,25.984296,38.57022
15235,ΔΗΜΟΤΙΚΟ ΣΧΟΛΕΙΟ ΟΙΝΟΥΣΩΝ ΧΙΟΥ,26.223343,38.513128
15236,3ο ΔΗΜΟΤΙΚΟ ΣΧΟΛΕΙΟ ΜΥΤΙΛΗΝΗΣ,,
15237,ΔΗΜΟΤΙΚΟ ΣΧΟΛΕΙΟ ΑΝΤΙΣΣΑΣ,25.981371,39.23198
15238,12ο ΔΗΜΟΤΙΚΟ ΣΧΟΛΕΙΟ ΜΥΤΗΛΗΝΗΣ,,
15239,ΔΗΜΟΤΙΚΟ ΣΧΟΛΕΙΟ ΒΑΤΟΥΣΑΣ ΛΕΣΒΟΥ,26.052781,39.223552
15240,ΔΗΜΟΤΙΚΟ ΣΧΟΛΕΙΟ ΕΡΕΣΟΥ ΛΕΣΒΟΥ,25.93514,39.166441
15241,ΔΗΜΟΤΙΚΟ ΣΧΟΛΕΙΟ ΜΕΓΑΛΟΧΩΡΙΟΥ,26.365792,39.018014
15242,10ο ΔΗΜΟΤΙΚΟ ΣΧΟΛΕΙΟ ΜΥΤΙΛΗΝΗΣ,,
15243,ΔΗΜΟΤΙΚΟ ΣΧΟΛΕΙΟ ΠΑΛΑΙΟΧΩΡΙΟΥ,26.320339,38.996982
15244,ΔΗΜΟΤΙΚΟ ΣΧΟΛΕΙΟ ΜΕΣΟΤΟΠΟΥ ΛΕΣΒΟΥ,26.004655,39.129511
15245,"ΔΗΜΟΤΙΚΟ ΣΧΟΛΕΙΟ ΣΥΚΑΜΙΝΕΑΣ ""ΣΤΡΑΤΗΣ ΜΥΡΙΒΗΛΗΣ""",26.295965,39.359051
15246,1ο ΔΗΜΟΤΙΚΟ ΣΧΟΛΕΙΟ ΒΡΟΝΤΑΔΟΥ ΧΙΟΥ,26.130543,38.406559
15247,ΔΗΜΟΤΙΚΟ ΣΧΟΛΕΙΟ ΚΑΡΔΑΜΥΛΩΝ ΣΧΟΛΙΚΟ ΚΕΝΤΡΟ,26.09381,38.526353
15248,2ο ΔΗΜΟΤΙΚΟ ΣΧΟΛΕΙΟ ΒΡΟΝΤΑΔΟΥ ΧΙΟΥ ΠΑΝΑΓΙΑΣ ΕΡΕΙΘΙΑΝΗΣ,26.130556,38.406841
15249,3ο ΔΗΜΟΤΙΚΟ ΣΧΟΛΕΙΟ ΒΡΟΝΤΑΔΟΥ ΧΙΟΥ,26.130569,38.406932
15250,ΔΗΜΟΤΙΚΟ ΣΧΟΛΕΙΟ ΚΑΜΠΟΥ,,
15251,ΔΗΜΟΤΙΚΟ ΣΧΟΛΕΙΟ ΛΙΒΑΔΙΩΝ ΧΙΟΥ,,
15252,ΔΗΜΟΤΙΚΟ ΣΧΟΛΕΙΟ ΠΑΝΑΓΙΟΥΔΑΣ ΛΕΣΒΟΥ,26.524385,39.143738
15253,ΔΗΜΟΤΙΚΟ ΣΧΟΛΕΙΟ ΛΕΙΨΩΝ,26.771898,37.295482
15254,ΔΗΜΟΤΙΚΟ ΣΧΟΛΕΙΟ ΚΟΡΩΝΟΥ ΝΑΞΟΥ,25.538929,37.11567
15255,ΔΗΜΟΤΙΚΟ ΣΧΟΛΕΙΟ ΜΥΤΙΛΗΝΗΣ ΕΙΔΙΚΟ ,,
15256,ΔΗΜΟΤΙΚΟ ΣΧΟΛΕΙΟ ΜΑΝΔΡΑΚΙΟΥ ΝΙΣΥΡΟΥ,27.135595,36.60449
15257,ΔΗΜΟΤΙΚΟ ΣΧΟΛΕΙΟ ΣΠΟΩΝ ΚΑΡΠΑΘΟΥ,27.144948,35.638889
15258,1ο ΔΗΜΟΤΙΚΟ ΣΧΟΛΕΙΟ ΚΑΡΠΑΘΟΥ,27.218666,35.502665
15259,ΔΗΜΟΤΙΚΟ ΣΧΟΛΕΙΟ ΜΕΣΟΧΩΡΙΟΥ ΚΑΡΠΑΘΟΥ,27.11851,35.622148
15260,ΔΗΜΟΤΙΚΟ ΣΧΟΛΕΙΟ ΚΑΤΑΠΟΛΩΝ ΑΜΟΡΓΟΥ,25.866921,36.824434
15261,ΔΗΜΟΤΙΚΟ ΣΧΟΛΕΙΟ ΙΟΥ,25.283998,36.722098
15262,ΔΗΜΟΤΙΚΟ ΣΧΟΛΕΙΟ ΔΑΝΑΚΟΥ ΝΑΞΟΥ,25.525978,37.047012
15263,13ο ΔΗΜΟΤΙΚΟ ΣΧΟΛΕΙΟ ΜΥΤΙΛΗΝΗΣ ΤΣΙΓΓΑΝΟΠΑΙΔΩΝ,,
15264,ΔΗΜΟΤΙΚΟ ΣΧΟΛΕΙΟ ΑΓΙΟΥ ΠΑΝΤΕΛΕΗΜΟΝΑ ΙΚΑΡΙΑΣ,,
15265,ΔΗΜΟΤΙΚΟ ΣΧΟΛΕΙΟ ΑΡΚΕΣΙΝΗΣ ΑΜΟΡΓΟΥ,25.803764,36.782285
15266,ΔΗΜΟΤΙΚΟ ΣΧΟΛΕΙΟ ΠΟΛΛΩΝΙΩΝ ΜΗΛΟΥ,,
15267,ΔΗΜΟΤΙΚΟ ΣΧΟΛΕΙΟ ΧΩΡΑΣ ΑΜΟΡΓΟΥ,25.900797,36.829609
15268,ΔΗΜΟΤΙΚΟ ΣΧΟΛΕΙΟ ΚΟΡΩΝΙΔΑΣ ΝΑΞΟΥ,25.529911,37.144777
15269,ΔΗΜΟΤΙΚΟ ΣΧΟΛΕΙΟ ΗΜΕΡΟΒΙΓΛΙΟΥ ΘΗΡΑΣ,,
15270,ΔΗΜΟΤΙΚΟ ΣΧΟΛΕΙΟ ΟΠΙΣΩ ΜΕΡΟΥΣ ΑΝΔΡΟΥ,,
15271,ΔΗΜΟΤΙΚΟ ΣΧΟΛΕΙΟ ΑΓΚΑΙΡΙΑΣ ΠΑΡΟΥ,25.151849,36.999975
15272,ΔΗΜΟΤΙΚΟ ΣΧΟΛΕΙΟ ΙΟΥΛΙΔΑΣ ΚΕΑΣ,24.342918,37.640596
15273,ΔΗΜΟΤΙΚΟ ΣΧΟΛΕΙΟ ΚΟΡΗΣΣΙΑΣ ΚΕΑΣ,24.313843,37.653175
15274,ΔΗΜΟΤΙΚΟ ΣΧΟΛΕΙΟ ΜΕΣΣΑΡΙΑΣ ΑΝΔΡΟΥ,,
15275,ΔΗΜΟΤΙΚΟ ΣΧΟΛΕΙΟ ΠΙΤΡΟΦΟΥ ΑΝΔΡΟΥ,24.876133,37.812578
15276,ΔΗΜΟΤΙΚΟ ΣΧΟΛΕΙΟ ΧΡΥΣΟΣΤΟΜΟΥ ΙΚΑΡΙΑΣ,26.22971,37.588107
15277,ΔΗΜΟΤΙΚΟ ΣΧΟΛΕΙΟ ΑΚΡΩΤΗΡΙΟΥ ΘΗΡΑΣ,,
15278,ΔΗΜΟΤΙΚΟ ΣΧΟΛΕΙΟ ΤΕΛΗΣΙΟΥ ΤΕΤΡΑΚΩΜΟΥ,,
15279,ΔΗΜΟΤΙΚΟ ΣΧΟΛΕΙΟ ΜΕΣΟΠΥΡΓΟΥ,21.342823,39.203058
15280,ΔΗΜΟΤΙΚΟ ΣΧΟΛΕΙΟ ΜΗΛΕΩΝ ΠΗΓΩΝ,21.400238,39.2914
15281,ΔΗΜΟΤΙΚΟ ΣΧΟΛΕΙΟ ΜΗΛΙΑΝΩΝ,21.339632,39.264458
15282,ΔΗΜΟΤΙΚΟ ΣΧΟΛΕΙΟ ΡΑΜΙΑΣ,21.080483,39.393854
15283,ΔΗΜΟΤΙΚΟ ΣΧΟΛΕΙΟ ΚΑΣΤΑΝΙΑΣ,21.303278,39.308176
15284,ΔΗΜΟΤΙΚΟ ΣΧΟΛΕΙΟ ΜΗΛΙΑΣ,21.230227,39.851693
15285,ΔΗΜΟΤΙΚΟ ΣΧΟΛΕΙΟ ΜΑΘΡΑΚΙΟΥ ΚΕΡΚΥΡΑΣ,19.527858,39.759187
15286,ΔΗΜΟΤΙΚΟ ΣΧΟΛΕΙΟ ΓΕΦΥΡΑΣ ΕΠΙΣΚΟΠΗΣ,,
15287,ΔΗΜΟΤΙΚΟ ΣΧΟΛΕΙΟ ΜΑΥΡΟΧΩΡΙΟΥ,21.321869,40.511238
15288,ΔΗΜΟΤΙΚΟ ΣΧΟΛΕΙΟ ΚΡΑΝΟΧΩΡΙΟΥ ΝΕΣΤΟΡΙΟ,21.093199,40.454728
15289,ΔΗΜΟΤΙΚΟ ΣΧΟΛΕΙΟ ΝΕΡΟΤΡΙΒΙΑΣ ΧΑΛΚΙΔΑΣ,23.533229,38.612269
15290,ΔΗΜΟΤΙΚΟ ΣΧΟΛΕΙΟ ΔΡΑΚΑΙΩΝ ΣΑΜΟΥ,26.612214,37.757151
15291,ΔΗΜΟΤΙΚΟ ΣΧΟΛΕΙΟ ΜΕΔΟΥΣΑΣ ΜΕΙΟΝΟΤΙΚΟ,,
15292,ΔΗΜΟΤΙΚΟ ΣΧΟΛΕΙΟ ΒΑΘΕΟΣ ΣΑΜΟΥ,26.983578,37.746395
15293,ΔΗΜΟΤΙΚΟ ΣΧΟΛΕΙΟ ΚΑΤΩ ΘΕΡΜΩΝ,24.977169,41.352134
15294,ΔΗΜΟΤΙΚΟ ΣΧΟΛΕΙΟ ΑΓΙΟΥ ΚΩΝΣΤΑΝΤΙΝΟΥ ΣΑΜΟΥ,26.821709,37.79973
15295,ΔΗΜΟΤΙΚΟ ΣΧΟΛΕΙΟ ΔΙΑΣΠΑΡΤΟΥ,,
15296,6ο ΔΗΜΟΤΙΚΟ ΣΧΟΛΕΙΟ ΣΑΜΟΥ ΕΙΔΙΚΟ,,
15297,ΔΗΜΟΤΙΚΟ ΣΧΟΛΕΙΟ ΚΑΛΛΙΘΕΑΣ ΕΙΔΙΚΟ,,
15298,ΔΗΜΟΤΙΚΟ ΣΧΟΛΕΙΟ ΠΛΩΜΑΡΙΟΥ ΕΙΔΙΚΟ,,
15299,3ο ΔΗΜΟΤΙΚΟ ΣΧΟΛΕΙΟ ΧΙΟΥ,,
15300,11ο ΔΗΜΟΤΙΚΟ ΣΧΟΛΕΙΟ ΧΙΟΥ,,
15301,4ο ΔΗΜΟΤΙΚΟ ΣΧΟΛΕΙΟ ΧΙΟΥ,,
15302,ΔΗΜΟΤΙΚΟ ΣΧΟΛΕΙΟ ΧΙΟΥ ΕΙΔΙΚΟ,26.136311,38.362108
15303,ΔΗΜΟΤΙΚΟ ΣΧΟΛΕΙΟ ΘΥΜΙΑΝΩΝ ΧΙΟΥ,26.132799,38.310792
15304,ΔΗΜΟΤΙΚΟ ΣΧΟΛΕΙΟ ΘΕΟΤΟΚΟΥ Μ/ΚΟ,,
15305,ΔΗΜΟΤΙΚΟ ΣΧΟΛΕΙΟ ΑΜΦΙΩΝ ΜΕΙΟΝΟΤΙΚΟ,,
15306,ΔΗΜΟΤΙΚΟ ΣΧΟΛΕΙΟ ΚΟΤΥΛΗΣ ΜΕΙΟΝΟΤΙΚΟ,24.886045,41.332537
15307,ΔΗΜΟΤΙΚΟ ΣΧΟΛΕΙΟ ΚΑΛΛΙΜΑΣΙΑΣ ΧΙΟΥ,26.101943,38.290003
15308,ΔΗΜΟΤΙΚΟ ΣΧΟΛΕΙΟ ΑΙΜΟΝΙΟΥ ΜΕΙΟΝΟΤΙΚΟ,,
15309,ΔΗΜΟΤΙΚΟ ΣΧΟΛΕΙΟ ΛΑΓΚΑΔΑΣ ΧΙΟΥ,26.121272,38.477959
15310,ΔΗΜΟΤΙΚΟ ΣΧΟΛΕΙΟ ΔΗΜΑΡΙΟΥ ΜΕΙΟΝΟΤΙΚΟ,,
15311,6ο ΔΗΜΟΤΙΚΟ ΣΧΟΛΕΙΟ ΧΙΟΥ,,
15312,5ο ΔΗΜΟΤΙΚΟ ΣΧΟΛΕΙΟ ΧΙΟΥ,,
15313,9ο ΔΗΜΟΤΙΚΟ ΣΧΟΛΕΙΟ ΧΙΟΥ,,
15314,8ο ΔΗΜΟΤΙΚΟ ΣΧΟΛΕΙΟ ΧΙΟΥ,,
15315,7ο ΔΗΜΟΤΙΚΟ ΣΧΟΛΕΙΟ ΧΙΟΥ,,
15316,ΔΗΜΟΤΙΚΟ ΣΧΟΛΕΙΟ ΚΑΤΩ ΤΙΘΟΡΕΑΣ,22.669748,38.582606
15317,ΔΗΜΟΤΙΚΟ ΣΧΟΛΕΙΟ ΑΓΡΑΦΩΝ ΕΥΡΥΤΑΝΙΑΣ,21.652015,39.136519
15318,1ο ΔΗΜΟΤΙΚΟ ΣΧΟΛΕΙΟ ΧΙΟΥ,,
15319,2ο ΔΗΜΟΤΙΚΟ ΣΧΟΛΕΙΟ ΧΙΟΥ,,
15320,ΔΗΜΟΤΙΚΟ ΣΧΟΛΕΙΟ ΚΕΔΡΩΝ ΕΥΡΥΤΑΝΙΑΣ,,
15321,ΔΗΜΟΤΙΚΟ ΣΧΟΛΕΙΟ ΧΡΥΣΟΒΩΝ ΕΥΡΥΤΑΝΙΑΣ,21.479365,38.998314
15322,15ο ΔΗΜΟΤΙΚΟ ΣΧΟΛΕΙΟ ΜΥΤΙΛΗΝΗΣ,,
15323,ΔΗΜΟΤΙΚΟ ΣΧΟΛΕΙΟ ΣΑΡΔΩΝ ΛΗΜΝΟΥ,25.144034,39.940109
15324,ΔΗΜΟΤΙΚΟ ΣΧΟΛΕΙΟ ΠΑΝΑΓΙΑΣ ΛΗΜΝΟΥ,,
15325,ΔΗΜΟΤΙΚΟ ΣΧΟΛΕΙΟ ΠΛΑΚΑΣ,25.428696,40.002021
15326,ΔΗΜΟΤΙΚΟ ΣΧΟΛΕΙΟ ΚΑΡΚΙΝΑΓΡΙΟΥ ΙΚΑΡΙΑΣ,26.015455,37.52768
15327,ΔΗΜΟΤΙΚΟ ΣΧΟΛΕΙΟ ΚΑΜΠΟΧΩΡΩΝ,,
15328,ΔΗΜΟΤΙΚΟ ΣΧΟΛΕΙΟ ΘΥΜΑΙΝΗΣ ΦΟΥΡΝΩΝ,,
15329,ΔΗΜΟΤΙΚΟ ΣΧΟΛΕΙΟ ΚΛΕΙΟΥΣ ΛΕΣΒΟΥ,,
15330,ΔΗΜΟΤΙΚΟ ΣΧΟΛΕΙΟ ΒΡΑΚΑΔΩΝ ΙΚΑΡΙΑΣ,,
15331,14ο ΔΗΜΟΤΙΚΟ ΣΧΟΛΕΙΟ ΜΥΤΙΛΗΝΗΣ,,
15332,ΔΗΜΟΤΙΚΟ ΣΧΟΛΕΙΟ ΛΟΥΤΡΟΠΟΛΗΣ ΘΕΡΜΗΣ,26.484934,39.178441
15333,8ο ΔΗΜΟΤΙΚΟ ΣΧΟΛΕΙΟ ΜΥΤΙΛΗΝΗΣ,,
15334,ΔΗΜΟΤΙΚΟ ΣΧΟΛΕΙΟ ΦΡΑΝΤΑΤΟΥ ΙΚΑΡΙΑΣ,26.141374,37.603443
15335,ΔΗΜΟΤΙΚΟ ΣΧΟΛΕΙΟ ΣΤΕΛΙΟΥ ΙΚΑΡΙΑΣ,,
15336,ΔΗΜΟΤΙΚΟ ΣΧΟΛΕΙΟ ΣΚΑΛΑΣ ΚΑΛΛΟΝΗΣ ΚΕΡΑΜΙΟΥ,26.208664,39.213605
15337,ΔΗΜΟΤΙΚΟ ΣΧΟΛΕΙΟ ΑΝΕΜΟΤΙΑΣ ΛΕΣΒΟΥ,26.105068,39.244729
15338,ΔΗΜΟΤΙΚΟ ΣΧΟΛΕΙΟ ΚΑΛΛΙΘΕΑΣ ΣΑΜΟΥ,26.583829,37.729132
15339,ΔΗΜΟΤΙΚΟ ΣΧΟΛΕΙΟ ΚΟΥΜΑΙΙΚΩΝ ΣΑΜΟΥ,26.750137,37.708667
15340,ΔΗΜΟΤΙΚΟ ΣΧΟΛΕΙΟ ΧΡΥΣΟΜΗΛΙΑΣ ΦΟΥΡΝΩΝ,,
15341,ΔΗΜΟΤΙΚΟ ΣΧΟΛΕΙΟ ΤΡΥΓΟΝΑ,,
15342,ΔΗΜΟΤΙΚΟ ΣΧΟΛΕΙΟ ΨΑΡΩΝ ΧΙΟΥ,25.562321,38.544481
15343,ΔΗΜΟΤΙΚΟ ΣΧΟΛΕΙΟ ΝΕΟΧΩΡΙΟΥ,26.327005,39.023028
15344,ΔΗΜΟΤΙΚΟ ΣΧΟΛΕΙΟ ΧΙΔΗΡΩΝ,26.027212,39.20063
15345,ΔΗΜΟΤΙΚΟ ΣΧΟΛΕΙΟ ΣΙΓΡΙΟΥ,25.854669,39.209298
15346,ΔΗΜΟΤΙΚΟ ΣΧΟΛΕΙΟ ΜΕΓΙΣΤΗΣ,29.580461,36.142152
15347,ΔΗΜΟΤΙΚΟ ΣΧΟΛΕΙΟ ΠΕΡΑΜΑΤΟΣ,,
15348,ΔΗΜΟΤΙΚΟ ΣΧΟΛΕΙΟ ΑΠΟΛΛΩΝΑ ΝΑΞΟΥ,,
15349,ΔΗΜΟΤΙΚΟ ΣΧΟΛΕΙΟ ΘΗΡΑΣΙΑΣ,,
15350,ΔΗΜΟΤΙΚΟ ΣΧΟΛΕΙΟ ΑΓΡΑΣ ΛΕΣΒΟΥ,26.060032,39.15749
15351,ΔΗΜΟΤΙΚΟ ΣΧΟΛΕΙΟ ΣΚΟΠΕΛΟΥ,,
15352,ΔΗΜΟΤΙΚΟ ΣΧΟΛΕΙΟ ΔΑΦΙΩΝ ΛΕΣΒΟΥ,26.199103,39.238289
15353,ΔΗΜΟΤΙΚΟ ΣΧΟΛΕΙΟ ΚΑΛΛΟΝΗΣ ΛΕΣΒΟΥ,26.206013,39.230276
15354,ΔΗΜΟΤΙΚΟ ΣΧΟΛΕΙΟ ΟΛΥΜΠΟΥ ΚΑΡΠΑΘΟΥ,,
15355,ΔΗΜΟΤΙΚΟ ΣΧΟΛΕΙΟ ΦΡΥ ΚΑΣΟΥ,26.922473,35.415168
15356,ΔΗΜΟΤΙΚΟ ΣΧΟΛΕΙΟ ΑΓΙΑΣ ΜΑΡΙΝΑΣ ΚΑΣΟΥ,,
15357,ΔΗΜΟΤΙΚΟ ΣΧΟΛΕΙΟ ΛΟΥΤΡΩΝ,26.545717,39.055099
15358,ΔΗΜΟΤΙΚΟ ΣΧΟΛΕΙΟ ΑΡΚΙΩΝ,,
15359,ΔΗΜΟΤΙΚΟ ΣΧΟΛΕΙΟ ΤΗΛΟΥ,27.346802,36.453625
15360,ΔΗΜΟΤΙΚΟ ΣΧΟΛΕΙΟ ΦΟΛΕΓΑΝΔΡΟΥ,24.92037,36.62737
15361,ΔΗΜΟΤΙΚΟ ΣΧΟΛΕΙΟ ΦΙΛΙΑΣ ΛΕΣΒΟΥ,26.140555,39.260457
15362,ΔΗΜΟΤΙΚΟ ΣΧΟΛΕΙΟ ΘΟΛΑΡΙΩΝ ΑΜΟΡΓΟΥ,25.984717,36.915055
15363,ΔΗΜΟΤΙΚΟ ΣΧΟΛΕΙΟ ΧΑΛΙΚΩΝ ΜΥΤΙΛΗΝΗΣ,,
15364,ΔΗΜΟΤΙΚΟ ΣΧΟΛΕΙΟ ΠΑΠΑΔΟΥ,,
15365,ΔΗΜΟΤΙΚΟ ΣΧΟΛΕΙΟ ΠΑΛΑΙΟΚΗΠΟΥ,,
15366,ΔΗΜΟΤΙΚΟ ΣΧΟΛΕΙΟ ΜΕΣΑΓΡΟΥ,,
15367,2ο ΔΗΜΟΤΙΚΟ ΣΧΟΛΕΙΟ ΜΥΤΙΛΗΝΗΣ,,
15368,1ο ΔΗΜΟΤΙΚΟ ΣΧΟΛΕΙΟ ΜΥΤΙΛΗΝΗΣ,,
15369,ΔΗΜΟΤΙΚΟ ΣΧΟΛΕΙΟ ΣΙΚΙΝΟΥ,25.118395,36.691474
15370,7ο ΔΗΜΟΤΙΚΟ ΣΧΟΛΕΙΟ ΜΥΤΙΛΗΝΗΣ,,
15371,6ο ΔΗΜΟΤΙΚΟ ΣΧΟΛΕΙΟ ΜΥΤΙΛΗΝΗΣ,,
15372,ΔΗΜΟΤΙΚΟ ΣΧΟΛΕΙΟ ΒΑΡΕΙΑΣ-ΤΑΞΙΑΡΧΩΝ,26.571683,39.067011
15373,ΔΗΜΟΤΙΚΟ ΣΧΟΛΕΙΟ ΑΝΩ ΜΕΡΑΣ ΦΟΛΕΓΑΝΔΡΟΥ,24.889391,36.640758
15374,5ο ΔΗΜΟΤΙΚΟ ΣΧΟΛΕΙΟ ΜΥΤΙΛΗΝΗΣ,,
15375,4ο ΔΗΜΟΤΙΚΟ ΣΧΟΛΕΙΟ ΜΥΤΙΛΗΝΗΣ,,
15376,ΔΗΜΟΤΙΚΟ ΣΧΟΛΕΙΟ ΣΕΡΙΦΟΥ,,
15377,ΔΗΜΟΤΙΚΟ ΣΧΟΛΕΙΟ ΑΙΓΙΑΛΗΣ ΑΜΟΡΓΟΥ,26.000091,36.904516
15378,ΔΗΜΟΤΙΚΟ ΣΧΟΛΕΙΟ ΠΥΡΓΟΥ ΤΗΝΟΥ,,
15379,ΔΗΜΟΤΙΚΟ ΣΧΟΛΕΙΟ ΔΟΝΟΥΣΑΣ,25.796823,37.100832
15380,ΔΗΜΟΤΙΚΟ ΣΧΟΛΕΙΟ ΑΝΤΙΠΑΡΟΥ,25.080869,37.039082
15381,ΔΗΜΟΤΙΚΟ ΣΧΟΛΕΙΟ ΑΦΑΛΩΝΑ ΛΕΣΒΟΥ,26.514651,39.14801
15382,ΔΗΜΟΤΙΚΟ ΣΧΟΛΕΙΟ ΠΑΝΑΓΙΑΣ ΗΡΑΚΛΕΙΑΣ,25.458035,36.834373
15383,ΔΗΜΟΤΙΚΟ ΣΧΟΛΕΙΟ ΚΙΜΩΛΟΥ,24.575452,36.792116
15384,ΔΗΜΟΤΙΚΟ ΣΧΟΛΕΙΟ ΠΑΡΑΚΟΙΛΩΝ ΛΕΣΒΟΥ,26.143155,39.167835
15385,ΔΗΜΟΤΙΚΟ ΣΧΟΛΕΙΟ ΣΚΑΛΟΧΩΡΙΟΥ ΛΕΣΒΟΥ,26.076447,39.258896
15386,ΔΙΕΥΘΥΝΣΗ Δ.Ε. ΣΑΜΟΥ,26.984218,37.74694
15387,ΔΙΕΥΘΥΝΣΗ Δ.Ε. ΛΕΣΒΟΥ,26.549435,39.099781
15388,ΔΙΕΥΘΥΝΣΗ Δ.Ε. ΧΙΟΥ,26.132406,38.367502
15389,1ο ΕΡΓΑΣΤΗΡΙΑΚΟ ΚΕΝΤΡΟ ΦΥΣΙΚΩΝ ΕΠΙΣΤΗΜΩΝ ΛΕΣΒΟΥ (ΜΥΤΙΛΗΝΗ),26.547215,39.096997
15390,1ο ΕΡΓΑΣΤΗΡΙΑΚΟ ΚΕΝΤΡΟ ΦΥΣΙΚΩΝ ΕΠΙΣΤΗΜΩΝ ΣΑΜΟΥ (ΣΑΜΟΣ),26.979503,37.749106
15391,1ο ΕΡΓΑΣΤΗΡΙΑΚΟ ΚΕΝΤΡΟ ΦΥΣΙΚΩΝ ΕΠΙΣΤΗΜΩΝ ΧΙΟΥ (ΧΙΟΣ),26.134471,38.357744
15392,ΚΕΣΥΠ ΣΑΜΟΥ,26.984218,37.74694
15393,ΚΕΣΥΠ ΧΙΟΥ,26.136985,38.364238
15394,ΚΕΣΥΠ ΛΕΣΒΟΥ - 2,26.206607,39.230363
15395,ΚΕΣΥΠ ΛΕΣΒΟΥ - 1,26.55035,39.098221
15396,ΓΡΑΦΕΙΟ Δ.Ε. ΛΕΣΒΟΥ,26.554068,39.106141
15397,ΓΡΑΦΕΙΟ ΤΕΕ ΛΕΣΒΟΥ,26.54828,39.098238
15398,ΙΕΚ ΛΗΜΝΟΥ,,
15399,ΙΕΚ ΧΙΟΥ,,
15400,ΙΕΚ ΜΥΤΙΛΗΝΗΣ,,
15401,ΙΕΚ ΣΑΜΟΥ,,
15402,ΔΙΕΥΘΥΝΣΗ Π.Ε. ΛΕΣΒΟΥ,,
15403,ΔΙΕΥΘΥΝΣΗ Π.Ε. ΧΙΟΥ,,
15404,ΔΙΕΥΘΥΝΣΗ Π.Ε. ΣΑΜΟΥ,26.976268,37.75784
15405,2ο ΓΡΑΦΕΙΟ Π.Ε. ΛΕΣΒΟΥ,,
15406,ΓΡΑΦΕΙΟ Π.Ε. ΙΚΑΡΙΑΣ,,
15407,1ο ΓΡΑΦΕΙΟ Π.Ε. ΛΕΣΒΟΥ,,
15408,ΓΡΑΣΕΠ ΜΥΡΙΝΑΣ,,
15409,ΓΡΑΣΕΠ ΕΡΕΣΟΥ,,
15410,ΓΡΑΣΕΠ ΜΑΝΤΑΜΑΔΟΥ,,
15411,ΓΡΑΣΕΠ ΠΛΩΜΑΡΙΟΥ,,
15412,ΓΡΑΣΕΠ ΚΑΡΔΑΜΥΛΩΝ,,
15413,ΠΕΡΙΦΕΡΕΙΑΚΟ ΕΠΙΜΟΡΦΩΤΙΚΟ ΚΕΝΤΡΟ ΛΕΣΒΟΥ,,
15414,ΓΡΑΦΕΙΟ ΦΥΣΙΚΗΣ ΑΓΩΓΗΣ ΛΕΣΒΟΥ,,
15415,ΓΡΑΦΕΙΟ ΦΥΣΙΚΗΣ ΑΓΩΓΗΣ ΧΙΟΥ,,
15416,ΓΡΑΦΕΙΟ ΣΧΟΛΙΚΩΝ ΣΥΜΒΟΥΛΩΝ ΧΙΟΥ,,
15417,ΝΗΠΙΑΓΩΓΕΙΟ ΑΜΠΕΛΟΥ,26.803634,37.8002
15418,ΝΗΠΙΑΓΩΓΕΙΟ ΘΥΜΙΑΝΩΝ ΧΙΟΥ,26.132766,38.310913
15419,ΝΗΠΙΑΓΩΓΕΙΟ ΚΑΛΛΙΜΑΣΙΑΣ ΧΙΟΥ,26.101951,38.290285
15420,2ο ΝΗΠΙΑΓΩΓΕΙΟ ΧΙΟΥ,,
15421,5ο ΝΗΠΙΑΓΩΓΕΙΟ ΧΙΟΥ,,
15422,1ο ΝΗΠΙΑΓΩΓΕΙΟ ΧΙΟΥ,,
15423,2ο ΝΗΠΙΑΓΩΓΕΙΟ ΚΑΛΛΟΝΗΣ,,
15424,6ο ΝΗΠΙΑΓΩΓΕΙΟ ΧΙΟΥ,,
15425,ΝΗΠΙΑΓΩΓΕΙΟ ΝΕΝΗΤΩΝ,26.094707,38.236618
15426,ΝΗΠΙΑΓΩΓΕΙΟ ΘΟΛΟΠΟΤΑΜΙΟΥ,,
15427,ΝΗΠΙΑΓΩΓΕΙΟ ΣΥΚΙΑΔΑΣ ΧΙΟΥ,26.123462,38.462202
15428,ΝΗΠΙΑΓΩΓΕΙΟ ΛΙΒΑΔΙΩΝ ΧΙΟΥ,,
15429,ΝΗΠΙΑΓΩΓΕΙΟ ΠΥΡΓΙΟΥ ΧΙΟΥ,25.998597,38.226142
15430,ΝΗΠΙΑΓΩΓΕΙΟ ΒΟΛΙΣΣΟΥ,25.927624,38.482527
15431,4ο ΝΗΠΙΑΓΩΓΕΙΟ ΧΙΟΥ,,
15432,3ο ΝΗΠΙΑΓΩΓΕΙΟ ΧΙΟΥ,,
15433,ΝΗΠΙΑΓΩΓΕΙΟ ΛΙΘΙΟΥ,26.00144,38.329749
15434,ΝΗΠΙΑΓΩΓΕΙΟ ΟΙΝΟΥΣΩΝ,26.223352,38.513409
15435,ΝΗΠΙΑΓΩΓΕΙΟ ΚΑΤΑΡΑΚΤΗ,,
15436,10ο ΝΗΠΙΑΓΩΓΕΙΟ ΧΙΟΥ,,
15437,ΝΗΠΙΑΓΩΓΕΙΟ ΚΑΜΠΟΥ,,
15438,7ο ΝΗΠΙΑΓΩΓΕΙΟ ΧΙΟΥ,,
15439,ΝΗΠΙΑΓΩΓΕΙΟ ΚΑΛΑΜΩΤΗΣ,26.044599,38.232269
15440,8ο ΝΗΠΙΑΓΩΓΕΙΟ ΧΙΟΥ,,
15441,2ο ΝΗΠΙΑΓΩΓΕΙΟ ΚΑΜΠΟΧΩΡΩΝ,,
15442,ΝΗΠΙΑΓΩΓΕΙΟ ΛΑΓΚΑΔΑΣ,26.121277,38.47812
15443,1ο ΝΗΠΙΑΓΩΓΕΙΟ ΚΑΜΠΟΧΩΡΩΝ,,
15444,12ο ΝΗΠΙΑΓΩΓΕΙΟ ΧΙΟΥ,,
15445,11ο ΝΗΠΙΑΓΩΓΕΙΟ ΧΙΟΥ,,
15446,ΝΗΠΙΑΓΩΓΕΙΟ ΨΑΡΩΝ,25.562344,38.544262
15447,ΝΗΠΙΑΓΩΓΕΙΟ ΑΓΙΟΥ ΓΕΩΡΓΙΟΥ,26.057008,38.316784
15448,ΝΗΠΙΑΓΩΓΕΙΟ ΚΑΡΥΩΝ,,
15449,ΝΗΠΙΑΓΩΓΕΙΟ ΜΥΤΙΛΗΝΗΣ ΕΙΔΙΚΟ,,
15450,13ο ΝΗΠΙΑΓΩΓΕΙΟ ΜΥΤΙΛΗΝΗΣ,,
15451,ΝΗΠΙΑΓΩΓΕΙΟ ΣΠΑΘΑΡΑΙΩΝ,26.802765,37.67793
15452,ΝΗΠΙΑΓΩΓΕΙΟ ΜΥΤΙΛΗΝΙΩΝ,26.909653,37.725668
15453,ΝΗΠΙΑΓΩΓΕΙΟ ΑΓΙΟΥ ΠΟΛΥΚΑΡΠΟΥ,26.094396,37.608963
15454,ΝΗΠΙΑΓΩΓΕΙΟ ΦΟΥΡΝΩΝ ΙΚΑΡΙΑΣ,26.483972,37.575555
15455,1ο ΝΗΠΙΑΓΩΓΕΙΟ ΣΑΜΟΥ,,
15456,ΝΗΠΙΑΓΩΓΕΙΟ ΠΑΓΩΝΔΑ,26.832762,37.670197
15457,ΝΗΠΙΑΓΩΓΕΙΟ ΧΡΙΣΤΟΥ ΡΑΧΩΝ ΙΚΑΡΙΑΣ,26.07954,37.59864
15458,2ο ΝΗΠΙΑΓΩΓΕΙΟ ΣΑΜΟΥ,,
15459,ΝΗΠΙΑΓΩΓΕΙΟ ΗΡΑΙΟΥ,26.873027,37.715773
15460,1ο ΝΗΠΙΑΓΩΓΕΙΟ ΚΑΡΛΟΒΑΣΙΟΥ,26.706604,37.788785
15461,ΝΗΠΙΑΓΩΓΕΙΟ ΒΑΘΕΟΣ ΣΑΜΟΥ,26.983551,37.746385
15462,ΝΗΠΙΑΓΩΓΕΙΟ ΑΓΙΟΥ ΚΗΡΥΚΟΥ ΙΚΑΡΙΑΣ,26.277101,37.609779
15463,ΝΗΠΙΑΓΩΓΕΙΟ ΜΑΡΑΘΟΚΑΜΠΟΥ ΣΑΜΟΥ,26.688225,37.724918
15464,ΝΗΠΙΑΓΩΓΕΙΟ ΠΥΘΑΓΟΡΕΙΟΥ ΣΑΜΟΥ,26.942169,37.68993
15465,2ο ΝΗΠΙΑΓΩΓΕΙΟ ΚΑΡΛΟΒΑΣΙΟΥ,26.706604,37.788785
15466,ΝΗΠΙΑΓΩΓΕΙΟ ΕΥΔΗΛΟΥ ΙΚΑΡΙΑΣ,26.173998,37.623544
15467,ΝΗΠΙΑΓΩΓΕΙΟ ΧΩΡΑΣ ΣΑΜΟΥ,26.905349,37.702187
15468,ΝΗΠΙΑΓΩΓΕΙΟ ΒΟΥΡΛΙΩΤΩΝ ΣΑΜΟΥ,26.84872,37.783347
15469,ΝΗΠΙΑΓΩΓΕΙΟ ΛΕΚΑΣ ΣΑΜΟΥ,26.687282,37.77208
15470,ΝΗΠΙΑΓΩΓΕΙΟ ΠΑΛΑΙΟΚΑΣΤΡΟΥ ΣΑΜΟΥ,27.00146,37.73722
15471,ΝΗΠΙΑΓΩΓΕΙΟ ΠΥΡΓΟΥ ΣΑΜΟΥ,26.805545,37.709115
15472,ΝΗΠΙΑΓΩΓΕΙΟ ΚΟΚΚΑΡΙΟΥ,26.889847,37.771331
15473,ΝΗΠΙΑΓΩΓΕΙΟ ΜΕΣΑΙΟΥ ΚΑΡΛΟΒΑΣΟΥ,26.706604,37.788785
15474,ΝΗΠΙΑΓΩΓΕΙΟ ΑΓΙΟΥ ΚΩΝΣΤΑΝΤΙΝΟΥ ΣΑΜΟΥ,26.821701,37.799728
15475,ΝΗΠΙΑΓΩΓΕΙΟ ΥΔΡΟΥΣΣΑΣ,26.749309,37.778927
15476,ΝΗΠΙΑΓΩΓΕΙΟ ΚΟΝΤΑΚΑΙΙΚΩΝ ΣΑΜΟΥ,26.744292,37.802107
15477,ΝΗΠΙΑΓΩΓΕΙΟ ΣΚΟΥΤΑΡΟΥ,26.134382,39.290548
15478,4ο ΝΗΠΙΑΓΩΓΕΙΟ ΜΥΤΙΛΗΝΗΣ,,
15479,ΝΗΠΙΑΓΩΓΕΙΟ ΣΚΑΛΟΧΩΡΙΟΥ,26.076441,39.258939
15480,ΝΗΠΙΑΓΩΓΕΙΟ ΠΕΛΟΠΗΣ,26.280566,39.325484
15481,ΝΗΠΙΑΓΩΓΕΙΟ ΠΕΡΑΜΑΤΟΣ,,
15482,ΝΗΠΙΑΓΩΓΕΙΟ ΑΓΙΑΣΟΥ,26.373876,39.079267
15483,ΝΗΠΙΑΓΩΓΕΙΟ ΚΑΣΠΑΚΑ,25.086848,39.914014
15484,ΝΗΠΙΑΓΩΓΕΙΟ ΜΟΥΔΡΟΥ,25.274831,39.872744
15485,7ο ΝΗΠΙΑΓΩΓΕΙΟ ΜΥΤΙΛΗΝΗΣ,,
15486,ΝΗΠΙΑΓΩΓΕΙΟ ΠΑΡΑΚΟΙΛΩΝ,26.142948,39.168072
15487,ΝΗΠΙΑΓΩΓΕΙΟ ΙΠΠΕΙΟΥ,,
15488,ΝΗΠΙΑΓΩΓΕΙΟ ΑΓΙΟΥ ΔΗΜΗΤΡΙΟΥ,25.15557,39.9118
15489,ΝΗΠΙΑΓΩΓΕΙΟ ΛΙΣΒΟΡΙΟΥ,26.219357,39.104061
15490,ΝΗΠΙΑΓΩΓΕΙΟ ΝΕΑΣ ΚΟΥΤΑΛΗΣ,25.206554,39.893165
15491,ΝΗΠΙΑΓΩΓΕΙΟ ΠΑΝΑΓΙΑΣ,,
15492,ΝΗΠΙΑΓΩΓΕΙΟ ΘΑΝΟΥΣ,25.088653,39.854939
15493,ΝΗΠΙΑΓΩΓΕΙΟ ΒΡΙΣΑΣ,26.201781,39.038004
15494,ΝΗΠΙΑΓΩΓΕΙΟ ΣΚΟΠΕΛΟΥ,,
15495,12ο ΝΗΠΙΑΓΩΓΕΙΟ ΜΥΤΙΛΗΝΗΣ,,
15496,5ο ΝΗΠΙΑΓΩΓΕΙΟ ΜΥΤΙΛΗΝΗΣ,,
15497,2ο ΝΗΠΙΑΓΩΓΕΙΟ ΠΛΩΜΑΡΙΟΥ,26.374232,38.974251
15498,ΝΗΠΙΑΓΩΓΕΙΟ ΠΛΑΚΑΣ,25.428706,40.00251
15499,ΝΗΠΙΑΓΩΓΕΙΟ ΑΓΙΟΥ ΕΥΣΤΡΑΤΙΟΥ,24.990736,39.536263
15500,6ο ΝΗΠΙΑΓΩΓΕΙΟ ΜΥΤΙΛΗΝΗΣ,,
15501,ΝΗΠΙΑΓΩΓΕΙΟ ΣΤΥΨΗΣ,26.218453,39.309571
15502,1ο ΝΗΠΙΑΓΩΓΕΙΟ ΚΑΛΛΟΝΗΣ,26.206018,39.230429
15503,ΝΗΠΙΑΓΩΓΕΙΟ ΦΙΛΙΑΣ,26.140563,39.260311
15504,ΝΗΠΙΑΓΩΓΕΙΟ ΜΑΝΤΑΜΑΔΟΥ,26.337324,39.310309
15505,ΝΗΠΙΑΓΩΓΕΙΟ ΑΤΣΙΚΗΣ,25.227153,39.946351
15506,11ο ΝΗΠΙΑΓΩΓΕΙΟ ΜΥΤΙΛΗΝΗΣ,,
15507,ΝΗΠΙΑΓΩΓΕΙΟ ΚΑΤΩ ΤΡΙΤΟΥΣ,,
15508,ΝΗΠΙΑΓΩΓΕΙΟ ΛΟΥΤΡΩΝ,26.545723,39.055257
15509,2ο ΝΗΠΙΑΓΩΓΕΙΟ ΜΥΤΙΛΗΝΗΣ,,
15510,1ο ΝΗΠΙΑΓΩΓΕΙΟ ΠΛΩΜΑΡΙΟΥ,26.374233,38.97425
15511,ΝΗΠΙΑΓΩΓΕΙΟ ΠΟΛΙΧΝΙΤΟΥ,26.182937,39.078391
15512,3ο ΝΗΠΙΑΓΩΓΕΙΟ ΜΥΤΙΛΗΝΗΣ,,
15513,ΝΗΠΙΑΓΩΓΕΙΟ ΚΟΝΤΙΑ ΛΗΜΝΟΥ,25.155945,39.863332
15514,1ο ΝΗΠΙΑΓΩΓΕΙΟ ΜΥΤΙΛΗΝΗΣ,,
15515,2ο ΝΗΠΙΑΓΩΓΕΙΟ ΠΑΠΑΔΟΥ,,
15516,ΝΗΠΙΑΓΩΓΕΙΟ ΑΝΤΙΣΣΑΣ,25.981593,39.232038
15517,ΝΗΠΙΑΓΩΓΕΙΟ ΑΓΙΑΣ ΠΑΡΑΣΚΕΥΗΣ,26.272189,39.244335
15518,ΝΗΠΙΑΓΩΓΕΙΟ ΑΓΡΑΣ,26.060233,39.15764
15519,ΝΗΠΙΑΓΩΓΕΙΟ ΚΟΝΤΟΠΟΥΛΙΟΥ ΛΗΜΝΟΥ,25.33563,39.924888
15520,ΝΗΠΙΑΓΩΓΕΙΟ ΣΑΡΔΩΝ,25.144034,39.940091
15521,1ο ΝΗΠΙΑΓΩΓΕΙΟ ΠΑΠΑΔΟΥ,,
15522,ΝΗΠΙΑΓΩΓΕΙΟ ΜΕΣΑΓΡΟΥ,,
15523,ΝΗΠΙΑΓΩΓΕΙΟ ΠΑΛΑΙΟΚΗΠΟΥ,,
15524,ΝΗΠΙΑΓΩΓΕΙΟ ΔΑΦΙΩΝ,26.199095,39.238199
15525,ΝΗΠΙΑΓΩΓΕΙΟ ΝΕΩΝ ΚΥΔΩΝΙΩΝ,26.441367,39.224288
15526,ΝΗΠΙΑΓΩΓΕΙΟ ΧΑΛΙΚΩΝ,,
15527,ΝΗΠΙΑΓΩΓΕΙΟ ΒΑΣΙΛΙΚΩΝ,26.242957,39.101449
15528,ΝΗΠΙΑΓΩΓΕΙΟ ΜΗΘΥΜΝΑΣ,26.177703,39.366796
15529,ΝΗΠΙΑΓΩΓΕΙΟ ΜΙΣΤΕΓΝΩΝ,26.462769,39.210298
15530,ΝΗΠΙΑΓΩΓΕΙΟ ΤΡΥΓΟΝΑ,26.356349,39.000589
15531,ΝΗΠΙΑΓΩΓΕΙΟ ΑΝΕΜΟΤΙΑΣ,26.105067,39.244771
15532,2ο ΝΗΠΙΑΓΩΓΕΙΟ ΜΥΡΙΝΑΣ,25.070232,39.871991
15533,"1ο ΝΗΠΙΑΓΩΓΕΙΟ ΜΥΡΙΝΑΣ ""ΠΑΡΙΣΙΔΕΙΟ""",25.070232,39.871988
15534,ΝΗΠΙΑΓΩΓΕΙΟ ΜΟΡΙΑΣ,26.518658,39.131844
15535,ΝΗΠΙΑΓΩΓΕΙΟ ΠΟΡΤΙΑΝΟΥ,25.181681,39.881341
15536,ΝΗΠΙΑΓΩΓΕΙΟ ΤΣΙΜΑΝΔΡΙΩΝ,25.175118,39.868569
15537,ΝΗΠΙΑΓΩΓΕΙΟ ΑΦΑΛΩΝΑ,26.514648,39.148035
15538,ΝΗΠΙΑΓΩΓΕΙΟ ΚΛΕΙΟΥΣ,26.323149,39.345808
15539,ΝΗΠΙΑΓΩΓΕΙΟ ΤΑΞΙΑΡΧΩΝ,26.57188,39.066849
15540,ΝΗΠΙΑΓΩΓΕΙΟ ΒΑΡΟΥΣ,25.263946,39.928009
15541,ΝΗΠΙΑΓΩΓΕΙΟ ΕΡΕΣΟΥ,25.935145,39.166641
15542,ΝΗΠΙΑΓΩΓΕΙΟ ΣΥΚΑΜΙΝΕΑΣ,26.295965,39.359051
15543,ΝΗΠΙΑΓΩΓΕΙΟ ΠΕΤΡΑΣ,26.177844,39.326119
15544,ΝΗΠΙΑΓΩΓΕΙΟ ΠΛΑΤΕΟΣ,25.072246,39.860441
15545,ΝΗΠΙΑΓΩΓΕΙΟ ΚΑΠΗΣ,26.31074,39.332311
15546,ΝΗΠΙΑΓΩΓΕΙΟ ΑΓΙΑΣ ΜΑΡΙΝΑΣ,26.578812,39.06243
15547,ΝΗΠΙΑΓΩΓΕΙΟ ΚΟΡΝΟΥ,25.120377,39.917399
15548,ΝΗΠΙΑΓΩΓΕΙΟ ΒΑΤΟΥΣΑΣ,26.052787,39.223752
15549,ΝΗΠΙΑΓΩΓΕΙΟ ΚΕΡΑΜΕΙΩΝ,,
15550,ΝΗΠΙΑΓΩΓΕΙΟ ΣΚΑΛΑΣ ΚΑΛΛΟΝΗΣ,26.206025,39.230127
15551,ΝΗΠΙΑΓΩΓΕΙΟ ΧΙΔΗΡΩΝ,26.027216,39.200871
15552,3ο ΝΗΠΙΑΓΩΓΕΙΟ ΜΥΡΙΝΑΣ,25.070232,39.87199
15553,10ο ΝΗΠΙΑΓΩΓΕΙΟ ΜΥΤΙΛΗΝΗΣ,,
15554,ΝΗΠΙΑΓΩΓΕΙΟ ΣΙΓΡΙΟΥ,25.854669,39.209298
15555,ΝΗΠΙΑΓΩΓΕΙΟ ΒΑΡΕΙΑΣ,26.534021,39.075567
15556,ΝΗΠΙΑΓΩΓΕΙΟ ΜΕΣΟΤΟΠΟΥ,26.004649,39.129312
15557,ΝΗΠΙΑΓΩΓΕΙΟ ΛΟΥΤΡΟΠΟΛΗΣ ΘΕΡΜΗΣ,26.484954,39.178988
15558,8ο ΝΗΠΙΑΓΩΓΕΙΟ ΜΥΤΙΛΗΝΗΣ,,
15559,ΝΗΠΙΑΓΩΓΕΙΟ ΠΑΛΑΙΟΧΩΡΙΟΥ,26.320352,38.997119
15560,ΝΗΠΙΑΓΩΓΕΙΟ ΠΑΝΑΓΙΟΥΔΑΣ,26.524363,39.143886
15561,ΝΗΠΙΑΓΩΓΕΙΟ ΠΗΓΗΣ,26.418755,39.181362
15562,2ο ΝΗΠΙΑΓΩΓΕΙΟ ΚΑΡΔΑΜΥΛΩΝ ΧΙΟΥ,26.093617,38.526065
15563,1ο ΝΗΠΙΑΓΩΓΕΙΟ ΚΑΡΔΑΜΥΛΩΝ ΧΙΟΥ,26.093604,38.525629
15564,1ο ΝΗΠΙΑΓΩΓΕΙΟ ΒΡΟΝΤΑΔΟΥ ΧΙΟΥ,26.13055,38.406455
15565,2ο ΝΗΠΙΑΓΩΓΕΙΟ ΒΡΟΝΤΑΔΟΥ ΧΙΟΥ,26.130559,38.406758
15566,3ο ΝΗΠΙΑΓΩΓΕΙΟ ΒΡΟΝΤΑΔΟΥ ΧΙΟΥ,26.130557,38.406663
15567,9ο ΝΗΠΙΑΓΩΓΕΙΟ ΜΥΤΙΛΗΝΗΣ,,
15568,4ο ΝΗΠΙΑΓΩΓΕΙΟ ΜΥΡΙΝΑΣ,25.070232,39.871991
15569,ΝΗΠΙΑΓΩΓΕΙΟ ΠΑΜΦΙΛΩΝ,26.521961,39.156024
15570,ΝΗΠΙΑΓΩΓΕΙΟ ΑΡΓΕΝΟΥ,26.264331,39.358144
15571,ΝΗΠΙΑΓΩΓΕΙΟ ΝΕΟΥ ΚΑΡΛΟΒΑΣΟΥ,26.706604,37.788784
15572,14ο ΝΗΠΙΑΓΩΓΕΙΟ ΜΥΤΙΛΗΝΗΣ,26.535271,39.090035
15573,ΝΗΠΙΑΓΩΓΕΙΟ ΧΡΥΣΟΜΗΛΙΑΣ,,
15574,ΚΕΝΤΡΟ ΠΕΡΙΒΑΛΛΟΝΤΙΚΗΣ ΕΚΠΑΙΔΕΥΣΗΣ ΟΜΗΡΟΥΠΟΛΗΣ ΧΙΟΥ,,
15575,ΚΕΝΤΡΟ ΠΕΡΙΒΑΛΛΟΝΤΙΚΗΣ ΕΚΠΑΙΔΕΥΣΗΣ ΕΥΕΡΓΕΤΟΥΛΑΣ ΛΕΣΒΟΥ,,
15576,ΣΧΟΛΕΙΟ ΔΕΥΤΕΡΗΣ ΕΥΚΑΙΡΙΑΣ ΧΙΟΥ,,
15577,ΣΧΟΛΕΙΟ ΔΕΥΤΕΡΗΣ ΕΥΚΑΙΡΙΑΣ ΛΕΣΒΟΥ,,
15578,ΔΗΜΟΣΙΑΒΙΒΛΙΟΘΗΚΗ ΣΑΜΟΥ ΚΕΝΤΡΙΚΗ,,
15579,ΔΗΜΟΣΙΑΒΙΒΛΙΟΘΗΚΗ ΜΗΘΥΜΝΑΣ,,
15580,ΔΗΜΟΣΙΑ ΒΙΒΛΙΟΘΗΚΗ ΧΙΟΥ ΚΕΝΤΡΙΚΗ,,
15581,ΔΗΜΟΣΙΑ ΒΙΒΛΙΟΘΗΚΗ ΜΥΤΙΛΗΝΗΣ ΚΕΝΤΡΙΚΗ,,
15582,ΓΕΝΙΚΑ ΑΡΧΕΙΑ ΤΟΥ ΚΡΑΤΟΥΣ-ΑΡΧΕΙΑ Ν. ΧΙΟΥ,,
15583,ΓΕΝΙΚΑ ΑΡΧΕΙΑ ΤΟΥ ΚΡΑΤΟΥΣ-ΑΡΧΕΙΑ Ν. ΣΑΜΟΥ,,
15584,ΓΕΝΙΚΑ ΑΡΧΕΙΑ ΤΟΥ ΚΡΑΤΟΥΣ-ΑΡΧΕΙΑ Ν. ΛΕΣΒΟΥ,,
15585,ΕΙΔΙΚΟ ΕΡΓΑΣΤΗΡΙΟ ΕΠΑΓΓΕΛΜΑΤΙΚΗΣ ΕΚΠΑΙΔΕΥΣΗΣ ΚΑΙ ΚΑΤΑΡΤΙΣΗΣ ΛΕΣΒΟΥ,,
15586,ΕΙΔΙΚΟ ΕΡΓΑΣΤΗΡΙΟ ΕΠΑΓΓΕΛΜΑΤΙΚΗΣ ΕΚΠΑΙΔΕΥΣΗΣ ΚΑΙ ΚΑΤΑΡΤΙΣΗΣ ΣΑΜΟΥ,,
15587,ΕΙΔΙΚΟ ΕΡΓΑΣΤΗΡΙΟ ΕΠΑΓΓΕΛΜΑΤΙΚΗΣ ΕΚΠΑΙΔΕΥΣΗΣ ΚΑΙ ΚΑΤΑΡΤΙΣΗΣ ΧΙΟΥ,,
15588,ΔΗΜΟΤΙΚΟ ΣΧΟΛΕΙΟ ΕΚΠΑΙΔΕΥΤΗΡΙΑ ΠΛΑΤΩΝΟΣ ΙΔΙΩΤΙΚΟ,,
15589,ΓΡΑΦΕΙΟ ΠΕΡΙΒΑΛΛΟΝΤΙΚΗΣ ΕΚΠΑΙΔΕΥΣΗΣ ΛΕΣΒΟΥ,,
15590,ΓΡΑΦΕΙΟ ΠΕΡΙΒΑΛΛΟΝΤΙΚΗΣ ΕΚΠΑΙΔΕΥΣΗΣ ΧΙΟΥ,,
15591,ΓΡΑΦΕΙΟ ΠΕΡΙΒΑΛΛΟΝΤΙΚΗΣ ΕΚΠΑΙΔΕΥΣΗΣ ΣΑΜΟΥ,,
15592,ΚΕΝΤΡΟ ΔΙΑΓΝΩΣΗΣ ΑΞΙΟΛΟΓΗΣΗΣ ΚΑΙ ΥΠΟΣΤΗΡΙΞΗΣ ΑΤΟΜΩΝ ΜΕ ΕΙΔΙΚΕΣ ΕΚΠΑΙΔΕΥΤΙΚΕΣ ΑΝΑΓΚΕΣ ΛΕΣΒΟΥ,,
15593,ΚΕΝΤΡΟ ΔΙΑΓΝΩΣΗΣ ΑΞΙΟΛΟΓΗΣΗΣ ΚΑΙ ΥΠΟΣΤΗΡΙΞΗΣ ΑΤΟΜΩΝ ΜΕ ΕΙΔΙΚΕΣ ΕΚΠΑΙΔΕΥΤΙΚΕΣ ΑΝΑΓΚΕΣ ΧΙΟΥ,,
15594,ΠΕΡΙΦΕΡΕΙΑΚΗ ΔΙΕΥΘΥΝΣΗ ΕΚΠΑΙΔΕΥΣΗΣ ΒΟΡΕΙΟΥ ΑΙΓΑΙΟΥ ,,
15595,Α' ΠΑΙΔΙΚΟΣ ΣΤΑΘΜΟΣ ΜΥΤΙΛΗΝΗΣ,,
15596,ΠΑΙΔΙΚΟΣ ΣΤΑΘΜΟΣ ΠΑΜΦΙΛΩΝ,,
15597,Β' ΠΑΙΔΙΚΟΣ ΣΤΑΘΜΟΣ ΜΥΤΙΛΗΝΗΣ,,
15598,Γ' ΠΑΙΔΙΚΟΣ ΣΤΑΘΜΟΣ ΜΥΤΙΛΗΝΗΣ,,
15599,ΓΡΑΦΕΙΟ ΠΑΙΔΙΚΩΝ ΣΤΑΘΜΩΝ ΜΥΤΙΛΗΝΗΣ,,
15600,ΚΟΜΒΟΣ ΔΙΑΝΟΜΗΣ ΠΣΔ ΝΟΜΟΥ ΣΑΜΟΥ,,
15601,ΚΟΜΒΟΣ ΔΙΑΝΟΜΗΣ ΠΣΔ ΝΟΜΟΥ ΧΙΟΥ,,
15602,ΚΟΜΒΟΣ ΔΙΑΝΟΜΗΣ ΠΣΔ ΝΟΜΟΥ ΛΕΣΒΟΥ,,
15603,HELPDESK ΠΑΝΕΠΙΣΤΗΜΙΟΥ ΑΙΓΑΙΟΥ,,
15604,ΚΕΝΤΡΟ ΕΚΠΑΙΔΕΥΣΗΣ ΕΝΗΛΙΚΩΝ Ν. ΛΕΣΒΟΥ,,
15605,ΔΗΜΟΤΙΚΟ ΣΧΟΛΕΙΟ ΑΝΑΦΗΣ,25.770746,36.347966
15606,ΓΥΜΝΑΣΙΟ ΓΕΝΝΑΔΙΟΥ ΡΟΔΟΥ,27.917778,36.011087
15607,5ο ΓΥΜΝΑΣΙΟ ΡΟΔΟΥ,28.2221,36.429257
15608,7ο ΓΥΜΝΑΣΙΟ ΡΟΔΟΥ,28.206806,36.426846
15609,ΓΥΜΝΑΣΙΟ ΔΟΝΟΥΣΑΣ,25.796826,37.10075
15610,ΓΥΜΝΑΣΙΟ ΣΚΑΔΟΥ ΝΑΞΟΥ,25.539693,37.1252
15611,ΓΥΜΝΑΣΙΟ ΦΟΛΕΓΑΝΔΡΟΥ,24.921227,36.627597
15612,ΓΥΜΝΑΣΙΟ ΚΙΜΩΛΟΥ,24.576195,36.793839
15613,ΔΗΜΟΤΙΚΟ ΣΧΟΛΕΙΟ ΑΓΙΟΥ ΝΙΚΟΛΑΟΥ ΚΕΑΣ,,
15614,ΓΥΜΝΑΣΙΟ ΤΗΝΟΥ,25.162965,37.542482
15615,ΓΥΜΝΑΣΙΟ ΣΕΡΙΦΟΥ,24.508148,37.153099
15616,3ο ΓΥΜΝΑΣΙΟ ΣΥΡΟΥ,24.93581,37.440119
15617,ΓΥΜΝΑΣΙΟ ΑΝΑΦΗΣ,25.770287,36.349673
15618,ΓΥΜΝΑΣΙΟ ΕΜΠΟΡΕΙΟΥ ΘΗΡΑΣ,25.432206,36.41774
15619,ΓΥΜΝΑΣΙΟ ΑΝΔΡΟΥ ΕΜΠΕΙΡΙΚΕΙΟ,24.937937,37.83385
15620,ΓΥΜΝΑΣΙΟ ΛΕΙΨΩΝ ΔΩΔΕΚΑΝΗΣΟΥ,26.773395,37.295125
15621,ΓΥΜΝΑΣΙΟ ΙΑΛΥΣΟΥ ΡΟΔΟΥ,28.160842,36.41235
15622,ΓΥΜΝΑΣΙΟ ΜΗΛΟΥ,24.425612,36.743471
15623,ΓΥΜΝΑΣΙΟ ΜΑΣΣΑΡΩΝ ΡΟΔΟΥ,28.07394,36.176348
15624,ΔΗΜΟΤΙΚΟ ΣΧΟΛΕΙΟ ΚΥΘΝΟΥ,24.431116,37.410752
15625,ΓΥΜΝΑΣΙΟ ΚΥΘΝΟΥ ΚΥΚΛΑΔΩΝ,24.430996,37.411755
15626,ΓΥΜΝΑΣΙΟ ΤΗΝΟΥ ΕΚΚΛΗΣΙΑΣΤΙΚΟ,25.162965,37.542482
15627,ΓΥΜΝΑΣΙΟ ΣΥΡΟΥ ΕΣΠΕΡΙΝΟ,,
15628,ΓΥΜΝΑΣΙΟ ΝΙΣΥΡΟΥ,27.152717,36.589633
15629,ΓΥΜΝΑΣΙΟ ΡΟΔΟΥ ΜΟΥΣΙΚΟ,28.219594,36.438317
15630,ΓΥΜΝΑΣΙΟ ΣΥΜΗΣ,27.840184,36.607797
15631,ΓΥΜΝΑΣΙΟ ΧΑΛΚΗΣ,27.700071,36.274398
15632,ΔΗΜΟΤΙΚΟ ΣΧΟΛΕΙΟ ΘΕΟΔΩΡΙΑΝΩΝ,21.211147,39.432446
15633,ΓΥΜΝΑΣΙΟ ΤΗΛΟΥ,27.348422,36.453336
15634,ΓΥΜΝΑΣΙΟ ΑΜΟΡΓΟΥ,25.900892,36.830603
15635,ΓΥΜΝΑΣΙΟ ΑΣΤΥΠΑΛΑΙΑΣ,26.353757,36.545522
15636,ΓΥΜΝΑΣΙΟ ΣΟΡΩΝΗΣ,28.008476,36.360964
15637,1ο ΓΥΜΝΑΣΙΟ ΡΟΔΟΥ,28.216036,36.434021
15638,2ο ΓΥΜΝΑΣΙΟ ΡΟΔΟΥ,28.217506,36.422679
15639,ΓΥΜΝΑΣΙΟ ΚΡΕΜΑΣΤΗΣ ΡΟΔΟΥ,28.121304,36.405482
15640,2ο ΓΥΜΝΑΣΙΟ ΣΥΡΟΥ,24.941463,37.440059
15641,ΓΥΜΝΑΣΙΟ ΕΜΠΩΝΑΣ ΡΟΔΟΥ,27.857783,36.225382
15642,ΓΥΜΝΑΣΙΟ ΑΦΑΝΤΟΥ ΡΟΔΟΥ,28.170498,36.291865
15643,ΓΥΜΝΑΣΙΟ ΝΑΟΥΣΑΣ ΠΑΡΟΥ,25.241785,37.120341
15644,ΓΥΜΝΑΣΙΟ ΠΑΤΜΟΥ,26.550063,37.307745
15645,ΓΥΜΝΑΣΙΟ ΑΝΤΙΜΑΧΕΙΑΣ,27.098996,36.810442
15646,ΓΥΜΝΑΣΙΟ ΚΑΛΥΜΝΟΥ ΕΣΠΕΡΙΝΟ,26.982316,36.950842
15647,2ο ΓΥΜΝΑΣΙΟ ΚΩ ΙΠΠΟΚΡΑΤΕΙΟΝ,27.285295,36.88966
15648,6ο ΓΥΜΝΑΣΙΟ ΡΟΔΟΥ,28.224551,36.429607
15649,ΓΥΜΝΑΣΙΟ ΒΙΒΛΟΥ ΝΑΞΟΥ,25.409704,37.056943
15650,ΓΥΜΝΑΣΙΟ ΣΙΚΙΝΟΥ,25.11819,36.692862
15651,ΓΥΜΝΑΣΙΟ ΜΕΣΑΡΙΑΣ ΘΗΡΑΣ,25.447255,36.396829
15652,ΓΥΜΝΑΣΙΟ ΑΠΕΡΙΟΥ,27.187895,35.553585
15653,ΓΥΜΝΑΣΙΟ ΗΡΑΚΛΕΙΑΣ,25.458528,36.834684
15654,ΓΥΜΝΑΣΙΟ ΚΩ ΕΣΠΕΡΙΝΟ,27.28742,36.887616
15655,ΔΗΜΟΤΙΚΟ ΣΧΟΛΕΙΟ ΠΛΗΚΑΤΙΟΥ ΚΟΝΙΤΣΗΣ,20.771102,40.294424
15656,ΓΥΜΝΑΣΙΟ ΖΙΠΑΡΙΟΥ ΚΩ,27.208793,36.874776
15657,1ο ΓΥΜΝΑΣΙΟ ΛΕΡΟΥ,26.84532,37.14991
15658,2ο ΓΥΜΝΑΣΙΟ ΛΑΚΚΙΟΥ ΛΕΡΟΥ,26.84532,37.14991
15659,1ο ΓΥΜΝΑΣΙΟ ΚΩ ΙΠΠΟΚΡΑΤΕΙΟΝ,27.285295,36.88966
15660,ΓΥΜΝΑΣΙΟ ΚΕΦΑΛΟΥ ΚΩ,26.962053,36.743427
15661,ΓΥΜΝΑΣΙΟ ΑΡΧΑΓΓΕΛΟΥ,28.118907,36.212544
15662,3ο ΓΥΜΝΑΣΙΟ ΡΟΔΟΥ,28.216159,36.430733
15663,ΓΥΜΝΑΣΙΟ ΡΟΔΟΥ ΕΣΠΕΡΙΝΟ,28.216308,36.43074
15664,ΓΥΜΝΑΣΙΟ ΠΑΡΑΔΕΙΣΟΥ ΡΟΔΟΥ,28.08665,36.399518
15665,ΓΥΜΝΑΣΙΟ ΙΟΥ ΒΑΛΕΤΕΙΟ,25.284681,36.722432
15666,1ο ΓΥΜΝΑΣΙΟ ΣΥΡΟΥ,24.93581,37.440119
15667,2ο ΓΥΜΝΑΣΙΟ ΚΑΛΥΜΝΟΥ,26.982316,36.950842
15668,ΓΥΜΝΑΣΙΟ ΠΗΓΑΔΙΩΝ ΚΑΡΠΑΘΟΥ,27.219097,35.503938
15669,ΓΥΜΝΑΣΙΟ ΘΗΡΑΣ,25.434702,36.417362
15670,ΓΥΜΝΑΣΙΟ ΤΡΑΓΑΙΑΣ ΝΑΞΟΥ,25.379132,37.10309
15671,1ο ΓΥΜΝΑΣΙΟ ΝΑΞΟΥ,25.379132,37.10309
15672,ΓΥΜΝΑΣΙΟ ΣΧΟΙΝΟΥΣΑΣ,25.520766,36.869276
15673,ΓΥΜΝΑΣΙΟ ΚΟΥΦΟΝΗΣΙΩΝ,25.602843,36.932429
15674,ΓΥΜΝΑΣΙΟ ΚΟΡΘΙΟΥ ΑΝΔΡΟΥ,24.952518,37.754968
15675,ΓΥΜΝΑΣΙΟ ΚΑΛΥΘΙΩΝ ΡΟΔΟΥ,28.18165,36.330078
15676,ΓΥΜΝΑΣΙΟ ΠΑΡΟΥ,25.152247,37.077193
15677,1ο ΓΥΜΝΑΣΙΟ ΚΑΛΥΜΝΟΥ,26.982316,36.950842
15678,ΓΥΜΝΑΣΙΟ ΑΡΧΑΓΓΕΛΟΥ ΕΣΠΕΡΙΝΟ,28.118907,36.212544
15679,4ο ΓΥΜΝΑΣΙΟ ΡΟΔΟΥ,28.22124,36.431952
15680,ΓΥΜΝΑΣΙΟ ΜΑΡΜΑΡΩΝ ΠΑΡΟΥ (ΑΡΧΙΛΟΧΟΥ),25.249838,37.04973
15681,ΓΥΜΝΑΣΙΟ ΑΝΤΙΠΑΡΟΥ,25.081014,37.038802
15682,ΓΥΜΝΑΣΙΟ ΜΥΚΟΝΟΥ,25.336349,37.44231
15683,3ο ΓΥΜΝΑΣΙΟ ΚΑΛΥΜΝΟΥ,26.982316,36.950842
15684,ΓΥΜΝΑΣΙΟ ΣΙΦΝΟΥ,24.725352,36.968752
15685,ΓΥΜΝΑΣΙΟ ΚΕΑΣ ΚΥΚΛΑΔΩΝ,24.342993,37.640252
15686,ΓΥΜΝΑΣΙΟ ΓΑΥΡΙΟΥ ΑΝΔΡΟΥ,24.739811,37.883649
15687,2ο ΓΥΜΝΑΣΙΟ ΝΑΞΟΥ,,
15688,"1ο ΕΝΙΑΙΟ ΛΥΚΕΙΟ ΚΩ ""ΙΠΠΟΚΡΑΤΕΙΟ""",27.286738,36.88835
15689,ΕΝΙΑΙΟ ΛΥΚΕΙΟ ΡΟΔΟΥ ΕΣΠΕΡΙΝΟ,28.215997,36.430743
15690,4ο ΕΝΙΑΙΟ ΛΥΚΕΙΟ ΡΟΔΟΥ,28.219582,36.43824
15691,ΕΝΙΑΙΟ ΛΥΚΕΙΟ ΠΑΤΜΟΥ ΕΚΚΛΗΣΙΑΣΤΙΚΟ,26.550063,37.307745
15692,2ο ΕΝΙΑΙΟ ΛΥΚΕΙΟ ΣΥΡΟΥ,24.944195,37.445195
15693,ΕΝΙΑΙΟ ΛΥΚΕΙΟ ΤΡΑΓΑΙΑΣ ΝΑΞΟΥ,25.379132,37.10309
15694,1ο ΕΝΙΑΙΟ ΛΥΚΕΙΟ ΤΗΝΟΥ,25.162965,37.542482
15695,1ο ΕΝΙΑΙΟ ΛΥΚΕΙΟ ΣΥΡΟΥ,24.944195,37.445195
15696,ΕΝΙΑΙΟ ΛΥΚΕΙΟ ΑΝΔΡΟΥ,24.937937,37.83385
15697,2ο ΕΝΙΑΙΟ ΛΥΚΕΙΟ ΚΩ,27.277053,36.891726
15698,ΕΝΙΑΙΟ ΛΥΚΕΙΟ ΜΗΛΟΥ,24.425612,36.743471
15699,ΕΝΙΑΙΟ ΛΥΚΕΙΟ ΜΥΚΟΝΟΥ,25.336349,37.44231
15700,ΕΝΙΑΙΟ ΛΥΚΕΙΟ ΛΕΡΟΥ,26.84532,37.14991
15701,ΕΝΙΑΙΟ ΛΥΚΕΙΟ ΑΠΕΡΙΟΥ,27.187895,35.553585
15702,ΕΝΙΑΙΟ ΛΥΚΕΙΟ ΝΑΞΟΥ,25.379132,37.10309
15703,2ο ΕΝΙΑΙΟ ΛΥΚΕΙΟ ΚΑΛΥΜΝΟΥ,26.982316,36.950842
15704,ΕΝΙΑΙΟ ΛΥΚΕΙΟ ΤΗΝΟΥ ΕΚΚΛΗΣΙΑΣΤΙΚΟ,25.162965,37.542482
15705,1ο ΕΝΙΑΙΟ ΛΥΚΕΙΟ ΘΗΡΑΣ,25.434702,36.417362
15706,1ο ΕΝΙΑΙΟ ΛΥΚΕΙΟ ΠΑΡΟΥ,25.152247,37.077193
15707,ΕΝΙΑΙΟ ΛΥΚΕΙΟ ΝΑΟΥΣΑΣ ΠΑΡΟΥ,25.241785,37.120341
15708,"1ο ΕΝΙΑΙΟ ΛΥΚΕΙΟ ΚΑΛΥΜΝΟΥ ""ΝΙΚΗΦΟΡΕΙΟ""",26.982316,36.950842
15709,"1ο ΕΝΙΑΙΟ ΛΥΚΕΙΟ ΡΟΔΟΥ ""ΒΕΝΕΤΟΚΛΕΙΟ""",28.215849,36.430744
15710,"2ο ΕΝΙΑΙΟ ΛΥΚΕΙΟ ΡΟΔΟΥ ""ΚΑΖΟΥΛΕΙΟ""",28.221465,36.431959
15711,3ο ΕΝΙΑΙΟ ΛΥΚΕΙΟ ΡΟΔΟΥ,28.215715,36.434009
15712,ΕΝΙΑΙΟ ΛΥΚΕΙΟ ΙΑΛΥΣΟΥ ΡΟΔΟΥ,28.160842,36.41235
15713,ΕΝΙΑΙΟ ΛΥΚΕΙΟ ΣΟΡΩΝΗΣ,28.008476,36.360964
15714,ΕΝΙΑΙΟ ΛΥΚΕΙΟ ΚΡΕΜΑΣΤΗΣ ΡΟΔΟΥ,28.121304,36.405482
15715,ΕΝΙΑΙΟ ΛΥΚΕΙΟ ΑΦΑΝΤΟΥ ΡΟΔΟΥ,28.170498,36.291865
15716,ΕΝΙΑΙΟ ΛΥΚΕΙΟ ΑΡΧΑΓΓΕΛΟΥ,28.118907,36.212544
15717,ΕΝΙΑΙΟ ΛΥΚΕΙΟ ΠΑΤΜΟΥ,26.550063,37.307745
15718,ΕΝΙΑΙΟ ΛΥΚΕΙΟ ΑΝΤΙΜΑΧΕΙΑΣ,27.098996,36.810442
15719,ΤΕΕ ΚΟΥΦΟΝΗΣΙΩΝ,25.602843,36.932429
15720,ΔΗΜΟΤΙΚΟ ΣΧΟΛΕΙΟ ΜΕΣΟΥΝΤΑΣ,21.335914,39.341227
15721,1ο ΤΕΕ ΚΩ,27.277695,36.895478
15722,ΤΕΕ ΑΡΧΑΓΓΕΛΟΥ,28.117948,36.213288
15723,2ο ΤΕΕ ΡΟΔΟΥ,28.219571,36.438189
15724,1ο ΤΕΕ ΡΟΔΟΥ,28.225361,36.424162
15725,1ο ΤΕΕ ΛΕΡΟΥ,26.84532,37.14991
15726,2ο ΤΕΕ ΚΟΡΘΙΟΥ ΑΝΔΡΟΥ,24.952518,37.754968
15727,1ο ΤΕΕ ΚΑΡΠΑΘΟΥ,27.219097,35.503938
15728,ΤΕΕ ΣΥΜΗΣ,27.840184,36.607797
15729,1ο ΤΕΕ ΚΑΛΥΜΝΟΥ,26.982316,36.950842
15730,1ο ΤΕΕ ΣΕΡΙΦΟΥ,24.508148,37.153099
15731,1ο ΤΕΕ ΚΕΑΣ,24.342993,37.640252
15732,3ο ΤΕΕ ΡΟΔΟΥ,28.2252,36.424134
15733,1ο ΤΕΕ ΜΥΚΟΝΟΥ,25.336349,37.44231
15734,1ο ΤΕΕ ΑΜΟΡΓΟΥ,25.900892,36.830603
15735,ΤΕΕ ΝΑΥΤΙΚΟΥ ΕΣΠΕΡΙΝΟ,,
15736,1ο ΤΕΕ ΝΑΞΟΥ,25.501661,37.051909
15737,ΤΕΕ ΠΑΤΜΟΥ,26.550063,37.307745
15738,ΤΕΕ ΣΙΦΝΟΥ,,
15739,ΔΗΜΟΤΙΚΟ ΣΧΟΛΕΙΟ ΔΙΣΤΡΑΤΟΥ ΚΟΝΙΤΣΗΣ,21.018343,40.026568
15740,1ο ΤΕΕ ΣΥΡΟΥ,24.946045,37.419692
15741,ΔΗΜΟΤΙΚΟ ΣΧΟΛΕΙΟ ΜΑΤΣΟΥΚΙΟΥ ΙΩΑΝΝΙΝΩΝ,21.162108,39.563642
15742,2ο ΤΕΕ ΣΥΡΟΥ,24.946045,37.419692
15743,1ο ΤΕΕ ΘΗΡΑΣ,25.432206,36.41774
15744,2ο ΤΕΕ ΕΜΠΟΡΕΙΟΥ ΘΗΡΑΣ,25.436214,36.41846
15745,1ο ΤΕΕ ΜΗΛΟΥ,24.425612,36.743471
15746,1ο ΤΕΕ ΠΑΡΟΥ,25.152247,37.077193
15747,1ο ΤΕΕ ΑΝΔΡΟΥ,24.937937,37.83385
15748,1ο ΤΕΕ ΤΗΝΟΥ,25.162965,37.542482
15749,1ο ΤΕΕ ΠΑΡΑΔΕΙΣΙΟΥ ΡΟΔΟΥ,28.086626,36.399501
15750,ΤΕΕ ΕΙΔΙΚΗΣ ΑΓΩΓΗΣ Α ΒΑΘΜΙΔΑΣ ΣΥΡΟΥ,,
15751,1ο ΣΕΚ ΔΩΔΕΚΑΝΗΣΟΥ ( ΡΟΔΟΥ ),28.225575,36.424204
15752,1ο ΣΕΚ ΣΥΡΟΥ,24.946045,37.419692
15753,2ο ΣΕΚ ΡΟΔΟΥ,28.20756,36.435713
15754,ΣΕΚ ΝΑΞΟΥ,,
15755,ΔΗΜΟΤΙΚΟ ΣΧΟΛΕΙΟ ΕΡΕΙΚΟΥΣΗΣ ΚΕΡΚΥΡΑΣ,19.591373,39.880699
15756,ΔΗΜΟΤΙΚΟ ΣΧΟΛΕΙΟ ΡΟΔΟΥ ΕΙΔΙΚΟ ΚΩΦΩΝ ΚΑΙ ΒΑΡΗΚΟΩΝ,,
15757,1ο ΔΗΜΟΤΙΚΟ ΣΧΟΛΕΙΟ ΠΥΛΙΟΥ ΚΩ,27.161578,36.844891
15758,ΓΥΜΝΑΣΙΟ ΠΑΝΟΠΟΥΛΟΥ ΗΛΕΙΑΣ,21.693346,37.819278
15759,ΓΥΜΝΑΣΙΟ ΛΑΜΠΕΙΑΣ,21.805414,37.857207
15760,3/θ ΔΗΜΟΤΙΚΟ ΣΧΟΛΕΙΟ ΡΟΔΟΥ ΠΕΙΡΑΜΑΤΙΚΟ,,
15761,ΓΥΜΝΑΣΙΟ ΓΟΥΜΕΡΟΥ ΗΛΕΙΑΣ,21.618662,37.761076
15762,ΔΗΜΟΤΙΚΟ ΣΧΟΛΕΙΟ ΜΑΛΩΝΟΣ,28.069471,36.200509
15763,8ο ΔΗΜΟΤΙΚΟ ΣΧΟΛΕΙΟ ΡΟΔΟΥ,28.214979,36.444681
15764,10ο ΔΗΜΟΤΙΚΟ ΣΧΟΛΕΙΟ ΡΟΔΟΥ,28.22548,36.437771
15765,ΓΥΜΝΑΣΙΟ ΚΑΤΩ ΚΛΕΙΤΟΡΙΑΣ,22.125365,37.89408
15766,ΓΥΜΝΑΣΙΟ ΚΑΛΛΙΘΕΑΣ ΗΛΕΙΑΣ,21.823948,37.551513
15767,7ο ΔΗΜΟΤΙΚΟ ΣΧΟΛΕΙΟ ΡΟΔΟΥ,,
15768,ΓΥΜΝΑΣΙΟ ΨΩΦΙΔΑΣ ΑΧΑΙΑΣ,21.899995,37.875237
15769,ΓΥΜΝΑΣΙΟ ΣΤΑΥΡΟΔΡΟΜΙΟΥ ΑΧΑΙΑΣ,21.680715,37.934412
15770,ΓΥΜΝΑΣΙΟ ΜΑΖΑΡΑΚΙΟΥ ΑΧΑΙΑΣ,21.65286,38.069517
15771,ΓΥΜΝΑΣΙΟ ΔΑΦΝΗΣ ΚΑΛΑΒΡΥΤΩΝ,22.025082,37.805898
15772,ΓΥΜΝΑΣΙΟ ΛΑΛΑ,21.72214,37.709659
15773,17ο ΔΗΜΟΤΙΚΟ ΣΧΟΛΕΙΟ ΡΟΔΟΥ,,
15774,ΓΥΜΝΑΣΙΟ ΝΕΑΣ ΦΙΓΑΛΕΙΑΣ,21.773605,37.43963
15775,ΓΥΜΝΑΣΙΟ ΑΥΓΕΙΟΥ ΗΛΕΙΑΣ,21.360274,37.875117
15776,2ο ΔΗΜΟΤΙΚΟ ΣΧΟΛΕΙΟ ΚΑΛΥΜΝΟΥ,,
15777,ΔΗΜΟΤΙΚΟ ΣΧΟΛΕΙΟ ΤΕΛΕΝΔΟΥ ΚΑΛΥΜΝΟΥ,,
15778,3ο ΔΗΜΟΤΙΚΟ ΣΧΟΛΕΙΟ ΚΑΛΥΜΝΟΥ,,
15779,ΔΗΜΟΤΙΚΟ ΣΧΟΛΕΙΟ ΚΟΣΚΙΝΟΥ,,
15780,ΔΗΜΟΤΙΚΟ ΣΧΟΛΕΙΟ ΚΑΛΥΘΙΩΝ,,
15781,ΓΥΜΝΑΣΙΟ ΚΑΤΩ ΜΑΚΡΥΝΟΥΣ,21.626144,38.486563
15782,ΓΥΜΝΑΣΙΟ ΕΜΠΕΣΟΥ,21.323361,39.03049
15783,2ο ΔΗΜΟΤΙΚΟ ΣΧΟΛΕΙΟ ΑΦΑΝΤΟΥ,28.168923,36.292362
15784,1ο ΔΗΜΟΤΙΚΟ ΣΧΟΛΕΙΟ ΑΦΑΝΤΟΥ,28.168923,36.292362
15785,1ο ΔΗΜΟΤΙΚΟ ΣΧΟΛΕΙΟ ΧΩΡΑΣ ΚΑΛΥΜΝΟΥ,,
15786,ΔΗΜΟΤΙΚΟ ΣΧΟΛΕΙΟ ΑΣΤΥΠΑΛΑΙΑΣ,,
15787,ΓΥΜΝΑΣΙΟ ΣΑΡΔΗΝΙΩΝ,21.205204,38.889377
15788,ΓΥΜΝΑΣΙΟ ΜΑΛΕΣΙΑΔΑΣ,21.325816,38.906501
15789,1ο ΔΗΜΟΤΙΚΟ ΣΧΟΛΕΙΟ ΚΩ,,
15790,ΓΥΜΝΑΣΙΟ ΑΓΙΟΥ ΒΛΑΣΙΟΥ,21.517006,38.811315
15791,6ο ΔΗΜΟΤΙΚΟ ΣΧΟΛΕΙΟ ΚΩ,,
15792,ΓΥΜΝΑΣΙΟ ΠΑΛΑΙΡΟΥ,20.885347,38.78067
15793,"ΔΗΜΟΤΙΚΟ ΣΧΟΛΕΙΟ ΑΓΙΑΣ ΜΑΡΙΝΑΣ ΛΕΡΟΥ ""ΝΙΚΟΛΑΙΔΕΙΟ-ΜΑΛΑΧΕΙΙΟ""",,
15794,5ο ΔΗΜΟΤΙΚΟ ΣΧΟΛΕΙΟ ΡΟΔΟΥ,28.217161,36.430255
15795,3ο ΔΗΜΟΤΙΚΟ ΣΧΟΛΕΙΟ ΚΩ,,
15796,2ο ΔΗΜΟΤΙΚΟ ΣΧΟΛΕΙΟ ΚΩ,,
15797,ΕΝΙΑΙΟ ΛΥΚΕΙΟ ΚΑΤΩ ΚΛΕΙΤΟΡΙΑΣ,22.125365,37.89408
15798,ΕΝΙΑΙΟ ΛΥΚΕΙΟ ΜΥΤΙΚΑ,20.946125,38.667573
15799,ΔΗΜΟΤΙΚΟ ΣΧΟΛΕΙΟ ΜΑΣΑΡΩΝ,28.072769,36.177242
15800,4ο ΔΗΜΟΤΙΚΟ ΣΧΟΛΕΙΟ ΚΩ,,
15801,2ο ΔΗΜΟΤΙΚΟ ΣΧΟΛΕΙΟ ΑΡΧΑΓΓΕΛΟΥ,28.117571,36.213429
15802,3ο ΔΗΜΟΤΙΚΟ ΣΧΟΛΕΙΟ ΡΟΔΟΥ,28.217161,36.430255
15803,2ο ΔΗΜΟΤΙΚΟ ΣΧΟΛΕΙΟ ΡΟΔΟΥ,28.225438,36.43195
15804,ΕΝΙΑΙΟ ΛΥΚΕΙΟ ΕΜΠΕΣΟΥ,21.323361,39.03049
15805,4ο ΔΗΜΟΤΙΚΟ ΣΧΟΛΕΙΟ ΡΟΔΟΥ,28.217161,36.430255
15806,1ο ΔΗΜΟΤΙΚΟ ΣΧΟΛΕΙΟ ΡΟΔΟΥ,28.223097,36.427021
15807,ΕΝΙΑΙΟ ΛΥΚΕΙΟ ΔΑΦΝΗΣ ΚΑΛΑΒΡΥΤΩΝ,22.112588,38.029761
15808,1ο ΔΗΜΟΤΙΚΟ ΣΧΟΛΕΙΟ ΑΡΧΑΓΓΕΛΟΥ,28.11757,36.213418
15809,1ο ΔΗΜΟΤΙΚΟ ΣΧΟΛΕΙΟ ΣΓΟΥΡΟΥ,,
15810,6ο ΔΗΜΟΤΙΚΟ ΣΧΟΛΕΙΟ ΡΟΔΟΥ,28.227676,36.43047
15811,ΕΝΙΑΙΟ ΛΥΚΕΙΟ ΕΡΥΜΑΝΘΕΙΑΣ,21.726656,37.980855
15812,ΔΗΜΟΤΙΚΟ ΣΧΟΛΕΙΟ ΒΡΟΥΒΙΑΝΩΝ ΑΜΦΙΛΟΧΙΑΣ,21.412637,39.106648
15813,ΔΗΜΟΤΙΚΟ ΣΧΟΛΕΙΟ ΧΡΥΣΟΡΡΑΧΗΣ ΑΜΦΙΛΟΧ,,
15814,ΔΗΜΟΤΙΚΟ ΣΧΟΛΕΙΟ ΠΑΡΑΔΕΙΣΙΟΥ ΡΟΔΟΥ,28.086415,36.398951
15815,ΔΗΜΟΤΙΚΟ ΣΧΟΛΕΙΟ ΖΗΠΑΡΙΟΥ,27.207374,36.874707
15816,ΔΗΜΟΤΙΚΟ ΣΧΟΛΕΙΟ ΚΡΕΜΑΣΤΗΣ ΡΟΔΟΥ,28.121331,36.404393
15817,ΔΗΜΟΤΙΚΟ ΣΧΟΛΕΙΟ ΚΑΡΑΙΣΚΑΚΗ ΑΣΤΑΚΟΥ,21.09168,38.57986
15818,ΔΗΜΟΤΙΚΟ ΣΧΟΛΕΙΟ ΧΑΙΚΑΛΙΟΥ ΠΑΤΡΑΣ,21.66335,38.099973
15819,ΚΕΝΤΡΟ ΠΕΡΙΒΑΛΛΟΝΤΙΚΗΣ ΕΚΠΑΙΔΕΥΣΗΣ ΚΛΕΙΤΟΡΙΑΣ,22.125368,37.894078
15820,ΓΥΜΝΑΣΙΟ ΑΓΙΑΣ ΘΕΚΛΑΣ,20.385044,38.247213
15821,ΓΥΜΝΑΣΙΟ ΙΘΑΚΗΣ,20.719584,38.362071
15822,ΓΥΜΝΑΣΙΟ ΜΑΧΑΙΡΑΔΟΥ ΖΑΚΥΝΘΟΥ,20.81239,37.758385
15823,ΓΥΜΝΑΣΙΟ ΜΕΣΟΒΟΥΝΙΩΝ,20.573019,38.406586
15824,ΕΝΙΑΙΟ ΛΥΚΕΙΟ ΚΕΡΑΜΕΙΩΝ,20.627897,38.122791
15825,5ο ΔΗΜΟΤΙΚΟ ΣΧΟΛΕΙΟ ΚΩ,,
15826,ΔΗΜΟΤΙΚΟ ΣΧΟΛΕΙΟ ΧΑΛΚΗΣ,27.610206,36.223623
15827,ΓΥΜΝΑΣΙΟ ΕΛΑΦΟΝΗΣΟΥ,22.97574,36.50075
15828,ΓΥΜΝΑΣΙΟ ΛΕΟΝΤΑΡΙΟΥ,22.145671,37.321112
15829,ΓΥΜΝΑΣΙΟ ΛΑΓΚΑΔΙΩΝ,22.033022,37.681638
15830,ΓΥΜΝΑΣΙΟ ΚΟΝΤΟΒΑΖΑΙΝΑΣ,21.900716,37.795613
15831,ΓΥΜΝΑΣΙΟ ΑΡΙΣΤΟΜΕΝΟΥΣ,21.841945,37.085709
15832,ΓΥΜΝΑΣΙΟ ΚΑΣΤΡΙΟΥ,22.541212,37.359841
15833,2ο ΔΗΜΟΤΙΚΟ ΣΧΟΛΕΙΟ ΙΑΛΥΣΟΥ,28.160695,36.412686
15834,1ο ΔΗΜΟΤΙΚΟ ΣΧΟΛΕΙΟ ΙΑΛΥΣΟΥ,28.160695,36.412686
15835,ΔΗΜΟΤΙΚΟ ΣΧΟΛΕΙΟ ΣΙΑΝΝΩΝ ΡΟΔΟΥ,27.779797,36.151899
15836,ΓΥΜΝΑΣΙΟ ΤΡΟΠΑΙΩΝ,21.957674,37.732196
15837,ΕΝΙΑΙΟ ΛΥΚΕΙΟ ΑΡΙΣΤΟΜΕΝΟΥΣ,21.841945,37.085709
15838,ΕΝΙΑΙΟ ΛΥΚΕΙΟ ΔΩΡΙΟΥ,21.858213,37.286431
15839,ΔΗΜΟΤΙΚΟ ΣΧΟΛΕΙΟ ΔΙΑΦΑΝΙΟΥ ΚΑΡΠΑΘΟΥ,,
15840,ΕΝΙΑΙΟ ΛΥΚΕΙΟ ΚΟΠΑΝΑΚΙΟΥ,21.818277,37.287437
15841,ΕΝΙΑΙΟ ΛΥΚΕΙΟ ΜΕΛΙΓΑΛΑ,21.975508,37.224941
15842,ΔΗΜΟΤΙΚΟ ΣΧΟΛΕΙΟ ΜΕΤΑΜΟΡΦΩΣΗΣ ΜΟΛΑΩΝ,22.917114,36.804093
15843,ΔΗΜΟΤΙΚΟ ΣΧΟΛΕΙΟ ΑΓΙΟΥ ΓΕΩΡΓΙΟΥ ΜΟΛΑΩΝ,23.006052,36.537848
15844,"4ο ΔΗΜΟΤΙΚΟ ΣΧΟΛΕΙΟ ΚΑΛΥΜΝΟΥ ""ΚΑΡΠΑΘΕΙΟ""",,
15845,ΔΗΜΟΤΙΚΟ ΣΧΟΛΕΙΟ ΦΟΙΝΙΚΙΟΥ ΜΟΛΑΩΝ,22.903754,36.734023
15846,ΔΗΜΟΤΙΚΟ ΣΧΟΛΕΙΟ ΞΗΡΟΚΑΜΠΟΥ ΛΕΡΟΥ,,
15847,ΔΗΜΟΤΙΚΟ ΣΧΟΛΕΙΟ ΛΑΚΚΙΟΥ ΛΕΡΟΥ,,
15848,ΔΗΜΟΤΙΚΟ ΣΧΟΛΕΙΟ ΑΓΑΘΟΝΗΣΙΟΥ,26.972648,37.457101
15849,ΔΗΜΟΤΙΚΟ ΣΧΟΛΕΙΟ ΑΓΙΟΥ ΑΠΟΣΤΟΛΩΝ ΜΟΛΑΩΝ,23.030085,36.548606
15850,ΓΥΜΝΑΣΙΟ ΚΑΡΠΕΡΗΣ,23.306918,41.131639
15851,ΓΥΜΝΑΣΙΟ ΚΟΙΜΗΣΗΣ,23.305792,41.211245
15852,5ο ΔΗΜΟΤΙΚΟ ΣΧΟΛΕΙΟ ΚΑΛΥΜΝΟΥ,,
15853,15ο ΔΗΜΟΤΙΚΟ ΣΧΟΛΕΙΟ ΡΟΔΟΥ,,
15854,"1ο ΔΗΜΟΤΙΚΟ ΣΧΟΛΕΙΟ ΚΑΛΥΜΝΟΥ ""ΒΟΥΒΑΛΕΙΟ""",,
15855,ΔΗΜΟΤΙΚΟ ΣΧΟΛΕΙΟ ΠΑΝΟΡΜΟΥ ΚΑΛΥΜΝΟΥ,,
15856,2ο ΔΗΜΟΤΙΚΟ ΣΧΟΛΕΙΟ ΧΩΡΑΣ ΚΑΛΥΜΝΟΥ,,
15857,3ο ΔΗΜΟΤΙΚΟ ΣΧΟΛΕΙΟ ΙΑΛΥΣΟΥ,28.160695,36.412686
15858,ΔΗΜΟΤΙΚΟ ΣΧΟΛΕΙΟ ΚΑΛΑΘΟΥ,28.057683,36.120403
15859,ΓΥΜΝΑΣΙΟ ΠΡΟΦΗΤΗ ΘΕΣΣΑΛΟΝΙΚΗΣ,23.280742,40.686621
15860,1/θ ΔΗΜΟΤΙΚΟ ΣΧΟΛΕΙΟ ΡΟΔΟΥ ΠΕΙΡΑΜΑΤΙΚΟ,,
15861,11ο ΔΗΜΟΤΙΚΟ ΣΧΟΛΕΙΟ ΡΟΔΟΥ,,
15862,14ο ΔΗΜΟΤΙΚΟ ΣΧΟΛΕΙΟ ΡΟΔΟΥ,,
15863,1ο ΔΗΜΟΤΙΚΟ ΣΧΟΛΕΙΟ ΚΑΛΥΜΝΟΥ ΕΙΔΙΚΟ,,
15864,ΓΥΜΝΑΣΙΟ ΑΡΕΘΟΥΣΑΣ,23.594292,40.74173
15865,1ο ΔΗΜΟΤΙΚΟ ΣΧΟΛΕΙΟ ΡΟΔΟΥ ΕΙΔΙΚΟ,,
15866,16ο ΔΗΜΟΤΙΚΟ ΣΧΟΛΕΙΟ ΡΟΔΟΥ,28.206752,36.421303
15867,6ο ΔΗΜΟΤΙΚΟ ΣΧΟΛΕΙΟ ΚΑΛΥΜΝΟΥ,,
15868,9ο ΔΗΜΟΤΙΚΟ ΣΧΟΛΕΙΟ ΡΟΔΟΥ,28.217154,36.430351
15869,ΔΗΜΟΤΙΚΟ ΣΧΟΛΕΙΟ ΡΟΔΟΥ ΕΙΔΙΚΟ ΠΑΙΔΑΓΩΓΙΚΗΣ ΑΚΑΔΗΜΙΑΣ,,
15870,ΔΗΜΟΤΙΚΟ ΣΧΟΛΕΙΟ ΚΡΗΤΙΚΩΝ ΡΟΔΟΥ,,
15871,12ο ΔΗΜΟΤΙΚΟ ΣΧΟΛΕΙΟ ΡΟΔΟΥ,28.213146,36.440932
15872,ΓΥΜΝΑΣΙΟ ΑΣΚΟΥ,23.389523,40.74366
15873,ΓΥΜΝΑΣΙΟ ΞΥΛΟΥΠΟΛΗΣ,23.177924,40.927805
15874,ΓΥΜΝΑΣΙΟ ΑΘΩΝΙΑΔΑΣ ΧΑΛΚΙΔΙΚΗΣ ΕΚΚΛΗΣΙΑΣΤΙΚΟ,24.247149,40.25526
15875,ΔΗΜΟΤΙΚΟ ΣΧΟΛΕΙΟ ΚΟΥΦΟΝΗΣΙΩΝ,25.602662,36.931913
15876,ΓΥΜΝΑΣΙΟ ΓΑΥΡΟΥ ΚΑΣΤΟΡΙΑΣ,21.171786,40.621094
15877,ΓΥΜΝΑΣΙΟ ΒΑΡΙΚΟΥ ΦΛΩΡΙΝΑΣ,21.505,40.538043
15878,ΓΥΜΝΑΣΙΟ ΛΕΧΟΒΟΥ ΦΛΩΡΙΝΑΣ,21.492224,40.584061
15879,ΕΝΙΑΙΟ ΛΥΚΕΙΟ ΖΑΓΚΛΙΒΕΡΙΟΥ,22.951662,40.637377
15880,ΚΕΝΤΡΟ ΠΕΡΙΒΑΛΛΟΝΤΙΚΗΣ ΕΚΠΑΙΔΕΥΣΗΣ ΜΕΛΙΤΗΣ ΦΛΩΡΙΝΑΣ,,
15881,ΓΥΜΝΑΣΙΟ ΧΑΝΔΡΑ ΛΑΣΙΘΙΟΥ,26.100459,35.080447
15882,ΔΗΜΟΤΙΚΟ ΣΧΟΛΕΙΟ ΣΧΟΙΝΟΥΣΗΣ,,
15883,ΓΥΜΝΑΣΙΟ ΠΡΟΦΗΤΟΥ ΗΛΙΑ ΗΡΑΚΛΕΙ,25.102444,35.205207
15884,ΓΥΜΝΑΣΙΟ ΤΕΦΕΛΙΟΥ ΜΟΝΟΦΑΤΣΙΟΥ,25.16349,35.090564
15885,ΕΝΙΑΙΟ ΛΥΚΕΙΟ ΠΟΜΠΙΑΣ,24.869464,35.008583
15886,ΓΥΜΝΑΣΙΟ ΑΓΙΑΣ ΑΝΝΑΣ ΕΥΒΟΙΑΣ,23.402607,38.859172
15887,ΓΥΜΝΑΣΙΟ ΓΥΜΝΟΥ ΕΥΒΟΙΑΣ,23.884571,38.437907
15888,3ο ΔΗΜΟΤΙΚΟ ΣΧΟΛΕΙΟ ΑΦΑΝΤΟΥ,28.168923,36.292363
15889,ΓΥΜΝΑΣΙΟ ΠΡΟΚΟΠΙΟΥ ΕΥΒΟΙΑΣ,23.490868,38.735528
15890,2ο ΔΗΜΟΤΙΚΟ ΣΧΟΛΕΙΟ ΠΕΙΡΑΜΑΤΙΚΟ Ζ.Π.Α,,
15891,2ο ΔΗΜΟΤΙΚΟ ΣΧΟΛΕΙΟ ΧΩΡΑΣ ΜΥΚΟΝΟΥ,,
15892,1ο ΔΗΜΟΤΙΚΟ ΣΧΟΛΕΙΟ ΧΩΡΑΣ ΜΥΚΟΝΟΥ,,
15893,3ο ΔΗΜΟΤΙΚΟ ΣΧΟΛΕΙΟ ΕΡΜΟΥΠΟΛΗΣ ΣΥΡΟΥ,,
15894,5ο ΔΗΜΟΤΙΚΟ ΣΧΟΛΕΙΟ ΕΡΜΟΥΠΟΛΗΣ ΣΥΡΟΥ,,
15895,ΓΥΜΝΑΣΙΟ ΠΑΝΑΡΙΤΙΟΥ,22.53843,37.989084
15896,ΔΗΜΟΤΙΚΟ ΣΧΟΛΕΙΟ ΧΩΡΑΣ ΑΝΔΡΟΥ,,
15897,2ο ΔΗΜΟΤΙΚΟ ΣΧΟΛΕΙΟ ΠΑΡΟΙΚΙΑΣ ΠΑΡΟΥ,,
15898,1ο ΔΗΜΟΤΙΚΟ ΣΧΟΛΕΙΟ ΕΡΜΟΥΠΟΛΗΣ ΣΥΡΟΥ,,
15899,ΔΗΜΟΤΙΚΟ ΣΧΟΛΕΙΟ ΜΗΛΟΥ,,
15900,ΕΝΙΑΙΟ ΛΥΚΕΙΟ ΜΑΝΤΟΥΔΙΟΥ,23.481848,38.795785
15901,1ο ΤΕΕ ΜΑΝΤΟΥΔΙΟΥ,23.481848,38.795785
15902,6ο ΔΗΜΟΤΙΚΟ ΣΧΟΛΕΙΟ ΕΡΜΟΥΠΟΛΗΣ ΣΥΡΟΥ,,
15903,4ο ΔΗΜΟΤΙΚΟ ΣΧΟΛΕΙΟ ΕΡΜΟΥΠΟΛΗΣ ΣΥΡΟΥ,,
15904,ΔΗΜΟΤΙΚΟ ΣΧΟΛΕΙΟ ΑΝΩ ΜΕΡΑΣ ΜΥΚΟΝΟΥ,,
15905,2ο ΔΗΜΟΤΙΚΟ ΣΧΟΛΕΙΟ ΕΡΜΟΥΠΟΛΗΣ ΣΥΡΟΥ,,
15906,ΓΥΜΝΑΣΙΟ ΛΙΒΑΔΕΡΟΥ,21.945386,40.033754
15907,ΓΥΜΝΑΣΙΟ ΚΑΡΠΕΡΟΥ ΓΡΕΒΕΝΩΝ,21.427819,40.082859
15908,ΔΗΜΟΤΙΚΟ ΣΧΟΛΕΙΟ ΔΡΥΟΠΙΔΑΣ ΚΥΘΝΟΥ,24.430024,37.383249
15909,ΓΥΜΝΑΣΙΟ ΚΛΕΙΤΟΥ,21.861766,40.42935
15910,ΔΗΜΟΤΙΚΟ ΣΧΟΛΕΙΟ ΦΑΝΕΡΩΜΕΝΗΣ ΣΥΡΟΥ,,
15911,ΔΗΜΟΤΙΚΟ ΣΧΟΛΕΙΟ ΣΙΦΝΟΥ,24.725267,36.969275
15912,ΔΗΜΟΤΙΚΟ ΣΧΟΛΕΙΟ ΜΙΚΡΟΒΑΛΤΟΥ ΚΟΖΑΝΗΣ,21.87624,40.080723
15913,ΓΥΜΝΑΣΙΟ ΠΑΡΑΝΕΣΤΙΟΥ,24.497956,41.26483
15914,ΓΥΜΝΑΣΙΟ ΑΝΩ ΘΕΡΜΩΝ ΞΑΝΘΗΣ,24.978347,41.351578
15915,ΓΥΜΝΑΣΙΟ ΣΟΦΙΚΟΥ ΕΒΡΟΥ,26.226257,41.418077
15916,ΓΥΜΝΑΣΙΟ ΠΟΙΜΕΝΙΚΟΥ,26.384064,41.458608
15917,ΔΗΜΟΤΙΚΟ ΣΧΟΛΕΙΟ ΒΙΒΛΟΥ ΝΑΞΟΥ,25.408053,37.056162
15918,ΓΥΜΝΑΣΙΟ ΔΙΚΑΙΩΝ ΟΡΕΣΤΙΑΔΑΣ,26.299864,41.703447
15919,ΕΝΙΑΙΟ ΛΥΚΕΙΟ ΔΙΚΑΙΩΝ ΟΡΕΣΤΙΑΔΑΣ,26.299864,41.703447
15920,ΔΗΜΟΤΙΚΟ ΣΧΟΛΕΙΟ ΜΕΣΗΣ ΜΕΙΟΝΟΤΙΚΟ.,25.210773,40.979414
15921,ΔΗΜΟΤΙΚΟ ΣΧΟΛΕΙΟ ΑΣΚΗΤΩΝ ΜΕΙΟΝΟΤΙΚΟ,,
15922,ΔΗΜΟΤΙΚΟ ΣΧΟΛΕΙΟ ΚΟΒΑΛΟΥ ΜΕΙΟΝΟΤΙΚΟ,,
15923,ΔΗΜΟΤΙΚΟ ΣΧΟΛΕΙΟ ΙΤΕΑΣ ΜΕΙΟΝΟΤΙΚΟ,,
15924,ΔΗΜΟΤΙΚΟ ΣΧΟΛΕΙΟ ΜΟΝΑΧΩΝ ΜΕΙΟΝΟΤΙΚΟ.,,
15925,ΔΗΜΟΤΙΚΟ ΣΧΟΛΕΙΟ ΚΑΤΩ ΔΡΟΣΙΝΗΣ,,
15926,ΔΗΜΟΤΙΚΟ ΣΧΟΛΕΙΟ ΚΑΜΠΟΥ ΜΕΙΟΝΟΤΙΚΟ,,
15927,ΔΗΜΟΤΙΚΟ ΣΧΟΛΕΙΟ ΑΡΔΕΙΑΣ ΜΕΙΟΝΟΤΙΚΟ,,
15928,ΔΗΜΟΤΙΚΟ ΣΧΟΛΕΙΟ ΑΣΚΥΡΩΝ ΜΕΙΟΝΟΤΙΚΟ,,
15929,ΔΗΜΟΤΙΚΟ ΣΧΟΛΕΙΟ ΛΕΙΒΑΔΙΟΥ ΜΕΙΟΝΟΤΙΚΟ,,
15930,ΔΗΜΟΤΙΚΟ ΣΧΟΛΕΙΟ ΚΑΤΩ ΠΕΤΑΛΙΟΥ ΣΙΦΝΟΥ,,
15931,ΔΗΜΟΤΙΚΟ ΣΧΟΛΕΙΟ ΡΕΜΑΤΙΑΣ ΜΕΙΟΝΟΤΙΚΟ,,
15932,ΔΗΜΟΤΙΚΟ ΣΧΟΛΕΙΟ ΚΙΔΑΡΗΣ ΜΕΙΟΝΟΤΙΚΟ,,
15933,ΔΗΜΟΤΙΚΟ ΣΧΟΛΕΙΟ ΟΙΑΣ ΘΗΡΑΣ,,
15934,ΔΗΜΟΤΙΚΟ ΣΧΟΛΕΙΟ ΚΟΣΟΥ ΜΕΙΟΝΟΤΙΚΟ,,
15935,ΔΗΜΟΤΙΚΟ ΣΧΟΛΕΙΟ ΝΥΜΦΑΙΑΣ ΜΕΙΟΝΟΤΙΚΟ,,
15936,ΔΗΜΟΤΙΚΟ ΣΧΟΛΕΙΟ ΚΑΜΠΗΣ ΜΕΙΟΝΟΤΙΚΟ,,
15937,2ο ΔΗΜΟΤΙΚΟ ΣΧΟΛΕΙΟ ΝΑΞΟΥ,25.378339,37.103645
15938,1ο ΔΗΜΟΤΙΚΟ ΣΧΟΛΕΙΟ ΠΑΡΟΙΚΙΑΣ,,
15939,1ο ΔΗΜΟΤΙΚΟ ΣΧΟΛΕΙΟ ΝΑΞΟΥ,25.378346,37.104039
15940,ΔΗΜΟΤΙΚΟ ΣΧΟΛΕΙΟ ΓΛΥΦΑΔΑΣ ΚΟΜΟΤΗΝΗΣ ΜΕΙΟΝΟΤΙΚΟ,,
15941,2ο ΔΗΜΟΤΙΚΟ ΣΧΟΛΕΙΟ ΑΣΩΜΑΤΩΝ ΜΕΙΟΝΟΤΙΚΟ,,
15942,3ο ΔΗΜΟΤΙΚΟ ΣΧΟΛΕΙΟ ΝΑΞΟΥ,25.378385,37.102757
15943,ΔΗΜΟΤΙΚΟ ΣΧΟΛΕΙΟ ΙΠΠΙΚΟΥ ΜΕΙΟΝΟΤΙΚΟ,,
15944,ΔΗΜΟΤΙΚΟ ΣΧΟΛΕΙΟ ΑΤΑΡΝΗΣ ΜΕΙΟΝΟΤΙΚΟ,,
15945,ΔΗΜΟΤΙΚΟ ΣΧΟΛΕΙΟ ΠΛΑΚΑΣ ΜΕΙΟΝΟΤΙΚΟ,,
15946,ΔΗΜΟΤΙΚΟ ΣΧΟΛΕΙΟ ΑΓΙΟΥ ΓΕΩΡΓΙΟΥ ΗΡΑΚΛΕΙΑΣ,25.457994,36.832239
15947,ΔΗΜΟΤΙΚΟ ΣΧΟΛΕΙΟ ΜΕΣΤΗΣ ΜΕΙΟΝΟΤΙΚΟ,,
15948,ΔΗΜΟΤΙΚΟ ΣΧΟΛΕΙΟ ΕΡΜΟΥΠΟΛΗΣ ΕΙΔΙΚΟ,,
15949,ΔΗΜΟΤΙΚΟ ΣΧΟΛΕΙΟ ΠΑΡΟΥ ΕΙΔΙΚΟ,,
15950,7ο ΔΗΜΟΤΙΚΟ ΣΧΟΛΕΙΟ ΚΩ,,
15951,ΔΗΜΟΤΙΚΟ ΣΧΟΛΕΙΟ ΧΑΜΗΛΟΥ ΣΑΠΩΝ ΜΕΙΟΝΟΤΙΚΟ,,
15952,ΓΥΜΝΑΣΙΟ ΑΓΚΙΣΤΡΙΟΥ,23.348943,37.706971
15953,ΓΥΜΝΑΣΙΟ ΜΕΣΕΝΙΚΟΛΑ,21.763044,39.342364
15954,ΓΥΜΝΑΣΙΟ ΕΡΕΤΡΙΑΣ ΦΑΡΣΑΛΩΝ,22.615756,39.295021
15955,ΓΥΜΝΑΣΙΟ ΒΡΑΓΚΙΑΝΩΝ,21.436729,39.239358
15956,ΓΥΜΝΑΣΙΟ ΚΕΔΡΟΥ ΣΟΦΑΔΩΝ,22.041098,39.205449
15957,ΓΥΜΝΑΣΙΟ ΙΤΕΑΣ ΚΑΡΔΙΤΣΑΣ,22.163268,39.458121
15958,1ο ΠΕΙΡΑΜΑΤΙΚΟ ΔΗΜΟΤΙΚΟ ΣΧΟΛΕΙΟ ΡΟΔΟΥ,28.214979,36.444681
15959,ΓΥΜΝΑΣΙΟ ΓΛΩΣΣΑΣ ΣΚΟΠΕΛΟΥ,23.615131,39.174767
15960,ΓΥΜΝΑΣΙΟ ΓΡΑΝΙΤΣΑΣ,21.514357,39.101723
15961,ΔΗΜΟΤΙΚΟ ΣΧΟΛΕΙΟ ΑΡΝΑΔΟΥ ΤΗΝΟΥ,,
15962,1ο ΔΗΜΟΤΙΚΟ ΣΧΟΛΕΙΟ ΤΗΝΟΥ,,
15963,ΓΥΜΝΑΣΙΟ ΚΑΛΛΙΦΩΝΙΟΥ,21.964351,39.276344
15964,ΓΥΜΝΑΣΙΟ ΡΑΠΤΟΠΟΥΛΟΥ,21.481244,39.148499
15965,2ο ΔΗΜΟΤΙΚΟ ΣΧΟΛΕΙΟ ΤΗΝΟΥ,,
15966,18ο ΔΗΜΟΤΙΚΟ ΣΧΟΛΕΙΟ ΡΟΔΟΥ,28.206532,36.419454
15967,ΓΥΜΝΑΣΙΟ ΑΡΓΑΛΑΣΤΗΣ,23.220326,39.224843
15968,ΔΗΜΟΤΙΚΟ ΣΧΟΛΕΙΟ ΨΕΡΙΜΟΥ ΚΑΛΥΜΝΟΥ,,
15969,ΔΙΕΥΘΥΝΣΗ Δ.Ε. ΚΥΚΛΑΔΩΝ,24.939481,37.422076
15970,ΔΙΕΥΘΥΝΣΗ Δ.Ε. ΔΩΔΕΚΑΝΗΣΟΥ,28.229635,36.425024
15971,4ο ΕΡΓΑΣΤΗΡΙΑΚΟ ΚΕΝΤΡΟ ΦΥΣΙΚΩΝ ΕΠΙΣΤΗΜΩΝ ΚΥΚΛΑΔΩΝ (ΜΗΛΟΣ),24.425612,36.743471
15972,2ο ΕΡΓΑΣΤΗΡΙΑΚΟ ΚΕΝΤΡΟ ΦΥΣΙΚΩΝ ΕΠΙΣΤΗΜΩΝ ΔΩΔΕΚΑΝΗΣΟΥ (ΚΩΣ),,
15973,1ο ΕΡΓΑΣΤΗΡΙΑΚΟ ΚΕΝΤΡΟ ΦΥΣΙΚΩΝ ΕΠΙΣΤΗΜΩΝ ΚΥΚΛΑΔΩΝ (ΣΥΡΟΣ),,
15974,1ο ΕΡΓΑΣΤΗΡΙΑΚΟ ΚΕΝΤΡΟ ΦΥΣΙΚΩΝ ΕΠΙΣΤΗΜΩΝ ΔΩΔΕΚΑΝΗΣΟΥ (ΡΟΔΟΣ),28.20756,36.435713
15975,2o ΕΡΓΑΣΤΗΡΙΑΚΟ ΚΕΝΤΡΟ ΦΥΣΙΚΩΝ ΕΠΙΣΤΗΜΩΝ ΚΥΚΛΑΔΩΝ (ΝΑΞΟΣ),25.379132,37.10309
15976,5ο ΕΡΓΑΣΤΗΡΙΑΚΟ ΚΕΝΤΡΟ ΦΥΣΙΚΩΝ ΕΠΙΣΤΗΜΩΝ ΚΥΚΛΑΔΩΝ (ΑΝΔΡΟΣ),24.937937,37.83385
15977,3ο ΕΡΓΑΣΤΗΡΙΑΚΟ ΚΕΝΤΡΟ ΦΥΣΙΚΩΝ ΕΠΙΣΤΗΜΩΝ ΚΥΚΛΑΔΩΝ (ΘΗΡΑΣ),25.432092,36.417112
15978,ΚΕΣΥΠ ΔΩΔΕΚΑΝΗΣΩΝ,28.219906,36.430931
15979,ΚΕΣΥΠ ΚΥΚΛΑΔΩΝ,24.941364,37.440839
15980,4ο ΓΡΑΦΕΙΟ Δ.Ε. ΚΥΚΛΑΔΩΝ,24.425612,36.743471
15981,5ο ΓΡΑΦΕΙΟ Δ.Ε. ΚΥΚΛΑΔΩΝ,,
15982,2ο ΓΡΑΦΕΙΟ Δ.Ε. ΚΥΚΛΑΔΩΝ,25.379132,37.10309
15983,1ο ΓΡΑΦΕΙΟ Δ.Ε. ΚΥΚΛΑΔΩΝ,24.937937,37.83385
15984,3ο ΓΡΑΦΕΙΟ Δ.Ε. ΚΥΚΛΑΔΩΝ,25.432206,36.41774
15985,1o ΓΡΑΦΕΙΟ Δ.Ε. ΔΩΔΕΚΑΝΗΣΟΥ,27.287479,36.886337
15986,2ο ΓΡΑΦΕΙΟ Δ.Ε. ΔΩΔΕΚΑΝΗΣΟΥ,,
15987,ΓΡΑΦΕΙΟ ΤΕΕ ΚΥΚΛΑΔΩΝ,24.946045,37.419692
15988,ΓΡΑΦΕΙΟ ΤΕΕ ΔΩΔΕΚΑΝΗΣΟΥ,28.229552,36.425092
15989,ΙΕΚ ΡΟΔΟΥ,,
15990,ΙΕΚ ΚΩ,,
15991,ΙΕΚ ΚΑΛΥΜΝΟΥ,,
15992,ΙΕΚ ΣΥΡΟΥ,,
15993,ΙΕΚ ΝΑΞΟΥ,,
15994,ΙΕΚ ΣΑΝΤΟΡΙΝΗΣ,,
15995,ΔΙΕΥΘΥΝΣΗ Π.Ε. ΔΩΔΕΚΑΝΗΣΟΥ,,
15996,ΔΙΕΥΘΥΝΣΗ Π.Ε. ΚΥΚΛΑΔΩΝ,,
15997,2ο ΓΡΑΦΕΙΟ Π.Ε. ΔΩΔΕΚΑΝΗΣΟΥ,,
15998,2ο ΓΡΑΦΕΙΟ Π.Ε. ΚΥΚΛΑΔΩΝ,,
15999,3ο ΓΡΑΦΕΙΟ Π.Ε. ΚΥΚΛΑΔΩΝ,,
16000,5ο ΓΡΑΦΕΙΟ Π.Ε. ΚΥΚΛΑΔΩΝ,,
16001,1ο ΓΡΑΦΕΙΟ Π.Ε. ΔΩΔΕΚΑΝΗΣΟΥ,,
16002,6ο ΓΡΑΦΕΙΟ Π.Ε. ΚΥΚΛΑΔΩΝ,,
16003,1ο ΓΡΑΦΕΙΟ Π.Ε. ΚΥΚΛΑΔΩΝ,,
16004,3ο ΓΡΑΦΕΙΟ Π.Ε. ΔΩΔΕΚΑΝΗΣΟΥ,,
16005,4ο ΓΡΑΦΕΙΟ Π.Ε. ΚΥΚΛΑΔΩΝ,,
16006,ΓΡΑΣΕΠ ΚΟΡΘΙΟΥ,,
16007,ΝΗΠΙΑΓΩΓΕΙΟ ΠΛΑΚΑΣ ΜΗΛΟΥ,,
16008,3ο ΝΗΠΙΑΓΩΓΕΙΟ ΑΡΧΑΓΓΕΛΟΥ,28.11757,36.213439
16009,ΝΗΠΙΑΓΩΓΕΙΟ ΑΓΙΟΥ ΙΣΙΔΩΡΟΥ ΡΟΔΟΥ,27.83138,36.246551
16010,2ο ΝΗΠΙΑΓΩΓΕΙΟ ΚΑΛΥΘΙΩΝ ΡΟΔΟΥ,,
16011,2ο ΝΗΠΙΑΓΩΓΕΙΟ ΣΥΜΗΣ,27.819036,36.586546
16012,4ο ΝΗΠΙΑΓΩΓΕΙΟ ΚΑΛΥΜΝΟΥ,,
16013,2ο ΝΗΠΙΑΓΩΓΕΙΟ ΧΩΡΑΣ ΚΑΛΥΜΝΟΥ,,
16014,5ο ΝΗΠΙΑΓΩΓΕΙΟ ΚΩ,,
16015,1ο ΝΗΠΙΑΓΩΓΕΙΟ ΖΗΠΑΡΙΟΥ,27.207374,36.874715
16016,5ο ΝΗΠΙΑΓΩΓΕΙΟ ΡΟΔΟΥ,28.217154,36.430351
16017,2ο ΝΗΠΙΑΓΩΓΕΙΟ ΡΟΔΟΥ,28.213146,36.440932
16018,ΝΗΠΙΑΓΩΓΕΙΟ ΤΗΛΟΥ,27.346935,36.453777
16019,ΝΗΠΙΑΓΩΓΕΙΟ ΑΡΚΑΣΑΣ,27.120543,35.474426
16020,5ο ΝΗΠΙΑΓΩΓΕΙΟ ΚΑΛΥΜΝΟΥ,,
16021,18ο ΝΗΠΙΑΓΩΓΕΙΟ ΡΟΔΟΥ,28.223097,36.427021
16022,ΝΗΠΙΑΓΩΓΕΙΟ ΓΑΛΑΝΑΔΟΥ,,
16023,ΝΗΠΙΑΓΩΓΕΙΟ ΧΩΡΑΣ ΣΕΡΙΦΟΥ,,
16024,ΝΗΠΙΑΓΩΓΕΙΟ ΠΥΡΓΟΥ ΘΗΡΑΣ,,
16025,ΝΗΠΙΑΓΩΓΕΙΟ ΚΑΤΑΠΟΛΩΝ ΑΜΟΡΓΟΥ,,
16026,ΝΗΠΙΑΓΩΓΕΙΟ ΧΩΡΑΣ ΑΜΟΡΓΟΥ,,
16027,3ο ΝΗΠΙΑΓΩΓΕΙΟ ΧΩΡΑΣ ΝΑΞΟΥ,,
16028,ΝΗΠΙΑΓΩΓΕΙΟ ΚΟΡΗΣΣΙΑΣ ΚΕΑΣ,24.313843,37.653175
16029,ΝΗΠΙΑΓΩΓΕΙΟ ΑΝΩ ΜΕΡΑΣ ΦΟΛΕΓΑΝΔΡΟΥ,,
16030,3ο ΝΗΠΙΑΓΩΓΕΙΟ ΦΗΡΩΝ ΘΗΡΑΣ,,
16031,ΝΗΠΙΑΓΩΓΕΙΟ ΦΟΙΝΙΚΑ,,
16032,ΝΗΠΙΑΓΩΓΕΙΟ ΔΑΜΑΡΙΩΝΑ ΝΑΞΟΥ,,
16033,ΝΗΠΙΑΓΩΓΕΙΟ ΚΙΝΙΔΑΡΟΥ ΝΑΞΟΥ,,
16034,ΝΗΠΙΑΓΩΓΕΙΟ ΜΑΡΜΑΡΩΝ ΠΑΡΟΥ,,
16035,ΝΗΠΙΑΓΩΓΕΙΟ ΛΕΥΚΩΝ ΠΑΡΟΥ,,
16036,ΝΗΠΙΑΓΩΓΕΙΟ ΓΛΙΝΑΔΟΥ,,
16037,ΝΗΠΙΑΓΩΓΕΙΟ ΑΡΤΕΜΩΝΟΣ ΣΙΦΝΟΥ,,
16038,ΝΗΠΙΑΓΩΓΕΙΟ ΑΙΓΙΑΛΗΣ ΑΜΟΡΓΟΥ,,
16039,5ο ΝΗΠΙΑΓΩΓΕΙΟ ΤΗΝΟΥ,,
16040,ΝΗΠΙΑΓΩΓΕΙΟ ΕΞΩΜΒΟΥΡΓΟΥ ΤΗΝΟΥ,,
16041,ΝΗΠΙΑΓΩΓΕΙΟ ΚΟΥΦΟΝΗΣΙΩΝ,,
16042,ΝΗΠΙΑΓΩΓΕΙΟ ΠΥΡΓΟΥ ΤΗΝΟΥ,,
16043,ΝΗΠΙΑΓΩΓΕΙΟ ΟΙΑΣ ΘΗΡΑΣ,,
16044,4ο ΝΗΠΙΑΓΩΓΕΙΟ ΤΗΝΟΥ,,
16045,ΝΗΠΙΑΓΩΓΕΙΟ ΑΚΡΩΤΗΡΙΟΥ ΘΗΡΑΣ,,
16046,ΝΗΠΙΑΓΩΓΕΙΟ ΠΡΟΔΡΟΜΟΥ ΠΑΡΟΥ,,
16047,ΝΗΠΙΑΓΩΓΕΙΟ ΜΑΝΔΡΑΚΙΟΥ ΝΙΣΥΡΟΥ,27.135572,36.604535
16048,6ο ΝΗΠΙΑΓΩΓΕΙΟ ΚΩ,,
16049,ΝΗΠΙΑΓΩΓΕΙΟ ΣΑΛΑΚΟΥ,27.945078,36.289043
16050,2ο ΝΗΠΙΑΓΩΓΕΙΟ ΤΗΝΟΥ,,
16051,ΝΗΠΙΑΓΩΓΕΙΟ ΒΙΒΛΟΥ ΝΑΞΟΥ,,
16052,3ο ΝΗΠΙΑΓΩΓΕΙΟ ΡΟΔΟΥ,28.227676,36.43047
16053,1ο ΝΗΠΙΑΓΩΓΕΙΟ ΣΥΜΗΣ,27.820286,36.587796
16054,ΝΗΠΙΑΓΩΓΕΙΟ ΧΑΛΚΕΙΟΥ ΝΑΞΟΥ,,
16055,ΝΗΠΙΑΓΩΓΕΙΟ ΨΙΝΘΟΥ,,
16056,ΝΗΠΙΑΓΩΓΕΙΟ ΛΙΝΔΟΥ,28.080091,36.08714
16057,ΝΗΠΙΑΓΩΓΕΙΟ ΜΑΛΩΝΑΣ,28.069431,36.200621
16058,6ο ΝΗΠΙΑΓΩΓΕΙΟ ΕΡΜΟΥΠΟΛΗΣ ΣΥΡΟΥ,,
16059,2ο ΝΗΠΙΑΓΩΓΕΙΟ ΙΑΛΥΣΟΥ,28.160695,36.412686
16060,ΝΗΠΙΑΓΩΓΕΙΟ ΛΕΙΨΩΝ,26.771941,37.295599
16061,ΝΗΠΙΑΓΩΓΕΙΟ ΜΑΣΑΡΩΝ,28.072687,36.177253
16062,11ο ΝΗΠΙΑΓΩΓΕΙΟ ΡΟΔΟΥ,,
16063,ΝΗΠΙΑΓΩΓΕΙΟ ΚΡΗΤΗΝΙΑΣ,27.831591,36.246544
16064,1ο ΝΗΠΙΑΓΩΓΕΙΟ ΚΟΣΚΙΝΟΥ ΡΟΔΟΥ,,
16065,1ο ΝΗΠΙΑΓΩΓΕΙΟ ΡΟΔΟΥ,28.214979,36.444681
16066,5ο ΝΗΠΙΑΓΩΓΕΙΟ ΕΡΜΟΥΠΟΛΗΣ,,
16067,2ο ΝΗΠΙΑΓΩΓΕΙΟ ΦΗΡΩΝ ΘΗΡΑΣ,,
16068,ΝΗΠΙΑΓΩΓΕΙΟ ΙΟΥΛΙΔΑΣ ΚΕΑΣ,24.342918,37.640596
16069,ΝΗΠΙΑΓΩΓΕΙΟ ΑΝΩ ΜΕΡΑΣ ΜΥΚΟΝΟΥ,,
16070,ΝΗΠΙΑΓΩΓΕΙΟ ΓΑΥΡΙΟΥ ΑΝΔΡΟΥ,,
16071,ΝΗΠΙΑΓΩΓΕΙΟ ΑΓΙΟΥ ΑΡΣΕΝΙΟΥ ΝΑΞΟΥ,,
16072,ΝΗΠΙΑΓΩΓΕΙΟ ΜΑΝΝΑ ΣΥΡΟΥ,,
16073,ΝΗΠΙΑΓΩΓΕΙΟ ΣΤΕΝΗΣ ΤΗΝΟΥ,,
16074,ΝΗΠΙΑΓΩΓΕΙΟ ΟΡΜΟΥ ΚΟΡΘΙΟΥ ΑΝΔΡΟΥ,,
16075,3ο ΝΗΠΙΑΓΩΓΕΙΟ ΕΡΜΟΥΠΟΛΗΣ ΣΥΡΟΥ,,
16076,ΝΗΠΙΑΓΩΓΕΙΟ ΑΔΑΜΑΝΤΟΣ ΜΗΛΟΥ,24.448304,36.723741
16077,2ο ΝΗΠΙΑΓΩΓΕΙΟ ΝΑΞΟΥ,,
16078,ΝΗΠΙΑΓΩΓΕΙΟ ΝΑΟΥΣΑΣ ΠΑΡΟΥ,,
16079,ΝΗΠΙΑΓΩΓΕΙΟ ΑΠΟΛΛΩΝΙΑΣ ΣΙΦΝΟΥ,,
16080,ΝΗΠΙΑΓΩΓΕΙΟ ΔΡΥΟΥ ΠΑΡΟΥ,,
16081,ΝΗΠΙΑΓΩΓΕΙΟ ΚΙΝΙΟΥ ΣΥΡΟΥ,,
16082,ΝΗΠΙΑΓΩΓΕΙΟ ΑΓΙΟΥ ΝΙΚΟΛΑΟΥ ΚΕΑΣ,,
16083,ΝΗΠΙΑΓΩΓΕΙΟ ΜΕΣΣΑΡΙΑΣ ΘΗΡΑΣ,,
16084,ΝΗΠΙΑΓΩΓΕΙΟ ΕΠΙΣΚΟΠΗΣ ΘΗΡΑΣ,,
16085,1ο ΝΗΠΙΑΓΩΓΕΙΟ ΙΟΥ,,
16086,1ο ΝΗΠΙΑΓΩΓΕΙΟ ΕΜΠΟΡΕΙΟΥ ΘΗΡΑΣ,,
16087,1ο ΝΗΠΙΑΓΩΓΕΙΟ ΦΗΡΩΝ ΘΗΡΑΣ,,
16088,2ο ΝΗΠΙΑΓΩΓΕΙΟ ΕΡΜΟΥΠΟΛΗΣ ΣΥΡΟΥ,,
16089,ΝΗΠΙΑΓΩΓΕΙΟ ΣΙΚΙΝΟΥ,,
16090,ΝΗΠΙΑΓΩΓΕΙΟ ΚΩΣΤΟΥ ΠΑΡΟΥ,,
16091,ΝΗΠΙΑΓΩΓΕΙΟ ΑΡΚΕΣΙΝΗΣ ΑΜΟΡΓΟΥ,,
16092,3ο ΝΗΠΙΑΓΩΓΕΙΟ ΕΜΠΟΡΕΙΟΥ ΘΗΡΑΣ,,
16093,1ο ΝΗΠΙΑΓΩΓΕΙΟ ΠΑΡΟΙΚΙΑΣ ΠΑΡΟΥ,,
16094,ΝΗΠΙΑΓΩΓΕΙΟ ΧΩΡΑΣ ΑΝΔΡΟΥ,,
16095,ΝΗΠΙΑΓΩΓΕΙΟ ΑΝΑΦΗΣ,,
16096,1ο ΝΗΠΙΑΓΩΓΕΙΟ ΤΗΝΟΥ,,
16097,1ο ΝΗΠΙΑΓΩΓΕΙΟ ΕΡΜΟΥΠΟΛΗΣ ΣΥΡΟΥ,,
16098,1ο ΝΗΠΙΑΓΩΓΕΙΟ ΧΩΡΑΣ ΜΥΚΟΝΟΥ,,
16099,2ο ΝΗΠΙΑΓΩΓΕΙΟ ΠΥΛΙΟΥ,,
16100,4ο ΝΗΠΙΑΓΩΓΕΙΟ ΚΩ,,
16101,2ο ΝΗΠΙΑΓΩΓΕΙΟ ΖΗΠΑΡΙΟΥ,27.207374,36.874697
16102,2ο ΝΗΠΙΑΓΩΓΕΙΟ ΜΥΚΟΝΟΥ,,
16103,ΝΗΠΙΑΓΩΓΕΙΟ ΜΑΡΠΗΣΣΗΣ ΠΑΡΟΥ,,
16104,4ο ΝΗΠΙΑΓΩΓΕΙΟ ΕΡΜΟΥΠΟΛΗΣ,,
16105,ΝΗΠΙΑΓΩΓΕΙΟ ΑΠΕΡΑΘΟΥ,,
16106,ΝΗΠΙΑΓΩΓΕΙΟ ΚΟΡΩΝΙΔΑΣ,,
16107,ΝΗΠΙΑΓΩΓΕΙΟ ΑΓΚΑΙΡΙΑΣ ΠΑΡΟΥ,,
16108,ΝΗΠΙΑΓΩΓΕΙΟ ΧΩΡΑΣ ΚΥΘΝΟΥ,,
16109,ΝΗΠΙΑΓΩΓΕΙΟ ΦΙΛΟΤΙΟΥ ΝΑΞΟΥ,,
16110,ΝΗΠΙΑΓΩΓΕΙΟ ΚΙΜΩΛΟΥ,,
16111,ΝΗΠΙΑΓΩΓΕΙΟ ΜΕΣΑΡΙΑΣ ΑΝΔΡΟΥ,,
16112,ΝΗΠΙΑΓΩΓΕΙΟ ΠΟΛΛΩΝΙΩΝ ΜΗΛΟΥ,,
16113,ΝΗΠΙΑΓΩΓΕΙΟ ΔΡΥΟΠΙΔΑΣ ΚΥΘΝΟΥ,24.430024,37.383249
16114,ΝΗΠΙΑΓΩΓΕΙΟ ΠΟΣΕΙΔΩΝΙΑΣ ΣΥΡΟΥ,,
16115,ΝΗΠΙΑΓΩΓΕΙΟ ΤΡΥΠΗΤΗΣ ΜΗΛΟΥ,,
16116,ΝΗΠΙΑΓΩΓΕΙΟ ΒΑΡΗΣ ΣΥΡΟΥ,,
16117,ΝΗΠΙΑΓΩΓΕΙΟ ΚΟΡΩΝΟΥ ΝΑΞΟΥ,,
16118,3ο ΝΗΠΙΑΓΩΓΕΙΟ ΤΗΝΟΥ,,
16119,ΝΗΠΙΑΓΩΓΕΙΟ ΜΠΑΤΣΙΟΥ ΑΝΔΡΟΥ,,
16120,ΝΗΠΙΑΓΩΓΕΙΟ ΑΝΤΙΠΑΡΟΥ,,
16121,ΝΗΠΙΑΓΩΓΕΙΟ ΑΝΩ ΣΥΡΟΥ,,
16122,1ο ΝΗΠΙΑΓΩΓΕΙΟ ΝΑΞΟΥ,,
16123,ΝΗΠΙΑΓΩΓΕΙΟ ΚΑΡΤΕΡΑΔΟΥ ΘΗΡΑΣ,,
16124,ΝΗΠΙΑΓΩΓΕΙΟ ΜΕΓΑΛΟΧΩΡΙΟΥ ΘΗΡΑΣ,,
16125,2ο ΝΗΠΙΑΓΩΓΕΙΟ ΛΑΚΚΙΟΥ ΛΕΡΟΥ,,
16126,ΝΗΠΙΑΓΩΓΕΙΟ ΜΟΝΗΣ,,
16127,ΝΗΠΙΑΓΩΓΕΙΟ ΠΟΤΑΜΙΑΣ ΝΑΞΟΥ,,
16128,ΝΗΠΙΑΓΩΓΕΙΟ ΣΑΓΚΡΙΟΥ ΝΑΞΟΥ,,
16129,ΝΗΠΙΑΓΩΓΕΙΟ ΒΑΘΗΣ ΚΑΛΥΜΝΟΥ,,
16130,2ο ΝΗΠΙΑΓΩΓΕΙΟ ΠΑΡΟΙΚΙΑΣ ΠΑΡΟΥ,,
16131,4ο ΝΗΠΙΑΓΩΓΕΙΟ ΡΟΔΟΥ,28.22548,36.437771
16132,ΝΗΠΙΑΓΩΓΕΙΟ ΑΓΙΑΣ ΜΑΡΙΝΑΣ ΚΑΣΟΥ,,
16133,ΝΗΠΙΑΓΩΓΕΙΟ ΜΑΝΔΡΙΚΟΥ ΡΟΔΟΥ,,
16134,ΝΗΠΙΑΓΩΓΕΙΟ ΑΣΤΥΠΑΛΑΙΑΣ,,
16135,ΝΗΠΙΑΓΩΓΕΙΟ ΦΑΝΩΝ,27.983275,36.348644
16136,1ο ΝΗΠΙΑΓΩΓΕΙΟ ΙΑΛΥΣΟΥ,28.160695,36.412686
16137,2ο ΝΗΠΙΑΓΩΓΕΙΟ ΚΑΡΠΑΘΟΥ,27.218669,35.502659
16138,ΝΗΠΙΑΓΩΓΕΙΟ ΣΧΟΙΝΟΥΣΑΣ,,
16139,8ο ΝΗΠΙΑΓΩΓΕΙΟ ΚΩ,,
16140,2ο ΝΗΠΙΑΓΩΓΕΙΟ ΚΡΕΜΑΣΤΗ ΡΟΔΟΥ,28.121331,36.404393
16141,ΝΗΠΙΑΓΩΓΕΙΟ ΜΑΡΑΘΙΟΥ ΜΥΚΟΝΟΥ,,
16142,ΝΗΠΙΑΓΩΓΕΙΟ ΑΠΟΛΛΩΝΑ ΝΑΞΟΥ,,
16143,2ο ΝΗΠΙΑΓΩΓΕΙΟ ΙΟΥ,,
16144,ΝΗΠΙΑΓΩΓΕΙΟ ΒΟΘΩΝΑ,,
16145,2ο ΝΗΠΙΑΓΩΓΕΙΟ ΕΜΠΟΡΕΙΟΥ ΘΗΡΑΣ,,
16146,ΝΗΠΙΑΓΩΓΕΙΟ ΤΡΙΟΒΑΣΑΛΩΝ ΜΗΛΟΥ,,
16147,19ο ΝΗΠΙΑΓΩΓΕΙΟ ΡΟΔΟΥ,,
16148,20ο ΝΗΠΙΑΓΩΓΕΙΟ ΡΟΔΟΥ,28.206752,36.421303
16149,ΝΗΠΙΑΓΩΓΕΙΟ ΚΑΣΤΕΛΛΟΡΙΖΟΥ,29.580461,36.140902
16150,21ο ΝΗΠΙΑΓΩΓΕΙΟ ΡΟΔΟΥ,,
16151,ΝΗΠΙΑΓΩΓΕΙΟ ΔΙΑΦΑΝΙΟΥ,,
16152,1ο ΝΗΠΙΑΓΩΓΕΙΟ ΚΑΡΠΑΘΟΥ,27.218665,35.50266
16153,3ο ΝΗΠΙΑΓΩΓΕΙΟ ΙΑΛΥΣΟΥ,28.160695,36.412686
16154,1ο ΝΗΠΙΑΓΩΓΕΙΟ ΑΓΙΑΣ ΜΑΡΙΝΑΣ ΛΕΡΟΥ,,
16155,17ο ΝΗΠΙΑΓΩΓΕΙΟ ΡΟΔΟΥ,28.206532,36.419454
16156,ΝΗΠΙΑΓΩΓΕΙΟ ΕΛΕΟΥΣΑΣ,,
16157,ΝΗΠΙΑΓΩΓΕΙΟ ΓΕΝΝΑΔΙΟΥ,,
16158,15ο ΝΗΠΙΑΓΩΓΕΙΟ ΡΟΔΟΥ,28.214966,36.417687
16159,1ο ΝΗΠΙΑΓΩΓΕΙΟ ΣΓΟΥΡΟΥ ΡΟΔΟΥ,,
16160,ΝΗΠΙΑΓΩΓΕΙΟ ΟΘΟΥΣ ΚΑΡΠΑΘΟΥ,27.153951,35.539854
16161,6ο ΝΗΠΙΑΓΩΓΕΙΟ ΚΑΛΥΜΝΟΥ,,
16162,12ο ΝΗΠΙΑΓΩΓΕΙΟ ΡΟΔΟΥ,28.212909,36.434318
16163,ΝΗΠΙΑΓΩΓΕΙΟ ΠΥΛΩΝΑΣ,28.045426,36.105191
16164,ΝΗΠΙΑΓΩΓΕΙΟ ΠΑΛΩΝ ΝΙΣΥΡΟΥ,,
16165,ΝΗΠΙΑΓΩΓΕΙΟ ΟΛΥΜΠΟΥ ΚΑΡΠΑΘΟΥ,,
16166,7ο ΝΗΠΙΑΓΩΓΕΙΟ ΚΑΛΥΜΝΟΥ,,
16167,2ο ΝΗΠΙΑΓΩΓΕΙΟ ΑΓΙΑΣ ΜΑΡΙΝΑΣ ΛΕΡΟΥ,,
16168,ΝΗΠΙΑΓΩΓΕΙΟ ΜΕΣΟΧΩΡΙΟΥ ΚΑΡΠΑΘΟΥ,27.11852,35.622148
16169,ΝΗΠΙΑΓΩΓΕΙΟ ΔΑΜΑΤΡΙΑΣ,28.08431,36.377053
16170,16ο ΝΗΠΙΑΓΩΓΕΙΟ ΡΟΔΟΥ,28.206752,36.421303
16171,ΝΗΠΙΑΓΩΓΕΙΟ ΛΑΡΔΟΥ,28.015049,36.093353
16172,ΝΗΠΙΑΓΩΓΕΙΟ ΚΑΜΠΟΥ ΠΑΤΜΟΥ,,
16173,8ο ΝΗΠΙΑΓΩΓΕΙΟ ΡΟΔΟΥ,,
16174,1ο ΝΗΠΙΑΓΩΓΕΙΟ ΑΡΧΑΓΓΕΛΟΥ,28.11757,36.21345
16175,6ο ΝΗΠΙΑΓΩΓΕΙΟ ΡΟΔΟΥ,28.217154,36.430351
16176,7ο ΝΗΠΙΑΓΩΓΕΙΟ ΡΟΔΟΥ,,
16177,1ο ΝΗΠΙΑΓΩΓΕΙΟ ΚΑΛΥΘΙΩΝ,,
16178,1ο ΝΗΠΙΑΓΩΓΕΙΟ ΧΑΛΚΗΣ,27.610168,36.223563
16179,ΝΗΠΙΑΓΩΓΕΙΟ ΣΟΡΩΝΗΣ,28.008777,36.360343
16180,ΝΗΠΙΑΓΩΓΕΙΟ ΑΡΧΙΠΟΛΗΣ,,
16181,ΝΗΠΙΑΓΩΓΕΙΟ ΠΑΣΤΙΔΑΣ,28.13731,36.385285
16182,13ο ΝΗΠΙΑΓΩΓΕΙΟ ΡΟΔΟΥ,28.212909,36.434318
16183,14ο ΝΗΠΙΑΓΩΓΕΙΟ ΡΟΔΟΥ,28.225438,36.43195
16184,ΝΗΠΙΑΓΩΓΕΙΟ ΦΡΥ ΚΑΣΟΥ,26.922531,35.415166
16185,ΝΗΠΙΑΓΩΓΕΙΟ ΚΑΛΑΒΑΡΔΟΥ,27.947727,36.339004
16186,2ο ΝΗΠΙΑΓΩΓΕΙΟ ΑΦΑΝΤΟΥ,28.168923,36.292362
16187,ΝΗΠΙΑΓΩΓΕΙΟ ΑΠΕΡΙΟΥ ΚΑΡΠΑΘΟΥ,27.187152,35.552355
16188,ΝΗΠΙΑΓΩΓΕΙΟ ΜΕΝΕΤΩΝ ΚΑΡΠΑΘΟΥ,27.168253,35.488567
16189,ΝΗΠΙΑΓΩΓΕΙΟ ΠΑΝΟΡΜΟΥ ΚΑΛΥΜΝΟΥ,,
16190,ΝΗΠΙΑΓΩΓΕΙΟ ΞΗΡΟΚΑΜΠΟΥ ΛΕΡΟΥ,,
16191,ΝΗΠΙΑΓΩΓΕΙΟ ΧΩΡΑΣ ΠΑΤΜΟΥ,,
16192,ΝΗΠΙΑΓΩΓΕΙΟ ΘΕΟΛΟΓΟΥ,28.039969,36.370238
16193,10ο ΝΗΠΙΑΓΩΓΕΙΟ ΡΟΔΟΥ,,
16194,9ο ΝΗΠΙΑΓΩΓΕΙΟ ΡΟΔΟΥ,28.217154,36.430351
16195,3ο ΝΗΠΙΑΓΩΓΕΙΟ ΚΑΛΥΜΝΟΥ,,
16196,ΝΗΠΙΑΓΩΓΕΙΟ ΣΚΑΛΑΣ ΠΑΤΜΟΥ,,
16197,ΝΗΠΙΑΓΩΓΕΙΟ ΑΛΙΝΤΩΝ ΛΕΡΟΥ,,
16198,ΝΗΠΙΑΓΩΓΕΙΟ ΜΑΡΙΤΣΩΝ,28.118869,36.357941
16199,1ο ΝΗΠΙΑΓΩΓΕΙΟ ΛΑΚΚΙΟΥ ΛΕΡΟΥ,,
16200,ΝΗΠΙΑΓΩΓΕΙΟ ΠΑΡΑΔΕΙΣΙΟΥ,28.0866,36.399006
16201,ΝΗΠΙΑΓΩΓΕΙΟ ΜΕΛΑΝΩΝ ΝΑΞΟΥ,,
16202,1ο ΝΗΠΙΑΓΩΓΕΙΟ ΚΡΕΜΑΣΤΗΣ,28.121331,36.404393
16203,1ο ΝΗΠΙΑΓΩΓΕΙΟ ΚΩ,,
16204,2ο ΝΗΠΙΑΓΩΓΕΙΟ ΚΩ,,
16205,3ο ΝΗΠΙΑΓΩΓΕΙΟ ΚΩ,,
16206,ΝΗΠΙΑΓΩΓΕΙΟ ΑΠΟΛΛΩΝΩΝ,27.965616,36.25821
16207,1ο ΝΗΠΙΑΓΩΓΕΙΟ ΚΑΛΥΜΝΟΥ,,
16208,2ο ΝΗΠΙΑΓΩΓΕΙΟ ΚΑΛΥΜΝΟΥ,,
16209,1ο ΝΗΠΙΑΓΩΓΕΙΟ ΑΦΑΝΤΟΥ,28.168923,36.292362
16210,1ο ΝΗΠΙΑΓΩΓΕΙΟ ΧΩΡΑΣ ΚΑΛΥΜΝΟΥ,,
16211,1ο ΝΗΠΙΑΓΩΓΕΙΟ ΚΑΡΔΑΜΑΙΝΑΣ,,
16212,1ο ΝΗΠΙΑΓΩΓΕΙΟ ΚΕΦΑΛΟΥ,,
16213,ΝΗΠΙΑΓΩΓΕΙΟ ΠΥΛΙΟΥ ΚΩ,27.161565,36.844903
16214,2ο ΝΗΠΙΑΓΩΓΕΙΟ ΑΡΧΑΓΓΕΛΟΥ,28.11757,36.213409
16215,ΝΗΠΙΑΓΩΓΕΙΟ ΕΜΠΩΝΑ,27.856869,36.225082
16216,ΝΗΠΙΑΓΩΓΕΙΟ ΔΟΝΟΥΣΑΣ,25.796823,37.100832
16217,7ο ΝΗΠΙΑΓΩΓΕΙΟ ΚΩ,,
16218,1ο ΝΗΠΙΑΓΩΓΕΙΟ ΑΝΤΙΜΑΧΕΙΑΣ,,
16219,ΝΗΠΙΑΓΩΓΕΙΟ ΒΟΥΡΒΟΥΛΟΥ ΘΗΡΑΣ,,
16220,ΝΗΠΙΑΓΩΓΕΙΟ ΘΗΡΑΣΙΑΣ,,
16221,ΝΗΠΙΑΓΩΓΕΙΟ ΡΟΔΟΥ ΠΕΙΡΑΜΑΤΙΚΟ,,
16222,2ο ΝΗΠΙΑΓΩΓΕΙΟ ΚΑΡΔΑΜΑΙΝΑΣ,,
16223,2ο ΝΗΠΙΑΓΩΓΕΙΟ ΚΟΣΚΙΝΟΥ,,
16224,3ο ΝΗΠΙΑΓΩΓΕΙΟ ΑΦΑΝΤΟΥ,28.168923,36.292362
16225,2ο ΝΗΠΙΑΓΩΓΕΙΟ ΚΕΦΑΛΟΥ,,
16226,3ο ΝΗΠΙΑΓΩΓΕΙΟ ΧΩΡΑΣ ΚΑΛΥΜΝΟΥ,,
16227,2ο ΝΗΠΙΑΓΩΓΕΙΟ ΑΝΤΙΜΑΧΕΙΑΣ,,
16228,3ο ΝΗΠΙΑΓΩΓΕΙΟ ΚΑΛΥΘΙΩΝ,,
16229,ΚΕΝΤΡΟ ΠΕΡΙΒΑΛΛΟΝΤΙΚΗΣ ΕΚΠΑΙΔΕΥΣΗΣ ΚΟΡΘΙΟΥ,,
16230,ΚΕΝΤΡΟ ΠΕΡΙΒΑΛΛΟΝΤΙΚΗΣ ΕΚΠΑΙΔΕΥΣΗΣ ΠΕΤΑΛΟΥΔΩΝ,,
16231,ΔΗΜΟΣΙΑ ΒΙΒΛΙΟΘΗΚΗ ΡΟΔΟΥ,28.221803,36.438129
16232,ΔΗΜΟΤΙΚΗ ΒΙΒΛΙΟΘΗΚΗ ΠΑΡΟΥ,,
16233,ΤΜΗΜΑ ΒΙΒΛΙΟΘΗΚΗΣ ΠΛΑΤΑΝΟΥ,,
16234,ΓΕΝΙΚΑ ΑΡΧΕΙΑ ΤΟΥ ΚΡΑΤΟΥΣ-ΑΡΧΕΙΑ Ν. ΚΥΚΛΑΔΩΝ,,
16235,ΓΕΝΙΚΑ ΑΡΧΕΙΑ ΤΟΥ ΚΡΑΤΟΥΣ-ΑΡΧΕΙΑ Ν. ΔΩΔΕΚΑΝΗΣΟΥ,,
16236,ΓΕΝΙΚΑ ΑΡΧΕΙΑ ΤΟΥ ΚΡΑΤΟΥΣ-ΤΟΠΙΚΟ ΑΡΧΕΙΟ ΛΕΡΟΥ,,
16237,ΓΕΝΙΚΑ ΑΡΧΕΙΑ ΤΟΥ ΚΡΑΤΟΥΣ-ΤΟΠΙΚΟ ΑΡΧΕΙΟ ΝΑΞΟΥ,,
16238,ΕΙΔΙΚΟ ΕΡΓΑΣΤΗΡΙΟ ΕΠΑΓΓΕΛΜΑΤΙΚΗΣ ΕΚΠΑΙΔΕΥΣΗΣ ΚΑΙ ΚΑΤΑΡΤΙΣΗΣ ΕΡΜΟΥΠΟΛΗΣ,,
16239,ΕΙΔΙΚΟ ΕΡΓΑΣΤΗΡΙΟ ΕΠΑΓΓΕΛΜΑΤΙΚΗΣ ΕΚΠΑΙΔΕΥΣΗΣ ΚΑΙ ΚΑΤΑΡΤΙΣΗΣ ΡΟΔΟΥ,,
16240,ΕΙΔΙΚΟ ΕΡΓΑΣΤΗΡΙΟ ΕΠΑΓΓΕΛΜΑΤΙΚΗΣ ΕΚΠΑΙΔΕΥΣΗΣ ΚΑΙ ΚΑΤΑΡΤΙΣΗΣ ΚΑΛΥΜΝΟΥ,,
16241,ΕΙΔΙΚΟ ΕΡΓΑΣΤΗΡΙΟ ΕΠΑΓΓΕΛΜΑΤΙΚΗΣ ΕΚΠΑΙΔΕΥΣΗΣ ΚΑΙ ΚΑΤΑΡΤΙΣΗΣ ΝΑΞΟΥ,,
16242,"ΙΔΙΩΤΙΚΟ ΔΗΜΟΤΙΚΟ ΣΧΟΛΕΙΟ ""ΑΓΙΟΣ ΓΕΩΡΓΙΟΣ"" ",,
16243,ΓΡΑΦΕΙΟ ΠΕΡΙΒΑΛΛΟΝΤΙΚΗΣ ΕΚΠΑΙΔΕΥΣΗΣ ΚΥΚΛΑΔΩΝ,,
16244,ΓΡΑΦΕΙΟ ΠΕΡΙΒΑΛΛΟΝΤΙΚΗΣ ΕΚΠΑΙΔΕΥΣΗΣ Δ.Ε. Ν.ΔΩΔΕΚΑΝΗΣΟΥ,,
16245,ΓΡΑΦΕΙΟ ΠΕΡΙΒΑΛΛΟΝΤΙΚΗΣ ΕΚΠΑΙΔΕΥΣΗΣ ΔΩΔΕΚΑΝΗΣΟΥ,,
16246,ΚΕΝΤΡΟ ΔΙΑΓΝΩΣΗΣ ΑΞΙΟΛΟΓΗΣΗΣ ΚΑΙ ΥΠΟΣΤΗΡΙΞΗΣ ΑΤΟΜΩΝ ΜΕ ΕΙΔΙΚΕΣ ΕΚΠΑΙΔΕΥΤΙΚΕΣ ΑΝΑΓΚΕΣ ΚΥΚΛΑΔΩΝ,,
16247,ΚΕΝΤΡΟ ΔΙΑΓΝΩΣΗΣ ΑΞΙΟΛΟΓΗΣΗΣ ΚΑΙ ΥΠΟΣΤΗΡΙΞΗΣ ΑΤΟΜΩΝ ΜΕ ΕΙΔΙΚΕΣ ΕΚΠΑΙΔΕΥΤΙΚΕΣ ΑΝΑΓΚΕΣ ΔΩΔΕΚΑΝΗΣΟΥ,,
16248,ΠΕΡΙΦΕΡΕΙΑΚΗ ΔΙΕΥΘΥΝΣΗ ΕΚΠΑΙΔΕΥΣΗΣ ΝΟΤΙΟΥ ΑΙΓΑΙΟΥ,,
16249,ΕΝΩΣΗ ΛΕΙΤΟΥΡΓΩΝ ΜΕΣΗΣ ΕΚΠΑΙΔΕΥΣΗΣ ΝΟΤΙΩΝ ΚΥΚΛΑΔΩΝ,,
16250,ΕΝΩΣΗ ΛΕΙΤΟΥΡΓΩΝ ΜΕΣΗΣ ΕΚΠΑΙΔΕΥΣΗΣ ΣΥΡΟΥ,,
16251,ΚΟΜΒΟΣ ΔΙΑΝΟΜΗΣ ΠΣΔ ΝΟΜΟΥ ΚΥΚΛΑΔΩΝ,,
16252,ΚΟΜΒΟΣ ΔΙΑΝΟΜΗΣ ΠΣΔ ΝΟΜΟΥ ΔΩΔΕΚΑΝΗΣΟΥ,,
16253,ΓΡΑΦΕΙΟ ΑΓΩΓΗΣ ΥΓΕΙΑΣ ΔΙΔΕ ΔΩΔΕΚΑΝΗΣΟΥ,,
16254,ΚΕΝΤΡΟ ΕΚΠΑΙΔΕΥΣΗΣ ΕΝΗΛΙΚΩΝ Ν. ΔΩΔΕΚΑΝΗΣΟΥ,,
16255,ΕΙΔΙΚΟ ΕΡΓΑΣΤΗΡΙΟ ΕΠΑΓΓΕΛΜΑΤΙΚΗΣ ΚΑΤΑΡΤΙΣΗΣ ΑΜΦΙΣΣΑΣ ΝΕΑΣ ΦΩΚΙΔΑΣ,,
16256,ΓΥΜΝΑΣΙΟ ΚΑΤΣΙΚΑ ΙΩΑΝΝΙΝΩΝ,20.886701,39.621599
16257,ΓΥΜΝΑΣΙΟ ΒΕΡΔΙΚΟΥΣΑΣ,21.978456,39.780651
16258,ΓΥΜΝΑΣΙΟ ΜΕΛΙΒΟΙΑΣ ΑΓΙΑΣ,22.798142,39.750547
16259,ΓΥΜΝΑΣΙΟ ΣΤΟΜΙΟΥ,22.730383,39.868185
16260,ΓΥΜΝΑΣΙΟ ΛΥΚΟΥΔΙΟΥ,22.116894,39.966977
16261,ΓΥΜΝΑΣΙΟ ΚΟΥΤΣΕΛΙΟΥ ΙΩΑΝΝΙΝΩΝ,20.913365,39.58813
16262,ΓΥΜΝΑΣΙΟ ΙΩΑΝΝΙΝΩΝ ΜΟΥΣΙΚΟ,20.582154,39.903117
16263,ΓΥΜΝΑΣΙΟ ΔΕΡΒΙΖΙΑΝΩΝ,20.784897,39.397187
16264,ΓΥΜΝΑΣΙΟ ΑΓΙΑΣ ΤΡΙΑΔΑΣ,21.82234,38.987207
16265,ΓΥΜΝΑΣΙΟ ΚΑΣΤΡΙΤΣΑΣ ΙΩΑΝΝΙΝΩΝ,20.925204,39.630198
16266,10ο ΓΥΜΝΑΣΙΟ ΙΩΑΝΝΙΝΩΝ,20.837556,39.672252
16267,ΓΥΜΝΑΣΙΟ ΝΑΡΘΑΚΙΟΥ,22.485681,39.244066
16268,ΓΥΜΝΑΣΙΟ ΑΝΩ ΚΑΛΕΝΤΙΝΗΣ,21.167944,39.253076
16269,9ο ΓΥΜΝΑΣΙΟ ΙΩΑΝΝΙΝΩΝ,20.835923,39.680396
16270,ΓΥΜΝΑΣΙΟ ΠΕΔΙΝΗΣ ΙΩΑΝΝΙΝΩΝ,20.844906,39.599486
16271,ΓΥΜΝΑΣΙΟ ΑΝΑΤΟΛΗΣ,20.868107,39.636892
16272,7ο ΓΥΜΝΑΣΙΟ ΙΩΑΝΝΙΝΩΝ,20.841818,39.671672
16273,4ο ΓΥΜΝΑΣΙΟ ΙΩΑΝΝΙΝΩΝ,20.847793,39.663257
16274,1ο ΓΥΜΝΑΣΙΟ ΙΩΑΝΝΙΝΩΝ,20.848856,39.667696
16275,ΕΙΔΙΚΗ ΤΑΞΗ ΓΥΜΝΑΣΙΟΥ ΒΕΛΙΣΣΑΡΙΟΥ,20.858889,39.667899
16276,ΓΥΜΝΑΣΙΟ ΠΡΕΒΕΖΑΣ ΕΣΠΕΡΙΝΟ,20.748661,38.953076
16277,ΓΥΜΝΑΣΙΟ ΚΑΡΥΩΝ,20.743698,39.783366
16278,ΓΥΜΝΑΣΙΟ ΠΡΑΜΑΝΤΩΝ,21.100129,39.521443
16279,ΓΥΜΝΑΣΙΟ ΠΕΡΑΜΑΤΟΣ ΙΩΑΝΝΙΝΩΝ,20.845953,39.694035
16280,ΓΥΜΝΑΣΙΟ ΣΤΑΥΡΑΚΙΟΥ,20.819666,39.6541
16281,ΓΥΜΝΑΣΙΟ ΠΛΑΤΑΡΙΑΣ ΘΕΣΠΡΩΤΙΑΣ,20.274608,39.455713
16282,ΓΥΜΝΑΣΙΟ ΦΙΛΙΑΤΩΝ,20.31024,39.599619
16283,ΓΥΜΝΑΣΙΟ ΗΓΟΥΜΕΝΙΤΣΑΣ ΕΣΠΕΡΙΝΟ,20.268886,39.503384
16284,1ο ΓΥΜΝΑΣΙΟ ΗΓΟΥΜΕΝΙΤΣΑΣ,20.266259,39.504866
16285,ΓΥΜΝΑΣΙΟ ΓΑΡΔΙΚΙΟΥ ΠΑΡΑΜΥΘΙΑΣ,20.577945,39.364237
16286,ΓΥΜΝΑΣΙΟ ΝΕΡΑΙΔΑΣ ΘΕΣΠΡΩΤΙΑΣ Μ,20.437355,39.509059
16287,3ο ΓΥΜΝΑΣΙΟ ΠΡΕΒΕΖΑΣ,20.743813,38.961711
16288,ΓΥΜΝΑΣΙΟ ΛΟΥΡΟΥ,20.750039,39.162571
16289,ΓΥΜΝΑΣΙΟ ΝΕΑΣ ΣΕΛΕΥΚΕΙΑΣ,20.257375,39.524134
16290,2ο ΓΥΜΝΑΣΙΟ ΗΓΟΥΜΕΝΙΤΣΑΣ,20.264043,39.503496
16291,ΓΥΜΝΑΣΙΟ ΜΑΡΓΑΡΙΤΙΟΥ,20.440628,39.357301
16292,3ο ΓΥΜΝΑΣΙΟ ΗΓΟΥΜΕΝΙΤΣΑΣ,20.268864,39.485892
16293,ΓΥΜΝΑΣΙΟ ΠΑΡΑΜΥΘΙΑΣ,20.515005,39.469665
16294,8ο ΓΥΜΝΑΣΙΟ ΙΩΑΝΝΙΝΩΝ,20.841818,39.671672
16295,1ο ΓΥΜΝΑΣΙΟ ΠΡΕΒΕΖΑΣ,20.748483,38.953837
16296,ΓΥΜΝΑΣΙΟ ΔΥΤΙΚΗΣ ΦΡΑΓΚΙΣΤΗΣ,21.606984,38.954797
16297,ΓΥΜΝΑΣΙΟ ΚΕΡΑΣΟΧΩΡΙΟΥ,21.64032,39.004701
16298,ΓΥΜΝΑΣΙΟ ΠΑΛΑΙΟΚΑΤΟΥΝΑΣ ΕΥΡΥΤΑΝΙΑΣ,21.58267,39.025673
16299,ΓΥΜΝΑΣΙΟ ΚΑΝΑΛΑΚΙΟΥ,20.603241,39.233232
16300,ΓΥΜΝΑΣΙΟ ΜΟΥΣΙΩΤΙΤΣΑΣ ΙΩΑΝΝΙΝΩN,20.819244,39.396078
16301,ΓΥΜΝΑΣΙΟ ΣΟΥΡΠΗΣ,22.900625,39.104177
16302,ΓΥΜΝΑΣΙΟ ΠΕΤΑ ΑΡΤΑΣ,21.037194,39.165911
16303,ΓΥΜΝΑΣΙΟ ΤΡΙΚΕΡΙΟΥ,23.079529,39.097866
16304,ΓΥΜΝΑΣΙΟ ΦΟΥΡΝΑ,21.879897,39.060264
16305,ΓΥΜΝΑΣΙΟ ΜΕΤΣΟΒΟΥ,21.182314,39.768046
16306,ΓΥΜΝΑΣΙΟ ΠΑΝΑΓΙΑΣ,21.331898,39.793002
16307,ΓΥΜΝΑΣΙΟ ΑΝΕΖΑΣ ΑΡΤΑΣ,20.928469,39.085526
16308,ΓΥΜΝΑΣΙΟ ΚΟΝΙΤΣΑΣ,20.753853,40.043798
16309,ΓΥΜΝΑΣΙΟ ΝΕΟΧΩΡΙΟΥ ΑΡΤΗΣ,21.021464,39.07
16310,ΓΥΜΝΑΣΙΟ ΒΡΟΣΙΝΑΣ,20.519666,39.644486
16311,ΓΥΜΝΑΣΙΟ ΑΡΤΑΣ ΕΣΠΕΡΙΝΟ,20.985089,39.155696
16312,ΓΥΜΝΑΣΙΟ ΚΟΝΙΣΚΟΥ,21.801855,39.778521
16313,ΓΥΜΝΑΣΙΟ ΕΛΕΟΥΣΑΣ,20.795229,39.706292
16314,ΓΥΜΝΑΣΙΟ ΑΓΙΟΥ ΣΠΥΡΙΔΩΝΑ,20.866212,39.143581
16315,3ο ΓΥΜΝΑΣΙΟ ΙΩΑΝΝΙΝΩΝ,20.837556,39.672252
16316,ΓΥΜΝΑΣΙΟ ΜΕΣΟΧΩΡΑΣ,21.326892,39.472253
16317,2ο ΓΥΜΝΑΣΙΟ ΠΡΕΒΕΖΑΣ,20.743813,38.961711
16318,ΓΥΜΝΑΣΙΟ ΑΜΠΕΛΙΩΝ,21.55097,39.698645
16319,2ο ΓΥΜΝΑΣΙΟ ΦΙΛΙΠΠΙΑΔΑΣ,20.885713,39.20533
16320,4ο ΓΥΜΝΑΣΙΟ ΠΡΕΒΕΖΑΣ,20.751443,38.9597
16321,ΓΥΜΝΑΣΙΟ ΚΟΜΠΟΤΙΟΥ,21.089404,39.102072
16322,5ο ΓΥΜΝΑΣΙΟ ΙΩΑΝΝΙΝΩΝ,20.853407,39.665897
16323,2ο ΓΥΜΝΑΣΙΟ ΙΩΑΝΝΙΝΩΝ,20.858861,39.668085
16324,6ο ΓΥΜΝΑΣΙΟ ΙΩΑΝΝΙΝΩΝ,20.841818,39.671672
16325,ΓΥΜΝΑΣΙΟ ΙΩΑΝΝΙΝΩΝ ΕΣΠΕΡΙΝΟ,20.847793,39.663257
16326,ΔΕΣΚΕΙΟ ΓΥΜΝΑΣΙΟ ΠΑΡΓΑΣ,20.399585,39.28292
16327,4ο ΓΥΜΝΑΣΙΟ ΑΡΤΑΣ,20.985449,39.154762
16328,3ο ΓΥΜΝΑΣΙΟ ΑΡΤΑΣ,20.980988,39.159817
16329,ΓΥΜΝΑΣΙΟ ΘΕΣΠΡΩΤΙΚΟΥ,20.810596,39.261384
16330,ΓΥΜΝΑΣΙΟ ΖΑΡΚΟΥ ΤΡΙΚΑΛΩΝ,22.127357,39.60793
16331,ΓΥΜΝΑΣΙΟ ΔΟΛΙΑΝΩΝ,20.582154,39.903117
16332,ΓΥΜΝΑΣΙΟ ΒΟΥΡΓΑΡΕΛΙΟΥ ΑΡΤΑΣ,21.184151,39.370553
16333,ΓΥΜΝΑΣΙΟ ΒΕΛΙΣΣΑΡΙΟΥ,20.843266,39.64677
16334,ΓΥΜΝΑΣΙΟ ΙΩΑΝΝΙΝΩΝ ΖΩΣΙΜΑΙΑΣ ΠΕΙΡΑΜΑΤΙΚΟ,20.844533,39.653149
16335,ΓΥΜΝΑΣΙΟ ΡΙΖΩΜΑΤΟΣ,21.73499,39.662563
16336,ΓΥΜΝΑΣΙΟ ΟΞΥΝΕΙΑΣ,21.490907,39.824137
16337,ΓΥΜΝΑΣΙΟ ΦΙΛΟΘΕΗΣ (ΧΑΛΚΙΑΔΩΝ ),20.934738,39.157088
16338,ΕΝΙΑΙΟ ΛΥΚΕΙΟ ΚΑΛΛΙΘΕΑΣ,22.192771,39.980626
16339,ΓΥΜΝΑΣΙΟ ΓΡΑΜΜΕΝΙΤΣΑΣ ΑΡΤΑΣ,20.981075,39.145528
16340,1ο ΓΥΜΝΑΣΙΟ ΦΙΛΙΠΠΙΑΔΑΣ,20.885713,39.20533
16341,1ο ΓΥΜΝΑΣΙΟ ΑΡΤΑΣ,20.979923,39.15678
16342,5ο ΓΥΜΝΑΣΙΟ ΑΡΤΑΣ,20.980883,39.158852
16343,ΓΥΜΝΑΣΙΟ ΛΟΓΓΑΔΩΝ,20.939783,39.659102
16344,2ο ΓΥΜΝΑΣΙΟ ΑΡΤΑΣ,20.985547,39.15459
16345,ΕΝΙΑΙΟ ΛΥΚΕΙΟ ΑΡΤΑΣ ΕΣΠΕΡΙΝΟ,,
16346,ΕΝΙΑΙΟ ΛΥΚΕΙΟ ΒΕΛΛΑΣ ΕΚΚΛΗΣΙΑΣΤΙΚΟ,20.943819,39.721984
16347,ΕΝΙΑΙΟ ΛΥΚΕΙΟ ΠΑΡΓΑΣ,20.399585,39.28292
16348,1ο ΕΝΙΑΙΟ ΛΥΚΕΙΟ ΦΙΛΙΠΠΙΑΔΑΣ,20.885713,39.20533
16349,1ο ΕΝΙΑΙΟ ΛΥΚΕΙΟ ΑΡΤΑΣ,20.979833,39.156814
16350,2ο ΕΝΙΑΙΟ ΛΥΚΕΙΟ ΑΡΤΑΣ,20.982115,39.149693
16351,3ο ΕΝΙΑΙΟ ΛΥΚΕΙΟ ΑΡΤΑΣ,20.981021,39.159755
16352,ΕΝΙΑΙΟ ΛΥΚΕΙΟ ΜΑΡΓΑΡΙΤΙΟΥ,20.440628,39.357301
16353,1ο ΕΝΙΑΙΟ ΛΥΚΕΙΟ ΙΩΑΝΝΙΝΩΝ,20.858861,39.668085
16354,"ΕΝΙΑΙΟ ΛΥΚΕΙΟ ""ΖΩΣΙΜΑΙΑΣ ΣΧΟΛΗΣ"" ΙΩΑΝΝΙΝΩΝ",20.858888,39.66809
16355,"3ο ΕΝΙΑΙΟ ΛΥΚΕΙΟ ΙΩΑΝΝΙΝΩΝ ""ΕΠΙΦΑΝΕΙΟΣ ΣΧΟΛΗ""",20.837556,39.672252
16356,"2ο ΕΝΙΑΙΟ ΛΥΚΕΙΟ ΙΩΑΝΝΙΝΩΝ ""ΓΕΩΡΓΙΟΥ ΣΤΑΥΡΟΥ""",20.850248,39.669152
16357,ΕΝΙΑΙΟ ΛΥΚΕΙΟ ΚΕΔΡΟΥ ΚΑΡΔΙΤΣΑΣ,22.041098,39.205449
16358,5ο ΕΝΙΑΙΟ ΛΥΚΕΙΟ ΙΩΑΝΝΙΝΩΝ - Τ.Α.Δ.,20.837268,39.676176
16359,ΕΝΙΑΙΟ ΛΥΚΕΙΟ ΠΡΕΒΕΖΑΣ ΕΣΠΕΡΙΝΟ,,
16360,ΕΝΙΑΙΟ ΛΥΚΕΙΟ ΚΟΜΠΟΤΙΟΥ ΑΡΤΑΣ,21.089404,39.102072
16361,ΕΝΙΑΙΟ ΛΥΚΕΙΟ ΝΕΟΧΩΡΙΟΥ ΑΡΤΑΣ,21.021464,39.07
16362,ΕΝΙΑΙΟ ΛΥΚΕΙΟ ΑΝΕΖΑΣ ΑΡΤΑΣ,20.981075,39.145528
16363,ΕΝΙΑΙΟ ΛΥΚΕΙΟ ΚΑΤΩ ΤΙΘΟΡΕΑΣ,22.714204,38.607458
16364,"ΕΝΙΑΙΟ ΛΥΚΕΙΟ ΚΑΤΣΙΚΑ ΙΩΑΝΝΙΝΩΝ ""ΜΑΡΟΥΛΕΙΟ""",20.886701,39.621599
16365,1ο ΕΝΙΑΙΟ ΛΥΚΕΙΟ ΚΟΝΙΤΣΑΣ,20.753853,40.043798
16366,4ο ΕΝΙΑΙΟ ΛΥΚΕΙΟ ΙΩΑΝΝΙΝΩΝ,20.850387,39.659775
16367,1ο ΕΝΙΑΙΟ ΛΥΚΕΙΟ ΚΡΑΝΕΑΣ ΕΛΑΣΣΟΝΑΣ,22.56771,39.926443
16368,ΕΝΙΑΙΟ ΛΥΚΕΙΟ ΑΝΑΤΟΛΗΣ,20.868107,39.636892
16369,ΕΝΙΑΙΟ ΛΥΚΕΙΟ ΗΓΟΥΜΕΝΙΤΣΑΣ ΕΣΠΕΡΙΝΟ,,
16370,1ο ΕΝΙΑΙΟ ΛΥΚΕΙΟ ΠΑΡΑΜΥΘΙΑΣ,20.515005,39.469665
16371,ΕΝΙΑΙΟ ΛΥΚΕΙΟ ΦΙΛΙΑΤΩΝ,20.31024,39.599619
16372,8ο ΕΝΙΑΙΟ ΛΥΚΕΙΟ ΙΩΑΝΝΙΝΩΝ,20.850387,39.659775
16373,ΕΝΙΑΙΟ ΛΥΚΕΙΟ ΚΑΝΑΛΑΚΙΟΥ,20.603241,39.233232
16374,ΕΝΙΑΙΟ ΛΥΚΕΙΟ ΛΟΥΡΟΥ,20.750039,39.162571
16375,2ο ΕΝΙΑΙΟ ΛΥΚΕΙΟ ΦΙΛΙΠΠΙΑΔΑΣ,20.885713,39.20533
16376,2ο ΕΝΙΑΙΟ ΛΥΚΕΙΟ ΠΡΕΒΕΖΑΣ,20.751443,38.9597
16377,ΕΝΙΑΙΟ ΛΥΚΕΙΟ ΘΕΣΠΡΩΤΙΚΟΥ,20.810596,39.261384
16378,ΕΝΙΑΙΟ ΛΥΚΕΙΟ ΔΟΛΙΑΝΩΝ,20.582154,39.903117
16379,ΕΝΙΑΙΟ ΛΥΚΕΙΟ ΒΟΥΡΓΑΡΕΛΙΟΥ,21.184151,39.370553
16380,1ο ΕΝΙΑΙΟ ΛΥΚΕΙΟ ΜΕΤΣΟΒΟΥ,21.182314,39.768046
16381,ΕΝΙΑΙΟ ΛΥΚΕΙΟ ΕΛΕΟΥΣΑΣ,20.795229,39.706292
16382,7ο ΕΝΙΑΙΟ ΛΥΚΕΙΟ ΙΩΑΝΝΙΝΩΝ,20.850387,39.659775
16383,9ο ΕΝΙΑΙΟ ΛΥΚΕΙΟ ΙΩΑΝΝΙΝΩΝ,20.858888,39.66809
16384,1ο ΕΝΙΑΙΟ ΛΥΚΕΙΟ ΠΡΕΒΕΖΑΣ,20.751443,38.9597
16385,ΕΝΙΑΙΟ ΛΥΚΕΙΟ ΙΩΑΝΝΙΝΩΝ ΕΣΠΕΡΙΝΟ,20.850387,39.659775
16386,1ο ΕΝΙΑΙΟ ΛΥΚΕΙΟ ΗΓΟΥΜΕΝΙΤΣΑΣ,20.266259,39.504866
16387,2ο ΕΝΙΑΙΟ ΛΥΚΕΙΟ ΗΓΟΥΜΕΝΙΤΣΑΣ,20.259229,39.512164
16388,4ο ΕΝΙΑΙΟ ΛΥΚΕΙΟ ΑΡΤΑΣ,20.985514,39.154673
16389,3ο ΕΝΙΑΙΟ ΛΥΚΕΙΟ ΠΡΕΒΕΖΑΣ,,
16390,2ο ΤΕΕ ΑΡΤΑΣ,20.994961,39.152753
16391,1ο ΤΕΕ ΠΡΕΒΕΖΑΣ,20.751443,38.9597
16392,2ο ΤΕΕ ΠΡΕΒΕΖΑΣ,20.751443,38.9597
16393,1ο ΤΕΕ ΚΑΝΑΛΑΚΙΟΥ,20.603241,39.233232
16394,1ο ΤΕΕ ΦΙΛΟΘΕΗΣ,20.987443,39.159715
16395,1ο ΤΕΕ ΠΑΡΑΜΥΘΙΑΣ,20.515005,39.469665
16396,ΤΕΕ ΒΡΟΣΙΝΑΣ,20.519612,39.644461
16397,1ο ΤΕΕ ΦΙΛΙΠΠΙΑΔΑΣ,20.885713,39.20533
16398,1ο ΤΕΕ ΚΟΝΙΤΣΑΣ,20.753853,40.043798
16399,5ο ΤΕΕ ΙΩΑΝΝΙΝΩΝ,,
16400,1ο ΤΕΕ ΜΕΤΣΟΒΟΥ,21.182314,39.768046
16401,2ο ΤΕΕ ΗΓΟΥΜΕΝΙΤΣΑΣ,20.259229,39.512164
16402,1ο ΤΕΕ ΗΓΟΥΜΕΝΙΤΣΑΣ,20.259229,39.512164
16403,1ο ΤΕΕ ΙΩΑΝΝΙΝΩΝ,20.858861,39.668085
16404,1ο ΤΕΕ ΑΡΤΑΣ,20.994852,39.152764
16405,2ο ΤΕΕ ΙΩΑΝΝΙΝΩΝ ΕΣΠΕΡΙΝΟ,20.842705,39.64702
16406,6ο ΤΕΕ ΙΩΑΝΝΙΝΩΝ,,
16407,ΤΕΕ ΑΡΤΑΣ ΕΣΠΕΡΙΝΟ,,
16408,3ο ΤΕΕ ΙΩΑΝΝΙΝΩΝ,20.858861,39.668085
16409,4ο ΤΕΕ ΙΩΑΝΝΙΝΩΝ,20.850387,39.659775
16410,1ο ΤΕΕ ΦΙΛΙΑΤΩΝ,,
16411,1ο ΣΕΚ ΠΡΕΒΕΖΑΣ,20.751443,38.9597
16412,1ο ΣΕΚ ΑΡΤΑΣ,20.995075,39.152715
16413,1ο ΣΕΚ ΗΓΟΥΜΕΝΙΤΣΑΣ,20.259229,39.512164
16414,1ο ΣΕΚ ΙΩΑΝΝΙΝΩΝ,20.850387,39.659775
16415,2ο ΣΕΚ ΙΩΑΝΝΙΝΩΝ,20.842992,39.653961
16416,ΣΥΜΒΟΥΛΕΥΤΙΚΟΣ ΣΤΑΘΜΟΣ ΝΕΩΝ ΙΩΑΝΝΙΝΩΝ,20.846707,39.659472
16417,ΔΗΜΟΤΙΚΟ ΣΧΟΛΕΙΟ ΡΙΖΟΒΟΥΝΙΟΥ,,
16418,ΔΗΜΟΤΙΚΟ ΣΧΟΛΕΙΟ ΠΑΠΑΔΑΤΩΝ,,
16419,ΔΗΜΟΤΙΚΟ ΣΧΟΛΕΙΟ ΒΑΛΑΝΙΔΟΥΣΑΣ,20.638249,39.216129
16420,ΕΝΙΑΙΟ ΛΥΚΕΙΟ ΕΛΑΤΕΙΑΣ,22.766375,38.627757
16421,ΔΗΜΟΤΙΚΟ ΣΧΟΛΕΙΟ ΠΕΤΡΑΣ,20.818239,39.153674
16422,ΔΗΜΟΤΙΚΟ ΣΧΟΛΕΙΟ ΣΤΕΦΑΝΗΣ,20.791306,39.177424
16423,ΔΗΜΟΤΙΚΟ ΣΧΟΛΕΙΟ ΜΥΤΙΚΑ ΠΡΕΒΕΖΑΣ,20.710807,38.996895
16424,5ο ΔΗΜΟΤΙΚΟ ΣΧΟΛΕΙΟ ΠΡΕΒΕΖΑΣ,20.742989,38.951736
16425,8ο ΔΗΜΟΤΙΚΟ ΣΧΟΛΕΙΟ ΠΡΕΒΕΖΑΣ,,
16426,ΔΗΜΟΤΙΚΟ ΣΧΟΛΕΙΟ ΑΓΙΑΣ,20.359402,39.31217
16427,1ο ΔΗΜΟΤΙΚΟ ΣΧΟΛΕΙΟ ΠΡΕΒΕΖΑΣ ΕΙΔΙΚΟ,20.748454,38.953033
16428,ΔΗΜΟΤΙΚΟ ΣΧΟΛΕΙΟ ΜΕΣΟΠΟΤΑΜΟΥ,20.532514,39.235743
16429,ΕΝΙΑΙΟ ΛΥΚΕΙΟ ΦΑΝΑΡΙΟΥ,21.80071,39.41464
16430,ΔΗΜΟΤΙΚΟ ΣΧΟΛΕΙΟ ΚΑΜΑΡΙΝΑΣ,20.673778,39.133953
16431,ΔΗΜΟΤΙΚΟ ΣΧΟΛΕΙΟ ΝΕΟΥ ΩΡΩΠΟΥ,20.737647,39.150329
16432,6ο ΔΗΜΟΤΙΚΟ ΣΧΟΛΕΙΟ ΠΡΕΒΕΖΑΣ,20.743218,38.960017
16433,7ο ΔΗΜΟΤΙΚΟ ΣΧΟΛΕΙΟ ΠΡΕΒΕΖΑΣ,,
16434,ΔΗΜΟΤΙΚΟ ΣΧΟΛΕΙΟ ΝΕΑΣ ΣΑΜΨΟΥΝΤΟΣ,,
16435,4ο ΔΗΜΟΤΙΚΟ ΣΧΟΛΕΙΟ ΠΡΕΒΕΖΑΣ,20.743035,38.959954
16436,ΕΝΙΑΙΟ ΛΥΚΕΙΟ ΛΙΒΑΔΙΟΥ,22.159933,40.125312
16437,ΔΗΜΟΤΙΚΟ ΣΧΟΛΕΙΟ ΛΟΥΡΟΥ,20.749216,39.161067
16438,3ο ΔΗΜΟΤΙΚΟ ΣΧΟΛΕΙΟ ΠΡΕΒΕΖΑΣ,20.748387,38.952886
16439,2ο ΔΗΜΟΤΙΚΟ ΣΧΟΛΕΙΟ ΑΡΤΑΣ,,
16440,ΕΝΙΑΙΟ ΛΥΚΕΙΟ ΛΕΟΝΤΑΡΙΟΥ,22.13596,39.180767
16441,ΔΗΜΟΤΙΚΟ ΣΧΟΛΕΙΟ ΤΥΡΙΑΣ ΚΡΑΝΕΑΣ,20.748256,39.245128
16442,ΔΗΜΟΤΙΚΟ ΣΧΟΛΕΙΟ ΒΡΥΣΟΥΛΑΣ,20.699967,39.26226
16443,1ο ΤΕΕ ΚΡΑΝΕΑΣ ΕΛΑΣΣΟΝΑΣ,21.972031,39.951358
16444,ΔΗΜΟΤΙΚΟ ΣΧΟΛΕΙΟ ΚΑΝΑΛΙΟΥ,20.702482,39.067189
16445,1ο ΔΗΜΟΤΙΚΟ ΣΧΟΛΕΙΟ ΚΑΝΑΛΛΑΚΙΟΥ,20.602455,39.232839
16446,ΤΕΕ ΣΚΟΠΕΛΟΥ,23.721292,39.116853
16447,ΔΗΜΟΤΙΚΟ ΣΧΟΛΕΙΟ ΛΥΓΙΑΣ,,
16448,ΔΗΜΟΤΙΚΟ ΣΧΟΛΕΙΟ ΝΑΡΚΙΣΣΟΥ,20.609452,39.254134
16449,1ο ΤΕΕ ΦΡΑΓΚΙΣΤΑΣ,21.606984,38.954797
16450,ΔΗΜΟΤΙΚΟ ΣΧΟΛΕΙΟ ΜΟΝΑΣΤΗΡΑΚΙΟΥ,,
16451,ΔΗΜΟΤΙΚΟ ΣΧΟΛΕΙΟ ΚΥΨΕΛΗΣ,,
16452,ΔΗΜΟΤΙΚΟ ΣΧΟΛΕΙΟ ΠΑΧΥΚΑΛΑΜΟΥ,21.017754,39.081203
16453,ΔΗΜΟΤΙΚΟ ΣΧΟΛΕΙΟ ΝΕΟΚΑΙΣΑΡΕΙΑΣ ΙΩΑΝΝΙΝΩΝ,20.877392,39.586377
16454,ΔΗΜΟΤΙΚΟ ΣΧΟΛΕΙΟ ΧΑΡΟΚΟΠΙΟΥ ΠΕΤΡΟΒΟΥΝΙΟΥ,,
16455,ΔΗΜΟΤΙΚΟ ΣΧΟΛΕΙΟ ΑΝΘΟΥΣΗΣ,20.373064,39.298057
16456,8ο ΔΗΜΟΤΙΚΟ ΣΧΟΛΕΙΟ ΑΡΤΑΣ,,
16457,ΓΥΜΝΑΣΙΟ ΚΑΛΑΜΩΤΗΣ,26.046032,38.233154
16458,ΔΗΜΟΤΙΚΟ ΣΧΟΛΕΙΟ ΣΕΡΒΙΑΝΩΝ ΙΩΑΝΝΙΝΩΝ,,
16459,ΔΗΜΟΤΙΚΟ ΣΧΟΛΕΙΟ ΜΕΓΑΛΟΥ ΓΑΡΔΙΚΙΟΥ,20.75823,39.713747
16460,"2ο ΔΗΜΟΤΙΚΟ ΣΧΟΛΕΙΟ ΙΩΑΝΝΙΝΩΝ ""ΕΛΙΣΑΒΕΤΕΙΟ""",,
16461,5ο ΔΗΜΟΤΙΚΟ ΣΧΟΛΕΙΟ ΑΡΤΑΣ,,
16462,ΓΥΜΝΑΣΙΟ ΦΟΥΡΝΩΝ ΙΚΑΡΙΑΣ,26.485308,37.575648
16463,1ο ΔΗΜΟΤΙΚΟ ΣΧΟΛΕΙΟ ΘΕΣΠΡΩΤΙΚΟΥ,,
16464,ΓΥΜΝΑΣΙΟ ΚΑΛΛΙΜΑΣΙΑΣ,26.102706,38.290943
16465,ΓΥΜΝΑΣΙΟ ΠΟΛΙΧΝΙΤΟΥ,26.184619,39.078724
16466,ΔΗΜΟΤΙΚΟ ΣΧΟΛΕΙΟ ΚΑΛΑΜΙΑΣ,,
16467,ΔΗΜΟΤΙΚΟ ΣΧΟΛΕΙΟ ΒΙΓΛΑΣ,20.864712,39.081597
16468,ΔΗΜΟΤΙΚΟ ΣΧΟΛΕΙΟ ΑΓΙΟΥ ΣΠΥΡΙΔΩΝΟΣ,,
16469,9ο ΔΗΜΟΤΙΚΟ ΣΧΟΛΕΙΟ ΠΡΕΒΕΖΑΣ,,
16470,4ο ΔΗΜΟΤΙΚΟ ΣΧΟΛΕΙΟ ΑΡΤΑΣ,,
16471,ΔΗΜΟΤΙΚΟ ΣΧΟΛΕΙΟ ΚΟΜΠΟΤΙΟΥ,21.088077,39.101337
16472,3ο ΔΗΜΟΤΙΚΟ ΣΧΟΛΕΙΟ ΑΡΤΑΣ,,
16473,ΔΗΜΟΤΙΚΟ ΣΧΟΛΕΙΟ ΧΑΝΟΠΟΥΛΟΥ,,
16474,10ο ΔΗΜΟΤΙΚΟ ΣΧΟΛΕΙΟ ΑΡΤΑΣ,,
16475,ΓΥΜΝΑΣΙΟ ΜΟΡΙΑΣ ΛΕΣΒΟΥ,26.4946,39.128573
16476,1ο ΔΗΜΟΤΙΚΟ ΣΧΟΛΕΙΟ ΙΩΑΝΝΙΝΩΝ ΠΕΙΡΑΜΑΤΙΚΟ,,
16477,ΔΗΜΟΤΙΚΟ ΣΧΟΛΕΙΟ ΚΥΨΕΛΗΣ,21.095574,39.351587
16478,7ο ΔΗΜΟΤΙΚΟ ΣΧΟΛΕΙΟ ΑΡΤΑΣ,,
16479,ΔΗΜΟΤΙΚΟ ΣΧΟΛΕΙΟ ΠΑΛΑΙΟΚΑΤΟΥΝΟΥ,21.179426,39.335937
16480,ΓΥΜΝΑΣΙΟ ΑΝΤΙΣΣΑΣ,25.982711,39.232438
16481,ΔΗΜΟΤΙΚΟ ΣΧΟΛΕΙΟ ΛΟΥΤΡΟΤΟΠΟΥ,21.039395,39.07095
16482,ΔΗΜΟΤΙΚΟ ΣΧΟΛΕΙΟ ΚΕΣΤΡΙΝΗΣ ΦΙΛΙΑΤΩΝ,,
16483,ΔΗΜΟΤΙΚΟ ΣΧΟΛΕΙΟ ΒΑΛΑΝΙΔΟΡΑΧΗΣ,,
16484,16ο ΔΗΜΟΤΙΚΟ ΣΧΟΛΕΙΟ ΙΩΑΝΝΙΝΩΝ,,
16485,ΓΥΜΝΑΣΙΟ ΜΑΝΤΑΜΑΔΟΥ ΛΕΣΒΟΥ,26.33893,39.309768
16486,ΓΥΜΝΑΣΙΟ ΜΥΡΙΝΑΣ ΛΗΜΝΟΥ,25.071309,39.872837
16487,ΔΗΜΟΤΙΚΟ ΣΧΟΛΕΙΟ ΑΓΙΟΥ ΔΗΜΗΤΡΙΟΥ ΠΕΤΑ,,
16488,ΔΗΜΟΤΙΚΟ ΣΧΟΛΕΙΟ ΣΕΛΛΑΔΩΝ,21.076817,39.109101
16489,ΝΗΠΙΑΓΩΓΕΙΟ ΣΩΜΑΤΙΚΑ ΑΝΑΠΗΡΩΝ ΠΑΙΔΩΝ ΕΙΔΙΚΟ,,
16490,ΔΗΜΟΤΙΚΟ ΣΧΟΛΕΙΟ ΚΕΡΑΜΑΤΩΝ,20.979281,39.129484
16491,ΔΗΜΟΤΙΚΟ ΣΧΟΛΕΙΟ ΚΟΜΜΕΝΟΥ,21.032917,39.046181
16492,ΔΗΜΟΤΙΚΟ ΣΧΟΛΕΙΟ ΒΟΥΡΓΑΡΕΛΙΟΥ,21.182961,39.369229
16493,27ο ΔΗΜΟΤΙΚΟ ΣΧΟΛΕΙΟ ΙΩΑΝΝΙΝΩΝ,,
16494,ΓΥΜΝΑΣΙΟ ΨΑΡΩΝ,25.565627,38.54493
16495,ΓΥΜΝΑΣΙΟ ΑΓΙΑΣ ΠΑΡΑΣΚΕΥΗΣ ΛΕΣΒΟΥ,26.273459,39.245127
16496,4ο ΔΗΜΟΤΙΚΟ ΣΧΟΛΕΙΟ ΗΓΟΥΜΕΝΙΤΣΑΣ,,
16497,1ο ΔΗΜΟΤΙΚΟ ΣΧΟΛΕΙΟ ΙΩΑΝΝΙΝΩΝ ΕΙΔΙΚΟ,,
16498,ΔΗΜΟΤΙΚΟ ΣΧΟΛΕΙΟ ΜΟΥΖΑΚΑΙΩΝ ΙΩΑΝΝΙΝΩΝ,20.954073,39.573097
16499,1ο ΔΗΜΟΤΙΚΟ ΣΧΟΛΕΙΟ ΠΑΡΑΜΥΘΙΑΣ,20.513917,39.46909
16500,"ΓΥΜΝΑΣΙΟ ΜΟΥΔΡΟΥ ""ΑΡΓΥΡΙΟΣ ΜΟΣΧΙΔΗΣ""",25.273524,39.874039
16501,21ο ΔΗΜΟΤΙΚΟ ΣΧΟΛΕΙΟ ΙΩΑΝΝΙΝΩΝ,,
16502,ΔΗΜΟΤΙΚΟ ΣΧΟΛΕΙΟ ΝΕΑΣ ΜΟΥΣΙΩΤΙΤΣΑΣ,,
16503,ΔΗΜΟΤΙΚΟ ΣΧΟΛΕΙΟ ΠΕΤΣΑΛΙΟΥ,,
16504,ΔΗΜΟΤΙΚΟ ΣΧΟΛΕΙΟ ΚΑΤΩ ΜΟΥΣΙΩΤΙΤΣΑΣ,,
16505,13ο ΔΗΜΟΤΙΚΟ ΣΧΟΛΕΙΟ ΙΩΑΝΝΙΝΩΝ,,
16506,3ο ΔΗΜΟΤΙΚΟ ΣΧΟΛΕΙΟ ΜΑΡΜΑΡΩΝ,20.818271,39.65443
16507,ΓΥΜΝΑΣΙΟ ΠΕΤΡΑΣ,26.179159,39.325667
16508,12ο ΔΗΜΟΤΙΚΟ ΣΧΟΛΕΙΟ ΙΩΑΝΝΙΝΩΝ,,
16509,14ο ΔΗΜΟΤΙΚΟ ΣΧΟΛΕΙΟ ΙΩΑΝΝΙΝΩΝ,,
16510,ΔΗΜΟΤΙΚΟ ΣΧΟΛΕΙΟ ΑΣΠΡΟΚΚΛΗΣΙΟΥ-ΣΑΓΙΑΔΑΣ,,
16511,1ο ΔΗΜΟΤΙΚΟ ΣΧΟΛΕΙΟ ΗΓΟΥΜΕΝΙΤΣΑΣ,20.264043,39.503496
16512,ΓΥΜΝΑΣΙΟ ΕΥΔΗΛΟΥ ΙΚΑΡΙΑΣ,26.175133,37.623484
16513,ΔΗΜΟΤΙΚΟ ΣΧΟΛΕΙΟ ΣΥΚΙΩΝ,21.056488,39.061489
16514,ΔΗΜΟΤΙΚΟ ΣΧΟΛΕΙΟ ΓΡΑΙΚΟΧΩΡΙΟΥ ΗΓΟΥΜΕΝΙΤΣΑΣ,20.274464,39.495305
16515,7ο ΔΗΜΟΤΙΚΟ ΣΧΟΛΕΙΟ ΙΩΑΝΝΙΝΩΝ,,
16516,11ο ΔΗΜΟΤΙΚΟ ΣΧΟΛΕΙΟ Β ΕΛΙΣΣΑΒΕΤ.ΙΩΑΝΝΙΝ.,,
16517,ΔΗΜΟΤΙΚΟ ΣΧΟΛΕΙΟ ΠΑΡΑΠΟΤΑΜΟΥ ΦΙΛΙΑΤΩΝ,20.32587,39.546413
16518,ΔΗΜΟΤΙΚΟ ΣΧΟΛΕΙΟ ΒΡΥΣΕΛΛΑΣ ΦΙΛΙΑΤΩΝ,20.318491,39.571479
16519,ΔΗΜΟΤΙΚΟ ΣΧΟΛΕΙΟ ΠΕΡΔΙΚΑΣ ΜΑΡΓΑΡΙΤΙΟΥ,20.305046,39.365903
16520,ΔΗΜΟΤΙΚΟ ΣΧΟΛΕΙΟ ΝΕΑΣ ΣΕΛΕΥΚΕΙΑΣ ΗΓΟΥΜΕΝΙΤΣ,20.257995,39.523116
16521,ΔΗΜΟΤΙΚΟ ΣΧΟΛΕΙΟ ΑΜΦΙΘΕΑΣ ΠΕΤΑ,,
16522,"6ο ΔΗΜΟΤΙΚΟ ΣΧΟΛΕΙΟ ΙΩΑΝΝΙΝΩΝ ""Ο ΙΩΑΝΝΗΣ ΚΩΛΕΤΤΗΣ""",20.85818,39.641255
16523,ΔΗΜΟΤΙΚΟ ΣΧΟΛΕΙΟ ΕΛΕΟΥΣΑΣ,,
16524,8ο ΔΗΜΟΤΙΚΟ ΣΧΟΛΕΙΟ ΙΩΑΝΝΙΝΩΝ,,
16525,2ο ΔΗΜΟΤΙΚΟ ΣΧΟΛΕΙΟ ΗΓΟΥΜΕΝΙΤΣΑΣ,20.264355,39.496152
16526,ΓΥΜΝΑΣΙΟ ΑΓΙΟΥ ΕΥΣΤΡΑΤΙΟΥ,24.992064,39.536734
16527,ΓΥΜΝΑΣΙΟ ΒΟΛΙΣΣΟΥ,25.92888,38.482887
16528,2ο ΔΗΜΟΤΙΚΟ ΣΧΟΛΕΙΟ ΠΑΙΔ ΑΚΑΔ ΙΩΑΝΝΙΝΩΝ,,
16529,ΕΙΔΙΚΟ ΠΕΙΡΑΜΑΤΙΚΟ ΔΗΜΟΤΙΚΟ ΣΧΟΛΕΙΟ  ΖΩΣΙΜΑΙΑΣ ΠΑΙΔΑΓΩΓΙΚΗΣ ΑΚΑΔΗΜΙΑΣ ΠΑΝΕΠΙΣΤΗΜΙΟΥ ΙΩΑΝΝΙΝΩΝ,,
16530,ΔΗΜΟΤΙΚΟ ΣΧΟΛΕΙΟ ΠΩΓΩΝΙΑΝΗΣ,20.424556,40.00285
16531,ΔΗΜΟΤΙΚΟ ΣΧΟΛΕΙΟ ΜΑΖΑΡΑΚΙΑΣ ΗΓΟΥΜΕΝΙΤΣΑΣ,20.365564,39.415002
16532,ΔΗΜΟΤΙΚΟ ΣΧΟΛΕΙΟ ΜΕΓΑΛΟΥ ΠΑΠΙΓΚΟΥ,20.719017,39.967402
16533,ΔΗΜΟΤΙΚΟ ΣΧΟΛΕΙΟ ΑΓΙΩΝ ΑΝΑΡΓΥΡΩΝ ΑΡΤΑΣ,,
16534,ΔΗΜΟΤΙΚΟ ΣΧΟΛΕΙΟ ΠΛΑΤΑΡΙΑΣ ΗΓΟΥΜΕΝΙΤΣΑΣ,20.272907,39.456045
16535,1ο ΔΗΜΟΤΙΚΟ ΣΧΟΛΕΙΟ ΚΟΝΙΤΣΗΣ,20.75337,40.042176
16536,ΓΥΜΝΑΣΙΟ ΡΑΧΩΝ ΙΚΑΡΙΑΣ,26.039348,37.573225
16537,ΓΥΜΝΑΣΙΟ ΠΥΘΑΓΟΡΕΙΟΥ,26.94364,37.689941
16538,ΔΗΜΟΤΙΚΟ ΣΧΟΛΕΙΟ ΚΡΥΦΟΒΟΥ,,
16539,3ο ΔΗΜΟΤΙΚΟ ΣΧΟΛΕΙΟ ΗΓΟΥΜΕΝΙΤΣΑΣ,20.262171,39.510908
16540,ΔΗΜΟΤΙΚΟ ΣΧΟΛΕΙΟ ΚΑΤΣΙΚΑ ΙΩΑΝΝΙΝΩΝ,20.886347,39.620811
16541,ΓΥΜΝΑΣΙΟ ΠΥΡΓΟΥ ΣΑΜΟΥ,26.806511,37.709123
16542,ΔΗΜΟΤΙΚΟ ΣΧΟΛΕΙΟ ΚΛΗΜΑΤΙΑΣ,20.673452,39.702777
16543,ΓΥΜΝΑΣΙΟ ΟΙΝΟΥΣΣΩΝ,26.224867,38.513972
16544,ΓΥΜΝΑΣΙΟ ΜΑΡΑΘΟΚΑΜΠΟΥ,26.68941,37.725305
16545,ΔΗΜΟΤΙΚΟ ΣΧΟΛΕΙΟ ΚΟΛΩΝΙΑΤΙΟΥ ΜΠΙΖΑΝΙΟΥ,20.873849,39.566153
16546,ΔΗΜΟΤΙΚΟ ΣΧΟΛΕΙΟ ΜΑΡΓΑΡΙΤΙΟΥ ΗΓΟΥΜΕΝΙΤΣΑΣ,20.440259,39.356901
16547,ΔΗΜΟΤΙΚΟ ΣΧΟΛΕΙΟ ΜΠΑΦΡΑΣ ΙΩΑΝΝΙΝΩΝ,20.877315,39.598842
16548,2ο ΔΗΜΟΤΙΚΟ ΣΧΟΛΕΙΟ ΚΟΝΙΤΣΗΣ,20.753367,40.042204
16549,3ο ΔΗΜΟΤΙΚΟ ΣΧΟΛΕΙΟ ΚΟΝΙΤΣΗΣ,20.753368,40.042221
16550,ΔΗΜΟΤΙΚΟ ΣΧΟΛΕΙΟ ΜΠΙΖΑΝΙΟΥ ΙΩΑΝΝΙΝΩΝ,20.873307,39.567837
16551,ΔΗΜΟΤΙΚΟ ΣΧΟΛΕΙΟ ΑΓΙΟΥ ΒΑΣΙΛΕΙΟΥ ΠΗΓΩΝ,,
16552,5ο ΔΗΜΟΤΙΚΟ ΣΧΟΛΕΙΟ ΒΑΛΑΝΕΙΟ,,
16553,ΔΗΜΟΤΙΚΟ ΣΧΟΛΕΙΟ ΛΙΜΙΝΗΣ,21.042883,39.113346
16554,ΔΗΜΟΤΙΚΟ ΣΧΟΛΕΙΟ ΚΩΣΤΑΚΙΩΝ,20.960244,39.135783
16555,2ο ΔΗΜΟΤΙΚΟ ΣΧΟΛΕΙΟ ΜΑΡΜΑΡΩΝ,20.796951,39.654348
16556,ΓΥΜΝΑΣΙΟ ΑΓΙΟΥ ΚΗΡΥΚΟΥ,26.278634,37.609598
16557,ΓΥΜΝΑΣΙΟ ΕΡΕΣΟΥ ΛΕΣΒΟΥ,,
16558,ΔΗΜΟΤΙΚΟ ΣΧΟΛΕΙΟ ΚΡΥΣΤΑΛΛΟΠΗΓΗΣ,,
16559,ΕΝΙΑΙΟ ΛΥΚΕΙΟ ΑΓΙΑΣΟΥ,26.374228,39.081523
16560,ΕΝΙΑΙΟ ΛΥΚΕΙΟ ΠΛΩΜΑΡΙΟΥ,26.375112,38.975003
16561,ΔΗΜΟΤΙΚΟ ΣΧΟΛΕΙΟ ΠΕΤΑ,21.036866,39.165321
16562,ΕΝΙΑΙΟ ΛΥΚΕΙΟ ΒΡΟΝΤΑΔΟΥ,26.132267,38.407338
16563,ΔΗΜΟΤΙΚΟ ΣΧΟΛΕΙΟ ΚΑΤΩ ΛΑΨΙΣΤΑΣ,20.749534,39.749712
16564,ΔΗΜΟΤΙΚΟ ΣΧΟΛΕΙΟ ΡΑΧΗΣ,20.900967,39.1138
16565,ΕΝΙΑΙΟ ΛΥΚΕΙΟ ΚΑΛΑΜΩΤΗΣ,26.046032,38.233154
16566,ΕΝΙΑΙΟ ΛΥΚΕΙΟ ΜΥΡΙΝΑΣ,25.071309,39.872837
16567,ΔΗΜΟΤΙΚΟ ΣΧΟΛΕΙΟ ΠΟΛΥΔΡΟΣΟΥ ΜΑΡΑΤΙΟΥ,20.889657,39.094102
16568,ΔΗΜΟΤΙΚΟ ΣΧΟΛΕΙΟ ΓΛΥΚΗΣ ΠΑΡΑΜΥΘΙΑΣ,20.606576,39.329638
16569,ΔΗΜΟΤΙΚΟ ΣΧΟΛΕΙΟ ΦΑΣΚΟΜΗΛΙΑΣ ΗΓΟΥΜΕΝΙΤΣΑΣ,20.306376,39.447427
16570,ΕΝΙΑΙΟ ΛΥΚΕΙΟ ΠΕΤΡΑΣ,26.179159,39.325667
16571,ΕΝΙΑΙΟ ΛΥΚΕΙΟ ΜΑΡΑΘΟΚΑΜΠΟΥ,26.68941,37.725305
16572,ΕΝΙΑΙΟ ΛΥΚΕΙΟ ΚΑΛΛΙΜΑΣΙΑΣ,26.102706,38.290943
16573,ΔΗΜΟΤΙΚΟ ΣΧΟΛΕΙΟ ΜΕΛΑΤΩΝ,,
16574,ΔΗΜΟΤΙΚΟ ΣΧΟΛΕΙΟ ΠΕΡΑΝΘΗΣ,21.051785,39.082199
16575,6ο ΔΗΜΟΤΙΚΟ ΣΧΟΛΕΙΟ ΑΡΤΑΣ,,
16576,ΕΝΙΑΙΟ ΛΥΚΕΙΟ ΜΑΝΤΑΜΑΔΟΥ,26.33893,39.309768
16577,ΔΗΜΟΤΙΚΟ ΣΧΟΛΕΙΟ ΤΕΤΡΑΚΩΜΟΥ,21.282874,39.345761
16578,ΔΗΜΟΤΙΚΟ ΣΧΟΛΕΙΟ ΝΕΟΧΩΡΙΟΥ,21.020738,39.069823
16579,ΔΗΜΟΤΙΚΟ ΣΧΟΛΕΙΟ ΑΓΙΑΣ ΠΑΡΑΣΚΕΥΗΣ,20.991403,39.099922
16580,ΔΗΜΟΤΙΚΟ ΣΧΟΛΕΙΟ ΚΑΡΒΟΥΝΑΡΙΟΥ ΠΑΡΑΜΥΘΙΑΣ,20.484437,39.390831
16581,ΔΗΜΟΤΙΚΟ ΣΧΟΛΕΙΟ ΣΚΑΝΔΑΛΟΥ ΓΑΡΔΙΚΙΟΥ,20.535991,39.362772
16582,ΔΗΜΟΤΙΚΟ ΣΧΟΛΕΙΟ ΓΚΡΙΚΑΣ ΨΑΚΚΑΣ,20.43087,39.466955
16583,ΔΗΜΟΤΙΚΟ ΣΧΟΛΕΙΟ ΓΑΒΡΙΑΣ,20.949451,39.101636
16584,1ο ΔΗΜΟΤΙΚΟ ΣΧΟΛΕΙΟ ΑΡΤΑΣ ΕΙΔΙΚΟ,,
16585,9ο ΔΗΜΟΤΙΚΟ ΣΧΟΛΕΙΟ ΑΡΤΑΣ,,
16586,ΔΗΜΟΤΙΚΟ ΣΧΟΛΕΙΟ ΓΡΑΜΕΝΙΤΣΑΣ,20.979744,39.183602
16587,ΕΝΙΑΙΟ ΛΥΚΕΙΟ ΕΥΔΗΛΟΥ ΙΚΑΡΙΑΣ,26.175133,37.623484
16588,ΔΗΜΟΤΙΚΟ ΣΧΟΛΕΙΟ ΑΘΑΜΑΝΙΟΥ,21.21622,39.374961
16589,ΕΝΙΑΙΟ ΛΥΚΕΙΟ ΑΝΤΙΣΣΑΣ,25.982711,39.232438
16590,1ο ΔΗΜΟΤΙΚΟ ΣΧΟΛΕΙΟ ΦΙΛΙΑΤΩΝ,20.309442,39.598699
16591,ΔΗΜΟΤΙΚΟ ΣΧΟΛΕΙΟ ΝΕΡΑΙΔΑΣ ΦΙΛΙΑΤΩΝ,,
16592,ΔΗΜΟΤΙΚΟ ΣΧΟΛΕΙΟ ΠΡΟΔΡΟΜΙΟΥ-ΖΕΡΒΟΧΩΡΙΟΥ ΠΑΡΑΜΥΘΙΑΣ,20.543894,39.426839
16593,ΕΝΙΑΙΟ ΛΥΚΕΙΟ ΑΓΙΟΥ ΚΗΡΥΚΟΥ,26.278634,37.609598
16594,ΔΗΜΟΤΙΚΟ ΣΧΟΛΕΙΟ ΒΛΑΣΙΟΥ-ΚΑΣΤΡΙΟΥ,20.284646,39.555156
16595,2ο ΔΗΜΟΤΙΚΟ ΣΧΟΛΕΙΟ ΜΕΓΑΛΟΥ ΠΕΡΙΣΤΕΡΙΟΥ,,
16596,1ο ΤΕΕ ΟΙΝΟΥΣΣΩΝ,26.224867,38.513972
16597,ΤΕΕ ΜΟΥΔΡΟΥ,25.273524,39.874039
16598,ΤΕΕ ΠΛΩΜΑΡΙΟΥ,26.375112,38.975003
16599,ΔΗΜΟΤΙΚΟ ΣΧΟΛΕΙΟ ΑΝΕΖΑΣ,20.927507,39.084748
16600,ΔΗΜΟΤΙΚΟ ΣΧΟΛΕΙΟ ΒΛΑΧΕΡΝΑΣ,21.001504,39.173886
16601,1ο ΤΕΕ ΕΥΔΗΛΟΥ ΙΚΑΡΙΑΣ,26.175133,37.623484
16602,ΔΗΜΟΤΙΚΟ ΣΧΟΛΕΙΟ ΚΙΡΚΙΖΑΤΩΝ,,
16603,2ο ΔΗΜΟΤΙΚΟ ΣΧΟΛΕΙΟ ΦΙΛΙΑΤΩΝ,20.309397,39.598613
16604,ΔΗΜΟΤΙΚΟ ΣΧΟΛΕΙΟ ΚΑΜΠΗΣ,20.898567,39.214928
16605,ΔΗΜΟΤΙΚΟ ΣΧΟΛΕΙΟ ΚΑΛΟΒΑΤΟΥ,,
16606,ΔΗΜΟΤΙΚΟ ΣΧΟΛΕΙΟ ΣΤΑΥΡΑΚΙΟΥ,20.818258,39.654509
16607,ΔΗΜΟΤΙΚΟ ΣΧΟΛΕΙΟ ΙΩΑΝΝΙΝΩΝ ΠΑΙΔ.ΑΚΑΔΗΜΙΑΣ,,
16608,ΔΗΜΟΤΙΚΟ ΣΧΟΛΕΙΟ ΠΕΔΙΝΗΣ ΙΩΑΝΝΙΝΩΝ,20.843857,39.598429
16609,ΔΗΜΟΤΙΚΟ ΣΧΟΛΕΙΟ ΗΓΟΥΜΕΝΙΤΣΑΣ ΕΙΔΙΚΟ,,
16610,ΔΗΜΟΤΙΚΟ ΣΧΟΛΕΙΟ ΖΩΟΔΟΧΟΥ ΙΩΑΝΝΙΝΩΝ,20.765445,39.689801
16611,ΔΗΜΟΤΙΚΟ ΣΧΟΛΕΙΟ ΠΕΤΡΑΛΩΝΩΝ,20.740151,39.662328
16612,1ο ΤΕΕ ΒΡΟΝΤΑΔΟΥ,26.132267,38.407338
16613,ΓΥΜΝΑΣΙΟ ΚΑΣΟΥ,26.92373,35.414908
16614,ΓΥΜΝΑΣΙΟ ΘΗΡΑΣΙΑΣ,25.34195,36.433802
16615,ΓΥΜΝΑΣΙΟ ΠΑΤΜΟΥ ΕΚΚΛΗΣΙΑΣΤΙΚΟ,26.550063,37.307745
16616,ΓΥΜΝΑΣΙΟ ΜΕΓΙΣΤΗΣ ΚΑΣΤΕΛΟΡΙΖΟΥ,29.585512,36.143655
16617,ΔΗΜΟΤΙΚΟ ΣΧΟΛΕΙΟ ΑΝΩ ΛΑΨΙΣΤΑΣ,20.764006,39.736239
16618,ΔΗΜΟΤΙΚΟ ΣΧΟΛΕΙΟ ΖΩΤΙΚΟΥ Α ΙΩΑΝΝΙΝΩΝ,20.675104,39.458833
16619,ΔΗΜΟΤΙΚΟ ΣΧΟΛΕΙΟ ΚΟΝΤΣΙΚΑΣ ΙΩΑΝΝΙΝΩΝ,20.758293,39.638965
16620,ΔΗΜΟΤΙΚΟ ΣΧΟΛΕΙΟ ΚΟΠΑΝΗΣ ΙΩΑΝΝΙΝΩΝ,,
16621,ΔΗΜΟΤΙΚΟ ΣΧΟΛΕΙΟ ΜΑΝΤΕΙΟΥ ΙΩΑΝΝΙΝΩΝ,20.780532,39.536571
16622,1ο ΔΗΜΟΤΙΚΟ ΣΧΟΛΕΙΟ ΜΑΡΜΑΡΩΝ,20.796912,39.65477
16623,2ο ΔΗΜΟΤΙΚΟ ΣΧΟΛΕΙΟ ΙΩΑΝΝΙΝΩΝ ΕΙΔΙΚΟ,,
16624,ΔΗΜΟΤΙΚΟ ΣΧΟΛΕΙΟ ΙΩΑΝΝΙΝΩΝ ΕΙΔΙΚΟ ΣΩΜΑΤΙΚΑ ΑΝΑΠΗΡΩΝ,,
16625,18ο ΔΗΜΟΤΙΚΟ ΣΧΟΛΕΙΟ Γ ΕΛΙΣΑΒΕΤ ΙΩΑΝΝΙΝΩΝ,,
16626,25ο ΔΗΜΟΤΙΚΟ ΣΧΟΛΕΙΟ ΙΩΑΝΝΙΝΩΝ,,
16627,2ο ΔΗΜΟΤΙΚΟ ΣΧΟΛΕΙΟ ΑΝΑΤΟΛΗΣ,20.866458,39.636919
16628,26ο ΔΗΜΟΤΙΚΟ ΣΧΟΛΕΙΟ ΙΩΑΝΝΙΝΩΝ,20.818229,39.65472
16629,ΔΗΜΟΤΙΚΟ ΣΧΟΛΕΙΟ ΠΕΡΔΙΚΑΣ,,
16630,17ο ΔΗΜΟΤΙΚΟ ΣΧΟΛΕΙΟ ΙΩΑΝΝΙΝΩΝ,,
16631,ΔΗΜΟΤΙΚΟ ΣΧΟΛΕΙΟ ΙΩΑΝΝΙΝΩΝ ΕΙΔΙΚΟ ΚΩΦΩΝ,,
16632,24ο ΔΗΜΟΤΙΚΟ ΣΧΟΛΕΙΟ ΙΩΑΝΝΙΝΩΝ,,
16633,22ο ΔΗΜΟΤΙΚΟ ΣΧΟΛΕΙΟ ΙΩΑΝΝΙΝΩΝ,,
16634,3ο ΔΗΜΟΤΙΚΟ ΣΧΟΛΕΙΟ ΑΝΑΤΟΛΗΣ,20.866447,39.637005
16635,ΔΗΜΟΤΙΚΟ ΣΧΟΛΕΙΟ ΤΡΙΚΟΡΥΦΟΥ,20.288644,39.592773
16636,1ο ΔΗΜΟΤΙΚΟ ΣΧΟΛΕΙΟ ΑΡΤΑΣ,,
16637,ΔΗΜΟΤΙΚΟ ΣΧΟΛΕΙΟ ΙΩΑΝΝΙΝΩΝ ΠΑΙΔ.ΑΚΑΔΗΜΙΑΣ,,
16638,ΔΗΜΟΤΙΚΟ ΣΧΟΛΕΙΟ ΠΡΟΤΥΠΟ ΙΕΡΟΔΙΔΙΔΑΣΚΑΛΕΙΟ ΒΕΛΛΑ,,
16639,"2ο ΔΗΜΟΤΙΚΟ ΣΧΟΛΕΙΟ ΠΕΙΡΑΜΑΤΙΚΟ ""ΖΩΣΙΜΑΙΑΣ ΣΧΟΛΗΣ""",,
16640,ΔΗΜΟΤΙΚΟ ΣΧΟΛΕΙΟ ΑΒΓΟΥ ΙΩΑΝΝΙΝΩΝ,,
16641,ΔΗΜΟΤΙΚΟ ΣΧΟΛΕΙΟ ΚΟΥΤΣΕΛΙΟΥ ΙΩΑΝΝΙΝΩΝ,20.912536,39.58736
16642,2ο ΔΗΜΟΤΙΚΟ ΣΧΟΛΕΙΟ ΜΕΤΣΟΒΟΥ,21.181083,39.76798
16643,ΓΥΜΝΑΣΙΟ ΟΛΥΜΠΟΥ ΚΑΡΠΑΘΟΥ,27.175576,35.738762
16644,ΤΕΕ ΙΟΥ,25.284681,36.722432
16645,ΤΕΕ ΗΡΑΚΛΕΙΑΣ ΚΥΚΛΑΔΩΝ,,
16646,ΤΕΕ ΚΥΘΝΟΥ,24.430996,37.411755
16647,ΔΗΜΟΤΙΚΟ ΣΧΟΛΕΙΟ ΜΑΝΔΡΙΚΟΥ ΡΟΔΟΥ,,
16648,ΔΗΜΟΤΙΚΟ ΣΧΟΛΕΙΟ ΑΜΦΙΘΕΑΣ,20.868524,39.686723
16649,ΓΥΜΝΑΣΙΟ ΔΕΛΒΙΝΑΚΙΟΥ,20.466289,39.933277
16650,ΔΗΜΟΤΙΚΟ ΣΧΟΛΕΙΟ ΚΟΝΤΙΝΩΝ,,
16651,ΔΗΜΟΤΙΚΟ ΣΧΟΛΕΙΟ ΔΡΟΣΟΧΩΡΙΟΥ ΙΩΑΝΝΙΝΩΝ,20.979215,39.62603
16652,1ο ΔΗΜΟΤΙΚΟ ΣΧΟΛΕΙΟ ΑΝΑΤΟΛΗΣ ΙΩΑΝΝΙΝΩΝ,20.866442,39.637092
16653,ΔΗΜΟΤΙΚΟ ΣΧΟΛΕΙΟ ΠΛΑΤΑΝΙΑΣ,20.954722,39.608778
16654,ΔΗΜΟΤΙΚΟ ΣΧΟΛΕΙΟ ΜΕΓΑΛΟΥ ΠΕΡΙΤΣΕΡΙΟΥ,21.062392,39.724464
16655,1ο ΔΗΜΟΤΙΚΟ ΣΧΟΛΕΙΟ ΠΕΡΑΜΑΤΟΣ,20.847515,39.693003
16656,ΔΗΜΟΤΙΚΟ ΣΧΟΛΕΙΟ ΡΟΔΟΤΟΠΙΟΥ,20.727745,39.705391
16657,ΔΗΜΟΤΙΚΟ ΣΧΟΛΕΙΟ ΠΕΡΙΒΛΕΠΤΟΥ,20.782081,39.76257
16658,ΓΥΜΝΑΣΙΟ ΤΣΕΠΕΛΟΒΟΥ,20.822797,39.904559
16659,ΔΗΜΟΤΙΚΟ ΣΧΟΛΕΙΟ ΕΠΙΣΚΟΠΙΚΟΥ ΙΩΑΝΝΙΝΩΝ,,
16660,ΔΗΜΟΤΙΚΟ ΣΧΟΛΕΙΟ ΑΣΒΕΣΤΟΧΩΡΙΟΥ ΙΩΑΝΝΙΝΩΝ,20.778846,39.624986
16661,ΓΥΜΝΑΣΙΟ ΠΕΡΔΙΚΑΣ ΘΕΣΠΡΩΤΙΑΣ,20.305521,39.367146
16662,ΔΗΜΟΤΙΚΟ ΣΧΟΛΕΙΟ ΗΛΙΟΚΑΛΗΣ ΙΩΑΝΝΙΝΩΝ,20.974064,39.618805
16663,ΔΗΜΟΤΙΚΟ ΣΧΟΛΕΙΟ ΑΓΙΟΥ ΙΩΑΝΝΗ ΙΩΑΝΝΙΝΩΝ,20.812891,39.699588
16664,ΓΥΜΝΑΣΙΟ ΠΑΡΑΚΑΛΑΜΟΥ,20.575579,39.860308
16665,ΔΗΜΟΤΙΚΟ ΣΧΟΛΕΙΟ ΓΡΑΜΜΕΝΟΥ ΙΩΑΝΝΙΝΩΝ,20.712803,39.654822
16666,ΔΗΜΟΤΙΚΟ ΣΧΟΛΕΙΟ ΒΟΥΝΟΠΛΑΓΙΑΣ ΙΩΑΝΝΙΝΩΝ,20.788485,39.69051
16667,ΔΗΜΟΤΙΚΟ ΣΧΟΛΕΙΟ ΓΟΡΙΤΣΗΣ ΙΩΑΝΝΙΝΩΝ,,
16668,ΔΗΜΟΤΙΚΟ ΣΧΟΛΕΙΟ ΚΑΛΕΝΤΖΙΟΥ,20.983894,39.489624
16669,ΓΥΜΝΑΣΙΟ ΜΗΛΙΩΤΑΔΩΝ,20.965807,39.731647
16670,10ο ΔΗΜΟΤΙΚΟ ΣΧΟΛΕΙΟ ΙΩΑΝΝΙΝΩΝ,,
16671,ΔΗΜΟΤΙΚΟ ΣΧΟΛΕΙΟ ΚΑΣΤΡΙΤΣΗΣ ΙΩΑΝΝΙΝΩΝ,20.924474,39.630045
16672,19ο ΔΗΜΟΤΙΚΟ ΣΧΟΛΕΙΟ ΙΩΑΝΝΙΝΩΝ,,
16673,ΔΗΜΟΤΙΚΟ ΣΧΟΛΕΙΟ ΒΟΒΟΥΣΗΣ,21.052994,39.934663
16674,ΔΗΜΟΤΙΚΟ ΣΧΟΛΕΙΟ ΕΛΕΟΥΣΑΣ,20.794739,39.705413
16675,ΔΗΜΟΤΙΚΟ ΣΧΟΛΕΙΟ ΒΙΤΣΗΣ,20.748578,39.871974
16676,ΓΥΜΝΑΣΙΟ ΤΥΡΙΑΣ ΙΩΑΝΝΙΝΩΝ,20.699171,39.526884
16677,ΔΗΜΟΤΙΚΟ ΣΧΟΛΕΙΟ ΚΡΑΝΟΥΛΑΣ,20.79717,39.743773
16678,ΔΗΜΟΤΙΚΟ ΣΧΟΛΕΙΟ ΚΡΥΑΣ,20.842257,39.720059
16679,ΔΗΜΟΤΙΚΟ ΣΧΟΛΕΙΟ ΑΓΙΑΣ ΜΑΡΙΝΑΣ ΚΡΥΑΣ,20.842335,39.71938
16680,ΔΗΜΟΤΙΚΟ ΣΧΟΛΕΙΟ ΜΕΤΑΜΟΡΦΩΣΗΣ,,
16681,ΔΗΜΟΤΙΚΟ ΣΧΟΛΕΙΟ ΛΟΓΓΑΔΩΝ,20.942042,39.658689
16682,ΔΗΜΟΤΙΚΟ ΣΧΟΛΕΙΟ ΜΠΑΛΝΤΟΥΜΑΣ,,
16683,ΓΥΜΝΑΣΙΟ ΚΕΦΑΛΟΒΡΥΣΟΥ,20.561657,40.015103
16684,ΓΥΜΝΑΣΙΟ ΠΑΡΑΜΥΘΙΑΣ ΕΣΠΕΡΙΝΟ,20.51512,39.469646
16685,ΔΗΜΟΤΙΚΟ ΣΧΟΛΕΙΟ ΕΛΑΤΟΧΩΡΙΟΥ,20.980282,39.870125
16686,ΓΥΜΝΑΣΙΟ ΠΑΝΑΓΙΑΣ ΠΡΕΒΕΖΑΣ,20.881987,39.345855
16687,ΔΗΜΟΤΙΚΟ ΣΧΟΛΕΙΟ ΧΑΛΚΙΑΔΩΝ,,
16688,ΔΗΜΟΤΙΚΟ ΣΧΟΛΕΙΟ ΣΥΒΟΤΩΝ ΗΓΟΥΜΕΝΙΤΣΑΣ,20.245772,39.408619
16689,ΓΥΜΝΑΣΙΟ ΜΠΙΖΑΝΙΟΥ ΙΩΑΝΝΙΝΩΝ,20.874535,39.568702
16690,23ο ΔΗΜΟΤΙΚΟ ΣΧΟΛΕΙΟ ΙΩΑΝΝΙΝΩΝ,,
16691,ΓΥΜΝΑΣΙΟ ΑΣΤΡΟΧΩΡΙΟΥ ΑΡΤΑΣ,21.292379,39.273384
16692,3ο ΔΗΜΟΤΙΚΟ ΣΧΟΛΕΙΟ ΙΩΑΝΝΙΝΩΝ,,
16693,ΔΗΜΟΤΙΚΟ ΣΧΟΛΕΙΟ ΒΑΣΙΛΙΚΗΣ,20.946964,39.641131
16694,4ο ΔΗΜΟΤΙΚΟ ΣΧΟΛΕΙΟ ΙΩΑΝΝΙΝΩΝ,,
16695,9ο ΔΗΜΟΤΙΚΟ ΣΧΟΛΕΙΟ ΙΩΑΝΝΙΝΩΝ ΔΙΑΠΟΛΙΤΙΣΜΙΚΗΣ ΕΚΠΑΙΔΕΥΣΗΣ,,
16696,ΔΗΜΟΤΙΚΟ ΣΧΟΛΕΙΟ ΕΛΛΗΝΙΚΟΥ ΙΩΑΝΝΙΝΩΝ,20.958025,39.54787
16697,ΓΥΜΝΑΣΙΟ ΚΩΣΤΑΚΙΩΝ,20.961259,39.135754
16698,ΓΥΜΝΑΣΙΟ ΠΩΓΩΝΙΑΝΗΣ,20.425532,40.003624
16699,ΓΥΜΝΑΣΙΟ ΧΡΥΣΟΒΙΤΣΑΣ,21.096849,39.734277
16700,ΔΗΜΟΤΙΚΟ ΣΧΟΛΕΙΟ ΑΓΙΟΥ ΓΕΩΡΓΙΟΥ,20.856958,39.266044
16701,ΓΥΜΝΑΣΙΟ ΠΑΝΑΓΙΑΣ ΔΙΑΣΕΛΟΥ ΑΡΤΑΣ,21.183175,39.184433
16702,ΔΗΜΟΤΙΚΟ ΣΧΟΛΕΙΟ ΚΕΡΑΣΩΝΟΣ,20.874793,39.304274
16703,ΔΗΜΟΤΙΚΟ ΣΧΟΛΕΙΟ ΑΓΙΩΝ ΠΑΝΤΩΝ ΦΙΛΙΑΤΩΝ,20.353305,39.718892
16704,ΔΗΜΟΤΙΚΟ ΣΧΟΛΕΙΟ ΔΡΥΟΦΥΤΟΥ,20.883517,39.267525
16705,ΔΗΜΟΤΙΚΟ ΣΧΟΛΕΙΟ ΑΕΤΟΥ ΦΙΛΙΑΤΩΝ,20.397817,39.573934
16706,ΓΥΜΝΑΣΙΟ ΜΕΣΟΠΟΤΑΜΟΥ ΠΡΕΒΕΖΗΣ,20.558477,39.229746
16707,ΓΥΜΝΑΣΙΟ ΖΑΛΟΓΓΟΥ,,
16708,"1ο ΔΗΜΟΤΙΚΟ ΣΧΟΛΕΙΟ ΙΩΑΝΝΙΝΩΝ ""ΚΑΠΛΑΝΕΙΟ""",,
16709,ΓΥΜΝΑΣΙΟ ΓΟΡΓΟΜΥΛΟΥ,20.924906,39.332936
16710,3ο ΔΗΜΟΤΙΚΟ ΣΧΟΛΕΙΟ ΙΩΑΝΝΙΝΩΝ ΕΙΔΙΚΟ,,
16711,20ο ΔΗΜΟΤΙΚΟ ΣΧΟΛΕΙΟ ΙΩΑΝΝΙΝΩΝ,,
16712,ΔΗΜΟΤΙΚΟ ΣΧΟΛΕΙΟ ΙΩΑΝΝΙΝΩΝ ΕΙΔΙΚΟ ΤΥΦΛΩΝ,,
16713,2ο ΔΗΜΟΤΙΚΟ ΣΧΟΛΕΙΟ ΠΑΡΓΑΣ,20.398417,39.283634
16714,1ο ΔΗΜΟΤΙΚΟ ΣΧΟΛΕΙΟ ΠΑΡΓΑΣ,20.398421,39.283705
16715,15ο ΔΗΜΟΤΙΚΟ ΣΧΟΛΕΙΟ ΙΩΑΝΝΙΝΩΝ,,
16716,ΔΗΜΟΤΙΚΟ ΣΧΟΛΕΙΟ ΙΩΑΝΝΙΝΩΝ,,
16717,2ο ΔΗΜΟΤΙΚΟ ΣΧΟΛΕΙΟ ΚΑΝΑΛΛΑΚΙΟΥ,20.602463,39.232789
16718,ΔΗΜΟΤΙΚΟ ΣΧΟΛΕΙΟ ΦΙΛΙΠΠΙΑΔΑΣ,20.885218,39.204738
16719,ΔΗΜΟΤΙΚΟ ΣΧΟΛΕΙΟ ΤΣΟΥΚΝΙΔΑΣ,,
16720,2ο ΔΗΜΟΤΙΚΟ ΣΧΟΛΕΙΟ ΠΡΕΒΕΖΑΣ,20.750543,38.95402
16721,ΔΗΜΟΤΙΚΟ ΣΧΟΛΕΙΟ ΚΑΡΤΕΡΙΟΥ ΜΑΡΓΑΡΙΤΙΟΥ,20.382864,39.386735
16722,ΔΗΜΟΤΙΚΟ ΣΧΟΛΕΙΟ ΠΟΤΑΜΙΑΣ ΠΑΡΑΜΥΘΙΑΣ,,
16723,3ο ΔΗΜΟΤΙΚΟ ΣΧΟΛΕΙΟ ΦΙΛΙΠΠΙΑΔΑΣ,20.885218,39.204738
16724,2ο ΔΗΜΟΤΙΚΟ ΣΧΟΛΕΙΟ ΦΙΛΙΠΠΙΑΔΑΣ,20.885218,39.204738
16725,ΔΗΜΟΤΙΚΟ ΣΧΟΛΕΙΟ ΠΑΛΑΙΟΧΩΡΙΟΥ ΦΙΛΙΑΤΩΝ,20.435891,39.543892
16726,1ο ΔΗΜΟΤΙΚΟ ΣΧΟΛΕΙΟ ΠΡΕΒΕΖΑΣ,20.751528,38.958074
16727,ΔΙΕΥΘΥΝΣΗ Δ.Ε. ΠΡΕΒΕΖΑΣ,20.748845,38.958657
16728,ΔΙΕΥΘΥΝΣΗ Δ.Ε. ΙΩΑΝΝΙΝΩΝ,20.858861,39.668085
16729,ΔΙΕΥΘΥΝΣΗ Δ.Ε. ΑΡΤΑΣ,20.977277,39.156284
16730,ΔΙΕΥΘΥΝΣΗ Δ.Ε. ΘΕΣΠΡΩΤΙΑΣ,20.268886,39.503384
16731,1ο ΕΡΓΑΣΤΗΡΙΑΚΟ ΚΕΝΤΡΟ ΦΥΣΙΚΩΝ ΕΠΙΣΤΗΜΩΝ ΠΡΕΒΕΖΑΣ (ΠΡΕΒΕΖΑ),20.747428,38.959421
16732,1ο ΕΡΓΑΣΤΗΡΙΑΚΟ ΚΕΝΤΡΟ ΦΥΣΙΚΩΝ ΕΠΙΣΤΗΜΩΝ ΘΕΣΠΡΩΤΙΑΣ (ΗΓΟΥΜΕΝΙΤΣΑ),20.269935,39.499274
16733,1ο ΕΡΓΑΣΤΗΡΙΑΚΟ ΚΕΝΤΡΟ ΦΥΣΙΚΩΝ ΕΠΙΣΤΗΜΩΝ ΑΡΤΑΣ (ΑΡΤΑ),20.981075,39.145528
16734,1ο ΕΡΓΑΣΤΗΡΙΑΚΟ ΚΕΝΤΡΟ ΦΥΣΙΚΩΝ ΕΠΙΣΤΗΜΩΝ ΙΩΑΝΝΙΝΩΝ (ΙΩΑΝΝΙΝΑ),20.841795,39.647031
16735,ΚΕΣΥΠ ΙΩΑΝΝΙΝΩΝ,20.850151,39.661285
16736,ΚΕΣΥΠ ΠΡΕΒΕΖΑΣ,20.751441,38.95837
16737,ΚΕΣΥΠ ΘΕΣΠΡΩΤΙΑΣ,20.268886,39.503384
16738,ΚΕΣΥΠ ΑΡΤΑΣ,20.979436,39.158407
16739,ΓΡΑΦΕΙΟ Δ.Ε. ΙΩΑΝΝΙΝΩΝ,20.858861,39.668085
16740,ΓΡΑΦΕΙΟ ΤΕΕ ΙΩΑΝΝΙΝΩΝ,,
16741,ΙΕΚ ΖΙΤΣΑΣ,,
16742,ΙΕΚ ΗΓΟΥΜΕΝΙΤΣΑΣ,,
16743,ΙΕΚ ΙΩΑΝΝΙΝΩΝ,,
16744,2ο ΙΕΚ ΙΩΑΝΝΙΝΩΝ,,
16745,ΙΕΚ ΠΡΕΒΕΖΑΣ,,
16746,ΙΕΚ ΑΡΤΑΣ,,
16747,ΔΙΕΥΘΥΝΣΗ Π.Ε. ΠΡΕΒΕΖΑΣ,,
16748,ΔΙΕΥΘΥΝΣΗ Π.Ε. ΘΕΣΠΡΩΤΙΑΣ,,
16749,ΔΙΕΥΘΥΝΣΗ Π.Ε. ΙΩΑΝΝΙΝΩΝ,,
16750,ΔΙΕΥΘΥΝΣΗ Π.Ε. ΑΡΤΑΣ,,
16751,1ο ΓΡΑΦΕΙΟ Π.Ε. ΠΡΕΒΕΖΑΣ,,
16752,2ο ΓΡΑΦΕΙΟ Π.Ε. ΙΩΑΝΝΙΝΩΝ,,
16753,1ο ΓΡΑΦΕΙΟ Π.Ε. ΙΩΑΝΝΙΝΩΝ,,
16754,1ο ΓΡΑΦΕΙΟ Π.Ε. ΘΕΣΠΡΩΤΙΑΣ,,
16755,ΓΡΑΦΕΙΟ Π.Ε. ΑΡΤΑΣ,,
16756,3ο ΓΡΑΦΕΙΟ Π.Ε. ΙΩΑΝΝΙΝΩΝ,,
16757,ΠΕΡΙΦΕΡΕΙΑΚΟ ΕΠΙΜΟΡΦΩΤΙΚΟ ΚΕΝΤΡΟ ΙΩΑΝΝΙΝΩΝ,,
16758,ΝΗΠΙΑΓΩΓΕΙΟ ΜΟΡΦΙΟΥ,20.481617,39.311529
16759,ΝΗΠΙΑΓΩΓΕΙΟ ΠΟΤΑΜΙΑΣ,,
16760,ΝΗΠΙΑΓΩΓΕΙΟ ΚΕΣΤΡΙΝΗΣ ΦΙΛΙΑΤΩΝ,,
16761,ΝΗΠΙΑΓΩΓΕΙΟ ΧΡΙΣΤΩΝ ΠΡΑΜΑΝΤΩΝ,,
16762,ΝΗΠΙΑΓΩΓΕΙΟ ΜΑΤΣΟΥΚΙΟΥ,21.162057,39.564123
16763,ΝΗΠΙΑΓΩΓΕΙΟ ΝΕΑΣ ΜΟΥΣΙΩΤΙΣΣΑΣ,,
16764,ΝΗΠΙΑΓΩΓΕΙΟ ΝΕΟΚΑΙΣΑΡΕΙΑΣ ΙΩΑΝΝΙΝΩΝ,,
16765,10ο ΝΗΠΙΑΓΩΓΕΙΟ ΙΩΑΝΝΙΝΩΝ,,
16766,ΝΗΠΙΑΓΩΓΕΙΟ ΙΩΑΝΝΙΝΩΝ ΕΙΔΙΚΟ,,
16767,ΝΗΠΙΑΓΩΓΕΙΟ ΚΡΥΦΟΒΟΥ,,
16768,ΝΗΠΙΑΓΩΓΕΙΟ ΚΕΡΑΜΑΤΩΝ,,
16769,ΝΗΠΙΑΓΩΓΕΙΟ ΠΡΑΜΑΝΤΩΝ ΙΩΑΝΝΙΝΩΝ,21.099,39.521473
16770,ΝΗΠΙΑΓΩΓΕΙΟ ΤΣΑΜΑΝΤΑ,20.345693,39.776574
16771,ΝΗΠΙΑΓΩΓΕΙΟ ΜΠΑΦΡΑΣ ΙΩΑΝΝΙΝΩΝ,20.877411,39.598844
16772,ΝΗΠΙΑΓΩΓΕΙΟ ΤΣΕΠΕΛΟΒΟΥ,20.822443,39.903156
16773,ΝΗΠΙΑΓΩΓΕΙΟ ΛΟΥΤΡΟΤΟΠΟΥ,21.0394,39.070819
16774,ΝΗΠΙΑΓΩΓΕΙΟ ΠΑΠΙΓΚΟΥ,,
16775,ΝΗΠΙΑΓΩΓΕΙΟ ΚΛΕΙΔΙΟΥ,21.207022,39.153416
16776,ΝΗΠΙΑΓΩΓΕΙΟ ΠΑΛΑΙΟΚΑΤΟΥΝΟΥ,21.179475,39.335397
16777,2ο ΝΗΠΙΑΓΩΓΕΙΟ ΕΛΕΟΥΣΑΣ,,
16778,ΝΗΠΙΑΓΩΓΕΙΟ ΓΥΜΝΟΤΟΠΟΥ,,
16779,ΝΗΠΙΑΓΩΓΕΙΟ ΝΕΟΥ ΓΟΡΓΟΜΥΛΟΥ,,
16780,ΝΗΠΙΑΓΩΓΕΙΟ ΚΕΦΑΛΟΒΡΥΣΟΥ,20.560542,40.013842
16781,14ο ΝΗΠΙΑΓΩΓΕΙΟ ΙΩΑΝΝΙΝΩΝ,,
16782,ΝΗΠΙΑΓΩΓΕΙΟ ΑΓΙΟΥ ΓΕΩΡΓΙΟΥ,20.856761,39.266038
16783,ΝΗΠΙΑΓΩΓΕΙΟ ΑΓΙΟΥ ΔΗΜΗΤΡΙΟΥ ΠΕΤΑ,,
16784,ΝΗΠΙΑΓΩΓΕΙΟ ΡΑΧΗΣ,20.900962,39.113913
16785,1ο ΝΗΠΙΑΓΩΓΕΙΟ ΑΡΤΑΣ,,
16786,ΝΗΠΙΑΓΩΓΕΙΟ ΑΜΜΟΤΟΠΟΥ,20.947699,39.268769
16787,7ο ΝΗΠΙΑΓΩΓΕΙΟ ΑΡΤΑΣ,,
16788,ΝΗΠΙΑΓΩΓΕΙΟ ΜΕΣΟΠΥΡΓΟΥ,21.342473,39.203235
16789,ΝΗΠΙΑΓΩΓΕΙΟ ΚΟΡΦΟΒΟΥΝΙΟΥ,20.977053,39.251239
16790,ΝΗΠΙΑΓΩΓΕΙΟ ΧΑΛΚΙΑΔΩΝ,,
16791,ΝΗΠΙΑΓΩΓΕΙΟ ΧΑΝΟΠΟΥΛΟΥ,,
16792,ΝΗΠΙΑΓΩΓΕΙΟ ΠΛΑΤΑΝΟΥ ΑΣΤΡΟΧΩΡΙΟΥ,21.291381,39.27287
16793,ΝΗΠΙΑΓΩΓΕΙΟ ΝΕΟΥ ΠΑΧΥΚΑΛΑΜΟΥ,21.017759,39.081072
16794,ΝΗΠΙΑΓΩΓΕΙΟ ΜΕΓΑΡΧΗΣ,21.073157,39.137608
16795,2ο ΝΗΠΙΑΓΩΓΕΙΟ ΣΤΑΥΡΑΚΙΟΥ,20.818278,39.654351
16796,ΝΗΠΙΑΓΩΓΕΙΟ ΒΟΥΤΣΑΡΑ,20.590469,39.666058
16797,ΝΗΠΙΑΓΩΓΕΙΟ ΝΕΟΧΩΡΟΠΟΥΛΟΥ,20.833675,39.626378
16798,ΝΗΠΙΑΓΩΓΕΙΟ ΕΛΕΟΥΣΗΣ,20.794737,39.705411
16799,ΝΗΠΙΑΓΩΓΕΙΟ ΑΣΦΑΚΑΣ,,
16800,ΝΗΠΙΑΓΩΓΕΙΟ ΑΝΘΟΧΩΡΙΟΥ,21.132758,39.733428
16801,21ο ΝΗΠΙΑΓΩΓΕΙΟ ΙΩΑΝΝΙΝΩΝ,,
16802,1ο ΝΗΠΙΑΓΩΓΕΙΟ ΣΤΑΥΡΑΚΙΟΥ,20.818255,39.654622
16803,ΝΗΠΙΑΓΩΓΕΙΟ ΓΡΑΜΕΝΙΤΣΑΣ,20.979576,39.18343
16804,ΝΗΠΙΑΓΩΓΕΙΟ ΑΜΦΙΘΕΑΣ,20.868673,39.686716
16805,ΝΗΠΙΑΓΩΓΕΙΟ ΜΙΚΡΟΥ ΠΕΡΙΣΤΕΡΙΟΥ,21.095799,39.738188
16806,ΝΗΠΙΑΓΩΓΕΙΟ ΖΩΟΔΟΧΟΥ,20.765552,39.690005
16807,13ο ΝΗΠΙΑΓΩΓΕΙΟ ΙΩΑΝΝΙΝΩΝ,,
16808,ΝΗΠΙΑΓΩΓΕΙΟ ΛΟΓΓΑΔΩΝ,,
16809,ΝΗΠΙΑΓΩΓΕΙΟ ΝΗΣΟΥ,20.87441,39.67636
16810,8ο ΝΗΠΙΑΓΩΓΕΙΟ ΙΩΑΝΝΙΝΩΝ,,
16811,3ο ΝΗΠΙΑΓΩΓΕΙΟ ΑΝΑΤΟΛΗΣ,20.866454,39.636845
16812,27ο ΝΗΠΙΑΓΩΓΕΙΟ ΙΩΑΝΝΙΝΩΝ,,
16813,ΝΗΠΙΑΓΩΓΕΙΟ ΚΟΥΤΣΕΛΙΟΥ ΙΩΑΝΝΙΝΩΝ,20.912562,39.58737
16814,ΝΗΠΙΑΓΩΓΕΙΟ ΠΟΤΑΜΙΑΣ,,
16815,ΝΗΠΙΑΓΩΓΕΙΟ ΔΡΟΣΟΧΩΡΙΟΥ ΙΩΑΝΝΙΝΩΝ,20.979047,39.625959
16816,2ο ΝΗΠΙΑΓΩΓΕΙΟ ΙΩΑΝΝΙΝΩΝ,,
16817,1ο ΝΗΠΙΑΓΩΓΕΙΟ ΘΕΣΠΡΩΤΙΚΟΥ,,
16818,ΝΗΠΙΑΓΩΓΕΙΟ ΚΑΛΠΑΚΙΟΥ ΚΟΝΙΤΣΗΣ,20.626151,39.884241
16819,1ο ΝΗΠΙΑΓΩΓΕΙΟ ΜΑΡΜΑΡΩΝ,20.796916,39.654572
16820,ΝΗΠΙΑΓΩΓΕΙΟ ΠΕΡΙΒΛΕΠΤΟΥ,20.781998,39.762572
16821,1ο ΝΗΠΙΑΓΩΓΕΙΟ ΠΕΡΑΜΑΤΟΣ,20.847529,39.693312
16822,ΝΗΠΙΑΓΩΓΕΙΟ ΜΑΖΙΟΥ ΚΟΝΙΤΣΗΣ,20.669012,40.038709
16823,3ο ΝΗΠΙΑΓΩΓΕΙΟ ΜΕΤΣΟΒΟΥ,21.181085,39.767978
16824,1ο ΝΗΠΙΑΓΩΓΕΙΟ ΠΕΔΙΝΗΣ,20.843701,39.59768
16825,1ο ΝΗΠΙΑΓΩΓΕΙΟ ΚΑΤΣΙΚΑ ΙΩΑΝΝΙΝΩΝ,20.886349,39.620637
16826,1ο ΝΗΠΙΑΓΩΓΕΙΟ ΑΝΑΤΟΛΗΣ,20.866485,39.636677
16827,1ο ΝΗΠΙΑΓΩΓΕΙΟ ΙΩΑΝΝΙΝΩΝ,,
16828,24ο ΝΗΠΙΑΓΩΓΕΙΟ ΙΩΑΝΝΙΝΩΝ,,
16829,4ο ΝΗΠΙΑΓΩΓΕΙΟ ΙΩΑΝΝΙΝΩΝ,,
16830,1ο ΝΗΠΙΑΓΩΓΕΙΟ ΜΕΤΣΟΒΟΥ,21.181084,39.767981
16831,ΝΗΠΙΑΓΩΓΕΙΟ ΖΙΤΣΗΣ,20.649097,39.753997
16832,1ο ΝΗΠΙΑΓΩΓΕΙΟ ΧΡΥΣΟΒΙΤΣΑΣ,21.073998,39.777976
16833,ΝΗΠΙΑΓΩΓΕΙΟ ΜΗΛΕΑΣ,21.230234,39.851731
16834,ΝΗΠΙΑΓΩΓΕΙΟ ΕΛΛΗΝΙΚΟΥ ΙΩΑΝΝΙΝΩΝ,20.958307,39.548037
16835,ΝΗΠΙΑΓΩΓΕΙΟ ΡΟΔΟΤΟΠΙΟΥ,20.727677,39.705166
16836,ΝΗΠΙΑΓΩΓΕΙΟ ΑΝΩ ΛΑΨΙΣΤΑΣ,20.76366,39.736406
16837,2ο ΝΗΠΙΑΓΩΓΕΙΟ ΧΡΥΣΟΒΙΤΣΑΣ,21.073998,39.777976
16838,28ο ΝΗΠΙΑΓΩΓΕΙΟ ΙΩΑΝΝΙΝΩΝ,,
16839,ΝΗΠΙΑΓΩΓΕΙΟ ΕΠΙΣΚΟΠΙΚΟΥ,,
16840,29ο ΝΗΠΙΑΓΩΓΕΙΟ ΙΩΑΝΝΙΝΩΝ,,
16841,17ο ΝΗΠΙΑΓΩΓΕΙΟ ΙΩΑΝΝΙΝΩΝ,,
16842,ΝΗΠΙΑΓΩΓΕΙΟ ΜΟΥΖΑΚΑΙΩΝ,,
16843,ΝΗΠΙΑΓΩΓΕΙΟ ΑΒΓΟΥ,,
16844,ΝΗΠΙΑΓΩΓΕΙΟ ΚΟΣΜΗΡΑΣ,20.803198,39.589827
16845,18ο ΝΗΠΙΑΓΩΓΕΙΟ ΙΩΑΝΝΙΝΩΝ,,
16846,ΝΗΠΙΑΓΩΓΕΙΟ ΚΡΥΑΣ,20.842297,39.719825
16847,4ο ΝΗΠΙΑΓΩΓΕΙΟ ΑΝΑΤΟΛΗΣ,20.86644,39.637172
16848,2ο ΝΗΠΙΑΓΩΓΕΙΟ ΜΑΡΜΑΡΩΝ,20.796972,39.654197
16849,ΝΗΠΙΑΓΩΓΕΙΟ ΜΟΝΟΔΕΝΔΡΙΟΥ,20.74758,39.879926
16850,7ο ΝΗΠΙΑΓΩΓΕΙΟ ΙΩΑΝΝΙΝΩΝ,,
16851,ΝΗΠΙΑΓΩΓΕΙΟ ΚΟΝΤΣΙΚΑΣ,20.758392,39.639674
16852,15ο ΝΗΠΙΑΓΩΓΕΙΟ ΙΩΑΝΝΙΝΩΝ,,
16853,16ο ΝΗΠΙΑΓΩΓΕΙΟ ΙΩΑΝΝΙΝΩΝ,,
16854,ΝΗΠΙΑΓΩΓΕΙΟ ΚΕΡΑΣΩΝΟΣ,20.874136,39.304416
16855,6ο ΝΗΠΙΑΓΩΓΕΙΟ ΠΡΕΒΕΖΑΣ,,
16856,7ο ΝΗΠΙΑΓΩΓΕΙΟ ΠΡΕΒΕΖΑΣ,,
16857,8ο ΝΗΠΙΑΓΩΓΕΙΟ ΠΡΕΒΕΖΑΣ,,
16858,ΝΗΠΙΑΓΩΓΕΙΟ ΜΥΤΙΚΑ,20.710973,38.996865
16859,2ο ΝΗΠΙΑΓΩΓΕΙΟ ΘΕΣΠΡΩΤΙΚΟΥ,,
16860,ΝΗΠΙΑΓΩΓΕΙΟ ΙΕΡΑΣ ΜΟΝΗΣ ΡΩΜΑΝΟΥ,,
16861,25ο ΝΗΠΙΑΓΩΓΕΙΟ ΙΩΑΝΝΙΝΩΝ,20.858071,39.641198
16862,3ο ΝΗΠΙΑΓΩΓΕΙΟ ΙΩΑΝΝΙΝΩΝ,,
16863,6ο ΝΗΠΙΑΓΩΓΕΙΟ ΙΩΑΝΝΙΝΩΝ,,
16864,2ο ΝΗΠΙΑΓΩΓΕΙΟ ΚΑΤΣΙΚΑ ΙΩΑΝΝΙΝΩΝ,20.886333,39.621004
16865,ΝΗΠΙΑΓΩΓΕΙΟ ΠΕΤΣΑΛΙΟΥ,,
16866,ΝΗΠΙΑΓΩΓΕΙΟ ΔΙΣΤΡΑΤΟΥ ΚΟΝΙΤΣΗΣ,21.018355,40.026576
16867,ΝΗΠΙΑΓΩΓΕΙΟ ΠΩΓΩΝΙΑΝΗΣ,20.424557,40.002817
16868,5ο ΝΗΠΙΑΓΩΓΕΙΟ ΙΩΑΝΝΙΝΩΝ,,
16869,ΝΗΠΙΑΓΩΓΕΙΟ ΔΑΦΝΟΥΛΑΣ,20.989119,39.605141
16870,ΝΗΠΙΑΓΩΓΕΙΟ ΒΟΥΝΟΠΛΑΓΙΑΣ,20.788287,39.690504
16871,ΝΗΠΙΑΓΩΓΕΙΟ ΠΛΑΤΑΝΙΑΣ,20.954531,39.608916
16872,ΝΗΠΙΑΓΩΓΕΙΟ ΧΑΡΟΚΟΠΙΟΥ,,
16873,ΝΗΠΙΑΓΩΓΕΙΟ ΜΕΤΑΜΟΡΦΩΣΗΣ,,
16874,ΝΗΠΙΑΓΩΓΕΙΟ ΚΑΤΩ ΛΑΨΙΣΤΗΣ,20.749674,39.749692
16875,ΝΗΠΙΑΓΩΓΕΙΟ ΚΡΑΝΟΥΛΑΣ,20.797041,39.743945
16876,3ο ΝΗΠΙΑΓΩΓΕΙΟ ΜΑΡΜΑΡΩΝ,20.796886,39.654907
16877,ΝΗΠΙΑΓΩΓΕΙΟ ΗΛΙΟΚΑΛΗΣ,20.974248,39.61881
16878,ΝΗΠΙΑΓΩΓΕΙΟ ΚΑΛΕΝΤΖΙΟΥ,20.984152,39.48962
16879,9ο ΝΗΠΙΑΓΩΓΕΙΟ ΙΩΑΝΝΙΝΩΝ,,
16880,ΝΗΠΙΑΓΩΓΕΙΟ ΒΑΣΙΛΙΚΗΣ,20.947284,39.64117
16881,ΝΗΠΙΑΓΩΓΕΙΟ ΔΕΛΒΙΝΑΚΙΟΥ,20.465264,39.932008
16882,ΝΗΠΙΑΓΩΓΕΙΟ ΔΟΛΙΑΝΩΝ,20.581149,39.902426
16883,1ο ΝΗΠΙΑΓΩΓΕΙΟ ΚΟΝΙΤΣΗΣ,20.753371,40.042163
16884,ΝΗΠΙΑΓΩΓΕΙΟ ΚΑΤΩ ΠΑΡΑΚΑΛΑΜΟΥ,20.574939,39.859158
16885,ΝΗΠΙΑΓΩΓΕΙΟ ΚΛΗΜΑΤΙΑΣ,20.673207,39.702953
16886,ΝΗΠΙΑΓΩΓΕΙΟ ΠΡΩΤΟΠΑΠΑ,20.689039,39.780338
16887,3ο ΝΗΠΙΑΓΩΓΕΙΟ ΚΟΝΙΤΣΗΣ,20.75337,40.042188
16888,2ο ΝΗΠΙΑΓΩΓΕΙΟ ΚΟΝΙΤΣΗΣ,20.753373,40.042152
16889,ΝΗΠΙΑΓΩΓΕΙΟ ΓΟΡΙΤΣΑΣ,,
16890,ΝΗΠΙΑΓΩΓΕΙΟ ΚΑΣΤΡΙΤΣΗΣ ΙΩΑΝΝΙΝΩΝ,20.924478,39.629522
16891,ΝΗΠΙΑΓΩΓΕΙΟ ΣΕΡΒΙΑΝΩΝ,,
16892,ΝΗΠΙΑΓΩΓΕΙΟ ΚΕΦΑΛΟΧΩΡΙΟΥ,20.884376,40.237378
16893,ΝΗΠΙΑΓΩΓΕΙΟ ΜΑΖΙΑΣ,20.957955,39.667895
16894,ΝΗΠΙΑΓΩΓΕΙΟ ΑΓΙΑΣ ΜΑΡΙΝΑΣ ΚΡΥΑΣ,20.842318,39.719629
16895,ΝΗΠΙΑΓΩΓΕΙΟ ΑΣΒΕΣΤΟΧΩΡΙΟΥ,20.778888,39.625318
16896,ΝΗΠΙΑΓΩΓΕΙΟ ΑΓΙΟΥ ΙΩΑΝΝΟΥ,20.812885,39.699614
16897,ΝΗΠΙΑΓΩΓΕΙΟ ΜΠΙΖΑΝΙΟΥ,20.873674,39.567305
16898,2ο ΝΗΠΙΑΓΩΓΕΙΟ ΑΝΑΤΟΛΗΣ,20.866478,39.63677
16899,ΝΗΠΙΑΓΩΓΕΙΟ ΑΜΦΙΘΕΑΣ ΠΕΤΑ,,
16900,ΝΗΠΙΑΓΩΓΕΙΟ ΝΕΟΧΩΡΙΟΥ,21.020972,39.069734
16901,ΝΗΠΙΑΓΩΓΕΙΟ ΑΓΙΑΣ ΠΑΡΑΣΚΕΥΗΣ,,
16902,8ο ΝΗΠΙΑΓΩΓΕΙΟ ΑΡΤΑΣ,,
16903,22ο ΝΗΠΙΑΓΩΓΕΙΟ ΙΩΑΝΝΙΝΩΝ,,
16904,3ο ΝΗΠΙΑΓΩΓΕΙΟ ΚΑΤΣΙΚΑ,20.886323,39.621259
16905,ΝΗΠΙΑΓΩΓΕΙΟ ΚΟΝΤΙΝΩΝ,,
16906,ΝΗΠΙΑΓΩΓΕΙΟ ΠΕΤΑ,21.036824,39.165332
16907,5ο ΝΗΠΙΑΓΩΓΕΙΟ ΑΡΤΑΣ,,
16908,ΝΗΠΙΑΓΩΓΕΙΟ ΚΑΜΠΗΣ,20.898583,39.214901
16909,ΝΗΠΙΑΓΩΓΕΙΟ ΠΟΛΥΔΡΟΣΟΥ,20.889594,39.09418
16910,ΝΗΠΙΑΓΩΓΕΙΟ ΒΟΥΡΓΑΡΕΛΙΟΥ,21.183021,39.368805
16911,ΝΗΠΙΑΓΩΓΕΙΟ ΣΕΛΛΑΔΩΝ,21.076865,39.10918
16912,26ο ΝΗΠΙΑΓΩΓΕΙΟ ΙΩΑΝΝΙΝΩΝ,20.858145,39.641231
16913,ΝΗΠΙΑΓΩΓΕΙΟ ΚΑΛΟΓΕΡΙΚΟΥ,20.916275,39.080091
16914,ΝΗΠΙΑΓΩΓΕΙΟ ΡΟΚΚΑΣ,,
16915,ΝΗΠΙΑΓΩΓΕΙΟ ΠΕΤΡΑΣ,21.116045,39.164375
16916,ΝΗΠΙΑΓΩΓΕΙΟ ΒΡΑΧΟΥ,,
16917,ΝΗΠΙΑΓΩΓΕΙΟ ΡΑΜΙΑΣ,,
16918,ΝΗΠΙΑΓΩΓΕΙΟ ΘΕΜΕΛΟΥ,,
16919,ΝΗΠΙΑΓΩΓΕΙΟ ΝΕΑΣ ΚΕΡΑΣΟΥΝΤΟΣ,20.859484,39.15399
16920,ΝΗΠΙΑΓΩΓΕΙΟ ΛΟΥΡΟΥ,20.749077,39.161298
16921,ΝΗΠΙΑΓΩΓΕΙΟ ΜΙΧΑΛΙΤΣΙΟΥ,20.74509,39.036627
16922,23ο ΝΗΠΙΑΓΩΓΕΙΟ ΙΩΑΝΝΙΝΩΝ,,
16923,ΝΗΠΙΑΓΩΓΕΙΟ ΑΘΑΜΑΝΙΟΥ,21.216178,39.37512
16924,ΝΗΠΙΑΓΩΓΕΙΟ ΑΓΙΩΝ ΑΝΑΡΓΥΡΩΝ,,
16925,ΝΗΠΙΑΓΩΓΕΙΟ ΚΙΡΚΙΖΑΤΩΝ,,
16926,10ο ΝΗΠΙΑΓΩΓΕΙΟ ΑΡΤΑΣ,,
16927,2ο ΝΗΠΙΑΓΩΓΕΙΟ ΑΡΤΑΣ,,
16928,ΝΗΠΙΑΓΩΓΕΙΟ ΚΑΜΑΡΙΝΑΣ,20.673782,39.134004
16929,ΝΗΠΙΑΓΩΓΕΙΟ ΑΝΘΟΥΣΗΣ,20.373074,39.297859
16930,ΝΗΠΙΑΓΩΓΕΙΟ ΒΑΛΑΝΙΔΟΡΡΑΧΗΣ,20.521419,39.220676
16931,4ο ΝΗΠΙΑΓΩΓΕΙΟ ΠΡΕΒΕΖΑΣ,,
16932,11ο ΝΗΠΙΑΓΩΓΕΙΟ ΠΡΕΒΕΖΑΣ,,
16933,ΝΗΠΙΑΓΩΓΕΙΟ ΑΜΜΟΥΔΙΑΣ,20.484873,39.237068
16934,ΝΗΠΙΑΓΩΓΕΙΟ ΚΑΣΤΡΟΣΥΚΙΑΣ,,
16935,13ο ΝΗΠΙΑΓΩΓΕΙΟ ΠΡΕΒΕΖΑΣ,,
16936,9ο ΝΗΠΙΑΓΩΓΕΙΟ ΠΡΕΒΕΖΑΣ,,
16937,ΝΗΠΙΑΓΩΓΕΙΟ ΚΑΛΟΒΑΤΟΥ,,
16938,5ο ΝΗΠΙΑΓΩΓΕΙΟ ΠΡΕΒΕΖΑΣ,,
16939,ΝΗΠΙΑΓΩΓΕΙΟ ΚΑΛΑΜΙΑΣ,,
16940,ΝΗΠΙΑΓΩΓΕΙΟ ΚΟΡΩΝΗΣ,20.553595,39.276568
16941,ΝΗΠΙΑΓΩΓΕΙΟ ΛΥΓΙΑΣ,,
16942,ΝΗΠΙΑΓΩΓΕΙΟ ΚΟΜΠΟΤΙΟΥ,21.088128,39.10136
16943,10ο ΝΗΠΙΑΓΩΓΕΙΟ ΠΡΕΒΕΖΑΣ,20.743904,38.961751
16944,ΝΗΠΙΑΓΩΓΕΙΟ ΑΡΧΑΓΓΕΛΟΥ,,
16945,2ο ΝΗΠΙΑΓΩΓΕΙΟ ΠΡΕΒΕΖΑΣ,,
16946,ΝΗΠΙΑΓΩΓΕΙΟ ΑΓΙΑΣ,20.359409,39.312494
16947,ΝΗΠΙΑΓΩΓΕΙΟ ΝΕΑΣ ΣΑΜΨΟΥΝΤΟΣ,20.74323,39.088707
16948,3ο ΝΗΠΙΑΓΩΓΕΙΟ ΠΡΕΒΕΖΑΣ,,
16949,ΝΗΠΙΑΓΩΓΕΙΟ ΝΕΑΣ ΣΙΝΩΠΗΣ,20.722844,39.079289
16950,ΝΗΠΙΑΓΩΓΕΙΟ ΠΑΠΑΔΑΤΩΝ,,
16951,ΝΗΠΙΑΓΩΓΕΙΟ ΒΟΥΒΟΠΟΤΑΜΟΥ,20.610214,39.308237
16952,ΝΗΠΙΑΓΩΓΕΙΟ ΡΙΖΟΒΟΥΝΙΟΥ,,
16953,ΝΗΠΙΑΓΩΓΕΙΟ ΝΙΚΟΠΟΛΗΣ,20.733163,39.026061
16954,ΝΗΠΙΑΓΩΓΕΙΟ ΣΤΕΦΑΝΗΣ,20.791695,39.177259
16955,1ο ΝΗΠΙΑΓΩΓΕΙΟ ΠΑΡΓΑΣ,20.3984,39.28377
16956,12ο ΝΗΠΙΑΓΩΓΕΙΟ ΠΡΕΒΕΖΑΣ,,
16957,ΝΗΠΙΑΓΩΓΕΙΟ ΑΝΩ ΚΑΛΕΝΤΙΝΗΣ,,
16958,ΝΗΠΙΑΓΩΓΕΙΟ ΚΩΣΤΑΚΙΩΝ,20.960208,39.135766
16959,ΝΗΠΙΑΓΩΓΕΙΟ ΒΙΓΛΑΣ,20.864597,39.08155
16960,ΝΗΠΙΑΓΩΓΕΙΟ ΑΝΕΖΑΣ,20.927328,39.084719
16961,3ο ΝΗΠΙΑΓΩΓΕΙΟ ΑΡΤΑΣ,,
16962,9ο ΝΗΠΙΑΓΩΓΕΙΟ ΑΡΤΑΣ,,
16963,ΝΗΠΙΑΓΩΓΕΙΟ ΑΜΠΕΛΙΩΝ ΑΜΜΟΤΟΠΟΥ,,
16964,ΝΗΠΙΑΓΩΓΕΙΟ ΚΟΜΜΕΝΟΥ,,
16965,11ο ΝΗΠΙΑΓΩΓΕΙΟ ΑΡΤΑΣ,,
16966,ΝΗΠΙΑΓΩΓΕΙΟ ΠΑΝΑΓΙΑΣ ΔΙΑΣΕΛΛΟΥ,,
16967,ΝΗΠΙΑΓΩΓΕΙΟ ΑΓΙΟΥ ΣΠΥΡΙΔΩΝΟΣ,,
16968,ΝΗΠΙΑΓΩΓΕΙΟ ΝΑΡΚΙΣΣΟΥ,20.60922,39.254431
16969,12ο ΝΗΠΙΑΓΩΓΕΙΟ ΑΡΤΑΣ,,
16970,ΝΗΠΙΑΓΩΓΕΙΟ ΣΚΟΥΛΗΚΑΡΙΑΣ,21.268143,39.17126
16971,ΝΗΠΙΑΓΩΓΕΙΟ ΧΕΙΜΑΔΙΟΥ,,
16972,ΝΗΠΙΑΓΩΓΕΙΟ ΚΑΝΑΛΙΟΥ,20.702688,39.066895
16973,1ο ΝΗΠΙΑΓΩΓΕΙΟ ΚΑΝΑΛΑΚΙΟΥ,20.602446,39.232985
16974,ΝΗΠΙΑΓΩΓΕΙΟ ΝΕΟΥ ΩΡΩΠΟΥ,20.737638,39.150523
16975,ΝΗΠΙΑΓΩΓΕΙΟ ΠΕΤΡΑΣ,20.81765,39.153437
16976,2ο ΝΗΠΙΑΓΩΓΕΙΟ ΚΑΝΑΛΑΚΙΟΥ,20.602452,39.232895
16977,ΝΗΠΙΑΓΩΓΕΙΟ ΛΟΥΤΣΗΣ,20.534019,39.196687
16978,ΝΗΠΙΑΓΩΓΕΙΟ ΜΕΣΟΠΟΤΑΜΟΥ,20.532788,39.235757
16979,4ο ΝΗΠΙΑΓΩΓΕΙΟ ΦΙΛΙΠΠΙΑΔΑΣ,20.885218,39.204738
16980,ΝΗΠΙΑΓΩΓΕΙΟ ΚΑΤΩ ΜΟΥΣΙΩΤΙΤΣΑΣ,,
16981,2ο ΝΗΠΙΑΓΩΓΕΙΟ ΜΕΤΣΟΒΟΥ,21.181082,39.76798
16982,ΝΗΠΙΑΓΩΓΕΙΟ ΜΗΛΙΩΤΑΔΩΝ,,
16983,4ο ΝΗΠΙΑΓΩΓΕΙΟ ΠΑΡΑΜΥΘΙΑΣ,20.513976,39.468583
16984,7ο ΝΗΠΙΑΓΩΓΕΙΟ ΗΓΟΥΜΕΝΙΤΣΑΣ,,
16985,6ο ΝΗΠΙΑΓΩΓΕΙΟ ΗΓΟΥΜΕΝΙΤΣΑΣ,,
16986,4ο ΝΗΠΙΑΓΩΓΕΙΟ ΗΓΟΥΜΕΝΙΤΣΑΣ,,
16987,ΝΗΠΙΑΓΩΓΕΙΟ ΠΕΡΔΙΚΑΣ ΜΑΡΓΑΡΙΤΙΟΥ,20.305055,39.366438
16988,8ο ΝΗΠΙΑΓΩΓΕΙΟ ΗΓΟΥΜΕΝΙΤΣΑΣ,,
16989,ΝΗΠΙΑΓΩΓΕΙΟ ΠΗΓΑΔΟΥΛΙΩΝ,20.376897,39.554198
16990,ΝΗΠΙΑΓΩΓΕΙΟ ΒΡΥΣΕΛΛΑΣ ΦΙΛΙΑΤΩΝ,20.318361,39.571562
16991,ΝΗΠΙΑΓΩΓΕΙΟ ΗΓΟΥΜΕΝΙΤΣΑΣ ΕΙΔΙΚΟ,,
16992,ΝΗΠΙΑΓΩΓΕΙΟ ΜΕΣΟΒΟΥΝΙΟΥ ΜΑΡΓΑΡΙΤΙΟΥ,,
16993,ΝΗΠΙΑΓΩΓΕΙΟ ΠΡΕΒΕΖΑΣ ΕΙΔΙΚΟ,,
16994,ΔΗΜΟΤΙΚΟ ΣΧΟΛΕΙΟ ΧΑΛΚΙΑΔΩΝ,,
16995,ΝΗΠΙΑΓΩΓΕΙΟ ΑΜΠΕΛΙΑΣ,,
16996,2ο ΝΗΠΙΑΓΩΓΕΙΟ ΠΑΡΑΜΥΘΙΑΣ,20.513931,39.468933
16997,1ο ΝΗΠΙΑΓΩΓΕΙΟ ΠΑΡΑΜΥΘΙΑΣ,20.513928,39.468814
16998,ΝΗΠΙΑΓΩΓΕΙΟ ΣΑΓΙΑΔΑΣ ΦΙΛΙΑΤΩΝ,,
16999,ΝΗΠΙΑΓΩΓΕΙΟ ΦΡΟΣΥΝΗΣ,20.598697,39.449014
17000,9ο ΝΗΠΙΑΓΩΓΕΙΟ ΗΓΟΥΜΕΝΙΤΣΑΣ,,
17001,ΝΗΠΙΑΓΩΓΕΙΟ ΤΕΡΟΒΟΥ ΙΩΑΝΝΙΝΩΝ,,
17002,ΝΗΠΙΑΓΩΓΕΙΟ ΝΕΟΧΩΡΙΟΥ,20.436835,39.507982
17003,3ο ΝΗΠΙΑΓΩΓΕΙΟ ΠΑΡΑΜΥΘΙΑΣ,20.513932,39.468698
17004,5ο ΝΗΠΙΑΓΩΓΕΙΟ ΗΓΟΥΜΕΝΙΤΣΑΣ,,
17005,ΝΗΠΙΑΓΩΓΕΙΟ ΑΓΙΟΥ ΒΛΑΣΙΟΥ ΗΓΟΥΜΕΝΙΤΣΗΣ,20.284582,39.555395
17006,ΝΗΠΙΑΓΩΓΕΙΟ ΝΕΡΑΙΔΑΣ ΦΙΛΙΑΤΩΝ,,
17007,ΝΗΠΙΑΓΩΓΕΙΟ ΑΝΘΟΤΟΠΟΥ,,
17008,ΝΗΠΙΑΓΩΓΕΙΟ ΠΛΑΤΑΡΙΑΣ ΗΓΟΥΜΕΝΙΤΣΑΣ,20.273141,39.455761
17009,1ο ΝΗΠΙΑΓΩΓΕΙΟ ΝΕΑΣ ΣΕΛΕΥΚΕΙΑΣ,20.257992,39.523204
17010,ΝΗΠΙΑΓΩΓΕΙΟ ΜΑΖΑΡΑΚΙΑΣ ΗΓΟΥΜΕΝΙΤΣΑΣ ΜΟ,20.365622,39.415072
17011,2ο ΝΗΠΙΑΓΩΓΕΙΟ ΓΡΑΙΚΟΧΩΡΙΟΥ,20.274467,39.495242
17012,ΝΗΠΙΑΓΩΓΕΙΟ ΜΑΡΓΑΡΙΤΙΟΥ ΗΓΟΥΜΕΝΙΤΣΑΣ,20.440212,39.356376
17013,ΝΗΠΙΑΓΩΓΕΙΟ ΠΥΡΣΟΓΙΑΝΝΗΣ,,
17014,ΝΗΠΙΑΓΩΓΕΙΟ ΚΡΥΣΤΑΛΛΟΠΗΓΗΣ ΠΑΡΑΜΥΘΙΑΣ,,
17015,ΝΗΠΙΑΓΩΓΕΙΟ ΚΑΡΒΟΥΝΑΡΙΟΥ ΠΑΡΑΜΥΘΙΑΣ,20.484442,39.390824
17016,ΝΗΠΙΑΓΩΓΕΙΟ ΚΑΜΙΝΙΩΝ ΠΑΡΑΜΥΘΙΑΣ,,
17017,ΝΗΠΙΑΓΩΓΕΙΟ ΓΚΡΙΚΑΣ ΠΑΡΑΜΥΘΙΑΣ,20.430873,39.466893
17018,ΝΗΠΙΑΓΩΓΕΙΟ ΑΡΓΥΡΟΤΟΠΟΥ,20.315129,39.417515
17019,19ο ΝΗΠΙΑΓΩΓΕΙΟ ΙΩΑΝΝΙΝΩΝ,,
17020,2ο ΝΗΠΙΑΓΩΓΕΙΟ ΦΙΛΙΑΤΩΝ,20.309314,39.598662
17021,1ο ΝΗΠΙΑΓΩΓΕΙΟ ΦΙΛΙΑΤΩΝ,20.309456,39.598602
17022,ΝΗΠΙΑΓΩΓΕΙΟ ΠΡΟΔΡΟΜΙΟΥ ΠΑΡΑΜΥΘΙΑΣ,20.543842,39.426896
17023,ΝΗΠΙΑΓΩΓΕΙΟ ΦΑΣΚΟΜΗΛΙΑΣ ΗΓΟΥΜΕΝΙΤΣΑΣ,20.306382,39.447863
17024,ΝΗΠΙΑΓΩΓΕΙΟ ΓΛΥΚΗΣ ΠΑΡΑΜΥΘΙΑΣ,20.606677,39.329568
17025,ΝΗΠΙΑΓΩΓΕΙΟ ΓΑΡΔΙΚΙΟΥ ΠΑΡΑΜΥΘΙΑΣ,20.576632,39.364855
17026,ΝΗΠΙΑΓΩΓΕΙΟ ΑΣΠΡΟΚΚΛΗΣΙΟΥ ΦΙΛΙΑΤΩΝ,,
17027,3ο ΝΗΠΙΑΓΩΓΕΙΟ ΦΙΛΙΑΤΩΝ,20.30924,39.598437
17028,ΝΗΠΙΑΓΩΓΕΙΟ ΚΕΡΑΜΙΤΣΑΣ,20.434458,39.668098
17029,ΝΗΠΙΑΓΩΓΕΙΟ ΚΑΡΤΕΡΙΟΥ,20.382486,39.386205
17030,ΝΗΠΙΑΓΩΓΕΙΟ ΜΑΥΡΟΥΔΙΟΥ,20.288996,39.536262
17031,1ο ΝΗΠΙΑΓΩΓΕΙΟ ΗΓΟΥΜΕΝΙΤΣΑΣ,,
17032,ΝΗΠΙΑΓΩΓΕΙΟ ΣΜΕΡΤΟΥ ΦΙΛΙΑΤΩΝ,,
17033,3ο ΝΗΠΙΑΓΩΓΕΙΟ ΗΓΟΥΜΕΝΙΤΣΑΣ,,
17034,ΝΗΠΙΑΓΩΓΕΙΟ ΣΥΒΟΤΩΝ,20.245876,39.408985
17035,20ο ΝΗΠΙΑΓΩΓΕΙΟ ΙΩΑΝΝΙΝΩΝ,,
17036,12ο ΝΗΠΙΑΓΩΓΕΙΟ ΙΩΑΝΝΙΝΩΝ,,
17037,ΝΗΠΙΑΓΩΓΕΙΟ ΑΝΗΛΙΟΥ,21.18688,39.75887
17038,2ο ΝΗΠΙΑΓΩΓΕΙΟ ΝΕΑΣ ΣΕΛΕΥΚΕΙΑΣ,20.257993,39.523165
17039,ΝΗΠΙΑΓΩΓΕΙΟ ΚΑΣΤΡΙΟΥ ΗΓΟΥΜΕΝΙΤΣΑΣ,20.274989,39.55145
17040,1ο ΝΗΠΙΑΓΩΓΕΙΟ ΓΡΑΙΚΟΧΩΡΙΟΥ,20.274467,39.495172
17041,ΝΗΠΙΑΓΩΓΕΙΟ ΑΓΙΩΝ ΠΑΝΤΩΝ,20.35325,39.718899
17042,ΝΗΠΙΑΓΩΓΕΙΟ ΙΩΑΝΝΙΝΩΝ ΠΕΙΡΑΜΑΤΙΚΟ,,
17043,ΝΗΠΙΑΓΩΓΕΙΟ ΚΑΤΑΒΟΘΡΑΣ,20.415057,39.353221
17044,ΝΗΠΙΑΓΩΓΕΙΟ ΠΑΛΑΙΟΧΩΡΙΟΥ ΦΙΛΙΑΤΩΝ,20.435915,39.543873
17045,4ο ΝΗΠΙΑΓΩΓΕΙΟ ΑΡΤΑΣ,,
17046,ΝΗΠΙΑΓΩΓΕΙΟ ΒΟΤΟΝΟΣΙΟΥ,,
17047,ΝΗΠΙΑΓΩΓΕΙΟ ΚΟΠΑΝΗΣ,,
17048,ΝΗΠΙΑΓΩΓΕΙΟ ΚΑΡΥΩΤΙΟΥ ΠΑΡΑΜΥΘΙΑΣ,20.531115,39.449224
17049,ΝΗΠΙΑΓΩΓΕΙΟ ΑΧΛΑΔΙΑΣ,20.392954,39.593521
17050,2ο ΝΗΠΙΑΓΩΓΕΙΟ ΠΑΡΓΑΣ,20.398395,39.28385
17051,1ο ΝΗΠΙΑΓΩΓΕΙΟ ΠΡΕΒΕΖΑΣ,20.750561,38.953951
17052,2ο ΝΗΠΙΑΓΩΓΕΙΟ ΦΙΛΙΠΠΙΑΔΑΣ,20.885218,39.204738
17053,1ο ΝΗΠΙΑΓΩΓΕΙΟ ΦΙΛΙΠΠΙΑΔΑΣ,20.885218,39.204738
17054,3ο ΝΗΠΙΑΓΩΓΕΙΟ ΦΙΛΙΠΠΙΑΔΑΣ,,
17055,ΝΗΠΙΑΓΩΓΕΙΟ ΛΑΔΟΧΩΡΙΟΥ ΗΓΟΥΜΕΝΙΤΣΑΣ,20.268015,39.484775
17056,ΝΗΠΙΑΓΩΓΕΙΟ ΠΛΑΤΑΝΟΥΣΑΣ,,
17057,2ο ΝΗΠΙΑΓΩΓΕΙΟ ΗΓΟΥΜΕΝΙΤΣΑΣ,,
17058,ΝΗΠΙΑΓΩΓΕΙΟ ΠΑΡΑΠΟΤΑΜΟΥ ΦΙΛΙΑΤΩΝ,20.325874,39.546424
17059,ΙΔΙΩΤΙΚΟ ΓΥΜΝΑΣΙΟ ΔΟΥΡΑΧΑΝΗΣ ΙΩΑΝΝΙΝΩΝ,,
17060,"ΙΔΙΩΤΙΚΟ ΓΥΜΝΑΣΙΟ ""ΤΟ ΑΝΘΟΣ""",,
17061,"ΙΔΙΩΤΙΚΟ ΓΥΜΝΑΣΙΟ ""ΠΑΛΛΑΔΙΟ"" ΙΩΑΝΝΙΝΩΝ",,
17062,"ΙΔΙΩΤΙΚΟ ΓΥΜΝΑΣΙΟ ""ΔΩΔΩΝΑΙΑ ΕΚΠΑΙΔΕΥΤΗΡΙΑ"" ΙΩΑΝΝΙΝΩΝ",,
17063,"ΙΔΙΩΤΙΚΟ ΕΝΙΑΙΟ ΛΥΚΕΙΟ ""ΤΟΜΗ""",,
17064,"ΙΔΙΩΤΙΚΟ ΕΝΙΑΙΟ ΛΥΚΕΙΟ ""ΔΩΔΩΝΑΙΑ ΕΚΠΑΙΔΕΥΤΗΡΙΑ""",,
17065,"ΙΔΙΩΤΙΚΟ ΕΝΙΑΙΟ ΛΥΚΕΙΟ ""ΠΑΛΛΑΔΙΟ"" ΙΩΑΝΝΙΝΩΝ",,
17066,ΙΔΙΩΤΙΚΟ ΤΕΕ ΚΟΜΜΩΤΙΚΗΣ ΚΩΝΣΤΑΝΤΙΝΟΥ ΛΙΑΠΑΚΗ ΙΩΑΝΝ,,
17067,ΙΔΙΩΤΙΚΟ ΣΕ- ΤΕΕ ΕΓΝΑΤΙΑ ΙΩΑΝΝΙΝΩΝ,,
17068,ΚΕΝΤΡΟ ΠΕΡΙΒΑΛΛΟΝΤΙΚΗΣ ΕΚΠΑΙΔΕΥΣΗΣ ΚΟΝΙΤΣΑΣ,,
17069,ΚΕΝΤΡΟ ΠΕΡΙΒΑΛΛΟΝΤΙΚΗΣ ΕΚΠΑΙΔΕΥΣΗΣ ΑΡΑΧΘΟΥ,,
17070,ΣΧΟΛΕΙΟ ΔΕΥΤΕΡΗΣ ΕΥΚΑΙΡΙΑΣ ΙΩΑΝΝΙΝΩΝ,,
17071,ΔΗΜΟΣΙΑ ΒΙΒΛΙΟΘΗΚΗ ΚΟΝΙΤΣΑΣ ΚΕΝΤΡΙΚΗ,,
17072,ΔΗΜΟΤΙΚΗ ΑΝΟΙΧΤΗ ΔΑΝΕΙΣΤΙΚΗ ΒΙΒΛΙΟΘΗΚΗ ΗΓΟΥΜΕΝΙΤΣΑΣ,,
17073,ΔΗΜΟΣΙΑ ΒΙΒΛΙΟΘΗΚΗ ΙΩΑΝΝΙΝΩΝ ΚΕΝΤΡΙΚΗ,,
17074,ΓΕΝΙΚΑ ΑΡΧΕΙΑ ΤΟΥ ΚΡΑΤΟΥΣ-ΑΡΧΕΙΑ Ν. ΠΡΕΒΕΖΑΣ,,
17075,ΓΕΝΙΚΑ ΑΡΧΕΙΑ ΤΟΥ ΚΡΑΤΟΥΣ-ΑΡΧΕΙΑ Ν. ΙΩΑΝΝΙΝΩΝ,,
17076,ΓΕΝΙΚΑ ΑΡΧΕΙΑ ΤΟΥ ΚΡΑΤΟΥΣ-ΑΡΧΕΙΑ Ν. ΑΡΤΑΣ,,
17077,ΓΕΝΙΚΑ ΑΡΧΕΙΑ ΤΟΥ ΚΡΑΤΟΥΣ-ΤΟΠΙΚΟ ΑΡΧΕΙΟ ΠΑΡΑΜΥΘΙΑΣ,,
17078,ΕΙΔΙΚΟ ΕΡΓΑΣΤΗΡΙΟ ΕΠΑΓΓΕΛΜΑΤΙΚΗΣ ΕΚΠΑΙΔΕΥΣΗΣ ΚΑΙ ΚΑΤΑΡΤΙΣΗΣ ΠΡΕΒΕΖΑΣ,,
17079,ΕΙΔΙΚΟ ΕΡΓΑΣΤΗΡΙΟ ΕΠΑΓΓΕΛΜΑΤΙΚΗΣ ΕΚΠΑΙΔΕΥΣΗΣ ΚΑΙ ΚΑΤΑΡΤΙΣΗΣ ΙΩΑΝΝΙΝΩΝ,,
17080,ΕΙΔΙΚΟ ΕΡΓΑΣΤΗΡΙΟ ΕΠΑΓΓΕΛΜΑΤΙΚΗΣ ΕΚΠΑΙΔΕΥΣΗΣ ΚΑΙ ΚΑΤΑΡΤΙΣΗΣ ΠΑΡΑΜΥΘΙΑΣ,,
17081,ΕΙΔΙΚΟ ΕΡΓΑΣΤΗΡΙΟ ΕΠΑΓΓΕΛΜΑΤΙΚΗΣ ΕΚΠΑΙΔΕΥΣΗΣ ΚΑΙ ΚΑΤΑΡΤΙΣΗΣ ΑΡΤΑΣ,,
17082,ΓΡΑΦΕΙΟ ΠΕΡΙΒΑΛΛΟΝΤΙΚΗΣ ΕΚΠΑΙΔΕΥΣΗΣ ΙΩΑΝΝΙΝΩΝ,,
17083,ΓΡΑΦΕΙΟ ΠΕΡΙΒΑΛΛΟΝΤΙΚΗΣ ΕΚΠΑΙΔΕΥΣΗΣ ΘΕΣΠΡΩΤΙΑΣ,,
17084,ΓΡΑΦΕΙΟ ΠΕΡΙΒΑΛΛΟΝΤΙΚΗΣ ΕΚΠΑΙΔΕΥΣΗΣ ΠΡΕΒΕΖΑΣ,,
17085,ΓΡΑΦΕΙΟ ΠΕΡΙΒΑΛΛΟΝΤΙΚΗΣ ΕΚΠΑΙΔΕΥΣΗΣ ΑΡΤΑΣ,,
17086,ΚΕΝΤΡΟ ΔΙΑΓΝΩΣΗΣ ΑΞΙΟΛΟΓΗΣΗΣ ΚΑΙ ΥΠΟΣΤΗΡΙΞΗΣ ΑΤΟΜΩΝ ΜΕ ΕΙΔΙΚΕΣ ΕΚΠΑΙΔΕΥΤΙΚΕΣ ΑΝΑΓΚΕΣ ΠΡΕΒΕΖΑΣ,,
17087,ΚΕΝΤΡΟ ΔΙΑΓΝΩΣΗΣ ΑΞΙΟΛΟΓΗΣΗΣ ΚΑΙ ΥΠΟΣΤΗΡΙΞΗΣ ΑΤΟΜΩΝ ΜΕ ΕΙΔΙΚΕΣ ΕΚΠΑΙΔΕΥΤΙΚΕΣ ΑΝΑΓΚΕΣ ΑΡΤΑΣ,,
17088,ΚΕΝΤΡΟ ΔΙΑΓΝΩΣΗΣ ΑΞΙΟΛΟΓΗΣΗΣ ΚΑΙ ΥΠΟΣΤΗΡΙΞΗΣ ΑΤΟΜΩΝ ΜΕ ΕΙΔΙΚΕΣ ΕΚΠΑΙΔΕΥΤΙΚΕΣ ΑΝΑΓΚΕΣ ΙΩΑΝΝΙΝΩΝ,,
17089,ΠΕΡΙΦΕΡΕΙΑΚΗ ΔΙΕΥΘΥΝΣΗ ΕΚΠΑΙΔΕΥΣΗΣ ΗΠΕΙΡΟΥ,,
17090,ΚΟΜΒΟΣ ΔΙΑΝΟΜΗΣ ΠΣΔ ΝΟΜΟΥ ΙΩΑΝΝΙΝΩΝ,,
17091,ΚΟΜΒΟΣ ΔΙΑΝΟΜΗΣ ΠΣΔ ΝΟΜΟΥ ΘΕΣΠΡΩΤΙΑΣ,,
17092,ΚΟΜΒΟΣ ΔΙΑΝΟΜΗΣ ΠΣΔ ΝΟΜΟΥ ΑΡΤΑΣ,,
17093,ΚΟΜΒΟΣ ΔΙΑΝΟΜΗΣ ΠΣΔ ΝΟΜΟΥ ΠΡΕΒΕΖΑΣ,,
17094,HELPDESK ΠΑΝΕΠΙΣΤΗΜΙΟΥ ΙΩΑΝΝΙΝΩΝ,,
17095,ΚΕΝΤΡΟ ΕΚΠΑΙΔΕΥΣΗΣ ΕΝΗΛΙΚΩΝ ΙΩΑΝΝΙΝΩΝ,,
17096,ΚΕΝΤΡΟ ΕΚΠΑΙΔΕΥΣΗΣ ΕΝΗΛΙΚΩΝ ΦΙΛΙΑΤΩΝ,,
17097,ΓΥΜΝΑΣΙΟ ΛΕΥΚΑΔΑΣ ΜΟΥΣΙΚΟ,20.697331,38.828936
17098,ΓΥΜΝΑΣΙΟ ΒΑΣΙΛΙΚΗΣ ΛΕΥΚΑΔΑΣ,20.609902,38.624913
17099,2ο ΓΥΜΝΑΣΙΟ ΛΕΥΚΑΔΑΣ,20.708672,38.83293
17100,ΓΥΜΝΑΣΙΟ ΚΑΡΥΑΣ ΛΕΥΚΑΔΑΣ,20.650112,38.75833
17101,5ο ΓΥΜΝΑΣΙΟ ΚΕΡΚΥΡΑΣ,19.919769,39.617091
17102,ΓΥΜΝΑΣΙΟ ΖΙΤΣΑΣ,20.650366,39.7539
17103,ΓΥΜΝΑΣΙΟ ΘΙΝΑΛΙΩΝ ΚΕΡΚΥΡΑΣ,19.820058,39.790197
17104,7ο ΓΥΜΝΑΣΙΟ ΚΕΡΚΥΡΑΣ,19.905688,39.615839
17105,ΓΥΜΝΑΣΙΟ ΑΓΡΟΥ,19.726843,39.719965
17106,ΓΥΜΝΑΣΙΟ ΑΓΝΑΝΤΩΝ,21.082589,39.473299
17107,ΓΥΜΝΑΣΙΟ ΑΓΙΟΥ ΙΩΑΝΝΗ,19.850779,39.61481
17108,ΕΝΙΑΙΟ ΛΥΚΕΙΟ ΠΑΝΑΓΙΑΣ ΔΙΑΣΕΛΟΥ,21.183175,39.184433
17109,ΓΥΜΝΑΣΙΟ ΑΡΓΥΡΑΔΩΝ,19.977193,39.435842
17110,ΓΥΜΝΑΣΙΟ ΚΑΡΟΥΣΑΔΩΝ,19.74184,39.781076
17111,ΕΝΙΑΙΟ ΛΥΚΕΙΟ ΑΝΩ ΚΑΛΕΝΤΙΝΗΣ,21.167944,39.253076
17112,3ο ΓΥΜΝΑΣΙΟ ΚΕΡΚΥΡΑΣ,19.907342,39.614971
17113,ΓΥΜΝΑΣΙΟ ΚΕΡΚΥΡΑΣ ΕΣΠΕΡΙΝΟ,19.914245,39.618846
17114,1ο ΓΥΜΝΑΣΙΟ ΚΕΡΚΥΡΑΣ,19.919769,39.617091
17115,ΓΥΜΝΑΣΙΟ ΚΑΣΤΕΛΛΑΝΩΝ ΜΕΣΗΣ ΚΕΡ,19.867155,39.565215
17116,ΓΥΜΝΑΣΙΟ ΛΕΥΚΙΜΜΗΣ,20.064749,39.421537
17117,2ο ΓΥΜΝΑΣΙΟ ΚΕΡΚΥΡΑΣ,19.921341,39.617493
17118,1ο ΓΥΜΝΑΣΙΟ ΛΕΥΚΑΔΑΣ,20.708672,38.83293
17119,ΓΥΜΝΑΣΙΟ ΜΕΓΑΝΗΣΙΟΥ ΛΕΥΚΑΔΑΣ,20.790995,38.654634
17120,ΕΝΙΑΙΟ ΛΥΚΕΙΟ ΑΓΝΑΝΤΩΝ,21.082589,39.473299
17121,ΓΥΜΝΑΣΙΟ ΚΕΡΚΥΡΑΣ ΜΟΥΣΙΚΟ,19.909145,39.615839
17122,4ο ΓΥΜΝΑΣΙΟ ΚΕΡΚΥΡΑΣ,19.907342,39.614971
17123,6ο ΓΥΜΝΑΣΙΟ ΚΕΡΚΥΡΑΣ,19.914619,39.623217
17124,ΓΥΜΝΑΣΙΟ ΛΙΑΠΑΔΩΝ ΚΕΡΚΥΡΑΣ,19.741542,39.667733
17125,ΓΥΜΝΑΣΙΟ ΝΥΔΡΙΟΥ ΛΕΥΚΑΔΑΣ,20.712509,38.708067
17126,ΕΝΙΑΙΟ ΛΥΚΕΙΟ ΝΥΔΡΙΟΥ,20.712509,38.708067
17127,2ο ΕΝΙΑΙΟ ΛΥΚΕΙΟ ΛΕΥΚΑΔΑΣ,20.708672,38.83293
17128,1ο ΕΝΙΑΙΟ ΛΥΚΕΙΟ ΛΕΥΚΑΔΑΣ,20.708672,38.83293
17129,ΕΝΙΑΙΟ ΛΥΚΕΙΟ ΚΑΡΥΑΣ,20.650112,38.75833
17130,ΕΝΙΑΙΟ ΛΥΚΕΙΟ ΛΕΥΚΑΔΑΣ ΜΟΥΣΙΚΟ,20.697331,38.828936
17131,ΕΝΙΑΙΟ ΛΥΚΕΙΟ ΚΕΡΚΥΡΑΣ ΕΣΠΕΡΙΝΟ,19.914245,39.618846
17132,ΕΝΙΑΙΟ ΛΥΚΕΙΟ ΚΑΣΤΕΛΛΑΝΩΝ ΜΕΣΗΣ ΚΕΡΚΥΡΑΣ,19.867155,39.565215
17133,ΕΝΙΑΙΟ ΛΥΚΕΙΟ ΣΚΡΙΠΕΡΟΥ,19.776424,39.69691
17134,1ο ΕΝΙΑΙΟ ΛΥΚΕΙΟ ΚΕΡΚΥΡΑΣ,19.914245,39.618846
17135,3ο ΕΝΙΑΙΟ ΛΥΚΕΙΟ ΚΕΡΚΥΡΑΣ,19.914245,39.618846
17136,2ο ΕΝΙΑΙΟ ΛΥΚΕΙΟ ΚΕΡΚΥΡΑΣ,19.914245,39.618846
17137,4ο ΕΝΙΑΙΟ ΛΥΚΕΙΟ ΚΕΡΚΥΡΑΣ,19.921468,39.618207
17138,ΕΝΙΑΙΟ ΛΥΚΕΙΟ ΛΕΥΚΙΜΜΗΣ,20.064749,39.421537
17139,ΓΥΜΝΑΣΙΟ ΣΠΑΡΤΥΛΛΑΣ ΚΕΡΚΥΡΑΣ,19.84397,39.719034
17140,5ο ΕΝΙΑΙΟ ΛΥΚΕΙΟ ΚΕΡΚΥΡΑΣ,19.921468,39.618207
17141,ΕΝΙΑΙΟ ΛΥΚΕΙΟ ΚΕΡΚΥΡΑΣ ΜΟΥΣΙΚΟ,19.829875,39.688031
17142,2ο ΤΕΕ ΛΕΥΚΑΔΑΣ,20.697331,38.828936
17143,2ο ΤΕΕ ΚΕΡΚΥΡΑΣ,19.921468,39.618207
17144,1ο ΤΕΕ ΛΕΥΚΑΔΑΣ,20.697331,38.828936
17145,1ο ΤΕΕ ΚΕΡΚΥΡΑΣ,19.921468,39.618207
17146,1ο ΤΕΕ ΚΑΤΩ ΚΟΡΑΚΙΑΝΑΣ,19.829875,39.688031
17147,3ο ΤΕΕ ΚΕΡΚΥΡΑΣ,19.921468,39.618207
17148,1ο ΣΕΚ ΚΕΡΚΥΡΑΣ,19.921468,39.618207
17149,ΓΥΜΝΑΣΙΟ ΣΚΡΙΠΕΡΟΥ ΚΕΡΚΥΡΑΣ,19.776424,39.69691
17150,3ο ΔΗΜΟΤΙΚΟ ΣΧΟΛΕΙΟ ΛΕΥΚΑΔΑΣ,,
17151,1ο ΔΗΜΟΤΙΚΟ ΣΧΟΛΕΙΟ ΛΕΥΚΑΔΑΣ,,
17152,2ο ΔΗΜΟΤΙΚΟ ΣΧΟΛΕΙΟ ΛΕΥΚΑΔΑΣ,,
17153,ΔΗΜΟΤΙΚΟ ΣΧΟΛΕΙΟ ΣΚΡΙΠΕΡΟΥ ΚΕΡΚΥΡΑΣ,19.774809,39.69728
17154,ΓΥΜΝΑΣΙΟ ΑΜΦΙΠΑΓΙΤΩΝ,19.676073,39.783831
17155,ΔΗΜΟΤΙΚΟ ΣΧΟΛΕΙΟ ΝΥΔΡΙΟΥ ΛΕΥΚΑΔΑΣ,20.709768,38.708167
17156,ΔΗΜΟΤΙΚΟ ΣΧΟΛΕΙΟ ΣΦΑΚΙΩΤΩΝ,,
17157,ΔΗΜΟΤΙΚΟ ΣΧΟΛΕΙΟ ΚΑΡΥΑΣ ΛΕΥΚΑΔΑΣ,20.649487,38.757375
17158,ΔΗΜΟΤΙΚΟ ΣΧΟΛΕΙΟ ΣΥΒΡΟΥ ΛΕΥΚΑΔΑΣ,20.645725,38.669811
17159,ΔΗΜΟΤΙΚΟ ΣΧΟΛΕΙΟ ΜΕΓΑΝΗΣΙΟΥ,,
17160,ΔΗΜΟΤΙΚΟ ΣΧΟΛΕΙΟ ΑΓΙΟΥ ΠΕΤΡΟΥ ΛΕΥΚΑΔΑΣ,20.602686,38.66562
17161,ΔΗΜΟΤΙΚΟ ΣΧΟΛΕΙΟ ΜΑΡΑΝΤΟΧΩΡΙΟΥ ΛΕΥΚΑΔΑΣ,20.652079,38.627715
17162,ΔΗΜΟΤΙΚΟ ΣΧΟΛΕΙΟ ΣΠΑΡΤΟΧΩΡΙΟΥ ΜΕΓΑΝΗΣΙΟΥ,,
17163,ΔΗΜΟΤΙΚΟ ΣΧΟΛΕΙΟ ΛΥΓΙΑΣ ΛΕΥΚΑΔΑΣ,20.71672,38.794545
17164,4ο ΔΗΜΟΤΙΚΟ ΣΧΟΛΕΙΟ ΛΕΥΚΑΔΑΣ,,
17165,ΔΗΜΟΤΙΚΟ ΣΧΟΛΕΙΟ ΒΑΣΙΛΙΚΗΣ ΛΕΥΚΑΔΑΣ,20.60909,38.624726
17166,1ο ΔΗΜΟΤΙΚΟ ΣΧΟΛΕΙΟ ΛΕΥΚΙΜΗΣ,20.063537,39.421884
17167,ΔΗΜΟΤΙΚΟ ΣΧΟΛΕΙΟ ΜΠΕΝΙΤΣΩΝ ΚΕΡΚΥΡΑΣ,19.90898,39.543928
17168,7ο ΔΗΜΟΤΙΚΟ ΣΧΟΛΕΙΟ ΚΕΡΚΥΡΑΣ,,
17169,ΔΗΜΟΤΙΚΟ ΣΧΟΛΕΙΟ ΚΑΤΩ ΓΑΡΟΥΝΑΣ ΚΕΡΚΥΡΑΣ,,
17170,ΓΥΜΝΑΣΙΟ ΚΑΣΣΙΟΠΗΣ ΚΕΡΚΥΡΑΣ,19.920448,39.785124
17171,ΔΗΜΟΤΙΚΟ ΣΧΟΛΕΙΟ ΝΥΜΦΩΝ ΚΕΡΚΥΡΑΣ,19.785246,39.754301
17172,ΔΗΜΟΤΙΚΟ ΣΧΟΛΕΙΟ ΣΠΑΡΤΥΛΛΑ ΚΕΡΚΥΡΑΣ,19.842431,39.719011
17173,ΔΗΜΟΤΙΚΟ ΣΧΟΛΕΙΟ ΓΙΑΝΝΑΔΩΝ ΚΕΡΚΥΡΑΣ,19.763898,39.63037
17174,15ο ΔΗΜΟΤΙΚΟ ΣΧΟΛΕΙΟ ΚΕΡΚΥΡΑΣ,,
17175,3ο ΔΗΜΟΤΙΚΟ ΣΧΟΛΕΙΟ ΚΟΡΙΣΣΙΩΝ-ΠΕΤΡΙΤΗ,19.995981,39.450882
17176,ΔΗΜΟΤΙΚΟ ΣΧΟΛΕΙΟ ΚΑΡΟΥΣΑΔΩΝ ΚΕΡΚΥΡΑΣ,,
17177,ΔΗΜΟΤΙΚΟ ΣΧΟΛΕΙΟ ΑΓΙΟΥ ΜΑΤΘΑΙΟΥ ΚΕΡΚΥΡΑΣ,19.872547,39.493467
17178,ΔΗΜΟΤΙΚΟ ΣΧΟΛΕΙΟ ΠΟΤΑΜΟΥ ΚΕΡΚΥΡΑΣ,,
17179,10ο ΔΗΜΟΤΙΚΟ ΣΧΟΛΕΙΟ ΚΕΡΚΥΡΑΣ,,
17180,12ο ΔΗΜΟΤΙΚΟ ΣΧΟΛΕΙΟ ΚΕΡΚΥΡΑΣ,,
17181,1ο ΔΗΜΟΤΙΚΟ ΣΧΟΛΕΙΟ ΚΕΡΚΥΡΑΣ,,
17182,2ο ΔΗΜΟΤΙΚΟ ΣΧΟΛΕΙΟ ΚΕΡΚΥΡΑΣ,,
17183,5ο ΔΗΜΟΤΙΚΟ ΣΧΟΛΕΙΟ ΚΕΡΚΥΡΑΣ,,
17184,"4ο ΔΗΜΟΤΙΚΟ ΣΧΟΛΕΙΟ ΚΕΡΚΥΡΑΣ ""ΑΘΗΝΑΓΟΡΕΙΟ""",,
17185,2ο ΔΗΜΟΤΙΚΟ ΣΧΟΛΕΙΟ ΛΕΥΚΙΜΗΣ,20.063539,39.421872
17186,ΔΗΜΟΤΙΚΟ ΣΧΟΛΕΙΟ ΚΑΣΤΕΛΛΑΝΩΝ ΚΕΡΚΥΡΑΣ,19.866003,39.564896
17187,ΔΗΜΟΤΙΚΟ ΣΧΟΛΕΙΟ ΑΓΙΟΥ ΜΑΡΚΟΥ ΚΕΡΚΥΡΑΣ,19.827951,39.707997
17188,ΔΗΜΟΤΙΚΟ ΣΧΟΛΕΙΟ ΑΦΡΑΣ ΚΕΡΚΥΡΑΣ,19.858277,39.62189
17189,ΔΗΜΟΤΙΚΟ ΣΧΟΛΕΙΟ ΑΛΕΠΟΥΣ ΚΕΡΚΥΡΑΣ,19.888621,39.614271
17190,ΔΗΜΟΤΙΚΟ ΣΧΟΛΕΙΟ ΛΙΑΠΑΔΩΝ ΚΕΡΚΥΡΑΣ,19.740711,39.66765
17191,ΔΗΜΟΤΙΚΟ ΣΧΟΛΕΙΟ ΘΙΝΑΛΙΩΝ,,
17192,ΔΗΜΟΤΙΚΟ ΣΧΟΛΕΙΟ ΣΧΟΛΙΚΟ ΑΓΡΟΥ,19.725451,39.719732
17193,ΔΗΜΟΤΙΚΟ ΣΧΟΛΕΙΟ ΑΝΩ ΠΑΥΛΙΑΝΑΣ,19.863422,39.519767
17194,ΔΗΜΟΤΙΚΟ ΣΧΟΛΕΙΟ ΚΑΤΩ ΚΟΡΑΚΙΑΝΑΣ ΚΕΡΚΥΡΑΣ,19.828753,39.688342
17195,ΔΗΜΟΤΙΚΟ ΣΧΟΛΕΙΟ ΚΑΣΣΙΟΠΗΣ ΚΕΡΚΥΡΑΣ,19.918804,39.785167
17196,ΔΗΜΟΤΙΚΟ ΣΧΟΛΕΙΟ ΚΑΝΑΛΙΩΝ ΚΕΡΚΥΡΑΣ,19.897554,39.607604
17197,ΔΗΜΟΤΙΚΟ ΣΧΟΛΕΙΟ ΒΡΑΓΚΑΝΙΩΤΙΚΩΝ ΚΟΙΝ ΧΛΟΜ,,
17198,4ο ΔΗΜΟΤΙΚΟ ΣΧΟΛΕΙΟ ΛΕΥΚΙΜΜΗΣ-ΝΕΟΧΩΡΙΟΥ,20.063531,39.421957
17199,8ο ΔΗΜΟΤΙΚΟ ΣΧΟΛΕΙΟ ΚΕΡΚΥΡΑΣ,,
17200,3ο ΔΗΜΟΤΙΚΟ ΣΧΟΛΕΙΟ ΚΕΡΚΥΡΑΣ,,
17201,ΔΗΜΟΤΙΚΟ ΣΧΟΛΕΙΟ ΒΙΡΟΥ ΚΕΡΚΥΡΑΣ,19.882859,39.583175
17202,ΔΗΜΟΤΙΚΟ ΣΧΟΛΕΙΟ ΛΑΚΩΝΩΝ ΚΕΡΚΥΡΑΣ,19.710133,39.679976
17203,9ο ΔΗΜΟΤΙΚΟ ΣΧΟΛΕΙΟ ΚΕΡΚΥΡΑΣ,,
17204,"1ο ΔΗΜΟΤΙΚΟ ΣΧΟΛΕΙΟ ΚΟΡΙΣΣΙΩΝ -ΑΡΓΥΡΑΔΩΝ ""ΚΑΒΒΑΔΙΕΙΟΝ""",19.975729,39.436516
17205,ΔΗΜΟΤΙΚΟ ΣΧΟΛΕΙΟ ΑΓΙΟΥ ΙΩΑΝΝΗ ΚΕΡΚΥΡΑΣ,19.849856,39.614653
17206,ΔΗΜΟΤΙΚΟ ΣΧΟΛΕΙΟ ΑΓΙΩΝ ΔΕΚΑ ΚΕΡΚΥΡΑΣ,19.885929,39.554129
17207,1ο ΔΗΜΟΤΙΚΟ ΣΧΟΛΕΙΟ ΚΕΡΚΥΡΑΣ ΕΙΔΙΚΟ,,
17208,ΔΗΜΟΤΙΚΟ ΣΧΟΛΕΙΟ ΓΑΣΤΟΥΡΙΟΥ ΚΕΡΚΥΡΑΣ,19.89975,39.561076
17209,ΔΗΜΟΤΙΚΟ ΣΧΟΛΕΙΟ ΓΟΥΒΙΩΝ ΚΕΡΚΥΡΑΣ,,
17210,2ο ΔΗΜΟΤΙΚΟ ΣΧΟΛΕΙΟ ΚΟΡΙΣΣΙΩΝ-ΠΕΡΙΒΟΛΙΟΥ,20.018611,39.418619
17211,ΓΥΜΝΑΣΙΟ ΠΑΞΩΝ,20.187896,39.194216
17212,ΔΗΜΟΤΙΚΟ ΣΧΟΛΕΙΟ ΚΟΝΤΟΚΑΛΙΟΥ,,
17213,6ο ΔΗΜΟΤΙΚΟ ΣΧΟΛΕΙΟ ΚΕΡΚΥΡΑΣ,,
17214,2ο ΔΗΜΟΤΙΚΟ ΣΧΟΛΕΙΟ ΒΕΛΟΝΑΔΩΝ ΚΕΡΚΥΡΑΣ,,
17215,ΕΝΙΑΙΟ ΛΥΚΕΙΟ ΑΓΡΟΥ,19.726843,39.719965
17216,3ο ΔΗΜΟΤΙΚΟ ΣΧΟΛΕΙΟ ΛΕΥΚΙΜΜΗΣ,20.063533,39.421932
17217,ΔΗΜΟΤΙΚΟ ΣΧΟΛΕΙΟ ΚΥΝΟΠΙΑΣΤΩΝ ΚΕΡΚΥΡΑΣ,19.884095,39.566854
17218,ΔΗΜΟΤΙΚΟ ΣΧΟΛΕΙΟ ΣΙΝΑΡΑΔΩΝ ΚΕΡΚΥΡΑΣ,19.847885,39.565553
17219,ΔΗΜΟΤΙΚΟ ΣΧΟΛΕΙΟ ΜΩΡΑΪΤΙΚΩΝ ΚΕΡΚΥΡΑΣ,19.925049,39.487006
17220,ΔΗΜΟΤΙΚΟ ΣΧΟΛΕΙΟ ΑΝΩ ΚΟΡΑΚΙΑΝΑΣ,19.792528,39.704422
17221,ΔΗΜΟΤΙΚΟ ΣΧΟΛΕΙΟ ΝΗΣΑΚΙΟΥ ΚΕΡΚΥΡΑΣ,19.892312,39.723818
17222,13ο ΔΗΜΟΤΙΚΟ ΣΧΟΛΕΙΟ ΚΕΡΚΥΡΑΣ,,
17223,ΔΗΜΟΤΙΚΟ ΣΧΟΛΕΙΟ ΒΕΛΟΝΑΔΩΝ Α',19.709241,39.750648
17224,14ο ΔΗΜΟΤΙΚΟ ΣΧΟΛΕΙΟ ΚΕΡΚΥΡΑΣ,,
17225,ΔΗΜΟΤΙΚΟ ΣΧΟΛΕΙΟ ΟΘΩΝΩΝ ΚΕΡΚΥΡΑΣ,19.402795,39.84085
17226,ΔΗΜΟΤΙΚΟ ΣΧΟΛΕΙΟ ΑΥΛΙΩΤΩΝ ΚΕΡΚΥΡΑΣ,19.663831,39.775261
17227,11ο ΔΗΜΟΤΙΚΟ ΣΧΟΛΕΙΟ ΚΕΡΚΥΡΑΣ,,
17228,ΔΗΜΟΤΙΚΟ ΣΧΟΛΕΙΟ ΛΕΥΚΑΔΑΣ ΕΙΔΙΚΟ,,
17229,5ο ΔΗΜΟΤΙΚΟ ΣΧΟΛΕΙΟ ΛΕΥΚΙΜΜΗΣ,,
17230,ΔΙΕΥΘΥΝΣΗ Δ.Ε. ΛΕΥΚΑΔΑΣ,20.702982,38.828293
17231,ΔΙΕΥΘΥΝΣΗ Δ.Ε. ΚΕΡΚΥΡΑΣ,19.919551,39.616031
17232,1ο ΕΡΓΑΣΤΗΡΙΑΚΟ ΚΕΝΤΡΟ ΦΥΣΙΚΩΝ ΕΠΙΣΤΗΜΩΝ ΚΕΡΚΥΡΑΣ (ΚΕΡΚΥΡΑ),19.921659,39.618653
17233,1ο ΕΡΓΑΣΤΗΡΙΑΚΟ ΚΕΝΤΡΟ ΦΥΣΙΚΩΝ ΕΠΙΣΤΗΜΩΝ ΛΕΥΚΑΔΑΣ (ΛΕΥΚΑΔΑ),20.702982,38.828293
17234,ΚΕΣΥΠ ΛΕΥΚΑΔΑΣ,20.702982,38.828293
17235,ΚΕΣΥΠ ΚΕΡΚΥΡΑΣ,19.918128,39.620887
17236,ΓΡΑΦΕΙΟ Δ.Ε. ΚΕΡΚΥΡΑΣ,,
17237,ΙΕΚ ΛΕΥΚΑΔΑΣ,,
17238,ΙΕΚ ΚΕΡΚΥΡΑΣ,,
17239,ΙΕΚ ΑΧΑΡΑΒΗΣ,,
17240,ΔΙΕΥΘΥΝΣΗ Π.Ε. ΚΕΡΚΥΡΑΣ,,
17241,ΔΙΕΥΘΥΝΣΗ Π.Ε. ΛΕΥΚΑΔΑΣ,,
17242,2ο ΓΡΑΦΕΙΟ Π.Ε. ΚΕΡΚΥΡΑΣ,,
17243,ΓΡΑΦΕΙΟ Π.Ε. ΚΕΡΚΥΡΑΣ,,
17244,ΝΗΠΙΑΓΩΓΕΙΟ ΛΑΚΩΝΩΝ,,
17245,ΝΗΠΙΑΓΩΓΕΙΟ ΑΥΛΙΩΤΩΝ,19.664014,39.775316
17246,2ο ΝΗΠΙΑΓΩΓΕΙΟ ΛΕΥΚΙΜΜΗΣ-ΡΙΓΓΛΑΔΩΝ,20.063539,39.421878
17247,ΝΗΠΙΑΓΩΓΕΙΟ ΚΑΤΩ ΚΟΡΑΚΙΑΝΑΣ,19.828754,39.688326
17248,ΝΗΠΙΑΓΩΓΕΙΟ ΛΙΑΠΑΔΩΝ,19.740618,39.667706
17249,ΝΗΠΙΑΓΩΓΕΙΟ ΚΑΝΑΛΙΟΥ,19.897532,39.607678
17250,2ο ΝΗΠΙΑΓΩΓΕΙΟ ΚΕΡΚΥΡΑΣ,,
17251,ΝΗΠΙΑΓΩΓΕΙΟ ΣΙΝΑΡΑΔΩΝ,19.847919,39.56549
17252,6ο ΝΗΠΙΑΓΩΓΕΙΟ ΚΕΡΚΥΡΑΣ,,
17253,8ο ΝΗΠΙΑΓΩΓΕΙΟ ΚΕΡΚΥΡΑΣ,,
17254,ΝΗΠΙΑΓΩΓΕΙΟ ΚΟΝΤΟΚΑΛΙΟΥ,,
17255,ΝΗΠΙΑΓΩΓΕΙΟ ΝΥΜΦΩΝ,19.785246,39.754301
17256,9ο ΝΗΠΙΑΓΩΓΕΙΟ ΚΕΡΚΥΡΑΣ,,
17257,4ο ΝΗΠΙΑΓΩΓΕΙΟ ΚΕΡΚΥΡΑΣ,,
17258,ΝΗΠΙΑΓΩΓΕΙΟ ΑΝΩ ΠΑΥΛΙΑΝΑΣ,19.863417,39.519773
17259,ΝΗΠΙΑΓΩΓΕΙΟ ΚΑΡΟΥΣΑΔΩΝ,19.741302,39.780373
17260,ΝΗΠΙΑΓΩΓΕΙΟ ΑΓΙΟΥ ΙΩΑΝΝΗ,19.849854,39.614646
17261,ΝΗΠΙΑΓΩΓΕΙΟ ΠΟΤΑΜΟΥ,,
17262,5ο ΝΗΠΙΑΓΩΓΕΙΟ ΚΕΡΚΥΡΑΣ,,
17263,1ο ΝΗΠΙΑΓΩΓΕΙΟ ΚΟΡΙΣΣΙΩΝ-ΑΡΓΥΡΑΔΩΝ,19.975729,39.436515
17264,ΝΗΠΙΑΓΩΓΕΙΟ ΑΦΡΑΣ,19.858284,39.621884
17265,ΝΗΠΙΑΓΩΓΕΙΟ ΒΙΡΟΥ,19.882854,39.58327
17266,ΝΗΠΙΑΓΩΓΕΙΟ ΜΑΣΤΟΡΑΤΙΚΩΝ,,
17267,3ο ΝΗΠΙΑΓΩΓΕΙΟ ΚΕΡΚΥΡΑΣ,,
17268,11ο ΝΗΠΙΑΓΩΓΕΙΟ ΚΕΡΚΥΡΑΣ,,
17269,14ο ΝΗΠΙΑΓΩΓΕΙΟ ΚΕΡΚΥΡΑΣ,,
17270,ΝΗΠΙΑΓΩΓΕΙΟ ΒΑΤΟΥ,19.792938,39.607348
17271,ΝΗΠΙΑΓΩΓΕΙΟ ΓΑΣΤΟΥΡΙΟΥ,19.899805,39.560983
17272,3ο ΝΗΠΙΑΓΩΓΕΙΟ ΚΟΡΙΣΣΙΩΝ-ΠΕΤΡΙΤΗ,19.99598,39.45088
17273,13ο ΝΗΠΙΑΓΩΓΕΙΟ ΚΕΡΚΥΡΑΣ,,
17274,ΝΗΠΙΑΓΩΓΕΙΟ ΔΟΥΚΑΔΩΝ,19.740333,39.685943
17275,ΝΗΠΙΑΓΩΓΕΙΟ ΧΛΩΜΟΤΙΑΝΩΝ,19.920588,39.461804
17276,ΝΗΠΙΑΓΩΓΕΙΟ ΣΚΡΙΠΕΡΟΥ,19.774816,39.6973
17277,ΝΗΠΙΑΓΩΓΕΙΟ ΑΓΙΟΥ ΜΑΡΚΟΥ,19.827966,39.708007
17278,ΝΗΠΙΑΓΩΓΕΙΟ ΑΓΙΟΥ ΜΑΤΘΑΙΟΥ,19.872551,39.493472
17279,ΝΗΠΙΑΓΩΓΕΙΟ ΓΟΥΒΙΩΝ,,
17280,ΝΗΠΙΑΓΩΓΕΙΟ ΚΟΜΠΙΤΣΙΟΥ,,
17281,ΝΗΠΙΑΓΩΓΕΙΟ ΠΑΓΩΝ,,
17282,7ο ΝΗΠΙΑΓΩΓΕΙΟ ΚΕΡΚΥΡΑΣ,,
17283,1ο ΝΗΠΙΑΓΩΓΕΙΟ ΚΕΡΚΥΡΑΣ,,
17284,ΝΗΠΙΑΓΩΓΕΙΟ ΑΧΑΡΑΒΗΣ,19.819478,39.789838
17285,3ο ΝΗΠΙΑΓΩΓΕΙΟ ΛΕΥΚΙΜΜΗΣ,20.063536,39.421893
17286,ΝΗΠΙΑΓΩΓΕΙΟ ΜΠΕΝΙΤΣΩΝ,19.908852,39.544019
17287,ΝΗΠΙΑΓΩΓΕΙΟ ΚΑΒΒΑΔΑΔΩΝ,19.683162,39.744503
17288,1ο ΝΗΠΙΑΓΩΓΕΙΟ ΛΕΥΚΙΜΜΗΣ-ΜΕΛΚΙΩΝ,,
17289,ΝΗΠΙΑΓΩΓΕΙΟ ΚΥΝΟΠΙΑΣΤΩΝ,19.884192,39.566888
17290,5ο ΝΗΠΙΑΓΩΓΕΙΟ ΚΟΡΙΣΣΙΩΝ-ΚΟΥΣΠΑΔΩΝ,19.97835,39.454805
17291,12ο ΝΗΠΙΑΓΩΓΕΙΟ ΚΕΡΚΥΡΑΣ,,
17292,ΝΗΠΙΑΓΩΓΕΙΟ ΑΓΙΩΝ ΔΕΚΑ,,
17293,ΝΗΠΙΑΓΩΓΕΙΟ ΚΑΛΑΦΑΤΙΩΝΩΝ,19.858118,39.579474
17294,ΝΗΠΙΑΓΩΓΕΙΟ ΒΕΛΟΝΑΔΩΝ,19.709232,39.750788
17295,ΝΗΠΙΑΓΩΓΕΙΟ ΧΛΩΜΟΥ,19.956338,39.455354
17296,ΝΗΠΙΑΓΩΓΕΙΟ ΠΕΛΕΚΑ,19.823559,39.591493
17297,ΝΗΠΙΑΓΩΓΕΙΟ ΣΤΡΟΓΓΥΛΗΣ,19.911659,39.510207
17298,ΝΗΠΙΑΓΩΓΕΙΟ ΓΑΙΟΥ ΠΑΞΩΝ,20.186625,39.194368
17299,ΝΗΠΙΑΓΩΓΕΙΟ ΚΑΣΤΕΛΛΑΝΩΝ ΜΕΣΗΣ,19.865923,39.565049
17300,ΝΗΠΙΑΓΩΓΕΙΟ ΚΑΣΣΙΟΠΗΣ,19.918799,39.785258
17301,1ο ΝΗΠΙΑΓΩΓΕΙΟ ΚΕΡΚΥΡΑΣ ΕΙΔΙΚΟ,,
17302,5ο ΝΗΠΙΑΓΩΓΕΙΟ ΛΕΥΚΙΜΜΗΣ-ΒΙΤΑΛΑΔΩΝ,20.063535,39.4219
17303,ΝΗΠΙΑΓΩΓΕΙΟ ΑΝΩ ΚΟΡΑΚΙΑΝΑΣ,19.79265,39.70442
17304,ΝΗΠΙΑΓΩΓΕΙΟ ΑΓΡΟΥ,19.72548,39.719629
17305,ΝΗΠΙΑΓΩΓΕΙΟ ΑΛΕΠΟΥΣ,19.888624,39.614208
17306,ΝΗΠΙΑΓΩΓΕΙΟ ΤΕΜΠΛΟΝΙΟΥ,,
17307,4ο ΝΗΠΙΑΓΩΓΕΙΟ ΛΕΥΚΙΜΜΗΣ-ΝΕΟΧΩΡΙΟΥ,20.063533,39.421944
17308,ΝΗΠΙΑΓΩΓΕΙΟ ΠΕΡΟΥΛΑΔΩΝ,19.675404,39.783904
17309,ΝΗΠΙΑΓΩΓΕΙΟ ΣΠΑΡΤΙΛΑ,19.842564,39.719003
17310,ΝΗΠΙΑΓΩΓΕΙΟ ΕΠΙΣΚΕΨΗΣ,,
17311,ΝΗΠΙΑΓΩΓΕΙΟ ΕΠΙΣΚΟΠΙΑΝΩΝ,,
17312,2ο ΝΗΠΙΑΓΩΓΕΙΟ ΚΟΡΙΣΣΙΩΝ-ΠΕΡΙΒΟΛΙΟΥ,20.018537,39.418603
17313,4ο ΝΗΠΙΑΓΩΓΕΙΟ ΚΟΡΙΣΣΙΩΝ-ΑΓΙΟΥ ΝΙΚΟΛΑΟΥ,19.997956,39.44085
17314,ΝΗΠΙΑΓΩΓΕΙΟ ΓΑΡΟΥΝΑΣ ΚΑΤΩ,19.864505,39.538933
17315,4ο ΝΗΠΙΑΓΩΓΕΙΟ ΛΕΥΚΑΔΑΣ,,
17316,5ο ΝΗΠΙΑΓΩΓΕΙΟ ΛΕΥΚΑΔΑΣ,,
17317,ΝΗΠΙΑΓΩΓΕΙΟ ΑΓΙΟΥ ΠΕΤΡΟΥ,20.602706,38.665628
17318,ΝΗΠΙΑΓΩΓΕΙΟ ΒΑΣΙΛΙΚΗΣ,20.609142,38.62472
17319,2ο ΝΗΠΙΑΓΩΓΕΙΟ ΝΥΔΡΙΟΥ,20.709771,38.708167
17320,8ο ΝΗΠΙΑΓΩΓΕΙΟ ΛΕΥΚΑΔΑΣ,,
17321,ΝΗΠΙΑΓΩΓΕΙΟ ΜΕΓΑΝΗΣΙΟΥ,,
17322,6ο ΝΗΠΙΑΓΩΓΕΙΟ ΛΕΥΚΑΔΑΣ,,
17323,ΝΗΠΙΑΓΩΓΕΙΟ ΣΥΒΡΟΥ,20.645727,38.669811
17324,ΝΗΠΙΑΓΩΓΕΙΟ ΣΦΑΚΙΩΤΩΝ,,
17325,ΝΗΠΙΑΓΩΓΕΙΟ ΛΥΓΙΑΣ,20.716757,38.79457
17326,ΝΗΠΙΑΓΩΓΕΙΟ ΚΑΡΥΑΣ,20.649483,38.757376
17327,ΝΗΠΙΑΓΩΓΕΙΟ ΚΑΛΑΜΟΥ,20.926733,38.623668
17328,7ο ΝΗΠΙΑΓΩΓΕΙΟ ΛΕΥΚΑΔΑΣ,,
17329,ΝΗΠΙΑΓΩΓΕΙΟ ΝΙΚΙΑΝΑΣ ΛΕΥΚΑΔΑΣ,20.717119,38.754022
17330,ΝΗΠΙΑΓΩΓΕΙΟ ΒΛΥΧΟΥ,20.693748,38.680743
17331,1ο ΝΗΠΙΑΓΩΓΕΙΟ ΝΥΔΡΙΟΥ,20.70977,38.708167
17332,1ο ΝΗΠΙΑΓΩΓΕΙΟ ΛΕΥΚΑΔΑΣ,,
17333,3ο ΝΗΠΙΑΓΩΓΕΙΟ ΛΕΥΚΑΔΑΣ,,
17334,2ο ΝΗΠΙΑΓΩΓΕΙΟ ΛΕΥΚΑΔΑΣ,,
17335,10ο ΝΗΠΙΑΓΩΓΕΙΟ ΚΕΡΚΥΡΑΣ,,
17336,ΝΗΠΙΑΓΩΓΕΙΟ ΒΑΛΑΝΕΙΟΥ,19.757281,39.73283
17337,ΝΗΠΙΑΓΩΓΕΙΟ ΜΑΓΟΥΛΑΔΩΝ,19.677411,39.754141
17338,ΝΗΠΙΑΓΩΓΕΙΟ ΑΘΑΝΙΟΥ - ΔΡΑΓΑΝΟΥ,20.5715,38.664752
17339,ΝΗΠΙΑΓΩΓΕΙΟ ΜΑΡΑΝΤΟΧΩΡΙΟΥ,20.652247,38.627558
17340,ΝΗΠΙΑΓΩΓΕΙΟ ΚΟΚΚΙΝΙΟΥ,19.814897,39.608473
17341,"ΙΔΙΩΤΙΚΟ ΓΥΜΝΑΣΙΟ ""ΑΧΙΛΛΕΙΟΝ ΚΕΡΚΥΡΑΙΚΑ ΕΚΠΑΙΔΕΥΤΗΡΙΑ""",,
17342,"ΙΔΙΩΤΙΚΟ ΕΝΙΑΙΟ ΛΥΚΕΙΟ ""ΑΧΙΛΛΕΙΟΝ ΚΕΡΚΥΡΑΙΚΑ ΕΚΠΑΙΔΕΥΤΗΡΙΑ""",,
17343,ΙΔΙΩΤΙΚΟ ΕΝΙΑΙΟ ΛΥΚΕΙΟ  ΑΛΚΙΝΩΟΣ,,
17344,ΣΧΟΛΕΙΟ ΔΕΥΤΕΡΗΣ ΕΥΚΑΙΡΙΑΣ ΚΕΡΚΥΡΑΣ,,
17345,ΔΗΜΟΣΙΑ ΒΙΒΛΙΟΘΗΚΗ ΛΕΥΚΑΔΑΣ,,
17346,ΔΗΜΟΣΙΑ ΒΙΒΛΙΟΘΗΚΗ ΚΕΡΚΥΡΑΣ,,
17347,ΓΕΝΙΚΑ ΑΡΧΕΙΑ ΤΟΥ ΚΡΑΤΟΥΣ-ΑΡΧΕΙΑ Ν. ΛΕΥΚΑΔΑΣ,,
17348,ΓΕΝΙΚΑ ΑΡΧΕΙΑ ΤΟΥ ΚΡΑΤΟΥΣ-ΑΡΧΕΙΑ Ν. ΚΕΡΚΥΡΑΣ,,
17349,ΓΕΝΙΚΑ ΑΡΧΕΙΑ ΤΟΥ ΚΡΑΤΟΥΣ-ΤΟΠΙΚΟ ΑΡΧΕΙΟ ΠΑΞΩΝ,,
17350,ΕΙΔΙΚΟ ΕΡΓΑΣΤΗΡΙΟ ΕΠΑΓΓΕΛΜΑΤΙΚΗΣ ΕΚΠΑΙΔΕΥΣΗΣ ΚΑΙ ΚΑΤΑΡΤΙΣΗΣ ΚΕΡΚΥΡΑΣ,,
17351,ΓΡΑΦΕΙΟ ΠΕΡΙΒΑΛΛΟΝΤΙΚΗΣ ΕΚΠΑΙΔΕΥΣΗΣ ΛΕΥΚΑΔΑΣ,,
17352,ΓΡΑΦΕΙΟ ΠΕΡΙΒΑΛΛΟΝΤΙΚΗΣ ΕΚΠΑΙΔΕΥΣΗΣ ΚΕΡΚΥΡΑΣ,,
17353,ΚΕΝΤΡΟ ΔΙΑΓΝΩΣΗΣ ΑΞΙΟΛΟΓΗΣΗΣ ΚΑΙ ΥΠΟΣΤΗΡΙΞΗΣ ΑΤΟΜΩΝ ΜΕ ΕΙΔΙΚΕΣ ΕΚΠΑΙΔΕΥΤΙΚΕΣ ΑΝΑΓΚΕΣ ΚΕΡΚΥΡΑΣ,,
17354,ΠΕΡΙΦΕΡΕΙΑΚΗ ΔΙΕΥΘΥΝΣΗ ΕΚΠΑΙΔΕΥΣΗΣ ΙΟΝΙΩΝ ΝΗΣΩΝ,,
17355,ΚΟΜΒΟΣ ΔΙΑΝΟΜΗΣ ΠΣΔ ΝΟΜΟΥ ΛΕΥΚΑΔΑΣ,,
17356,ΚΟΜΒΟΣ ΔΙΑΝΟΜΗΣ ΠΣΔ ΝΟΜΟΥ ΚΕΡΚΥΡΑΣ,,
17357,ΚΕΝΤΡΟ ΕΚΠΑΙΔΕΥΣΗΣ ΕΝΗΛΙΚΩΝ ΚΕΡΚΥΡΑΣ,,
17358,ΜΕΙΟΝΟΤΙΚΟ ΣΧΟΛΕΙΟ ΠΛΑΚΑΣ,25510,96164
17359,ΜΕΙΟΝΟΤΙΚΟ ΣΧΟΛΕΙΟ 1ΟΥ ΜΙΚΡΟΥ ΚΕΧΡΟΥ,25320,61372
17360,ΜΕΙΟΝΟΤΙΚΟ ΣΧΟΛΕΙΟ 1Ο ΡΑΓΑΔΑΣ,25310,32127
17361,ΜΕΙΟΝΟΤΙΚΟ ΣΧΟΛΕΙΟ 2Ο ΡΑΓΑΔΑΣ,25310,32127
