seed,day,R_new,U_new
0,0,3.0,3.0
0,1,6.0,3.0
0,2,1.0,0.0
0,3,0.0,0.0
0,4,2.0,4.0
0,5,8.0,7.0
0,6,5.0,8.0
0,7,7.0,3.0
0,8,4.0,2.0
0,9,3.0,2.0
0,10,3.0,6.0
0,11,4.0,2.0
0,12,5.0,13.0
0,13,4.0,14.0
0,14,4.0,19.0
0,15,3.0,35.0
0,16,8.0,31.0
0,17,18.0,24.0
0,18,12.0,26.0
0,19,15.0,30.0
0,20,10.0,30.0
0,21,29.0,30.0
0,22,34.0,36.0
0,23,36.0,22.0
0,24,39.0,34.0
0,25,53.0,31.0
0,26,36.0,43.0
0,27,52.0,62.0
0,28,48.0,70.0
0,29,36.0,75.0
0,30,54.0,90.0
0,31,53.0,96.0
0,32,54.0,109.0
0,33,69.0,115.0
0,34,84.0,110.0
0,35,101.0,158.0
0,36,82.0,164.0
0,37,99.0,178.0
0,38,105.0,193.0
0,39,134.0,207.0
0,40,171.0,290.0
0,41,172.0,303.0
0,42,211.0,380.0
0,43,223.0,412.0
0,44,274.0,464.0
0,45,262.0,499.0
0,46,318.0,593.0
0,47,377.0,689.0
0,48,387.0,767.0
0,49,416.0,806.0
0,50,484.0,975.0
0,51,506.0,1017.0
0,52,567.0,1167.0
0,53,602.0,1252.0
0,54,633.0,1407.0
0,55,772.0,1393.0
0,56,832.0,1639.0
0,57,966.0,1752.0
0,58,996.0,2013.0
0,59,1180.0,2163.0
0,60,1231.0,2436.0
0,61,1412.0,2639.0
0,62,1499.0,2983.0
0,63,1656.0,3296.0
0,64,1565.0,3643.0
0,65,1864.0,3930.0
0,66,1866.0,4261.0
0,67,2041.0,4519.0
0,68,2220.0,4816.0
0,69,2395.0,5076.0
0,70,2660.0,5356.0
0,71,2903.0,5389.0
0,72,3203.0,5622.0
0,73,3329.0,5597.0
0,74,3588.0,5520.0
0,75,3745.0,5462.0
0,76,3882.0,5477.0
0,77,3882.0,5375.0
0,78,4156.0,5253.0
0,79,4336.0,4853.0
0,80,4301.0,4528.0
0,81,4429.0,4254.0
0,82,4360.0,4005.0
0,83,4719.0,3571.0
0,84,4667.0,3250.0
0,85,4704.0,2953.0
0,86,4669.0,2598.0
0,87,4542.0,2319.0
0,88,4402.0,1956.0
0,89,4233.0,1725.0
0,90,3833.0,1477.0
0,91,3713.0,1294.0
0,92,3649.0,1074.0
0,93,3252.0,993.0
0,94,3071.0,842.0
0,95,2725.0,760.0
0,96,2407.0,688.0
0,97,2274.0,620.0
0,98,1959.0,556.0
0,99,1728.0,484.0
0,100,1477.0,414.0
0,101,1329.0,378.0
0,102,1209.0,345.0
0,103,1092.0,303.0
0,104,894.0,298.0
0,105,777.0,252.0
0,106,747.0,222.0
0,107,652.0,222.0
0,108,585.0,170.0
0,109,504.0,171.0
0,110,457.0,145.0
0,111,440.0,155.0
0,112,365.0,140.0
0,113,322.0,125.0
0,114,263.0,106.0
0,115,236.0,125.0
0,116,245.0,68.0
0,117,214.0,91.0
0,118,195.0,72.0
0,119,159.0,83.0
0,120,143.0,59.0
0,121,142.0,65.0
0,122,148.0,49.0
0,123,106.0,60.0
0,124,103.0,48.0
0,125,111.0,37.0
0,126,118.0,38.0
0,127,78.0,30.0
0,128,71.0,33.0
0,129,61.0,27.0
0,130,70.0,35.0
0,131,65.0,23.0
0,132,46.0,31.0
0,133,30.0,25.0
0,134,28.0,19.0
0,135,37.0,18.0
0,136,35.0,21.0
0,137,31.0,12.0
0,138,25.0,15.0
0,139,15.0,13.0
0,140,19.0,12.0
0,141,10.0,10.0
0,142,20.0,8.0
0,143,17.0,11.0
0,144,16.0,7.0
0,145,12.0,7.0
0,146,13.0,6.0
0,147,18.0,11.0
0,148,5.0,4.0
0,149,13.0,5.0
0,150,13.0,3.0
0,151,15.0,9.0
0,152,12.0,2.0
0,153,6.0,5.0
0,154,5.0,6.0
0,155,6.0,4.0
0,156,3.0,2.0
0,157,5.0,3.0
0,158,3.0,4.0
0,159,2.0,1.0
0,160,3.0,2.0
0,161,1.0,2.0
0,162,2.0,1.0
0,163,3.0,0.0
0,164,1.0,1.0
0,165,3.0,2.0
0,166,2.0,0.0
0,167,2.0,1.0
0,168,3.0,0.0
0,169,1.0,0.0
0,170,2.0,1.0
0,171,2.0,0.0
0,172,0.0,1.0
0,173,1.0,1.0
0,174,0.0,0.0
0,175,0.0,0.0
0,176,2.0,0.0
0,177,0.0,0.0
0,178,1.0,0.0
0,179,1.0,1.0
1,0,10.0,12.0
1,1,5.0,5.0
1,2,9.0,4.0
1,3,8.0,7.0
1,4,8.0,8.0
1,5,8.0,4.0
1,6,7.0,15.0
1,7,7.0,8.0
1,8,13.0,10.0
1,9,4.0,6.0
1,10,17.0,12.0
1,11,18.0,12.0
1,12,11.0,11.0
1,13,13.0,11.0
1,14,21.0,25.0
1,15,32.0,21.0
1,16,39.0,25.0
1,17,25.0,28.0
1,18,47.0,42.0
1,19,35.0,42.0
1,20,50.0,27.0
1,21,43.0,40.0
1,22,55.0,37.0
1,23,61.0,46.0
1,24,52.0,50.0
1,25,62.0,74.0
1,26,65.0,78.0
1,27,86.0,94.0
1,28,98.0,113.0
1,29,84.0,120.0
1,30,98.0,143.0
1,31,110.0,151.0
1,32,131.0,177.0
1,33,168.0,192.0
1,34,199.0,227.0
1,35,200.0,261.0
1,36,202.0,284.0
1,37,252.0,324.0
1,38,228.0,359.0
1,39,292.0,469.0
1,40,329.0,488.0
1,41,363.0,524.0
1,42,403.0,594.0
1,43,443.0,631.0
1,44,450.0,735.0
1,45,554.0,859.0
1,46,572.0,899.0
1,47,602.0,1020.0
1,48,695.0,1154.0
1,49,753.0,1286.0
1,50,842.0,1446.0
1,51,983.0,1498.0
1,52,1034.0,1785.0
1,53,1195.0,1915.0
1,54,1157.0,2073.0
1,55,1399.0,2276.0
1,56,1439.0,2534.0
1,57,1727.0,2854.0
1,58,1782.0,3062.0
1,59,1930.0,3345.0
1,60,2219.0,3506.0
1,61,2355.0,3986.0
1,62,2542.0,4179.0
1,63,2759.0,4283.0
1,64,3018.0,4624.0
1,65,3187.0,5022.0
1,66,3485.0,5011.0
1,67,3730.0,5304.0
1,68,3820.0,5304.0
1,69,4079.0,5442.0
1,70,4220.0,5509.0
1,71,4316.0,5477.0
1,72,4533.0,5392.0
1,73,4562.0,5329.0
1,74,4824.0,5220.0
1,75,4629.0,5004.0
1,76,4930.0,4534.0
1,77,4761.0,4220.0
1,78,4888.0,4019.0
1,79,4810.0,3636.0
1,80,4645.0,3277.0
1,81,4399.0,3058.0
1,82,4136.0,2648.0
1,83,3877.0,2346.0
1,84,3643.0,2035.0
1,85,3220.0,1750.0
1,86,3082.0,1429.0
1,87,2784.0,1292.0
1,88,2661.0,1094.0
1,89,2383.0,959.0
1,90,2180.0,837.0
1,91,1987.0,786.0
1,92,1670.0,673.0
1,93,1540.0,623.0
1,94,1354.0,536.0
1,95,1171.0,454.0
1,96,1036.0,426.0
1,97,903.0,392.0
1,98,751.0,322.0
1,99,663.0,273.0
1,100,562.0,288.0
1,101,522.0,253.0
1,102,447.0,244.0
1,103,439.0,238.0
1,104,396.0,178.0
1,105,351.0,180.0
1,106,334.0,151.0
1,107,281.0,139.0
1,108,248.0,147.0
1,109,241.0,131.0
1,110,202.0,113.0
1,111,169.0,104.0
1,112,159.0,98.0
1,113,152.0,94.0
1,114,145.0,74.0
1,115,93.0,93.0
1,116,101.0,68.0
1,117,99.0,62.0
1,118,92.0,68.0
1,119,81.0,56.0
1,120,70.0,43.0
1,121,66.0,53.0
1,122,70.0,33.0
1,123,57.0,37.0
1,124,43.0,30.0
1,125,43.0,29.0
1,126,44.0,26.0
1,127,51.0,26.0
1,128,30.0,31.0
1,129,24.0,20.0
1,130,33.0,17.0
1,131,22.0,19.0
1,132,18.0,16.0
1,133,24.0,12.0
1,134,25.0,19.0
1,135,18.0,9.0
1,136,18.0,6.0
1,137,22.0,8.0
1,138,17.0,2.0
1,139,10.0,7.0
1,140,21.0,9.0
1,141,7.0,6.0
1,142,8.0,4.0
1,143,10.0,4.0
1,144,14.0,3.0
1,145,8.0,5.0
1,146,9.0,10.0
1,147,9.0,4.0
1,148,8.0,3.0
1,149,8.0,6.0
1,150,8.0,2.0
1,151,4.0,6.0
1,152,4.0,1.0
1,153,1.0,6.0
1,154,4.0,3.0
1,155,0.0,1.0
1,156,3.0,2.0
1,157,3.0,2.0
1,158,5.0,4.0
1,159,2.0,2.0
1,160,1.0,1.0
1,161,1.0,0.0
1,162,2.0,1.0
1,163,2.0,1.0
1,164,0.0,3.0
1,165,2.0,0.0
1,166,2.0,3.0
1,167,0.0,1.0
1,168,1.0,0.0
1,169,0.0,1.0
1,170,0.0,0.0
1,171,1.0,0.0
1,172,0.0,2.0
1,173,0.0,0.0
1,174,3.0,0.0
1,175,0.0,0.0
1,176,1.0,0.0
1,177,1.0,0.0
1,178,1.0,0.0
1,179,1.0,1.0
2,0,9.0,9.0
2,1,4.0,3.0
2,2,10.0,7.0
2,3,8.0,10.0
2,4,11.0,8.0
2,5,15.0,14.0
2,6,13.0,5.0
2,7,17.0,7.0
2,8,10.0,8.0
2,9,13.0,5.0
2,10,22.0,8.0
2,11,13.0,12.0
2,12,28.0,18.0
2,13,26.0,25.0
2,14,31.0,12.0
2,15,37.0,19.0
2,16,49.0,30.0
2,17,27.0,22.0
2,18,37.0,21.0
2,19,53.0,29.0
2,20,59.0,34.0
2,21,52.0,41.0
2,22,70.0,63.0
2,23,71.0,48.0
2,24,104.0,62.0
2,25,86.0,96.0
2,26,130.0,88.0
2,27,123.0,84.0
2,28,138.0,92.0
2,29,170.0,124.0
2,30,173.0,154.0
2,31,175.0,165.0
2,32,206.0,161.0
2,33,224.0,218.0
2,34,243.0,194.0
2,35,289.0,232.0
2,36,260.0,269.0
2,37,373.0,274.0
2,38,400.0,318.0
2,39,418.0,367.0
2,40,429.0,381.0
2,41,494.0,442.0
2,42,567.0,491.0
2,43,611.0,583.0
2,44,710.0,628.0
2,45,714.0,783.0
2,46,844.0,845.0
2,47,969.0,987.0
2,48,985.0,1100.0
2,49,1112.0,1197.0
2,50,1192.0,1372.0
2,51,1337.0,1497.0
2,52,1424.0,1773.0
2,53,1588.0,1902.0
2,54,1725.0,2079.0
2,55,1860.0,2309.0
2,56,2129.0,2487.0
2,57,2279.0,2710.0
2,58,2471.0,3002.0
2,59,2761.0,3168.0
2,60,3039.0,3460.0
2,61,3058.0,3772.0
2,62,3195.0,4053.0
2,63,3436.0,4441.0
2,64,3608.0,4700.0
2,65,3877.0,4820.0
2,66,4054.0,5039.0
2,67,4369.0,5286.0
2,68,4509.0,5338.0
2,69,4711.0,5584.0
2,70,4605.0,5814.0
2,71,4707.0,5565.0
2,72,4773.0,5633.0
2,73,4857.0,5493.0
2,74,4769.0,5370.0
2,75,4763.0,4997.0
2,76,4735.0,4762.0
2,77,4622.0,4324.0
2,78,4266.0,4058.0
2,79,4124.0,3739.0
2,80,3753.0,3256.0
2,81,3793.0,2881.0
2,82,3340.0,2644.0
2,83,3031.0,2396.0
2,84,2838.0,2036.0
2,85,2390.0,1710.0
2,86,2220.0,1461.0
2,87,1936.0,1370.0
2,88,1742.0,1160.0
2,89,1487.0,980.0
2,90,1280.0,894.0
2,91,1175.0,795.0
2,92,1074.0,696.0
2,93,860.0,630.0
2,94,838.0,554.0
2,95,739.0,530.0
2,96,617.0,446.0
2,97,546.0,392.0
2,98,484.0,325.0
2,99,462.0,353.0
2,100,358.0,294.0
2,101,350.0,268.0
2,102,296.0,229.0
2,103,262.0,214.0
2,104,251.0,189.0
2,105,235.0,193.0
2,106,210.0,195.0
2,107,162.0,173.0
2,108,170.0,144.0
2,109,142.0,154.0
2,110,134.0,107.0
2,111,124.0,83.0
2,112,109.0,101.0
2,113,101.0,77.0
2,114,89.0,91.0
2,115,83.0,92.0
2,116,96.0,71.0
2,117,69.0,48.0
2,118,59.0,59.0
2,119,63.0,45.0
2,120,51.0,52.0
2,121,42.0,42.0
2,122,42.0,35.0
2,123,50.0,34.0
2,124,38.0,31.0
2,125,28.0,33.0
2,126,36.0,28.0
2,127,36.0,26.0
2,128,28.0,17.0
2,129,29.0,19.0
2,130,21.0,21.0
2,131,21.0,21.0
2,132,19.0,17.0
2,133,18.0,15.0
2,134,15.0,10.0
2,135,15.0,9.0
2,136,9.0,10.0
2,137,15.0,10.0
2,138,10.0,9.0
2,139,18.0,8.0
2,140,12.0,6.0
2,141,7.0,5.0
2,142,7.0,9.0
2,143,8.0,4.0
2,144,6.0,5.0
2,145,7.0,6.0
2,146,3.0,4.0
2,147,6.0,2.0
2,148,2.0,4.0
2,149,4.0,2.0
2,150,3.0,1.0
2,151,3.0,2.0
2,152,5.0,5.0
2,153,4.0,1.0
2,154,1.0,1.0
2,155,3.0,2.0
2,156,2.0,5.0
2,157,1.0,2.0
2,158,2.0,6.0
2,159,0.0,3.0
2,160,0.0,3.0
2,161,1.0,0.0
2,162,0.0,1.0
2,163,0.0,1.0
2,164,0.0,0.0
2,165,1.0,1.0
2,166,2.0,1.0
2,167,1.0,0.0
2,168,1.0,2.0
2,169,0.0,0.0
2,170,0.0,0.0
2,171,0.0,0.0
2,172,0.0,0.0
2,173,0.0,1.0
2,174,0.0,0.0
2,175,1.0,0.0
2,176,0.0,0.0
2,177,0.0,0.0
2,178,0.0,1.0
2,179,0.0,0.0
3,0,9.0,10.0
3,1,9.0,9.0
3,2,3.0,5.0
3,3,9.0,21.0
3,4,8.0,14.0
3,5,18.0,10.0
3,6,6.0,15.0
3,7,13.0,14.0
3,8,16.0,7.0
3,9,8.0,10.0
3,10,3.0,4.0
3,11,6.0,13.0
3,12,7.0,6.0
3,13,11.0,22.0
3,14,21.0,18.0
3,15,15.0,24.0
3,16,35.0,27.0
3,17,35.0,28.0
3,18,31.0,21.0
3,19,40.0,27.0
3,20,63.0,37.0
3,21,48.0,47.0
3,22,55.0,51.0
3,23,64.0,61.0
3,24,74.0,105.0
3,25,98.0,100.0
3,26,88.0,118.0
3,27,86.0,128.0
3,28,106.0,111.0
3,29,105.0,125.0
3,30,122.0,123.0
3,31,129.0,155.0
3,32,123.0,167.0
3,33,116.0,190.0
3,34,138.0,236.0
3,35,186.0,246.0
3,36,187.0,286.0
3,37,248.0,302.0
3,38,242.0,368.0
3,39,296.0,353.0
3,40,283.0,390.0
3,41,358.0,510.0
3,42,419.0,556.0
3,43,476.0,652.0
3,44,474.0,770.0
3,45,507.0,802.0
3,46,624.0,968.0
3,47,592.0,1076.0
3,48,656.0,1205.0
3,49,734.0,1375.0
3,50,870.0,1463.0
3,51,850.0,1661.0
3,52,1019.0,1770.0
3,53,1105.0,2013.0
3,54,1197.0,2128.0
3,55,1329.0,2477.0
3,56,1416.0,2691.0
3,57,1526.0,2849.0
3,58,1630.0,3160.0
3,59,1789.0,3175.0
3,60,1960.0,3567.0
3,61,2141.0,3740.0
3,62,2271.0,4107.0
3,63,2521.0,4444.0
3,64,2821.0,4584.0
3,65,2916.0,4896.0
3,66,3130.0,5022.0
3,67,3235.0,5080.0
3,68,3551.0,5229.0
3,69,3683.0,5461.0
3,70,3917.0,5317.0
3,71,4077.0,5287.0
3,72,4244.0,5417.0
3,73,4318.0,5347.0
3,74,4451.0,5202.0
3,75,4688.0,4906.0
3,76,4903.0,4759.0
3,77,4829.0,4394.0
3,78,4821.0,4079.0
3,79,4815.0,3621.0
3,80,4729.0,3386.0
3,81,4653.0,2902.0
3,82,4320.0,2593.0
3,83,4326.0,2258.0
3,84,3933.0,1987.0
3,85,3683.0,1711.0
3,86,3609.0,1482.0
3,87,3250.0,1344.0
3,88,2959.0,1142.0
3,89,2607.0,977.0
3,90,2350.0,885.0
3,91,2140.0,771.0
3,92,1806.0,676.0
3,93,1574.0,635.0
3,94,1432.0,557.0
3,95,1227.0,482.0
3,96,1088.0,406.0
3,97,964.0,383.0
3,98,862.0,364.0
3,99,742.0,309.0
3,100,671.0,285.0
3,101,562.0,252.0
3,102,497.0,249.0
3,103,468.0,224.0
3,104,438.0,207.0
3,105,391.0,202.0
3,106,331.0,168.0
3,107,338.0,161.0
3,108,295.0,142.0
3,109,282.0,122.0
3,110,242.0,112.0
3,111,177.0,97.0
3,112,202.0,89.0
3,113,163.0,94.0
3,114,152.0,80.0
3,115,127.0,80.0
3,116,99.0,57.0
3,117,122.0,61.0
3,118,122.0,60.0
3,119,88.0,42.0
3,120,93.0,48.0
3,121,86.0,47.0
3,122,76.0,31.0
3,123,72.0,42.0
3,124,54.0,30.0
3,125,52.0,21.0
3,126,48.0,29.0
3,127,55.0,25.0
3,128,39.0,19.0
3,129,39.0,17.0
3,130,20.0,16.0
3,131,28.0,16.0
3,132,26.0,16.0
3,133,29.0,15.0
3,134,29.0,9.0
3,135,29.0,9.0
3,136,17.0,14.0
3,137,16.0,13.0
3,138,24.0,4.0
3,139,8.0,8.0
3,140,11.0,7.0
3,141,13.0,4.0
3,142,10.0,8.0
3,143,6.0,5.0
3,144,8.0,6.0
3,145,11.0,7.0
3,146,8.0,4.0
3,147,2.0,3.0
3,148,9.0,3.0
3,149,4.0,2.0
3,150,3.0,3.0
3,151,1.0,1.0
3,152,3.0,1.0
3,153,5.0,1.0
3,154,4.0,2.0
3,155,5.0,3.0
3,156,1.0,1.0
3,157,2.0,0.0
3,158,1.0,2.0
3,159,0.0,2.0
3,160,2.0,1.0
3,161,1.0,4.0
3,162,1.0,2.0
3,163,3.0,3.0
3,164,1.0,1.0
3,165,0.0,1.0
3,166,1.0,1.0
3,167,3.0,1.0
3,168,1.0,0.0
3,169,1.0,0.0
3,170,0.0,0.0
3,171,0.0,0.0
3,172,0.0,0.0
3,173,0.0,0.0
3,174,1.0,0.0
3,175,1.0,0.0
3,176,1.0,0.0
3,177,0.0,0.0
3,178,0.0,0.0
3,179,0.0,1.0
4,0,6.0,5.0
4,1,5.0,1.0
4,2,8.0,8.0
4,3,6.0,7.0
4,4,5.0,7.0
4,5,5.0,4.0
4,6,8.0,4.0
4,7,9.0,7.0
4,8,11.0,7.0
4,9,11.0,8.0
4,10,8.0,5.0
4,11,16.0,9.0
4,12,18.0,11.0
4,13,17.0,12.0
4,14,23.0,10.0
4,15,32.0,15.0
4,16,36.0,11.0
4,17,40.0,11.0
4,18,26.0,16.0
4,19,30.0,33.0
4,20,34.0,27.0
4,21,45.0,23.0
4,22,57.0,37.0
4,23,64.0,33.0
4,24,85.0,43.0
4,25,73.0,48.0
4,26,107.0,70.0
4,27,93.0,73.0
4,28,113.0,72.0
4,29,136.0,79.0
4,30,141.0,103.0
4,31,165.0,101.0
4,32,181.0,124.0
4,33,217.0,146.0
4,34,223.0,150.0
4,35,242.0,140.0
4,36,291.0,223.0
4,37,323.0,166.0
4,38,379.0,207.0
4,39,422.0,272.0
4,40,436.0,243.0
4,41,495.0,291.0
4,42,520.0,306.0
4,43,577.0,378.0
4,44,650.0,466.0
4,45,698.0,619.0
4,46,735.0,554.0
4,47,816.0,759.0
4,48,900.0,755.0
4,49,987.0,890.0
4,50,1114.0,992.0
4,51,1197.0,1063.0
4,52,1277.0,1287.0
4,53,1517.0,1362.0
4,54,1566.0,1476.0
4,55,1752.0,1706.0
4,56,1855.0,1848.0
4,57,1982.0,1935.0
4,58,2193.0,1996.0
4,59,2338.0,2339.0
4,60,2418.0,2583.0
4,61,2651.0,2848.0
4,62,2799.0,3228.0
4,63,3020.0,3530.0
4,64,3191.0,3772.0
4,65,3337.0,4036.0
4,66,3597.0,4443.0
4,67,3877.0,4572.0
4,68,4068.0,4908.0
4,69,4183.0,5238.0
4,70,4493.0,5257.0
4,71,4570.0,5330.0
4,72,4664.0,5414.0
4,73,4689.0,5605.0
4,74,4735.0,5530.0
4,75,4717.0,5392.0
4,76,4732.0,5532.0
4,77,4741.0,5332.0
4,78,4500.0,4952.0
4,79,4230.0,4767.0
4,80,4143.0,4389.0
4,81,4087.0,4017.0
4,82,3765.0,3693.0
4,83,3528.0,3387.0
4,84,3270.0,2987.0
4,85,3087.0,2562.0
4,86,2738.0,2388.0
4,87,2422.0,2206.0
4,88,2158.0,1875.0
4,89,1928.0,1635.0
4,90,1773.0,1483.0
4,91,1442.0,1245.0
4,92,1257.0,1083.0
4,93,1187.0,950.0
4,94,1024.0,823.0
4,95,916.0,751.0
4,96,887.0,668.0
4,97,704.0,559.0
4,98,656.0,504.0
4,99,585.0,441.0
4,100,457.0,379.0
4,101,442.0,369.0
4,102,385.0,335.0
4,103,314.0,292.0
4,104,314.0,295.0
4,105,283.0,256.0
4,106,225.0,244.0
4,107,202.0,219.0
4,108,233.0,196.0
4,109,187.0,196.0
4,110,156.0,167.0
4,111,126.0,145.0
4,112,151.0,130.0
4,113,130.0,113.0
4,114,96.0,95.0
4,115,97.0,89.0
4,116,91.0,94.0
4,117,75.0,72.0
4,118,79.0,71.0
4,119,73.0,74.0
4,120,64.0,61.0
4,121,49.0,51.0
4,122,67.0,41.0
4,123,57.0,48.0
4,124,45.0,45.0
4,125,34.0,38.0
4,126,36.0,33.0
4,127,31.0,30.0
4,128,39.0,32.0
4,129,20.0,25.0
4,130,14.0,26.0
4,131,20.0,19.0
4,132,25.0,21.0
4,133,21.0,14.0
4,134,12.0,27.0
4,135,13.0,12.0
4,136,14.0,11.0
4,137,13.0,17.0
4,138,14.0,11.0
4,139,14.0,8.0
4,140,10.0,5.0
4,141,7.0,13.0
4,142,9.0,10.0
4,143,10.0,9.0
4,144,5.0,5.0
4,145,6.0,5.0
4,146,7.0,5.0
4,147,9.0,7.0
4,148,7.0,6.0
4,149,2.0,4.0
4,150,2.0,3.0
4,151,1.0,2.0
4,152,3.0,7.0
4,153,3.0,4.0
4,154,1.0,2.0
4,155,2.0,1.0
4,156,0.0,2.0
4,157,3.0,3.0
4,158,2.0,3.0
4,159,3.0,4.0
4,160,1.0,1.0
4,161,1.0,1.0
4,162,2.0,3.0
4,163,0.0,2.0
4,164,2.0,2.0
4,165,0.0,0.0
4,166,1.0,0.0
4,167,0.0,0.0
4,168,3.0,1.0
4,169,2.0,0.0
4,170,0.0,0.0
4,171,0.0,0.0
4,172,0.0,1.0
4,173,1.0,0.0
4,174,0.0,0.0
4,175,0.0,0.0
4,176,0.0,1.0
4,177,0.0,0.0
4,178,0.0,0.0
4,179,0.0,1.0
5,0,6.0,2.0
5,1,3.0,1.0
5,2,7.0,2.0
5,3,3.0,1.0
5,4,5.0,4.0
5,5,7.0,2.0
5,6,7.0,7.0
5,7,13.0,4.0
5,8,9.0,5.0
5,9,5.0,11.0
5,10,8.0,6.0
5,11,4.0,10.0
5,12,15.0,11.0
5,13,11.0,8.0
5,14,24.0,8.0
5,15,25.0,10.0
5,16,23.0,9.0
5,17,23.0,11.0
5,18,11.0,20.0
5,19,17.0,8.0
5,20,10.0,13.0
5,21,31.0,20.0
5,22,23.0,27.0
5,23,29.0,18.0
5,24,23.0,28.0
5,25,36.0,27.0
5,26,41.0,45.0
5,27,49.0,43.0
5,28,65.0,49.0
5,29,61.0,49.0
5,30,70.0,70.0
5,31,93.0,71.0
5,32,104.0,107.0
5,33,107.0,97.0
5,34,130.0,120.0
5,35,158.0,148.0
5,36,155.0,206.0
5,37,132.0,223.0
5,38,208.0,233.0
5,39,162.0,221.0
5,40,255.0,274.0
5,41,248.0,326.0
5,42,322.0,329.0
5,43,350.0,361.0
5,44,365.0,405.0
5,45,456.0,474.0
5,46,465.0,517.0
5,47,560.0,590.0
5,48,547.0,586.0
5,49,600.0,703.0
5,50,662.0,868.0
5,51,711.0,849.0
5,52,799.0,1031.0
5,53,858.0,1100.0
5,54,909.0,1279.0
5,55,1010.0,1401.0
5,56,1086.0,1541.0
5,57,1307.0,1817.0
5,58,1312.0,2006.0
5,59,1551.0,2124.0
5,60,1602.0,2248.0
5,61,1717.0,2382.0
5,62,1845.0,2624.0
5,63,1937.0,2854.0
5,64,2232.0,3100.0
5,65,2406.0,3427.0
5,66,2531.0,3761.0
5,67,2839.0,3901.0
5,68,3095.0,4275.0
5,69,3297.0,4374.0
5,70,3594.0,4940.0
5,71,3796.0,4985.0
5,72,3900.0,5325.0
5,73,4061.0,5474.0
5,74,4102.0,5568.0
5,75,4339.0,5557.0
5,76,4430.0,5594.0
5,77,4553.0,5247.0
5,78,4713.0,5339.0
5,79,4869.0,5125.0
5,80,4910.0,4832.0
5,81,4801.0,4697.0
5,82,4647.0,4546.0
5,83,4574.0,4070.0
5,84,4576.0,3766.0
5,85,4411.0,3405.0
5,86,4041.0,2960.0
5,87,3835.0,2698.0
5,88,3410.0,2297.0
5,89,3338.0,2089.0
5,90,2973.0,1855.0
5,91,2796.0,1638.0
5,92,2393.0,1425.0
5,93,2230.0,1280.0
5,94,1978.0,1006.0
5,95,1820.0,850.0
5,96,1602.0,779.0
5,97,1339.0,631.0
5,98,1251.0,615.0
5,99,1076.0,530.0
5,100,930.0,499.0
5,101,841.0,460.0
5,102,752.0,410.0
5,103,663.0,380.0
5,104,552.0,351.0
5,105,469.0,290.0
5,106,467.0,280.0
5,107,379.0,271.0
5,108,361.0,241.0
5,109,319.0,213.0
5,110,264.0,208.0
5,111,239.0,180.0
5,112,244.0,169.0
5,113,185.0,124.0
5,114,189.0,114.0
5,115,166.0,105.0
5,116,159.0,115.0
5,117,152.0,85.0
5,118,131.0,106.0
5,119,122.0,93.0
5,120,123.0,72.0
5,121,99.0,67.0
5,122,97.0,69.0
5,123,96.0,50.0
5,124,73.0,46.0
5,125,77.0,33.0
5,126,58.0,45.0
5,127,64.0,48.0
5,128,73.0,40.0
5,129,57.0,51.0
5,130,51.0,42.0
5,131,58.0,36.0
5,132,38.0,32.0
5,133,27.0,25.0
5,134,41.0,19.0
5,135,31.0,20.0
5,136,27.0,22.0
5,137,20.0,11.0
5,138,22.0,10.0
5,139,28.0,10.0
5,140,27.0,15.0
5,141,19.0,14.0
5,142,23.0,4.0
5,143,14.0,17.0
5,144,17.0,12.0
5,145,20.0,7.0
5,146,12.0,5.0
5,147,15.0,7.0
5,148,11.0,2.0
5,149,6.0,4.0
5,150,5.0,1.0
5,151,4.0,3.0
5,152,8.0,2.0
5,153,9.0,3.0
5,154,6.0,0.0
5,155,1.0,2.0
5,156,3.0,2.0
5,157,4.0,3.0
5,158,5.0,0.0
5,159,2.0,2.0
5,160,4.0,0.0
5,161,4.0,0.0
5,162,4.0,1.0
5,163,3.0,2.0
5,164,1.0,2.0
5,165,4.0,1.0
5,166,3.0,1.0
5,167,5.0,1.0
5,168,4.0,2.0
5,169,1.0,0.0
5,170,0.0,0.0
5,171,5.0,0.0
5,172,1.0,0.0
5,173,1.0,0.0
5,174,3.0,0.0
5,175,0.0,1.0
5,176,1.0,0.0
5,177,1.0,1.0
5,178,2.0,0.0
5,179,0.0,0.0
6,0,18.0,11.0
6,1,6.0,3.0
6,2,17.0,9.0
6,3,17.0,9.0
6,4,17.0,17.0
6,5,20.0,12.0
6,6,10.0,19.0
6,7,7.0,22.0
6,8,5.0,13.0
6,9,7.0,8.0
6,10,5.0,11.0
6,11,9.0,16.0
6,12,11.0,20.0
6,13,16.0,18.0
6,14,16.0,19.0
6,15,11.0,31.0
6,16,27.0,15.0
6,17,22.0,26.0
6,18,31.0,26.0
6,19,38.0,30.0
6,20,31.0,32.0
6,21,40.0,41.0
6,22,45.0,51.0
6,23,43.0,49.0
6,24,43.0,60.0
6,25,36.0,69.0
6,26,50.0,74.0
6,27,70.0,86.0
6,28,58.0,90.0
6,29,63.0,124.0
6,30,108.0,135.0
6,31,86.0,147.0
6,32,132.0,165.0
6,33,139.0,211.0
6,34,122.0,204.0
6,35,187.0,210.0
6,36,161.0,247.0
6,37,220.0,312.0
6,38,212.0,340.0
6,39,254.0,330.0
6,40,291.0,415.0
6,41,308.0,471.0
6,42,307.0,500.0
6,43,320.0,592.0
6,44,351.0,685.0
6,45,391.0,828.0
6,46,458.0,874.0
6,47,490.0,970.0
6,48,513.0,1013.0
6,49,639.0,1201.0
6,50,712.0,1293.0
6,51,779.0,1398.0
6,52,774.0,1538.0
6,53,862.0,1667.0
6,54,968.0,1931.0
6,55,1047.0,2079.0
6,56,1093.0,2455.0
6,57,1209.0,2635.0
6,58,1411.0,2945.0
6,59,1526.0,3182.0
6,60,1672.0,3502.0
6,61,1750.0,3781.0
6,62,1877.0,3925.0
6,63,2000.0,4134.0
6,64,2235.0,4292.0
6,65,2292.0,4505.0
6,66,2635.0,4889.0
6,67,2615.0,5080.0
6,68,2970.0,5343.0
6,69,3056.0,5450.0
6,70,3240.0,5619.0
6,71,3510.0,5711.0
6,72,3678.0,5593.0
6,73,3853.0,5499.0
6,74,4101.0,5453.0
6,75,4196.0,5069.0
6,76,4209.0,4779.0
6,77,4345.0,4530.0
6,78,4440.0,4167.0
6,79,4406.0,3930.0
6,80,4645.0,3640.0
6,81,4625.0,3220.0
6,82,4543.0,2867.0
6,83,4482.0,2615.0
6,84,4390.0,2179.0
6,85,4274.0,1934.0
6,86,3948.0,1693.0
6,87,4027.0,1358.0
6,88,3702.0,1237.0
6,89,3388.0,1053.0
6,90,3210.0,897.0
6,91,3016.0,805.0
6,92,2749.0,796.0
6,93,2339.0,651.0
6,94,2207.0,545.0
6,95,2014.0,553.0
6,96,1715.0,465.0
6,97,1538.0,422.0
6,98,1341.0,371.0
6,99,1138.0,325.0
6,100,1034.0,351.0
6,101,969.0,251.0
6,102,803.0,262.0
6,103,720.0,224.0
6,104,679.0,197.0
6,105,588.0,193.0
6,106,506.0,191.0
6,107,416.0,165.0
6,108,371.0,153.0
6,109,296.0,124.0
6,110,310.0,118.0
6,111,291.0,142.0
6,112,289.0,90.0
6,113,229.0,107.0
6,114,229.0,83.0
6,115,176.0,72.0
6,116,174.0,67.0
6,117,149.0,63.0
6,118,126.0,54.0
6,119,129.0,55.0
6,120,109.0,36.0
6,121,136.0,47.0
6,122,105.0,42.0
6,123,88.0,36.0
6,124,89.0,35.0
6,125,80.0,26.0
6,126,76.0,42.0
6,127,54.0,23.0
6,128,61.0,28.0
6,129,61.0,17.0
6,130,54.0,23.0
6,131,53.0,22.0
6,132,40.0,17.0
6,133,42.0,18.0
6,134,27.0,9.0
6,135,26.0,10.0
6,136,26.0,12.0
6,137,25.0,11.0
6,138,27.0,9.0
6,139,17.0,8.0
6,140,24.0,13.0
6,141,12.0,3.0
6,142,15.0,3.0
6,143,12.0,4.0
6,144,11.0,10.0
6,145,10.0,4.0
6,146,9.0,5.0
6,147,7.0,5.0
6,148,8.0,6.0
6,149,6.0,2.0
6,150,7.0,5.0
6,151,7.0,5.0
6,152,6.0,4.0
6,153,6.0,3.0
6,154,6.0,4.0
6,155,5.0,2.0
6,156,5.0,4.0
6,157,6.0,0.0
6,158,5.0,1.0
6,159,5.0,2.0
6,160,1.0,2.0
6,161,3.0,1.0
6,162,1.0,2.0
6,163,3.0,0.0
6,164,2.0,0.0
6,165,3.0,1.0
6,166,3.0,0.0
6,167,0.0,0.0
6,168,1.0,1.0
6,169,3.0,0.0
6,170,2.0,0.0
6,171,2.0,3.0
6,172,0.0,0.0
6,173,3.0,1.0
6,174,2.0,0.0
6,175,1.0,1.0
6,176,2.0,0.0
6,177,2.0,2.0
6,178,0.0,0.0
6,179,1.0,1.0
7,0,5.0,5.0
7,1,4.0,10.0
7,2,8.0,7.0
7,3,11.0,10.0
7,4,15.0,15.0
7,5,9.0,11.0
7,6,14.0,25.0
7,7,11.0,16.0
7,8,26.0,17.0
7,9,15.0,26.0
7,10,18.0,20.0
7,11,13.0,22.0
7,12,19.0,29.0
7,13,28.0,20.0
7,14,27.0,47.0
7,15,35.0,23.0
7,16,51.0,43.0
7,17,47.0,49.0
7,18,50.0,51.0
7,19,53.0,49.0
7,20,64.0,52.0
7,21,50.0,65.0
7,22,73.0,63.0
7,23,79.0,59.0
7,24,91.0,76.0
7,25,103.0,75.0
7,26,108.0,91.0
7,27,114.0,72.0
7,28,145.0,114.0
7,29,146.0,131.0
7,30,166.0,177.0
7,31,178.0,190.0
7,32,247.0,248.0
7,33,239.0,248.0
7,34,250.0,327.0
7,35,282.0,310.0
7,36,325.0,345.0
7,37,390.0,400.0
7,38,432.0,467.0
7,39,452.0,541.0
7,40,538.0,513.0
7,41,521.0,610.0
7,42,602.0,660.0
7,43,632.0,797.0
7,44,695.0,855.0
7,45,723.0,996.0
7,46,841.0,1085.0
7,47,910.0,1267.0
7,48,985.0,1418.0
7,49,1087.0,1619.0
7,50,1122.0,1786.0
7,51,1284.0,1977.0
7,52,1442.0,2189.0
7,53,1579.0,2445.0
7,54,1740.0,2585.0
7,55,1872.0,2790.0
7,56,2105.0,2966.0
7,57,2160.0,3275.0
7,58,2386.0,3440.0
7,59,2611.0,3812.0
7,60,2781.0,4092.0
7,61,2837.0,4420.0
7,62,3138.0,4715.0
7,63,3277.0,5006.0
7,64,3566.0,5160.0
7,65,3814.0,5313.0
7,66,3863.0,5362.0
7,67,4113.0,5438.0
7,68,4295.0,5521.0
7,69,4322.0,5532.0
7,70,4460.0,5524.0
7,71,4622.0,5165.0
7,72,4731.0,5051.0
7,73,4619.0,4744.0
7,74,4777.0,4563.0
7,75,4543.0,4303.0
7,76,4421.0,3927.0
7,77,4410.0,3609.0
7,78,4293.0,3317.0
7,79,4026.0,2962.0
7,80,3771.0,2605.0
7,81,3588.0,2318.0
7,82,3462.0,2158.0
7,83,3158.0,1732.0
7,84,2856.0,1580.0
7,85,2652.0,1368.0
7,86,2476.0,1148.0
7,87,2196.0,1000.0
7,88,1972.0,878.0
7,89,1750.0,824.0
7,90,1507.0,693.0
7,91,1286.0,633.0
7,92,1168.0,523.0
7,93,1043.0,506.0
7,94,894.0,414.0
7,95,771.0,398.0
7,96,751.0,363.0
7,97,610.0,335.0
7,98,573.0,292.0
7,99,499.0,268.0
7,100,443.0,263.0
7,101,369.0,220.0
7,102,376.0,201.0
7,103,314.0,198.0
7,104,332.0,162.0
7,105,257.0,154.0
7,106,247.0,141.0
7,107,227.0,133.0
7,108,197.0,109.0
7,109,180.0,94.0
7,110,155.0,92.0
7,111,147.0,102.0
7,112,134.0,80.0
7,113,98.0,66.0
7,114,118.0,71.0
7,115,97.0,48.0
7,116,84.0,69.0
7,117,81.0,66.0
7,118,74.0,37.0
7,119,73.0,45.0
7,120,48.0,39.0
7,121,56.0,37.0
7,122,48.0,27.0
7,123,44.0,28.0
7,124,34.0,24.0
7,125,30.0,20.0
7,126,31.0,19.0
7,127,32.0,14.0
7,128,21.0,15.0
7,129,21.0,16.0
7,130,26.0,18.0
7,131,19.0,13.0
7,132,11.0,14.0
7,133,17.0,8.0
7,134,18.0,7.0
7,135,24.0,15.0
7,136,16.0,7.0
7,137,15.0,5.0
7,138,17.0,8.0
7,139,12.0,7.0
7,140,2.0,10.0
7,141,5.0,6.0
7,142,8.0,6.0
7,143,5.0,8.0
7,144,7.0,3.0
7,145,5.0,2.0
7,146,6.0,3.0
7,147,3.0,2.0
7,148,4.0,2.0
7,149,4.0,2.0
7,150,2.0,1.0
7,151,1.0,3.0
7,152,4.0,0.0
7,153,1.0,2.0
7,154,2.0,1.0
7,155,5.0,0.0
7,156,2.0,1.0
7,157,2.0,1.0
7,158,2.0,0.0
7,159,3.0,0.0
7,160,1.0,1.0
7,161,1.0,1.0
7,162,2.0,1.0
7,163,3.0,1.0
7,164,1.0,0.0
7,165,3.0,1.0
7,166,1.0,0.0
7,167,2.0,0.0
7,168,1.0,0.0
7,169,0.0,1.0
7,170,0.0,0.0
7,171,2.0,1.0
7,172,1.0,0.0
7,173,0.0,0.0
7,174,2.0,0.0
7,175,2.0,0.0
7,176,0.0,0.0
7,177,0.0,0.0
7,178,0.0,1.0
7,179,2.0,0.0
8,0,7.0,7.0
8,1,7.0,5.0
8,2,6.0,9.0
8,3,19.0,2.0
8,4,13.0,7.0
8,5,12.0,9.0
8,6,25.0,20.0
8,7,16.0,13.0
8,8,19.0,12.0
8,9,13.0,15.0
8,10,12.0,15.0
8,11,27.0,16.0
8,12,18.0,20.0
8,13,29.0,20.0
8,14,33.0,18.0
8,15,38.0,19.0
8,16,48.0,26.0
8,17,38.0,33.0
8,18,60.0,20.0
8,19,57.0,24.0
8,20,67.0,36.0
8,21,73.0,42.0
8,22,85.0,40.0
8,23,97.0,62.0
8,24,111.0,89.0
8,25,106.0,88.0
8,26,123.0,118.0
8,27,120.0,140.0
8,28,123.0,144.0
8,29,161.0,143.0
8,30,165.0,154.0
8,31,222.0,179.0
8,32,202.0,186.0
8,33,268.0,191.0
8,34,297.0,240.0
8,35,341.0,268.0
8,36,351.0,297.0
8,37,386.0,352.0
8,38,453.0,387.0
8,39,420.0,459.0
8,40,496.0,473.0
8,41,608.0,575.0
8,42,530.0,628.0
8,43,639.0,671.0
8,44,569.0,770.0
8,45,612.0,821.0
8,46,813.0,975.0
8,47,839.0,1148.0
8,48,929.0,1207.0
8,49,1041.0,1422.0
8,50,1272.0,1599.0
8,51,1405.0,1792.0
8,52,1492.0,1965.0
8,53,1656.0,1949.0
8,54,1836.0,2259.0
8,55,1850.0,2375.0
8,56,2121.0,2661.0
8,57,2132.0,3032.0
8,58,2379.0,3173.0
8,59,2511.0,3329.0
8,60,2712.0,3690.0
8,61,2849.0,3945.0
8,62,3109.0,4299.0
8,63,3462.0,4493.0
8,64,3638.0,4859.0
8,65,3836.0,5061.0
8,66,3974.0,5209.0
8,67,4239.0,5539.0
8,68,4356.0,5590.0
8,69,4439.0,5444.0
8,70,4577.0,5719.0
8,71,4585.0,5572.0
8,72,4651.0,5511.0
8,73,4583.0,5086.0
8,74,4690.0,4887.0
8,75,4641.0,4704.0
8,76,4504.0,4429.0
8,77,4340.0,4023.0
8,78,4218.0,3580.0
8,79,4110.0,3432.0
8,80,3849.0,2866.0
8,81,3758.0,2609.0
8,82,3406.0,2333.0
8,83,3174.0,2030.0
8,84,3023.0,1801.0
8,85,2706.0,1560.0
8,86,2470.0,1461.0
8,87,2237.0,1234.0
8,88,1984.0,1056.0
8,89,1708.0,909.0
8,90,1503.0,810.0
8,91,1310.0,743.0
8,92,1099.0,659.0
8,93,937.0,549.0
8,94,901.0,541.0
8,95,730.0,441.0
8,96,648.0,426.0
8,97,628.0,364.0
8,98,488.0,315.0
8,99,498.0,317.0
8,100,401.0,303.0
8,101,306.0,238.0
8,102,329.0,211.0
8,103,279.0,183.0
8,104,285.0,176.0
8,105,254.0,180.0
8,106,217.0,171.0
8,107,202.0,140.0
8,108,145.0,126.0
8,109,157.0,107.0
8,110,138.0,117.0
8,111,127.0,98.0
8,112,122.0,97.0
8,113,116.0,76.0
8,114,115.0,74.0
8,115,102.0,66.0
8,116,89.0,63.0
8,117,78.0,46.0
8,118,72.0,50.0
8,119,51.0,50.0
8,120,54.0,39.0
8,121,51.0,31.0
8,122,47.0,39.0
8,123,40.0,37.0
8,124,42.0,27.0
8,125,40.0,42.0
8,126,38.0,14.0
8,127,19.0,28.0
8,128,21.0,20.0
8,129,33.0,21.0
8,130,28.0,18.0
8,131,19.0,15.0
8,132,8.0,14.0
8,133,17.0,13.0
8,134,20.0,15.0
8,135,12.0,14.0
8,136,13.0,8.0
8,137,14.0,9.0
8,138,12.0,6.0
8,139,11.0,7.0
8,140,4.0,9.0
8,141,5.0,3.0
8,142,6.0,6.0
8,143,8.0,6.0
8,144,7.0,3.0
8,145,7.0,5.0
8,146,2.0,7.0
8,147,6.0,6.0
8,148,7.0,3.0
8,149,4.0,7.0
8,150,2.0,2.0
8,151,7.0,5.0
8,152,3.0,3.0
8,153,2.0,1.0
8,154,2.0,2.0
8,155,3.0,0.0
8,156,0.0,3.0
8,157,0.0,1.0
8,158,0.0,1.0
8,159,1.0,2.0
8,160,3.0,0.0
8,161,0.0,0.0
8,162,1.0,4.0
8,163,0.0,2.0
8,164,1.0,0.0
8,165,1.0,2.0
8,166,2.0,1.0
8,167,1.0,0.0
8,168,0.0,1.0
8,169,3.0,2.0
8,170,0.0,3.0
8,171,0.0,0.0
8,172,1.0,0.0
8,173,0.0,1.0
8,174,0.0,1.0
8,175,0.0,1.0
8,176,0.0,0.0
8,177,0.0,0.0
8,178,0.0,1.0
8,179,0.0,1.0
9,0,15.0,9.0
9,1,7.0,7.0
9,2,9.0,11.0
9,3,22.0,18.0
9,4,9.0,20.0
9,5,13.0,16.0
9,6,15.0,28.0
9,7,13.0,19.0
9,8,7.0,22.0
9,9,8.0,23.0
9,10,12.0,29.0
9,11,7.0,29.0
9,12,10.0,31.0
9,13,11.0,43.0
9,14,10.0,43.0
9,15,12.0,33.0
9,16,16.0,43.0
9,17,20.0,29.0
9,18,18.0,55.0
9,19,21.0,40.0
9,20,36.0,45.0
9,21,32.0,60.0
9,22,30.0,78.0
9,23,35.0,81.0
9,24,51.0,101.0
9,25,54.0,113.0
9,26,85.0,143.0
9,27,67.0,126.0
9,28,82.0,145.0
9,29,94.0,164.0
9,30,106.0,209.0
9,31,120.0,213.0
9,32,113.0,238.0
9,33,148.0,288.0
9,34,122.0,337.0
9,35,134.0,373.0
9,36,168.0,411.0
9,37,176.0,497.0
9,38,201.0,551.0
9,39,222.0,595.0
9,40,246.0,630.0
9,41,268.0,734.0
9,42,294.0,779.0
9,43,278.0,996.0
9,44,354.0,1025.0
9,45,376.0,1139.0
9,46,416.0,1259.0
9,47,432.0,1464.0
9,48,484.0,1501.0
9,49,574.0,1767.0
9,50,643.0,1902.0
9,51,659.0,2121.0
9,52,774.0,2271.0
9,53,859.0,2527.0
9,54,875.0,2773.0
9,55,1009.0,2930.0
9,56,1113.0,3317.0
9,57,1154.0,3461.0
9,58,1235.0,3818.0
9,59,1361.0,4133.0
9,60,1559.0,4531.0
9,61,1628.0,4789.0
9,62,1775.0,5039.0
9,63,1960.0,5377.0
9,64,2081.0,5475.0
9,65,2233.0,5500.0
9,66,2354.0,5341.0
9,67,2605.0,5733.0
9,68,2773.0,5618.0
9,69,2974.0,5519.0
9,70,3220.0,5243.0
9,71,3361.0,4986.0
9,72,3564.0,4841.0
9,73,3832.0,4552.0
9,74,3962.0,4225.0
9,75,4182.0,3879.0
9,76,4313.0,3439.0
9,77,4414.0,3200.0
9,78,4598.0,2821.0
9,79,4636.0,2574.0
9,80,4684.0,2247.0
9,81,4594.0,2051.0
9,82,4691.0,1770.0
9,83,4433.0,1543.0
9,84,4574.0,1321.0
9,85,4458.0,1205.0
9,86,4347.0,965.0
9,87,4002.0,876.0
9,88,3823.0,758.0
9,89,3684.0,694.0
9,90,3436.0,582.0
9,91,3220.0,516.0
9,92,2847.0,432.0
9,93,2652.0,379.0
9,94,2295.0,372.0
9,95,2001.0,354.0
9,96,1811.0,321.0
9,97,1515.0,307.0
9,98,1309.0,220.0
9,99,1139.0,251.0
9,100,994.0,223.0
9,101,871.0,211.0
9,102,779.0,200.0
9,103,717.0,152.0
9,104,629.0,149.0
9,105,529.0,150.0
9,106,448.0,122.0
9,107,443.0,106.0
9,108,362.0,129.0
9,109,311.0,97.0
9,110,287.0,71.0
9,111,220.0,76.0
9,112,243.0,71.0
9,113,205.0,86.0
9,114,205.0,69.0
9,115,181.0,61.0
9,116,163.0,62.0
9,117,156.0,44.0
9,118,136.0,43.0
9,119,117.0,33.0
9,120,118.0,35.0
9,121,96.0,36.0
9,122,92.0,27.0
9,123,93.0,30.0
9,124,72.0,22.0
9,125,67.0,24.0
9,126,71.0,16.0
9,127,62.0,21.0
9,128,51.0,27.0
9,129,51.0,18.0
9,130,41.0,15.0
9,131,42.0,10.0
9,132,37.0,17.0
9,133,32.0,13.0
9,134,40.0,10.0
9,135,30.0,7.0
9,136,31.0,8.0
9,137,21.0,3.0
9,138,18.0,5.0
9,139,18.0,6.0
9,140,14.0,6.0
9,141,28.0,4.0
9,142,13.0,2.0
9,143,17.0,4.0
9,144,13.0,2.0
9,145,24.0,2.0
9,146,10.0,5.0
9,147,12.0,2.0
9,148,11.0,2.0
9,149,15.0,0.0
9,150,8.0,1.0
9,151,9.0,2.0
9,152,8.0,3.0
9,153,6.0,4.0
9,154,5.0,1.0
9,155,7.0,2.0
9,156,5.0,0.0
9,157,1.0,3.0
9,158,4.0,1.0
9,159,1.0,3.0
9,160,5.0,3.0
9,161,2.0,1.0
9,162,0.0,1.0
9,163,0.0,1.0
9,164,0.0,0.0
9,165,1.0,0.0
9,166,3.0,0.0
9,167,0.0,0.0
9,168,0.0,0.0
9,169,1.0,0.0
9,170,3.0,0.0
9,171,0.0,0.0
9,172,3.0,0.0
9,173,1.0,0.0
9,174,0.0,0.0
9,175,0.0,0.0
9,176,0.0,1.0
9,177,1.0,0.0
9,178,0.0,0.0
9,179,1.0,0.0
10,0,6.0,4.0
10,1,6.0,8.0
10,2,7.0,9.0
10,3,13.0,11.0
10,4,9.0,6.0
10,5,9.0,9.0
10,6,10.0,15.0
10,7,9.0,16.0
10,8,8.0,12.0
10,9,7.0,17.0
10,10,11.0,8.0
10,11,19.0,20.0
10,12,10.0,13.0
10,13,15.0,8.0
10,14,18.0,19.0
10,15,16.0,21.0
10,16,17.0,28.0
10,17,14.0,37.0
10,18,14.0,34.0
10,19,21.0,33.0
10,20,15.0,34.0
10,21,19.0,53.0
10,22,14.0,55.0
10,23,33.0,61.0
10,24,49.0,61.0
10,25,44.0,71.0
10,26,66.0,90.0
10,27,63.0,83.0
10,28,58.0,93.0
10,29,83.0,132.0
10,30,82.0,157.0
10,31,76.0,155.0
10,32,70.0,160.0
10,33,108.0,206.0
10,34,97.0,235.0
10,35,111.0,235.0
10,36,142.0,272.0
10,37,150.0,309.0
10,38,217.0,316.0
10,39,237.0,377.0
10,40,295.0,460.0
10,41,288.0,508.0
10,42,337.0,565.0
10,43,329.0,668.0
10,44,315.0,774.0
10,45,404.0,903.0
10,46,427.0,1014.0
10,47,478.0,1181.0
10,48,511.0,1215.0
10,49,579.0,1358.0
10,50,646.0,1527.0
10,51,673.0,1481.0
10,52,767.0,1744.0
10,53,845.0,2043.0
10,54,897.0,2080.0
10,55,952.0,2389.0
10,56,1042.0,2738.0
10,57,1129.0,2946.0
10,58,1297.0,3117.0
10,59,1368.0,3423.0
10,60,1584.0,3755.0
10,61,1694.0,4024.0
10,62,1846.0,4236.0
10,63,2100.0,4558.0
10,64,2203.0,4814.0
10,65,2410.0,5143.0
10,66,2504.0,5446.0
10,67,2710.0,5529.0
10,68,2810.0,5478.0
10,69,3091.0,5658.0
10,70,3316.0,5681.0
10,71,3431.0,5497.0
10,72,3687.0,5254.0
10,73,3891.0,5195.0
10,74,3984.0,4994.0
10,75,4208.0,4648.0
10,76,4430.0,4507.0
10,77,4481.0,4130.0
10,78,4480.0,3756.0
10,79,4682.0,3406.0
10,80,4604.0,3151.0
10,81,4775.0,2738.0
10,82,4781.0,2456.0
10,83,4699.0,2159.0
10,84,4665.0,1848.0
10,85,4358.0,1566.0
10,86,4279.0,1410.0
10,87,4113.0,1258.0
10,88,3956.0,1048.0
10,89,3771.0,972.0
10,90,3305.0,816.0
10,91,3062.0,716.0
10,92,2856.0,636.0
10,93,2413.0,612.0
10,94,2086.0,510.0
10,95,1879.0,449.0
10,96,1624.0,451.0
10,97,1505.0,334.0
10,98,1273.0,331.0
10,99,1115.0,303.0
10,100,931.0,277.0
10,101,787.0,270.0
10,102,669.0,216.0
10,103,599.0,201.0
10,104,564.0,196.0
10,105,516.0,181.0
10,106,416.0,155.0
10,107,359.0,126.0
10,108,345.0,123.0
10,109,323.0,135.0
10,110,265.0,115.0
10,111,297.0,92.0
10,112,253.0,90.0
10,113,240.0,71.0
10,114,202.0,84.0
10,115,192.0,71.0
10,116,156.0,71.0
10,117,153.0,49.0
10,118,138.0,55.0
10,119,133.0,42.0
10,120,116.0,50.0
10,121,85.0,39.0
10,122,86.0,33.0
10,123,75.0,46.0
10,124,67.0,25.0
10,125,57.0,29.0
10,126,74.0,20.0
10,127,61.0,22.0
10,128,56.0,10.0
10,129,53.0,15.0
10,130,43.0,16.0
10,131,35.0,17.0
10,132,30.0,12.0
10,133,40.0,14.0
10,134,26.0,14.0
10,135,30.0,18.0
10,136,28.0,3.0
10,137,18.0,8.0
10,138,22.0,11.0
10,139,21.0,10.0
10,140,17.0,5.0
10,141,12.0,4.0
10,142,22.0,4.0
10,143,15.0,6.0
10,144,10.0,7.0
10,145,6.0,4.0
10,146,13.0,6.0
10,147,6.0,4.0
10,148,11.0,5.0
10,149,5.0,3.0
10,150,8.0,1.0
10,151,3.0,4.0
10,152,4.0,3.0
10,153,4.0,1.0
10,154,7.0,2.0
10,155,4.0,2.0
10,156,5.0,2.0
10,157,1.0,2.0
10,158,0.0,1.0
10,159,2.0,1.0
10,160,3.0,3.0
10,161,3.0,2.0
10,162,2.0,1.0
10,163,4.0,1.0
10,164,2.0,1.0
10,165,1.0,2.0
10,166,2.0,0.0
10,167,0.0,0.0
10,168,3.0,0.0
10,169,2.0,0.0
10,170,0.0,0.0
10,171,0.0,0.0
10,172,0.0,0.0
10,173,1.0,0.0
10,174,1.0,1.0
10,175,0.0,0.0
10,176,0.0,1.0
10,177,0.0,0.0
10,178,0.0,0.0
10,179,1.0,0.0
11,0,19.0,16.0
11,1,1.0,3.0
11,2,11.0,16.0
11,3,7.0,8.0
11,4,20.0,14.0
11,5,16.0,12.0
11,6,16.0,15.0
11,7,9.0,10.0
11,8,11.0,7.0
11,9,13.0,9.0
11,10,14.0,14.0
11,11,18.0,23.0
11,12,9.0,16.0
11,13,21.0,12.0
11,14,21.0,23.0
11,15,18.0,17.0
11,16,33.0,35.0
11,17,24.0,31.0
11,18,39.0,48.0
11,19,39.0,37.0
11,20,30.0,66.0
11,21,41.0,74.0
11,22,58.0,78.0
11,23,62.0,86.0
11,24,66.0,76.0
11,25,54.0,70.0
11,26,74.0,76.0
11,27,106.0,95.0
11,28,93.0,126.0
11,29,111.0,120.0
11,30,140.0,158.0
11,31,134.0,176.0
11,32,160.0,216.0
11,33,191.0,215.0
11,34,204.0,250.0
11,35,181.0,247.0
11,36,193.0,291.0
11,37,231.0,327.0
11,38,254.0,355.0
11,39,240.0,414.0
11,40,290.0,457.0
11,41,326.0,533.0
11,42,363.0,600.0
11,43,397.0,610.0
11,44,479.0,716.0
11,45,437.0,830.0
11,46,584.0,911.0
11,47,575.0,1033.0
11,48,708.0,1142.0
11,49,730.0,1303.0
11,50,792.0,1483.0
11,51,847.0,1603.0
11,52,967.0,1767.0
11,53,1082.0,1865.0
11,54,1129.0,2113.0
11,55,1249.0,2263.0
11,56,1365.0,2428.0
11,57,1556.0,2705.0
11,58,1705.0,2943.0
11,59,1737.0,3424.0
11,60,1943.0,3517.0
11,61,2072.0,3894.0
11,62,2189.0,4165.0
11,63,2406.0,4570.0
11,64,2616.0,4769.0
11,65,2895.0,5070.0
11,66,3021.0,5306.0
11,67,3287.0,5210.0
11,68,3329.0,5513.0
11,69,3647.0,5558.0
11,70,3777.0,5675.0
11,71,3961.0,5500.0
11,72,4171.0,5429.0
11,73,4194.0,5509.0
11,74,4342.0,5262.0
11,75,4578.0,5016.0
11,76,4711.0,4518.0
11,77,4613.0,4180.0
11,78,4717.0,3847.0
11,79,4750.0,3308.0
11,80,4760.0,3027.0
11,81,4758.0,2758.0
11,82,4367.0,2444.0
11,83,4157.0,2180.0
11,84,3979.0,2023.0
11,85,3710.0,1734.0
11,86,3650.0,1525.0
11,87,3147.0,1305.0
11,88,2914.0,1119.0
11,89,2691.0,952.0
11,90,2580.0,851.0
11,91,2175.0,759.0
11,92,2017.0,699.0
11,93,1886.0,603.0
11,94,1581.0,534.0
11,95,1418.0,476.0
11,96,1258.0,415.0
11,97,1131.0,397.0
11,98,981.0,356.0
11,99,898.0,310.0
11,100,801.0,276.0
11,101,693.0,239.0
11,102,645.0,220.0
11,103,560.0,228.0
11,104,537.0,195.0
11,105,425.0,154.0
11,106,375.0,171.0
11,107,306.0,142.0
11,108,281.0,122.0
11,109,240.0,116.0
11,110,226.0,108.0
11,111,203.0,103.0
11,112,182.0,84.0
11,113,178.0,83.0
11,114,153.0,66.0
11,115,139.0,70.0
11,116,116.0,45.0
11,117,87.0,57.0
11,118,114.0,60.0
11,119,91.0,43.0
11,120,77.0,34.0
11,121,92.0,39.0
11,122,93.0,45.0
11,123,70.0,34.0
11,124,82.0,37.0
11,125,55.0,28.0
11,126,44.0,20.0
11,127,46.0,19.0
11,128,55.0,20.0
11,129,43.0,18.0
11,130,39.0,17.0
11,131,21.0,16.0
11,132,37.0,9.0
11,133,24.0,13.0
11,134,29.0,11.0
11,135,18.0,11.0
11,136,19.0,8.0
11,137,24.0,6.0
11,138,15.0,13.0
11,139,19.0,9.0
11,140,16.0,5.0
11,141,8.0,8.0
11,142,9.0,10.0
11,143,9.0,6.0
11,144,4.0,5.0
11,145,9.0,4.0
11,146,3.0,6.0
11,147,8.0,5.0
11,148,10.0,3.0
11,149,4.0,1.0
11,150,3.0,2.0
11,151,4.0,1.0
11,152,2.0,1.0
11,153,7.0,3.0
11,154,4.0,2.0
11,155,5.0,2.0
11,156,2.0,1.0
11,157,7.0,3.0
11,158,3.0,3.0
11,159,3.0,1.0
11,160,1.0,2.0
11,161,1.0,3.0
11,162,6.0,2.0
11,163,1.0,2.0
11,164,3.0,0.0
11,165,4.0,1.0
11,166,2.0,0.0
11,167,3.0,0.0
11,168,1.0,2.0
11,169,1.0,0.0
11,170,1.0,0.0
11,171,1.0,1.0
11,172,0.0,0.0
11,173,1.0,0.0
11,174,1.0,0.0
11,175,0.0,0.0
11,176,1.0,1.0
11,177,2.0,0.0
11,178,0.0,0.0
11,179,2.0,0.0
12,0,7.0,6.0
12,1,1.0,1.0
12,2,0.0,5.0
12,3,3.0,8.0
12,4,7.0,7.0
12,5,4.0,7.0
12,6,13.0,11.0
12,7,10.0,10.0
12,8,15.0,10.0
12,9,10.0,6.0
12,10,9.0,11.0
12,11,11.0,10.0
12,12,10.0,18.0
12,13,13.0,20.0
12,14,11.0,15.0
12,15,23.0,15.0
12,16,15.0,27.0
12,17,27.0,22.0
12,18,36.0,40.0
12,19,43.0,27.0
12,20,36.0,36.0
12,21,36.0,45.0
12,22,58.0,54.0
12,23,44.0,47.0
12,24,49.0,53.0
12,25,56.0,82.0
12,26,50.0,66.0
12,27,76.0,102.0
12,28,69.0,108.0
12,29,77.0,127.0
12,30,92.0,139.0
12,31,93.0,153.0
12,32,87.0,145.0
12,33,117.0,204.0
12,34,137.0,235.0
12,35,129.0,229.0
12,36,164.0,283.0
12,37,209.0,330.0
12,38,211.0,338.0
12,39,241.0,392.0
12,40,293.0,426.0
12,41,327.0,544.0
12,42,313.0,562.0
12,43,362.0,658.0
12,44,450.0,700.0
12,45,467.0,861.0
12,46,525.0,961.0
12,47,538.0,1001.0
12,48,621.0,1136.0
12,49,673.0,1207.0
12,50,732.0,1469.0
12,51,829.0,1488.0
12,52,901.0,1779.0
12,53,995.0,2020.0
12,54,1080.0,2180.0
12,55,1186.0,2461.0
12,56,1406.0,2660.0
12,57,1483.0,2931.0
12,58,1643.0,3172.0
12,59,1836.0,3369.0
12,60,1855.0,3751.0
12,61,2080.0,4034.0
12,62,2286.0,4171.0
12,63,2347.0,4545.0
12,64,2572.0,4874.0
12,65,2713.0,5079.0
12,66,2909.0,5125.0
12,67,3079.0,5219.0
12,68,3329.0,5231.0
12,69,3485.0,5439.0
12,70,3734.0,5576.0
12,71,3788.0,5639.0
12,72,4080.0,5445.0
12,73,4357.0,5266.0
12,74,4534.0,5115.0
12,75,4583.0,4980.0
12,76,4684.0,4473.0
12,77,4749.0,4210.0
12,78,4776.0,3865.0
12,79,4878.0,3527.0
12,80,4584.0,3128.0
12,81,4619.0,2687.0
12,82,4416.0,2533.0
12,83,4187.0,2208.0
12,84,4197.0,1896.0
12,85,4021.0,1743.0
12,86,3751.0,1564.0
12,87,3465.0,1377.0
12,88,3198.0,1119.0
12,89,2986.0,993.0
12,90,2650.0,875.0
12,91,2257.0,736.0
12,92,2195.0,671.0
12,93,1931.0,601.0
12,94,1678.0,550.0
12,95,1485.0,470.0
12,96,1332.0,399.0
12,97,1180.0,380.0
12,98,976.0,320.0
12,99,947.0,301.0
12,100,792.0,250.0
12,101,671.0,253.0
12,102,611.0,225.0
12,103,531.0,206.0
12,104,399.0,184.0
12,105,398.0,179.0
12,106,373.0,153.0
12,107,349.0,132.0
12,108,279.0,131.0
12,109,239.0,108.0
12,110,231.0,119.0
12,111,231.0,103.0
12,112,184.0,85.0
12,113,177.0,73.0
12,114,181.0,68.0
12,115,159.0,69.0
12,116,135.0,60.0
12,117,118.0,63.0
12,118,99.0,59.0
12,119,100.0,51.0
12,120,80.0,41.0
12,121,70.0,42.0
12,122,67.0,40.0
12,123,64.0,26.0
12,124,65.0,28.0
12,125,47.0,22.0
12,126,64.0,24.0
12,127,40.0,28.0
12,128,49.0,18.0
12,129,33.0,20.0
12,130,36.0,21.0
12,131,36.0,20.0
12,132,25.0,18.0
12,133,26.0,18.0
12,134,27.0,19.0
12,135,21.0,12.0
12,136,18.0,10.0
12,137,8.0,5.0
12,138,21.0,12.0
12,139,23.0,4.0
12,140,10.0,16.0
12,141,15.0,10.0
12,142,18.0,7.0
12,143,13.0,4.0
12,144,6.0,7.0
12,145,10.0,2.0
12,146,16.0,2.0
12,147,5.0,4.0
12,148,7.0,10.0
12,149,1.0,3.0
12,150,6.0,3.0
12,151,9.0,1.0
12,152,5.0,3.0
12,153,0.0,2.0
12,154,3.0,0.0
12,155,2.0,2.0
12,156,3.0,3.0
12,157,2.0,0.0
12,158,2.0,0.0
12,159,2.0,1.0
12,160,2.0,0.0
12,161,1.0,0.0
12,162,2.0,0.0
12,163,3.0,1.0
12,164,3.0,1.0
12,165,1.0,0.0
12,166,2.0,2.0
12,167,0.0,0.0
12,168,0.0,2.0
12,169,0.0,0.0
12,170,0.0,0.0
12,171,1.0,1.0
12,172,1.0,0.0
12,173,0.0,0.0
12,174,0.0,0.0
12,175,2.0,0.0
12,176,1.0,0.0
12,177,2.0,1.0
12,178,0.0,1.0
12,179,0.0,0.0
13,0,5.0,8.0
13,1,11.0,10.0
13,2,6.0,12.0
13,3,15.0,5.0
13,4,10.0,22.0
13,5,12.0,9.0
13,6,14.0,4.0
13,7,6.0,13.0
13,8,6.0,10.0
13,9,10.0,22.0
13,10,13.0,26.0
13,11,6.0,14.0
13,12,8.0,15.0
13,13,15.0,21.0
13,14,15.0,34.0
13,15,25.0,32.0
13,16,29.0,38.0
13,17,29.0,31.0
13,18,39.0,54.0
13,19,37.0,67.0
13,20,29.0,73.0
13,21,41.0,72.0
13,22,51.0,100.0
13,23,41.0,90.0
13,24,38.0,97.0
13,25,56.0,108.0
13,26,51.0,95.0
13,27,78.0,91.0
13,28,88.0,140.0
13,29,97.0,145.0
13,30,97.0,173.0
13,31,115.0,231.0
13,32,134.0,270.0
13,33,112.0,314.0
13,34,146.0,331.0
13,35,161.0,396.0
13,36,159.0,459.0
13,37,222.0,521.0
13,38,244.0,531.0
13,39,251.0,614.0
13,40,317.0,728.0
13,41,299.0,836.0
13,42,337.0,915.0
13,43,353.0,1009.0
13,44,372.0,1139.0
13,45,518.0,1246.0
13,46,470.0,1360.0
13,47,512.0,1422.0
13,48,591.0,1531.0
13,49,622.0,1784.0
13,50,659.0,1891.0
13,51,699.0,2184.0
13,52,800.0,2467.0
13,53,797.0,2592.0
13,54,890.0,3030.0
13,55,982.0,3247.0
13,56,1000.0,3528.0
13,57,1128.0,3887.0
13,58,1291.0,4216.0
13,59,1312.0,4421.0
13,60,1563.0,4735.0
13,61,1630.0,4795.0
13,62,1888.0,5064.0
13,63,1901.0,5215.0
13,64,2059.0,5533.0
13,65,2386.0,5462.0
13,66,2433.0,5634.0
13,67,2565.0,5587.0
13,68,2833.0,5484.0
13,69,2966.0,5474.0
13,70,3096.0,5179.0
13,71,3336.0,5021.0
13,72,3571.0,4731.0
13,73,3739.0,4486.0
13,74,3873.0,4119.0
13,75,4050.0,3756.0
13,76,4183.0,3395.0
13,77,4369.0,2974.0
13,78,4610.0,2765.0
13,79,4816.0,2257.0
13,80,4742.0,2061.0
13,81,4927.0,1890.0
13,82,4908.0,1536.0
13,83,4759.0,1365.0
13,84,4724.0,1147.0
13,85,4445.0,1022.0
13,86,4196.0,926.0
13,87,4019.0,779.0
13,88,3773.0,706.0
13,89,3560.0,598.0
13,90,3223.0,525.0
13,91,2927.0,482.0
13,92,2719.0,407.0
13,93,2392.0,377.0
13,94,2198.0,344.0
13,95,1974.0,311.0
13,96,1729.0,286.0
13,97,1533.0,270.0
13,98,1375.0,216.0
13,99,1158.0,219.0
13,100,1025.0,211.0
13,101,922.0,173.0
13,102,744.0,187.0
13,103,655.0,167.0
13,104,604.0,146.0
13,105,472.0,141.0
13,106,435.0,128.0
13,107,422.0,104.0
13,108,351.0,93.0
13,109,324.0,89.0
13,110,287.0,75.0
13,111,294.0,74.0
13,112,245.0,63.0
13,113,227.0,72.0
13,114,181.0,66.0
13,115,202.0,47.0
13,116,160.0,46.0
13,117,170.0,38.0
13,118,138.0,34.0
13,119,112.0,36.0
13,120,115.0,27.0
13,121,121.0,21.0
13,122,88.0,35.0
13,123,77.0,33.0
13,124,72.0,16.0
13,125,57.0,15.0
13,126,73.0,24.0
13,127,47.0,18.0
13,128,52.0,10.0
13,129,49.0,12.0
13,130,43.0,13.0
13,131,35.0,20.0
13,132,46.0,7.0
13,133,26.0,17.0
13,134,25.0,11.0
13,135,28.0,12.0
13,136,29.0,9.0
13,137,15.0,7.0
13,138,17.0,4.0
13,139,13.0,6.0
13,140,22.0,7.0
13,141,13.0,6.0
13,142,13.0,5.0
13,143,9.0,4.0
13,144,22.0,4.0
13,145,11.0,4.0
13,146,14.0,2.0
13,147,12.0,2.0
13,148,14.0,1.0
13,149,8.0,4.0
13,150,7.0,0.0
13,151,6.0,6.0
13,152,3.0,0.0
13,153,6.0,2.0
13,154,5.0,0.0
13,155,4.0,2.0
13,156,7.0,0.0
13,157,4.0,2.0
13,158,7.0,1.0
13,159,1.0,1.0
13,160,4.0,1.0
13,161,5.0,0.0
13,162,2.0,0.0
13,163,4.0,0.0
13,164,8.0,0.0
13,165,3.0,0.0
13,166,4.0,0.0
13,167,5.0,0.0
13,168,3.0,2.0
13,169,7.0,0.0
13,170,2.0,1.0
13,171,4.0,0.0
13,172,5.0,0.0
13,173,2.0,0.0
13,174,1.0,1.0
13,175,2.0,0.0
13,176,1.0,1.0
13,177,0.0,0.0
13,178,1.0,0.0
13,179,1.0,0.0
14,0,4.0,10.0
14,1,11.0,4.0
14,2,3.0,13.0
14,3,6.0,5.0
14,4,8.0,14.0
14,5,10.0,12.0
14,6,13.0,9.0
14,7,4.0,3.0
14,8,8.0,6.0
14,9,5.0,6.0
14,10,6.0,15.0
14,11,8.0,4.0
14,12,13.0,6.0
14,13,5.0,9.0
14,14,17.0,9.0
14,15,8.0,14.0
14,16,9.0,19.0
14,17,17.0,13.0
14,18,16.0,22.0
14,19,21.0,32.0
14,20,22.0,32.0
14,21,27.0,42.0
14,22,38.0,52.0
14,23,26.0,77.0
14,24,36.0,56.0
14,25,55.0,82.0
14,26,39.0,56.0
14,27,52.0,91.0
14,28,55.0,83.0
14,29,47.0,83.0
14,30,60.0,113.0
14,31,69.0,126.0
14,32,57.0,158.0
14,33,92.0,141.0
14,34,81.0,139.0
14,35,104.0,161.0
14,36,138.0,174.0
14,37,132.0,209.0
14,38,138.0,249.0
14,39,183.0,260.0
14,40,180.0,333.0
14,41,218.0,361.0
14,42,262.0,441.0
14,43,256.0,433.0
14,44,317.0,504.0
14,45,324.0,582.0
14,46,356.0,704.0
14,47,390.0,817.0
14,48,406.0,926.0
14,49,438.0,963.0
14,50,540.0,1049.0
14,51,551.0,1213.0
14,52,630.0,1321.0
14,53,713.0,1410.0
14,54,799.0,1613.0
14,55,864.0,1779.0
14,56,913.0,1971.0
14,57,1019.0,2115.0
14,58,1017.0,2452.0
14,59,1181.0,2542.0
14,60,1240.0,2816.0
14,61,1448.0,3139.0
14,62,1545.0,3423.0
14,63,1687.0,3772.0
14,64,1889.0,3941.0
14,65,2097.0,4224.0
14,66,2166.0,4606.0
14,67,2351.0,4812.0
14,68,2529.0,5046.0
14,69,2719.0,5222.0
14,70,2946.0,5581.0
14,71,3162.0,5487.0
14,72,3323.0,5582.0
14,73,3594.0,5662.0
14,74,3713.0,5535.0
14,75,3849.0,5463.0
14,76,3959.0,5479.0
14,77,4229.0,5080.0
14,78,4321.0,4822.0
14,79,4478.0,4605.0
14,80,4542.0,4088.0
14,81,4724.0,3672.0
14,82,4761.0,3302.0
14,83,4701.0,3025.0
14,84,4703.0,2714.0
14,85,4645.0,2425.0
14,86,4542.0,2130.0
14,87,4315.0,1832.0
14,88,4312.0,1622.0
14,89,3965.0,1415.0
14,90,3742.0,1205.0
14,91,3525.0,1086.0
14,92,3185.0,973.0
14,93,3008.0,761.0
14,94,2629.0,756.0
14,95,2357.0,691.0
14,96,2150.0,534.0
14,97,1835.0,492.0
14,98,1719.0,464.0
14,99,1515.0,415.0
14,100,1325.0,337.0
14,101,1200.0,324.0
14,102,1018.0,329.0
14,103,848.0,296.0
14,104,761.0,254.0
14,105,682.0,206.0
14,106,618.0,204.0
14,107,500.0,172.0
14,108,483.0,192.0
14,109,384.0,156.0
14,110,381.0,144.0
14,111,296.0,136.0
14,112,293.0,138.0
14,113,240.0,105.0
14,114,215.0,92.0
14,115,218.0,84.0
14,116,203.0,86.0
14,117,163.0,89.0
14,118,163.0,80.0
14,119,129.0,63.0
14,120,131.0,44.0
14,121,116.0,58.0
14,122,116.0,40.0
14,123,95.0,43.0
14,124,97.0,52.0
14,125,97.0,26.0
14,126,74.0,32.0
14,127,62.0,33.0
14,128,52.0,27.0
14,129,49.0,30.0
14,130,64.0,25.0
14,131,50.0,29.0
14,132,30.0,16.0
14,133,39.0,14.0
14,134,23.0,15.0
14,135,31.0,11.0
14,136,30.0,11.0
14,137,20.0,15.0
14,138,27.0,15.0
14,139,36.0,9.0
14,140,23.0,13.0
14,141,28.0,7.0
14,142,11.0,6.0
14,143,11.0,6.0
14,144,13.0,7.0
14,145,10.0,4.0
14,146,16.0,1.0
14,147,7.0,5.0
14,148,16.0,4.0
14,149,9.0,5.0
14,150,9.0,3.0
14,151,8.0,4.0
14,152,9.0,4.0
14,153,6.0,6.0
14,154,5.0,1.0
14,155,4.0,1.0
14,156,3.0,1.0
14,157,5.0,0.0
14,158,5.0,2.0
14,159,1.0,1.0
14,160,2.0,4.0
14,161,5.0,3.0
14,162,1.0,2.0
14,163,2.0,3.0
14,164,2.0,0.0
14,165,8.0,0.0
14,166,2.0,0.0
14,167,1.0,2.0
14,168,0.0,0.0
14,169,0.0,0.0
14,170,2.0,0.0
14,171,2.0,0.0
14,172,0.0,2.0
14,173,0.0,0.0
14,174,1.0,0.0
14,175,1.0,0.0
14,176,3.0,0.0
14,177,0.0,0.0
14,178,0.0,0.0
14,179,0.0,0.0
15,0,5.0,4.0
15,1,0.0,2.0
15,2,2.0,4.0
15,3,5.0,0.0
15,4,4.0,6.0
15,5,5.0,8.0
15,6,5.0,5.0
15,7,3.0,2.0
15,8,3.0,4.0
15,9,2.0,2.0
15,10,5.0,0.0
15,11,1.0,6.0
15,12,8.0,7.0
15,13,2.0,12.0
15,14,10.0,6.0
15,15,9.0,8.0
15,16,8.0,14.0
15,17,23.0,19.0
15,18,23.0,18.0
15,19,28.0,32.0
15,20,45.0,39.0
15,21,32.0,37.0
15,22,35.0,22.0
15,23,47.0,39.0
15,24,51.0,32.0
15,25,49.0,35.0
15,26,50.0,35.0
15,27,53.0,52.0
15,28,62.0,66.0
15,29,66.0,48.0
15,30,74.0,78.0
15,31,65.0,110.0
15,32,94.0,115.0
15,33,96.0,130.0
15,34,103.0,147.0
15,35,121.0,132.0
15,36,127.0,153.0
15,37,150.0,145.0
15,38,154.0,144.0
15,39,174.0,198.0
15,40,198.0,186.0
15,41,190.0,264.0
15,42,232.0,241.0
15,43,252.0,290.0
15,44,236.0,323.0
15,45,314.0,391.0
15,46,331.0,444.0
15,47,377.0,510.0
15,48,397.0,576.0
15,49,451.0,622.0
15,50,488.0,744.0
15,51,540.0,774.0
15,52,534.0,887.0
15,53,603.0,944.0
15,54,642.0,1163.0
15,55,791.0,1239.0
15,56,879.0,1429.0
15,57,1034.0,1555.0
15,58,1113.0,1706.0
15,59,1198.0,1922.0
15,60,1403.0,2184.0
15,61,1483.0,2420.0
15,62,1587.0,2581.0
15,63,1603.0,2992.0
15,64,1867.0,3280.0
15,65,1934.0,3407.0
15,66,2143.0,3681.0
15,67,2510.0,4029.0
15,68,2593.0,4358.0
15,69,2809.0,4461.0
15,70,2932.0,4860.0
15,71,3148.0,5042.0
15,72,3444.0,5289.0
15,73,3640.0,5370.0
15,74,3840.0,5588.0
15,75,4026.0,5651.0
15,76,4264.0,5466.0
15,77,4341.0,5410.0
15,78,4581.0,5456.0
15,79,4470.0,5279.0
15,80,4586.0,5077.0
15,81,4681.0,4831.0
15,82,4587.0,4386.0
15,83,4641.0,4190.0
15,84,4740.0,3877.0
15,85,4726.0,3452.0
15,86,4628.0,3261.0
15,87,4480.0,2846.0
15,88,4271.0,2540.0
15,89,4036.0,2199.0
15,90,3822.0,1946.0
15,91,3491.0,1647.0
15,92,3175.0,1465.0
15,93,2883.0,1238.0
15,94,2522.0,1179.0
15,95,2292.0,944.0
15,96,2088.0,808.0
15,97,1821.0,723.0
15,98,1639.0,620.0
15,99,1415.0,543.0
15,100,1204.0,484.0
15,101,1177.0,489.0
15,102,951.0,406.0
15,103,865.0,396.0
15,104,758.0,370.0
15,105,678.0,294.0
15,106,559.0,258.0
15,107,511.0,282.0
15,108,430.0,234.0
15,109,418.0,223.0
15,110,360.0,197.0
15,111,338.0,171.0
15,112,281.0,152.0
15,113,251.0,149.0
15,114,263.0,124.0
15,115,227.0,116.0
15,116,200.0,132.0
15,117,205.0,110.0
15,118,173.0,89.0
15,119,151.0,80.0
15,120,134.0,82.0
15,121,107.0,82.0
15,122,126.0,74.0
15,123,74.0,50.0
15,124,91.0,53.0
15,125,75.0,54.0
15,126,75.0,27.0
15,127,62.0,35.0
15,128,63.0,42.0
15,129,56.0,26.0
15,130,57.0,30.0
15,131,54.0,36.0
15,132,41.0,28.0
15,133,35.0,26.0
15,134,40.0,20.0
15,135,35.0,18.0
15,136,30.0,24.0
15,137,31.0,16.0
15,138,23.0,14.0
15,139,30.0,19.0
15,140,24.0,7.0
15,141,18.0,10.0
15,142,17.0,7.0
15,143,20.0,9.0
15,144,13.0,13.0
15,145,9.0,9.0
15,146,14.0,9.0
15,147,12.0,9.0
15,148,9.0,3.0
15,149,2.0,3.0
15,150,7.0,4.0
15,151,6.0,4.0
15,152,12.0,4.0
15,153,2.0,5.0
15,154,1.0,3.0
15,155,6.0,3.0
15,156,5.0,1.0
15,157,2.0,3.0
15,158,4.0,6.0
15,159,0.0,3.0
15,160,6.0,3.0
15,161,5.0,1.0
15,162,3.0,5.0
15,163,4.0,2.0
15,164,2.0,0.0
15,165,0.0,1.0
15,166,4.0,3.0
15,167,1.0,0.0
15,168,1.0,1.0
15,169,0.0,3.0
15,170,0.0,1.0
15,171,2.0,0.0
15,172,1.0,0.0
15,173,1.0,0.0
15,174,0.0,0.0
15,175,3.0,1.0
15,176,0.0,0.0
15,177,1.0,0.0
15,178,0.0,1.0
15,179,0.0,0.0
16,0,11.0,12.0
16,1,3.0,3.0
16,2,6.0,16.0
16,3,8.0,13.0
16,4,13.0,13.0
16,5,14.0,5.0
16,6,10.0,5.0
16,7,4.0,9.0
16,8,7.0,15.0
16,9,11.0,11.0
16,10,3.0,17.0
16,11,4.0,25.0
16,12,5.0,16.0
16,13,5.0,13.0
16,14,7.0,18.0
16,15,9.0,19.0
16,16,10.0,20.0
16,17,13.0,23.0
16,18,26.0,21.0
16,19,11.0,28.0
16,20,19.0,46.0
16,21,19.0,44.0
16,22,27.0,55.0
16,23,33.0,52.0
16,24,22.0,60.0
16,25,34.0,54.0
16,26,34.0,87.0
16,27,37.0,90.0
16,28,32.0,111.0
16,29,48.0,111.0
16,30,55.0,112.0
16,31,47.0,138.0
16,32,60.0,181.0
16,33,67.0,160.0
16,34,63.0,178.0
16,35,75.0,236.0
16,36,91.0,247.0
16,37,123.0,328.0
16,38,91.0,377.0
16,39,121.0,354.0
16,40,127.0,483.0
16,41,151.0,514.0
16,42,191.0,609.0
16,43,205.0,612.0
16,44,251.0,708.0
16,45,287.0,720.0
16,46,296.0,889.0
16,47,311.0,949.0
16,48,391.0,1079.0
16,49,405.0,1199.0
16,50,408.0,1248.0
16,51,472.0,1519.0
16,52,537.0,1719.0
16,53,574.0,1798.0
16,54,627.0,2087.0
16,55,632.0,2233.0
16,56,793.0,2392.0
16,57,760.0,2735.0
16,58,918.0,3014.0
16,59,914.0,3274.0
16,60,1102.0,3522.0
16,61,1102.0,3759.0
16,62,1196.0,4093.0
16,63,1376.0,4398.0
16,64,1436.0,4561.0
16,65,1528.0,4761.0
16,66,1581.0,4807.0
16,67,1829.0,4899.0
16,68,2025.0,5220.0
16,69,2192.0,5362.0
16,70,2384.0,5398.0
16,71,2524.0,5314.0
16,72,2704.0,5612.0
16,73,2810.0,5430.0
16,74,2962.0,5239.0
16,75,3286.0,5089.0
16,76,3496.0,4707.0
16,77,3572.0,4361.0
16,78,3893.0,4172.0
16,79,4064.0,3772.0
16,80,4200.0,3409.0
16,81,4479.0,3080.0
16,82,4519.0,2743.0
16,83,4739.0,2469.0
16,84,4790.0,2253.0
16,85,4770.0,1951.0
16,86,4846.0,1587.0
16,87,4863.0,1470.0
16,88,4651.0,1214.0
16,89,4755.0,1081.0
16,90,4485.0,905.0
16,91,4202.0,803.0
16,92,4031.0,726.0
16,93,3747.0,648.0
16,94,3433.0,512.0
16,95,3153.0,512.0
16,96,2878.0,471.0
16,97,2715.0,422.0
16,98,2356.0,399.0
16,99,2153.0,331.0
16,100,1817.0,337.0
16,101,1583.0,287.0
16,102,1407.0,263.0
16,103,1236.0,221.0
16,104,1035.0,202.0
16,105,926.0,182.0
16,106,803.0,157.0
16,107,681.0,146.0
16,108,606.0,150.0
16,109,539.0,134.0
16,110,472.0,125.0
16,111,453.0,103.0
16,112,396.0,120.0
16,113,341.0,97.0
16,114,288.0,87.0
16,115,275.0,67.0
16,116,273.0,72.0
16,117,223.0,64.0
16,118,221.0,61.0
16,119,189.0,66.0
16,120,165.0,38.0
16,121,151.0,51.0
16,122,137.0,29.0
16,123,134.0,23.0
16,124,127.0,41.0
16,125,109.0,28.0
16,126,104.0,27.0
16,127,81.0,23.0
16,128,89.0,25.0
16,129,91.0,20.0
16,130,75.0,16.0
16,131,67.0,17.0
16,132,51.0,14.0
16,133,58.0,12.0
16,134,45.0,12.0
16,135,56.0,11.0
16,136,36.0,11.0
16,137,35.0,8.0
16,138,32.0,9.0
16,139,30.0,8.0
16,140,30.0,10.0
16,141,20.0,8.0
16,142,24.0,3.0
16,143,14.0,6.0
16,144,28.0,3.0
16,145,15.0,5.0
16,146,22.0,2.0
16,147,14.0,3.0
16,148,14.0,6.0
16,149,14.0,3.0
16,150,5.0,3.0
16,151,9.0,1.0
16,152,9.0,6.0
16,153,10.0,5.0
16,154,3.0,4.0
16,155,5.0,1.0
16,156,5.0,0.0
16,157,5.0,3.0
16,158,10.0,1.0
16,159,8.0,1.0
16,160,5.0,5.0
16,161,7.0,2.0
16,162,8.0,1.0
16,163,3.0,1.0
16,164,4.0,2.0
16,165,3.0,1.0
16,166,4.0,2.0
16,167,2.0,1.0
16,168,3.0,2.0
16,169,2.0,0.0
16,170,2.0,1.0
16,171,0.0,1.0
16,172,1.0,0.0
16,173,1.0,1.0
16,174,1.0,0.0
16,175,1.0,1.0
16,176,1.0,1.0
16,177,2.0,0.0
16,178,1.0,0.0
16,179,0.0,0.0
17,0,11.0,8.0
17,1,7.0,4.0
17,2,9.0,7.0
17,3,11.0,8.0
17,4,13.0,10.0
17,5,3.0,6.0
17,6,9.0,6.0
17,7,9.0,6.0
17,8,3.0,3.0
17,9,11.0,7.0
17,10,14.0,5.0
17,11,10.0,9.0
17,12,10.0,13.0
17,13,11.0,13.0
17,14,15.0,16.0
17,15,18.0,17.0
17,16,8.0,21.0
17,17,7.0,35.0
17,18,15.0,21.0
17,19,13.0,30.0
17,20,19.0,40.0
17,21,21.0,25.0
17,22,39.0,32.0
17,23,45.0,28.0
17,24,60.0,42.0
17,25,51.0,50.0
17,26,69.0,59.0
17,27,88.0,77.0
17,28,80.0,95.0
17,29,89.0,112.0
17,30,100.0,130.0
17,31,83.0,155.0
17,32,109.0,158.0
17,33,95.0,167.0
17,34,123.0,182.0
17,35,119.0,194.0
17,36,154.0,221.0
17,37,172.0,248.0
17,38,172.0,293.0
17,39,243.0,304.0
17,40,252.0,359.0
17,41,288.0,469.0
17,42,282.0,459.0
17,43,329.0,592.0
17,44,338.0,651.0
17,45,384.0,739.0
17,46,400.0,816.0
17,47,509.0,915.0
17,48,513.0,1062.0
17,49,539.0,1178.0
17,50,643.0,1276.0
17,51,665.0,1348.0
17,52,691.0,1535.0
17,53,798.0,1689.0
17,54,908.0,1885.0
17,55,1004.0,2032.0
17,56,1045.0,2248.0
17,57,1072.0,2495.0
17,58,1264.0,2803.0
17,59,1390.0,2962.0
17,60,1570.0,3408.0
17,61,1750.0,3569.0
17,62,1813.0,3854.0
17,63,1974.0,4098.0
17,64,2204.0,4370.0
17,65,2282.0,4583.0
17,66,2514.0,4769.0
17,67,2714.0,5114.0
17,68,2761.0,5445.0
17,69,2944.0,5560.0
17,70,3222.0,5537.0
17,71,3360.0,5520.0
17,72,3695.0,5580.0
17,73,3890.0,5533.0
17,74,4221.0,5237.0
17,75,4365.0,5230.0
17,76,4485.0,4874.0
17,77,4600.0,4629.0
17,78,4564.0,4357.0
17,79,4634.0,3965.0
17,80,4626.0,3596.0
17,81,4739.0,3425.0
17,82,4545.0,3061.0
17,83,4393.0,2652.0
17,84,4497.0,2259.0
17,85,4229.0,1952.0
17,86,4267.0,1723.0
17,87,3875.0,1627.0
17,88,3733.0,1319.0
17,89,3561.0,1149.0
17,90,3260.0,1021.0
17,91,3046.0,899.0
17,92,2795.0,784.0
17,93,2534.0,735.0
17,94,2226.0,631.0
17,95,2022.0,559.0
17,96,1684.0,469.0
17,97,1567.0,418.0
17,98,1377.0,377.0
17,99,1201.0,357.0
17,100,1055.0,301.0
17,101,916.0,316.0
17,102,814.0,259.0
17,103,701.0,238.0
17,104,639.0,201.0
17,105,592.0,190.0
17,106,493.0,172.0
17,107,436.0,169.0
17,108,369.0,162.0
17,109,331.0,136.0
17,110,317.0,124.0
17,111,284.0,128.0
17,112,265.0,92.0
17,113,218.0,84.0
17,114,206.0,78.0
17,115,201.0,67.0
17,116,177.0,72.0
17,117,144.0,61.0
17,118,123.0,71.0
17,119,91.0,48.0
17,120,126.0,54.0
17,121,100.0,62.0
17,122,74.0,47.0
17,123,88.0,37.0
17,124,80.0,31.0
17,125,76.0,21.0
17,126,56.0,36.0
17,127,64.0,20.0
17,128,36.0,18.0
17,129,44.0,20.0
17,130,34.0,17.0
17,131,40.0,23.0
17,132,39.0,14.0
17,133,26.0,20.0
17,134,29.0,16.0
17,135,20.0,9.0
17,136,19.0,8.0
17,137,20.0,9.0
17,138,18.0,6.0
17,139,25.0,8.0
17,140,21.0,8.0
17,141,14.0,7.0
17,142,14.0,8.0
17,143,10.0,5.0
17,144,13.0,3.0
17,145,10.0,6.0
17,146,10.0,4.0
17,147,7.0,8.0
17,148,12.0,8.0
17,149,11.0,4.0
17,150,7.0,4.0
17,151,12.0,6.0
17,152,8.0,4.0
17,153,8.0,1.0
17,154,6.0,0.0
17,155,5.0,4.0
17,156,2.0,0.0
17,157,4.0,0.0
17,158,4.0,1.0
17,159,4.0,1.0
17,160,3.0,0.0
17,161,6.0,1.0
17,162,5.0,0.0
17,163,2.0,1.0
17,164,3.0,1.0
17,165,3.0,0.0
17,166,3.0,1.0
17,167,0.0,1.0
17,168,3.0,0.0
17,169,0.0,0.0
17,170,0.0,0.0
17,171,1.0,1.0
17,172,0.0,0.0
17,173,1.0,0.0
17,174,1.0,0.0
17,175,0.0,0.0
17,176,0.0,0.0
17,177,1.0,0.0
17,178,0.0,0.0
17,179,0.0,0.0
18,0,3.0,3.0
18,1,5.0,3.0
18,2,4.0,3.0
18,3,8.0,10.0
18,4,5.0,0.0
18,5,4.0,1.0
18,6,5.0,7.0
18,7,2.0,5.0
18,8,2.0,4.0
18,9,0.0,3.0
18,10,2.0,0.0
18,11,2.0,1.0
18,12,0.0,1.0
18,13,3.0,6.0
18,14,5.0,6.0
18,15,7.0,8.0
18,16,4.0,7.0
18,17,15.0,13.0
18,18,18.0,6.0
18,19,17.0,11.0
18,20,16.0,11.0
18,21,16.0,7.0
18,22,22.0,24.0
18,23,33.0,27.0
18,24,18.0,22.0
18,25,22.0,26.0
18,26,14.0,40.0
18,27,26.0,40.0
18,28,19.0,47.0
18,29,22.0,49.0
18,30,25.0,47.0
18,31,28.0,49.0
18,32,57.0,72.0
18,33,63.0,81.0
18,34,57.0,80.0
18,35,87.0,93.0
18,36,75.0,109.0
18,37,114.0,93.0
18,38,150.0,120.0
18,39,147.0,132.0
18,40,146.0,142.0
18,41,169.0,206.0
18,42,191.0,221.0
18,43,187.0,209.0
18,44,207.0,260.0
18,45,198.0,280.0
18,46,208.0,302.0
18,47,231.0,353.0
18,48,279.0,394.0
18,49,336.0,464.0
18,50,372.0,546.0
18,51,421.0,576.0
18,52,428.0,688.0
18,53,498.0,793.0
18,54,475.0,891.0
18,55,576.0,975.0
18,56,587.0,1164.0
18,57,672.0,1227.0
18,58,769.0,1351.0
18,59,844.0,1508.0
18,60,915.0,1727.0
18,61,1060.0,1948.0
18,62,1121.0,2027.0
18,63,1247.0,2286.0
18,64,1289.0,2502.0
18,65,1448.0,2825.0
18,66,1516.0,3097.0
18,67,1731.0,3536.0
18,68,1861.0,3593.0
18,69,2105.0,3852.0
18,70,2164.0,4212.0
18,71,2369.0,4347.0
18,72,2608.0,4776.0
18,73,2887.0,5018.0
18,74,3156.0,5233.0
18,75,3401.0,5361.0
18,76,3564.0,5779.0
18,77,3755.0,5763.0
18,78,3873.0,5802.0
18,79,4017.0,5703.0
18,80,4256.0,5471.0
18,81,4419.0,5422.0
18,82,4463.0,5167.0
18,83,4571.0,4764.0
18,84,4551.0,4523.0
18,85,4674.0,4302.0
18,86,4599.0,3834.0
18,87,4606.0,3405.0
18,88,4576.0,3185.0
18,89,4539.0,2881.0
18,90,4482.0,2545.0
18,91,4251.0,2262.0
18,92,4037.0,1975.0
18,93,3918.0,1688.0
18,94,3677.0,1444.0
18,95,3461.0,1288.0
18,96,3158.0,1108.0
18,97,2825.0,1017.0
18,98,2492.0,879.0
18,99,2243.0,742.0
18,100,2006.0,631.0
18,101,1868.0,583.0
18,102,1622.0,525.0
18,103,1415.0,483.0
18,104,1268.0,421.0
18,105,1121.0,406.0
18,106,1010.0,354.0
18,107,853.0,310.0
18,108,755.0,296.0
18,109,659.0,253.0
18,110,602.0,221.0
18,111,536.0,218.0
18,112,460.0,197.0
18,113,380.0,156.0
18,114,381.0,150.0
18,115,305.0,153.0
18,116,280.0,159.0
18,117,229.0,121.0
18,118,241.0,108.0
18,119,216.0,96.0
18,120,188.0,112.0
18,121,179.0,72.0
18,122,161.0,79.0
18,123,126.0,81.0
18,124,124.0,81.0
18,125,109.0,61.0
18,126,91.0,50.0
18,127,97.0,73.0
18,128,82.0,58.0
18,129,70.0,36.0
18,130,77.0,30.0
18,131,69.0,28.0
18,132,57.0,33.0
18,133,54.0,25.0
18,134,56.0,23.0
18,135,51.0,17.0
18,136,49.0,23.0
18,137,43.0,18.0
18,138,39.0,21.0
18,139,34.0,8.0
18,140,33.0,18.0
18,141,28.0,11.0
18,142,23.0,12.0
18,143,31.0,14.0
18,144,23.0,13.0
18,145,15.0,10.0
18,146,15.0,5.0
18,147,18.0,4.0
18,148,16.0,5.0
18,149,13.0,12.0
18,150,11.0,8.0
18,151,15.0,4.0
18,152,18.0,11.0
18,153,11.0,7.0
18,154,11.0,7.0
18,155,0.0,1.0
18,156,8.0,5.0
18,157,8.0,2.0
18,158,2.0,1.0
18,159,4.0,3.0
18,160,3.0,2.0
18,161,5.0,1.0
18,162,6.0,1.0
18,163,5.0,3.0
18,164,4.0,1.0
18,165,3.0,5.0
18,166,1.0,1.0
18,167,3.0,6.0
18,168,6.0,2.0
18,169,6.0,1.0
18,170,3.0,0.0
18,171,2.0,0.0
18,172,1.0,0.0
18,173,3.0,0.0
18,174,1.0,0.0
18,175,3.0,0.0
18,176,2.0,2.0
18,177,0.0,1.0
18,178,2.0,1.0
18,179,1.0,0.0
19,0,11.0,11.0
19,1,8.0,6.0
19,2,10.0,3.0
19,3,15.0,5.0
19,4,15.0,12.0
19,5,19.0,12.0
19,6,17.0,23.0
19,7,16.0,5.0
19,8,15.0,7.0
19,9,12.0,11.0
19,10,17.0,10.0
19,11,12.0,21.0
19,12,19.0,10.0
19,13,23.0,16.0
19,14,16.0,24.0
19,15,38.0,29.0
19,16,33.0,34.0
19,17,37.0,35.0
19,18,27.0,51.0
19,19,44.0,47.0
19,20,36.0,41.0
19,21,49.0,53.0
19,22,46.0,66.0
19,23,78.0,47.0
19,24,70.0,82.0
19,25,91.0,85.0
19,26,95.0,126.0
19,27,127.0,116.0
19,28,103.0,140.0
19,29,135.0,136.0
19,30,151.0,173.0
19,31,170.0,187.0
19,32,189.0,225.0
19,33,213.0,236.0
19,34,211.0,262.0
19,35,259.0,304.0
19,36,286.0,375.0
19,37,313.0,364.0
19,38,359.0,440.0
19,39,380.0,487.0
19,40,402.0,523.0
19,41,484.0,537.0
19,42,465.0,666.0
19,43,522.0,772.0
19,44,593.0,792.0
19,45,617.0,995.0
19,46,724.0,1058.0
19,47,716.0,1219.0
19,48,825.0,1408.0
19,49,968.0,1491.0
19,50,1048.0,1661.0
19,51,1113.0,1830.0
19,52,1293.0,1953.0
19,53,1326.0,2275.0
19,54,1475.0,2522.0
19,55,1573.0,2647.0
19,56,1773.0,2973.0
19,57,1905.0,3160.0
19,58,1892.0,3563.0
19,59,2224.0,3823.0
19,60,2382.0,4079.0
19,61,2566.0,4411.0
19,62,2720.0,4529.0
19,63,2873.0,4776.0
19,64,3093.0,4913.0
19,65,3356.0,5200.0
19,66,3436.0,5155.0
19,67,3719.0,5430.0
19,68,3848.0,5455.0
19,69,3900.0,5640.0
19,70,4023.0,5712.0
19,71,4227.0,5625.0
19,72,4561.0,5410.0
19,73,4552.0,5124.0
19,74,4738.0,4850.0
19,75,4687.0,4557.0
19,76,4557.0,4102.0
19,77,4706.0,3812.0
19,78,4630.0,3450.0
19,79,4419.0,2956.0
19,80,4393.0,2767.0
19,81,4310.0,2383.0
19,82,3999.0,1972.0
19,83,3693.0,1835.0
19,84,3467.0,1583.0
19,85,3241.0,1347.0
19,86,2971.0,1183.0
19,87,2714.0,1065.0
19,88,2369.0,866.0
19,89,2246.0,819.0
19,90,1872.0,675.0
19,91,1748.0,560.0
19,92,1469.0,552.0
19,93,1316.0,496.0
19,94,1201.0,448.0
19,95,991.0,392.0
19,96,888.0,347.0
19,97,737.0,326.0
19,98,703.0,322.0
19,99,592.0,243.0
19,100,540.0,247.0
19,101,476.0,230.0
19,102,388.0,201.0
19,103,344.0,219.0
19,104,315.0,148.0
19,105,294.0,154.0
19,106,279.0,136.0
19,107,228.0,132.0
19,108,216.0,106.0
19,109,196.0,102.0
19,110,185.0,95.0
19,111,172.0,88.0
19,112,122.0,76.0
19,113,141.0,89.0
19,114,135.0,57.0
19,115,134.0,58.0
19,116,93.0,51.0
19,117,99.0,41.0
19,118,90.0,53.0
19,119,69.0,43.0
19,120,68.0,43.0
19,121,69.0,41.0
19,122,52.0,27.0
19,123,61.0,30.0
19,124,58.0,35.0
19,125,36.0,27.0
19,126,42.0,20.0
19,127,29.0,24.0
19,128,26.0,13.0
19,129,34.0,20.0
19,130,20.0,15.0
19,131,29.0,15.0
19,132,17.0,12.0
19,133,9.0,12.0
19,134,19.0,11.0
19,135,12.0,9.0
19,136,12.0,7.0
19,137,16.0,7.0
19,138,16.0,7.0
19,139,7.0,6.0
19,140,8.0,6.0
19,141,10.0,6.0
19,142,5.0,7.0
19,143,6.0,3.0
19,144,7.0,7.0
19,145,12.0,4.0
19,146,1.0,4.0
19,147,6.0,5.0
19,148,7.0,1.0
19,149,6.0,2.0
19,150,4.0,2.0
19,151,6.0,2.0
19,152,1.0,1.0
19,153,3.0,1.0
19,154,2.0,2.0
19,155,3.0,1.0
19,156,1.0,0.0
19,157,5.0,1.0
19,158,1.0,1.0
19,159,0.0,1.0
19,160,3.0,2.0
19,161,0.0,1.0
19,162,2.0,1.0
19,163,1.0,1.0
19,164,2.0,0.0
19,165,0.0,1.0
19,166,3.0,2.0
19,167,1.0,2.0
19,168,1.0,2.0
19,169,0.0,1.0
19,170,2.0,0.0
19,171,1.0,0.0
19,172,1.0,0.0
19,173,0.0,0.0
19,174,0.0,0.0
19,175,0.0,0.0
19,176,0.0,3.0
19,177,1.0,0.0
19,178,0.0,0.0
19,179,1.0,0.0
20,0,4.0,6.0
20,1,1.0,1.0
20,2,5.0,3.0
20,3,5.0,0.0
20,4,7.0,5.0
20,5,4.0,9.0
20,6,4.0,7.0
20,7,4.0,4.0
20,8,0.0,9.0
20,9,6.0,4.0
20,10,2.0,16.0
20,11,6.0,17.0
20,12,5.0,21.0
20,13,13.0,24.0
20,14,5.0,20.0
20,15,8.0,16.0
20,16,13.0,15.0
20,17,25.0,18.0
20,18,15.0,12.0
20,19,14.0,21.0
20,20,10.0,31.0
20,21,19.0,36.0
20,22,24.0,80.0
20,23,23.0,69.0
20,24,23.0,85.0
20,25,21.0,81.0
20,26,25.0,88.0
20,27,32.0,99.0
20,28,34.0,111.0
20,29,48.0,116.0
20,30,44.0,136.0
20,31,56.0,153.0
20,32,57.0,175.0
20,33,74.0,190.0
20,34,75.0,226.0
20,35,94.0,231.0
20,36,98.0,245.0
20,37,107.0,283.0
20,38,97.0,338.0
20,39,82.0,419.0
20,40,113.0,440.0
20,41,103.0,468.0
20,42,136.0,527.0
20,43,136.0,645.0
20,44,180.0,737.0
20,45,181.0,826.0
20,46,253.0,973.0
20,47,241.0,999.0
20,48,271.0,1153.0
20,49,273.0,1286.0
20,50,311.0,1404.0
20,51,346.0,1519.0
20,52,398.0,1826.0
20,53,397.0,1903.0
20,54,480.0,2176.0
20,55,499.0,2362.0
20,56,549.0,2666.0
20,57,595.0,2852.0
20,58,674.0,3168.0
20,59,730.0,3321.0
20,60,821.0,3556.0
20,61,980.0,3895.0
20,62,1024.0,4267.0
20,63,1114.0,4484.0
20,64,1230.0,4722.0
20,65,1362.0,4864.0
20,66,1520.0,5015.0
20,67,1575.0,5267.0
20,68,1843.0,5403.0
20,69,1853.0,5453.0
20,70,2184.0,5350.0
20,71,2231.0,5587.0
20,72,2435.0,5462.0
20,73,2654.0,5386.0
20,74,2701.0,5076.0
20,75,2998.0,4980.0
20,76,3198.0,4663.0
20,77,3306.0,4303.0
20,78,3531.0,4111.0
20,79,3806.0,3670.0
20,80,3880.0,3371.0
20,81,4054.0,2941.0
20,82,4182.0,2588.0
20,83,4571.0,2303.0
20,84,4462.0,1904.0
20,85,4739.0,1759.0
20,86,4849.0,1525.0
20,87,4796.0,1330.0
20,88,4723.0,1085.0
20,89,4572.0,961.0
20,90,4629.0,820.0
20,91,4434.0,773.0
20,92,4362.0,679.0
20,93,4096.0,585.0
20,94,3944.0,562.0
20,95,3562.0,479.0
20,96,3375.0,403.0
20,97,3035.0,411.0
20,98,2818.0,375.0
20,99,2515.0,306.0
20,100,2326.0,273.0
20,101,2119.0,231.0
20,102,1905.0,246.0
20,103,1623.0,209.0
20,104,1383.0,185.0
20,105,1198.0,193.0
20,106,1088.0,160.0
20,107,1004.0,131.0
20,108,829.0,123.0
20,109,667.0,119.0
20,110,676.0,111.0
20,111,556.0,103.0
20,112,524.0,100.0
20,113,487.0,92.0
20,114,429.0,62.0
20,115,392.0,84.0
20,116,373.0,57.0
20,117,305.0,58.0
20,118,304.0,61.0
20,119,262.0,51.0
20,120,244.0,30.0
20,121,237.0,49.0
20,122,225.0,42.0
20,123,194.0,27.0
20,124,181.0,25.0
20,125,150.0,28.0
20,126,142.0,34.0
20,127,114.0,22.0
20,128,112.0,20.0
20,129,100.0,19.0
20,130,102.0,16.0
20,131,82.0,8.0
20,132,73.0,22.0
20,133,66.0,18.0
20,134,62.0,20.0
20,135,59.0,9.0
20,136,39.0,7.0
20,137,31.0,9.0
20,138,28.0,12.0
20,139,36.0,5.0
20,140,32.0,6.0
20,141,31.0,8.0
20,142,24.0,8.0
20,143,22.0,5.0
20,144,23.0,9.0
20,145,30.0,3.0
20,146,17.0,7.0
20,147,16.0,3.0
20,148,18.0,2.0
20,149,14.0,3.0
20,150,10.0,2.0
20,151,15.0,2.0
20,152,8.0,1.0
20,153,16.0,3.0
20,154,10.0,0.0
20,155,7.0,2.0
20,156,8.0,3.0
20,157,7.0,0.0
20,158,4.0,3.0
20,159,3.0,3.0
20,160,4.0,3.0
20,161,7.0,0.0
20,162,5.0,0.0
20,163,3.0,0.0
20,164,6.0,1.0
20,165,1.0,0.0
20,166,1.0,1.0
20,167,3.0,1.0
20,168,4.0,0.0
20,169,2.0,0.0
20,170,4.0,0.0
20,171,2.0,0.0
20,172,3.0,0.0
20,173,2.0,1.0
20,174,1.0,0.0
20,175,0.0,0.0
20,176,4.0,0.0
20,177,1.0,0.0
20,178,2.0,1.0
20,179,0.0,0.0
21,0,7.0,5.0
21,1,4.0,3.0
21,2,1.0,3.0
21,3,2.0,5.0
21,4,1.0,2.0
21,5,11.0,5.0
21,6,7.0,7.0
21,7,8.0,6.0
21,8,13.0,8.0
21,9,10.0,8.0
21,10,26.0,6.0
21,11,16.0,7.0
21,12,21.0,2.0
21,13,12.0,6.0
21,14,29.0,2.0
21,15,21.0,4.0
21,16,13.0,6.0
21,17,23.0,7.0
21,18,32.0,4.0
21,19,38.0,18.0
21,20,31.0,24.0
21,21,27.0,20.0
21,22,29.0,31.0
21,23,48.0,26.0
21,24,43.0,28.0
21,25,61.0,19.0
21,26,92.0,45.0
21,27,83.0,42.0
21,28,109.0,45.0
21,29,142.0,41.0
21,30,147.0,65.0
21,31,141.0,59.0
21,32,177.0,71.0
21,33,160.0,67.0
21,34,168.0,84.0
21,35,201.0,118.0
21,36,236.0,99.0
21,37,270.0,109.0
21,38,279.0,135.0
21,39,324.0,164.0
21,40,375.0,161.0
21,41,391.0,228.0
21,42,463.0,197.0
21,43,468.0,254.0
21,44,534.0,294.0
21,45,585.0,328.0
21,46,606.0,350.0
21,47,690.0,395.0
21,48,760.0,442.0
21,49,799.0,475.0
21,50,917.0,581.0
21,51,1003.0,624.0
21,52,1088.0,681.0
21,53,1186.0,782.0
21,54,1264.0,849.0
21,55,1446.0,909.0
21,56,1538.0,1089.0
21,57,1575.0,1118.0
21,58,1765.0,1313.0
21,59,1917.0,1365.0
21,60,2100.0,1720.0
21,61,2235.0,1809.0
21,62,2587.0,2034.0
21,63,2761.0,2258.0
21,64,2728.0,2512.0
21,65,3046.0,2652.0
21,66,3046.0,2801.0
21,67,3213.0,3284.0
21,68,3423.0,3595.0
21,69,3430.0,3864.0
21,70,3604.0,4100.0
21,71,3973.0,4258.0
21,72,4046.0,4670.0
21,73,4197.0,4898.0
21,74,4395.0,5005.0
21,75,4761.0,5247.0
21,76,4712.0,5286.0
21,77,4815.0,5390.0
21,78,4707.0,5598.0
21,79,4638.0,5345.0
21,80,4625.0,5450.0
21,81,4418.0,5429.0
21,82,4066.0,5200.0
21,83,4076.0,4982.0
21,84,3766.0,4835.0
21,85,3788.0,4439.0
21,86,3441.0,4138.0
21,87,3125.0,3838.0
21,88,2919.0,3326.0
21,89,2712.0,2992.0
21,90,2472.0,2777.0
21,91,2187.0,2393.0
21,92,1997.0,2055.0
21,93,1623.0,1786.0
21,94,1423.0,1639.0
21,95,1258.0,1445.0
21,96,1072.0,1233.0
21,97,892.0,1144.0
21,98,774.0,945.0
21,99,720.0,800.0
21,100,637.0,711.0
21,101,611.0,590.0
21,102,507.0,587.0
21,103,474.0,487.0
21,104,390.0,482.0
21,105,379.0,426.0
21,106,307.0,375.0
21,107,272.0,327.0
21,108,248.0,287.0
21,109,215.0,259.0
21,110,184.0,253.0
21,111,190.0,254.0
21,112,146.0,235.0
21,113,139.0,183.0
21,114,155.0,161.0
21,115,123.0,129.0
21,116,136.0,146.0
21,117,126.0,114.0
21,118,126.0,122.0
21,119,108.0,101.0
21,120,97.0,108.0
21,121,88.0,82.0
21,122,74.0,95.0
21,123,80.0,83.0
21,124,71.0,77.0
21,125,44.0,79.0
21,126,47.0,56.0
21,127,37.0,50.0
21,128,46.0,48.0
21,129,40.0,43.0
21,130,29.0,31.0
21,131,19.0,39.0
21,132,15.0,34.0
21,133,15.0,26.0
21,134,19.0,24.0
21,135,20.0,20.0
21,136,17.0,21.0
21,137,9.0,23.0
21,138,18.0,14.0
21,139,10.0,22.0
21,140,15.0,18.0
21,141,13.0,14.0
21,142,17.0,14.0
21,143,11.0,11.0
21,144,10.0,14.0
21,145,9.0,2.0
21,146,4.0,10.0
21,147,8.0,9.0
21,148,5.0,6.0
21,149,7.0,10.0
21,150,9.0,5.0
21,151,7.0,3.0
21,152,3.0,6.0
21,153,3.0,1.0
21,154,9.0,2.0
21,155,8.0,4.0
21,156,6.0,2.0
21,157,7.0,4.0
21,158,5.0,4.0
21,159,3.0,5.0
21,160,4.0,4.0
21,161,4.0,4.0
21,162,3.0,2.0
21,163,0.0,4.0
21,164,3.0,3.0
21,165,0.0,2.0
21,166,1.0,2.0
21,167,3.0,1.0
21,168,1.0,0.0
21,169,0.0,0.0
21,170,2.0,0.0
21,171,1.0,3.0
21,172,0.0,1.0
21,173,0.0,1.0
21,174,1.0,1.0
21,175,0.0,1.0
21,176,0.0,0.0
21,177,1.0,1.0
21,178,0.0,0.0
21,179,0.0,2.0
22,0,0.0,0.0
22,1,0.0,0.0
22,2,1.0,2.0
22,3,0.0,0.0
22,4,0.0,0.0
22,5,0.0,0.0
22,6,0.0,0.0
22,7,0.0,4.0
22,8,1.0,6.0
22,9,6.0,6.0
22,10,2.0,6.0
22,11,4.0,5.0
22,12,4.0,3.0
22,13,9.0,1.0
22,14,6.0,1.0
22,15,4.0,0.0
22,16,8.0,2.0
22,17,3.0,3.0
22,18,5.0,2.0
22,19,7.0,1.0
22,20,5.0,6.0
22,21,4.0,4.0
22,22,11.0,8.0
22,23,11.0,7.0
22,24,19.0,12.0
22,25,13.0,12.0
22,26,15.0,20.0
22,27,23.0,16.0
22,28,18.0,17.0
22,29,23.0,24.0
22,30,35.0,23.0
22,31,38.0,17.0
22,32,32.0,25.0
22,33,38.0,26.0
22,34,53.0,21.0
22,35,69.0,36.0
22,36,47.0,30.0
22,37,69.0,26.0
22,38,68.0,33.0
22,39,93.0,59.0
22,40,80.0,66.0
22,41,96.0,65.0
22,42,101.0,93.0
22,43,94.0,68.0
22,44,137.0,87.0
22,45,135.0,122.0
22,46,154.0,109.0
22,47,183.0,144.0
22,48,183.0,143.0
22,49,220.0,157.0
22,50,248.0,196.0
22,51,254.0,217.0
22,52,267.0,259.0
22,53,316.0,242.0
22,54,341.0,274.0
22,55,373.0,327.0
22,56,399.0,355.0
22,57,390.0,412.0
22,58,438.0,471.0
22,59,544.0,575.0
22,60,504.0,620.0
22,61,622.0,660.0
22,62,702.0,811.0
22,63,772.0,895.0
22,64,776.0,989.0
22,65,896.0,1120.0
22,66,988.0,1197.0
22,67,1063.0,1357.0
22,68,1208.0,1429.0
22,69,1273.0,1636.0
22,70,1466.0,1797.0
22,71,1623.0,2067.0
22,72,1713.0,2308.0
22,73,2009.0,2431.0
22,74,2116.0,2767.0
22,75,2294.0,2996.0
22,76,2462.0,3384.0
22,77,2606.0,3357.0
22,78,2920.0,3662.0
22,79,3010.0,4009.0
22,80,3190.0,4205.0
22,81,3261.0,4612.0
22,82,3579.0,4755.0
22,83,3664.0,5064.0
22,84,3705.0,5281.0
22,85,4127.0,5499.0
22,86,4237.0,5429.0
22,87,4468.0,5503.0
22,88,4691.0,5461.0
22,89,4826.0,5497.0
22,90,4774.0,5311.0
22,91,4784.0,5135.0
22,92,4691.0,4914.0
22,93,4759.0,4737.0
22,94,4609.0,4409.0
22,95,4482.0,4046.0
22,96,4158.0,3845.0
22,97,4055.0,3401.0
22,98,3845.0,3037.0
22,99,3581.0,2770.0
22,100,3206.0,2393.0
22,101,3119.0,2004.0
22,102,2682.0,1857.0
22,103,2467.0,1664.0
22,104,2317.0,1398.0
22,105,2100.0,1249.0
22,106,1880.0,1095.0
22,107,1552.0,971.0
22,108,1401.0,788.0
22,109,1240.0,788.0
22,110,1050.0,638.0
22,111,1053.0,538.0
22,112,848.0,492.0
22,113,718.0,497.0
22,114,722.0,423.0
22,115,611.0,357.0
22,116,563.0,316.0
22,117,496.0,320.0
22,118,462.0,267.0
22,119,383.0,231.0
22,120,365.0,216.0
22,121,303.0,193.0
22,122,246.0,166.0
22,123,264.0,186.0
22,124,230.0,170.0
22,125,218.0,141.0
22,126,200.0,109.0
22,127,175.0,133.0
22,128,148.0,108.0
22,129,153.0,98.0
22,130,135.0,99.0
22,131,107.0,70.0
22,132,110.0,66.0
22,133,86.0,75.0
22,134,68.0,68.0
22,135,72.0,53.0
22,136,71.0,49.0
22,137,81.0,49.0
22,138,56.0,53.0
22,139,55.0,35.0
22,140,51.0,26.0
22,141,45.0,30.0
22,142,38.0,39.0
22,143,21.0,28.0
22,144,35.0,27.0
22,145,30.0,22.0
22,146,22.0,20.0
22,147,28.0,27.0
22,148,23.0,14.0
22,149,23.0,15.0
22,150,17.0,12.0
22,151,13.0,14.0
22,152,18.0,16.0
22,153,15.0,6.0
22,154,20.0,13.0
22,155,10.0,14.0
22,156,9.0,14.0
22,157,11.0,5.0
22,158,5.0,8.0
22,159,10.0,5.0
22,160,10.0,5.0
22,161,11.0,9.0
22,162,6.0,3.0
22,163,5.0,3.0
22,164,5.0,8.0
22,165,5.0,2.0
22,166,5.0,2.0
22,167,3.0,2.0
22,168,3.0,6.0
22,169,3.0,3.0
22,170,0.0,3.0
22,171,4.0,2.0
22,172,2.0,3.0
22,173,5.0,1.0
22,174,0.0,2.0
22,175,2.0,1.0
22,176,1.0,1.0
22,177,3.0,0.0
22,178,2.0,3.0
22,179,1.0,0.0
23,0,9.0,6.0
23,1,6.0,9.0
23,2,8.0,13.0
23,3,20.0,13.0
23,4,13.0,13.0
23,5,16.0,11.0
23,6,8.0,8.0
23,7,3.0,14.0
23,8,17.0,8.0
23,9,8.0,9.0
23,10,8.0,16.0
23,11,13.0,8.0
23,12,6.0,20.0
23,13,20.0,10.0
23,14,15.0,33.0
23,15,27.0,26.0
23,16,35.0,42.0
23,17,20.0,47.0
23,18,42.0,50.0
23,19,47.0,57.0
23,20,54.0,54.0
23,21,39.0,45.0
23,22,51.0,61.0
23,23,46.0,54.0
23,24,64.0,77.0
23,25,67.0,57.0
23,26,80.0,92.0
23,27,100.0,113.0
23,28,100.0,136.0
23,29,134.0,161.0
23,30,124.0,181.0
23,31,149.0,190.0
23,32,175.0,282.0
23,33,175.0,271.0
23,34,193.0,300.0
23,35,216.0,357.0
23,36,211.0,407.0
23,37,235.0,459.0
23,38,281.0,515.0
23,39,315.0,557.0
23,40,365.0,644.0
23,41,388.0,658.0
23,42,467.0,749.0
23,43,524.0,789.0
23,44,560.0,944.0
23,45,609.0,1025.0
23,46,721.0,998.0
23,47,739.0,1274.0
23,48,853.0,1412.0
23,49,912.0,1567.0
23,50,999.0,1761.0
23,51,1168.0,1962.0
23,52,1289.0,2126.0
23,53,1344.0,2257.0
23,54,1500.0,2621.0
23,55,1642.0,2794.0
23,56,1837.0,3094.0
23,57,1958.0,3338.0
23,58,2100.0,3624.0
23,59,2354.0,3914.0
23,60,2369.0,4063.0
23,61,2491.0,4442.0
23,62,2614.0,4675.0
23,63,2828.0,4903.0
23,64,2982.0,5214.0
23,65,3252.0,5123.0
23,66,3438.0,5524.0
23,67,3566.0,5489.0
23,68,3595.0,5613.0
23,69,3916.0,5570.0
23,70,4124.0,5578.0
23,71,4391.0,5467.0
23,72,4549.0,5155.0
23,73,4665.0,4790.0
23,74,4840.0,4867.0
23,75,4731.0,4185.0
23,76,4763.0,3931.0
23,77,4686.0,3506.0
23,78,4679.0,3189.0
23,79,4441.0,2840.0
23,80,4340.0,2565.0
23,81,4130.0,2206.0
23,82,3950.0,1975.0
23,83,3743.0,1697.0
23,84,3553.0,1445.0
23,85,3261.0,1326.0
23,86,2993.0,1141.0
23,87,2655.0,1026.0
23,88,2408.0,842.0
23,89,2201.0,749.0
23,90,1912.0,671.0
23,91,1732.0,568.0
23,92,1515.0,525.0
23,93,1280.0,473.0
23,94,1186.0,429.0
23,95,1064.0,357.0
23,96,924.0,385.0
23,97,851.0,284.0
23,98,752.0,264.0
23,99,651.0,215.0
23,100,603.0,234.0
23,101,535.0,210.0
23,102,487.0,199.0
23,103,393.0,169.0
23,104,383.0,153.0
23,105,314.0,150.0
23,106,273.0,138.0
23,107,259.0,124.0
23,108,217.0,98.0
23,109,176.0,108.0
23,110,186.0,104.0
23,111,142.0,81.0
23,112,137.0,62.0
23,113,136.0,78.0
23,114,135.0,66.0
23,115,113.0,53.0
23,116,108.0,55.0
23,117,105.0,41.0
23,118,73.0,37.0
23,119,82.0,57.0
23,120,70.0,35.0
23,121,70.0,32.0
23,122,70.0,26.0
23,123,39.0,27.0
23,124,52.0,16.0
23,125,55.0,29.0
23,126,49.0,20.0
23,127,44.0,22.0
23,128,31.0,16.0
23,129,26.0,18.0
23,130,20.0,14.0
23,131,25.0,12.0
23,132,26.0,10.0
23,133,22.0,11.0
23,134,20.0,15.0
23,135,15.0,11.0
23,136,15.0,12.0
23,137,19.0,11.0
23,138,8.0,9.0
23,139,16.0,6.0
23,140,12.0,8.0
23,141,12.0,3.0
23,142,5.0,8.0
23,143,14.0,4.0
23,144,13.0,5.0
23,145,11.0,6.0
23,146,8.0,4.0
23,147,8.0,7.0
23,148,7.0,1.0
23,149,2.0,2.0
23,150,2.0,0.0
23,151,8.0,2.0
23,152,7.0,3.0
23,153,7.0,1.0
23,154,2.0,2.0
23,155,4.0,2.0
23,156,2.0,4.0
23,157,3.0,4.0
23,158,3.0,2.0
23,159,4.0,0.0
23,160,2.0,2.0
23,161,2.0,0.0
23,162,1.0,1.0
23,163,0.0,1.0
23,164,1.0,3.0
23,165,0.0,0.0
23,166,1.0,1.0
23,167,0.0,1.0
23,168,4.0,0.0
23,169,0.0,0.0
23,170,0.0,0.0
23,171,0.0,1.0
23,172,0.0,1.0
23,173,0.0,0.0
23,174,0.0,0.0
23,175,1.0,0.0
23,176,2.0,0.0
23,177,3.0,0.0
23,178,0.0,0.0
23,179,0.0,0.0
24,0,5.0,3.0
24,1,8.0,5.0
24,2,6.0,9.0
24,3,14.0,12.0
24,4,13.0,12.0
24,5,10.0,12.0
24,6,13.0,17.0
24,7,7.0,8.0
24,8,12.0,6.0
24,9,4.0,7.0
24,10,7.0,8.0
24,11,9.0,11.0
24,12,9.0,16.0
24,13,13.0,18.0
24,14,17.0,13.0
24,15,13.0,25.0
24,16,9.0,27.0
24,17,12.0,42.0
24,18,22.0,27.0
24,19,30.0,45.0
24,20,40.0,45.0
24,21,37.0,60.0
24,22,41.0,56.0
24,23,59.0,69.0
24,24,62.0,74.0
24,25,59.0,81.0
24,26,54.0,101.0
24,27,71.0,120.0
24,28,73.0,154.0
24,29,72.0,137.0
24,30,91.0,152.0
24,31,101.0,182.0
24,32,121.0,197.0
24,33,139.0,223.0
24,34,152.0,233.0
24,35,171.0,236.0
24,36,197.0,260.0
24,37,234.0,328.0
24,38,266.0,343.0
24,39,274.0,488.0
24,40,275.0,501.0
24,41,364.0,552.0
24,42,355.0,592.0
24,43,369.0,657.0
24,44,428.0,826.0
24,45,492.0,878.0
24,46,522.0,1099.0
24,47,613.0,1205.0
24,48,652.0,1321.0
24,49,640.0,1421.0
24,50,685.0,1633.0
24,51,851.0,1744.0
24,52,955.0,1875.0
24,53,966.0,2138.0
24,54,1037.0,2247.0
24,55,1056.0,2585.0
24,56,1255.0,2829.0
24,57,1297.0,3063.0
24,58,1530.0,3285.0
24,59,1620.0,3604.0
24,60,1834.0,3951.0
24,61,2048.0,4045.0
24,62,2226.0,4446.0
24,63,2431.0,4744.0
24,64,2493.0,4734.0
24,65,2878.0,5228.0
24,66,2916.0,5434.0
24,67,3114.0,5473.0
24,68,3374.0,5592.0
24,69,3699.0,5667.0
24,70,3630.0,5516.0
24,71,3865.0,5778.0
24,72,3912.0,5480.0
24,73,4032.0,5277.0
24,74,4347.0,4957.0
24,75,4322.0,4673.0
24,76,4611.0,4218.0
24,77,4764.0,3895.0
24,78,4742.0,3573.0
24,79,4881.0,3160.0
24,80,4893.0,2860.0
24,81,4773.0,2573.0
24,82,4667.0,2140.0
24,83,4594.0,2001.0
24,84,4341.0,1716.0
24,85,4052.0,1467.0
24,86,3780.0,1289.0
24,87,3490.0,1118.0
24,88,3232.0,947.0
24,89,2987.0,815.0
24,90,2697.0,747.0
24,91,2310.0,616.0
24,92,2154.0,579.0
24,93,1906.0,508.0
24,94,1702.0,476.0
24,95,1379.0,413.0
24,96,1286.0,417.0
24,97,1106.0,364.0
24,98,987.0,272.0
24,99,887.0,266.0
24,100,782.0,258.0
24,101,667.0,239.0
24,102,618.0,254.0
24,103,513.0,169.0
24,104,412.0,160.0
24,105,404.0,147.0
24,106,357.0,146.0
24,107,357.0,148.0
24,108,279.0,138.0
24,109,256.0,108.0
24,110,218.0,108.0
24,111,215.0,98.0
24,112,174.0,90.0
24,113,177.0,79.0
24,114,179.0,72.0
24,115,138.0,60.0
24,116,121.0,58.0
24,117,139.0,57.0
24,118,107.0,52.0
24,119,114.0,39.0
24,120,95.0,41.0
24,121,97.0,38.0
24,122,85.0,32.0
24,123,75.0,29.0
24,124,64.0,33.0
24,125,69.0,32.0
24,126,57.0,28.0
24,127,62.0,16.0
24,128,44.0,20.0
24,129,45.0,16.0
24,130,46.0,9.0
24,131,34.0,21.0
24,132,35.0,12.0
24,133,40.0,13.0
24,134,30.0,10.0
24,135,32.0,12.0
24,136,23.0,19.0
24,137,22.0,8.0
24,138,21.0,14.0
24,139,21.0,5.0
24,140,18.0,2.0
24,141,6.0,7.0
24,142,8.0,6.0
24,143,13.0,1.0
24,144,9.0,8.0
24,145,13.0,3.0
24,146,7.0,3.0
24,147,9.0,4.0
24,148,8.0,4.0
24,149,8.0,4.0
24,150,9.0,2.0
24,151,6.0,1.0
24,152,4.0,1.0
24,153,3.0,1.0
24,154,6.0,2.0
24,155,1.0,2.0
24,156,5.0,1.0
24,157,3.0,0.0
24,158,1.0,1.0
24,159,4.0,0.0
24,160,3.0,3.0
24,161,1.0,0.0
24,162,2.0,0.0
24,163,4.0,0.0
24,164,0.0,0.0
24,165,1.0,0.0
24,166,0.0,0.0
24,167,2.0,2.0
24,168,0.0,0.0
24,169,1.0,2.0
24,170,1.0,0.0
24,171,0.0,0.0
24,172,0.0,1.0
24,173,2.0,0.0
24,174,0.0,0.0
24,175,0.0,0.0
24,176,1.0,2.0
24,177,0.0,0.0
24,178,0.0,1.0
24,179,2.0,0.0
25,0,10.0,11.0
25,1,8.0,10.0
25,2,8.0,10.0
25,3,14.0,11.0
25,4,6.0,15.0
25,5,11.0,5.0
25,6,12.0,10.0
25,7,6.0,6.0
25,8,11.0,4.0
25,9,7.0,12.0
25,10,12.0,16.0
25,11,12.0,7.0
25,12,14.0,7.0
25,13,18.0,20.0
25,14,23.0,12.0
25,15,23.0,30.0
25,16,25.0,29.0
25,17,30.0,35.0
25,18,41.0,48.0
25,19,34.0,42.0
25,20,43.0,43.0
25,21,35.0,62.0
25,22,58.0,41.0
25,23,36.0,59.0
25,24,41.0,74.0
25,25,51.0,55.0
25,26,83.0,66.0
25,27,65.0,78.0
25,28,95.0,84.0
25,29,94.0,90.0
25,30,116.0,115.0
25,31,120.0,138.0
25,32,125.0,177.0
25,33,175.0,204.0
25,34,171.0,233.0
25,35,182.0,265.0
25,36,196.0,287.0
25,37,265.0,307.0
25,38,277.0,414.0
25,39,307.0,411.0
25,40,347.0,493.0
25,41,394.0,526.0
25,42,437.0,562.0
25,43,428.0,648.0
25,44,476.0,712.0
25,45,499.0,721.0
25,46,540.0,836.0
25,47,637.0,952.0
25,48,649.0,1045.0
25,49,783.0,1238.0
25,50,889.0,1452.0
25,51,945.0,1667.0
25,52,1062.0,1788.0
25,53,1182.0,2119.0
25,54,1167.0,2181.0
25,55,1290.0,2518.0
25,56,1372.0,2642.0
25,57,1470.0,2877.0
25,58,1641.0,3164.0
25,59,1732.0,3418.0
25,60,1988.0,3664.0
25,61,2126.0,3892.0
25,62,2398.0,4314.0
25,63,2588.0,4627.0
25,64,2829.0,4735.0
25,65,2927.0,5093.0
25,66,3142.0,5138.0
25,67,3407.0,5342.0
25,68,3574.0,5381.0
25,69,3785.0,5569.0
25,70,3954.0,5667.0
25,71,4108.0,5551.0
25,72,4247.0,5481.0
25,73,4275.0,5045.0
25,74,4428.0,5189.0
25,75,4393.0,4740.0
25,76,4877.0,4581.0
25,77,4833.0,4348.0
25,78,4940.0,3871.0
25,79,5007.0,3638.0
25,80,4799.0,3242.0
25,81,4719.0,2746.0
25,82,4458.0,2484.0
25,83,4281.0,2193.0
25,84,4004.0,1858.0
25,85,3701.0,1604.0
25,86,3423.0,1370.0
25,87,3150.0,1246.0
25,88,2861.0,1089.0
25,89,2612.0,921.0
25,90,2276.0,840.0
25,91,2096.0,698.0
25,92,1811.0,675.0
25,93,1559.0,589.0
25,94,1383.0,532.0
25,95,1196.0,467.0
25,96,990.0,428.0
25,97,964.0,378.0
25,98,807.0,351.0
25,99,756.0,301.0
25,100,690.0,273.0
25,101,570.0,248.0
25,102,512.0,221.0
25,103,497.0,209.0
25,104,451.0,192.0
25,105,344.0,172.0
25,106,312.0,150.0
25,107,327.0,150.0
25,108,240.0,136.0
25,109,230.0,107.0
25,110,200.0,97.0
25,111,181.0,88.0
25,112,178.0,82.0
25,113,152.0,78.0
25,114,133.0,78.0
25,115,138.0,68.0
25,116,130.0,72.0
25,117,117.0,64.0
25,118,82.0,50.0
25,119,78.0,44.0
25,120,74.0,40.0
25,121,67.0,36.0
25,122,77.0,37.0
25,123,74.0,28.0
25,124,56.0,47.0
25,125,46.0,26.0
25,126,48.0,22.0
25,127,39.0,20.0
25,128,46.0,20.0
25,129,37.0,19.0
25,130,38.0,24.0
25,131,27.0,15.0
25,132,34.0,12.0
25,133,18.0,16.0
25,134,16.0,22.0
25,135,12.0,19.0
25,136,26.0,8.0
25,137,27.0,8.0
25,138,20.0,8.0
25,139,14.0,11.0
25,140,14.0,9.0
25,141,16.0,7.0
25,142,13.0,2.0
25,143,11.0,7.0
25,144,12.0,9.0
25,145,11.0,5.0
25,146,8.0,1.0
25,147,10.0,1.0
25,148,11.0,4.0
25,149,6.0,6.0
25,150,4.0,4.0
25,151,9.0,6.0
25,152,6.0,3.0
25,153,8.0,3.0
25,154,6.0,1.0
25,155,5.0,1.0
25,156,2.0,3.0
25,157,4.0,0.0
25,158,2.0,0.0
25,159,1.0,0.0
25,160,3.0,4.0
25,161,1.0,3.0
25,162,4.0,1.0
25,163,0.0,2.0
25,164,6.0,1.0
25,165,3.0,1.0
25,166,2.0,1.0
25,167,1.0,1.0
25,168,0.0,0.0
25,169,0.0,2.0
25,170,1.0,0.0
25,171,0.0,0.0
25,172,1.0,0.0
25,173,1.0,0.0
25,174,0.0,0.0
25,175,2.0,0.0
25,176,0.0,1.0
25,177,1.0,0.0
25,178,0.0,0.0
25,179,0.0,0.0
26,0,8.0,8.0
26,1,3.0,3.0
26,2,8.0,7.0
26,3,7.0,10.0
26,4,5.0,9.0
26,5,14.0,8.0
26,6,14.0,8.0
26,7,8.0,1.0
26,8,11.0,5.0
26,9,11.0,3.0
26,10,9.0,4.0
26,11,20.0,5.0
26,12,11.0,11.0
26,13,13.0,10.0
26,14,7.0,12.0
26,15,20.0,8.0
26,16,13.0,17.0
26,17,18.0,20.0
26,18,9.0,25.0
26,19,11.0,25.0
26,20,12.0,32.0
26,21,17.0,29.0
26,22,24.0,52.0
26,23,34.0,41.0
26,24,31.0,57.0
26,25,29.0,38.0
26,26,55.0,58.0
26,27,42.0,72.0
26,28,45.0,74.0
26,29,43.0,77.0
26,30,51.0,88.0
26,31,75.0,103.0
26,32,86.0,118.0
26,33,82.0,142.0
26,34,127.0,121.0
26,35,126.0,139.0
26,36,147.0,158.0
26,37,149.0,164.0
26,38,154.0,210.0
26,39,160.0,250.0
26,40,175.0,233.0
26,41,213.0,363.0
26,42,206.0,410.0
26,43,214.0,455.0
26,44,220.0,475.0
26,45,269.0,571.0
26,46,312.0,600.0
26,47,330.0,638.0
26,48,392.0,743.0
26,49,447.0,773.0
26,50,472.0,895.0
26,51,528.0,982.0
26,52,574.0,1145.0
26,53,650.0,1316.0
26,54,652.0,1495.0
26,55,689.0,1747.0
26,56,805.0,1827.0
26,57,874.0,1986.0
26,58,989.0,2173.0
26,59,1098.0,2364.0
26,60,1152.0,2625.0
26,61,1337.0,2858.0
26,62,1537.0,3088.0
26,63,1638.0,3216.0
26,64,1706.0,3554.0
26,65,1928.0,3929.0
26,66,2075.0,4183.0
26,67,2211.0,4508.0
26,68,2498.0,4727.0
26,69,2578.0,4834.0
26,70,2842.0,5358.0
26,71,2968.0,5396.0
26,72,3220.0,5680.0
26,73,3273.0,5535.0
26,74,3630.0,5395.0
26,75,3711.0,5520.0
26,76,3836.0,5358.0
26,77,4050.0,5290.0
26,78,4226.0,5172.0
26,79,4420.0,4755.0
26,80,4597.0,4517.0
26,81,4703.0,4273.0
26,82,4789.0,4016.0
26,83,4775.0,3554.0
26,84,4857.0,3144.0
26,85,4623.0,2842.0
26,86,4676.0,2438.0
26,87,4496.0,2237.0
26,88,4363.0,1852.0
26,89,4106.0,1573.0
26,90,3921.0,1496.0
26,91,3684.0,1344.0
26,92,3453.0,1094.0
26,93,3249.0,971.0
26,94,2964.0,830.0
26,95,2697.0,746.0
26,96,2440.0,713.0
26,97,2172.0,594.0
26,98,1871.0,514.0
26,99,1724.0,442.0
26,100,1372.0,437.0
26,101,1184.0,377.0
26,102,1072.0,360.0
26,103,991.0,339.0
26,104,803.0,276.0
26,105,696.0,260.0
26,106,643.0,223.0
26,107,527.0,215.0
26,108,487.0,185.0
26,109,450.0,143.0
26,110,392.0,155.0
26,111,345.0,172.0
26,112,332.0,121.0
26,113,286.0,140.0
26,114,258.0,105.0
26,115,248.0,102.0
26,116,211.0,91.0
26,117,196.0,78.0
26,118,184.0,78.0
26,119,166.0,84.0
26,120,139.0,60.0
26,121,141.0,55.0
26,122,100.0,59.0
26,123,106.0,42.0
26,124,90.0,49.0
26,125,91.0,47.0
26,126,78.0,42.0
26,127,65.0,38.0
26,128,80.0,30.0
26,129,54.0,28.0
26,130,52.0,26.0
26,131,53.0,32.0
26,132,42.0,13.0
26,133,42.0,18.0
26,134,33.0,14.0
26,135,29.0,15.0
26,136,29.0,15.0
26,137,42.0,16.0
26,138,21.0,16.0
26,139,36.0,11.0
26,140,20.0,12.0
26,141,19.0,17.0
26,142,13.0,10.0
26,143,17.0,8.0
26,144,9.0,5.0
26,145,13.0,7.0
26,146,9.0,3.0
26,147,20.0,11.0
26,148,10.0,7.0
26,149,13.0,6.0
26,150,3.0,6.0
26,151,7.0,9.0
26,152,7.0,9.0
26,153,6.0,5.0
26,154,2.0,4.0
26,155,6.0,5.0
26,156,5.0,5.0
26,157,4.0,3.0
26,158,8.0,2.0
26,159,5.0,1.0
26,160,5.0,1.0
26,161,6.0,1.0
26,162,3.0,0.0
26,163,2.0,1.0
26,164,5.0,1.0
26,165,1.0,2.0
26,166,2.0,1.0
26,167,2.0,2.0
26,168,0.0,0.0
26,169,1.0,3.0
26,170,4.0,2.0
26,171,3.0,2.0
26,172,3.0,2.0
26,173,0.0,1.0
26,174,2.0,2.0
26,175,1.0,0.0
26,176,0.0,0.0
26,177,2.0,0.0
26,178,0.0,1.0
26,179,1.0,1.0
27,0,1.0,1.0
27,1,3.0,2.0
27,2,6.0,0.0
27,3,3.0,1.0
27,4,4.0,3.0
27,5,2.0,1.0
27,6,5.0,3.0
27,7,5.0,5.0
27,8,6.0,3.0
27,9,6.0,10.0
27,10,9.0,6.0
27,11,6.0,6.0
27,12,3.0,9.0
27,13,5.0,9.0
27,14,4.0,16.0
27,15,10.0,18.0
27,16,6.0,12.0
27,17,10.0,17.0
27,18,26.0,27.0
27,19,32.0,21.0
27,20,28.0,28.0
27,21,27.0,33.0
27,22,53.0,31.0
27,23,34.0,51.0
27,24,77.0,63.0
27,25,55.0,63.0
27,26,45.0,58.0
27,27,46.0,76.0
27,28,43.0,85.0
27,29,78.0,81.0
27,30,82.0,111.0
27,31,80.0,111.0
27,32,91.0,128.0
27,33,130.0,139.0
27,34,136.0,180.0
27,35,167.0,175.0
27,36,175.0,217.0
27,37,183.0,242.0
27,38,197.0,267.0
27,39,167.0,287.0
27,40,182.0,345.0
27,41,200.0,338.0
27,42,241.0,380.0
27,43,268.0,454.0
27,44,310.0,495.0
27,45,374.0,586.0
27,46,382.0,671.0
27,47,461.0,746.0
27,48,455.0,795.0
27,49,578.0,870.0
27,50,592.0,999.0
27,51,617.0,1109.0
27,52,661.0,1192.0
27,53,752.0,1310.0
27,54,890.0,1422.0
27,55,931.0,1562.0
27,56,1078.0,1864.0
27,57,1104.0,1955.0
27,58,1260.0,2204.0
27,59,1412.0,2494.0
27,60,1516.0,2733.0
27,61,1650.0,3041.0
27,62,1810.0,3186.0
27,63,1927.0,3495.0
27,64,2264.0,3719.0
27,65,2335.0,3871.0
27,66,2572.0,4233.0
27,67,2691.0,4489.0
27,68,3014.0,4805.0
27,69,3195.0,5078.0
27,70,3498.0,5386.0
27,71,3642.0,5465.0
27,72,3722.0,5443.0
27,73,4020.0,5558.0
27,74,4124.0,5779.0
27,75,4377.0,5545.0
27,76,4389.0,5314.0
27,77,4614.0,5079.0
27,78,4688.0,4929.0
27,79,4769.0,4659.0
27,80,4764.0,4237.0
27,81,4762.0,3952.0
27,82,4844.0,3545.0
27,83,4766.0,3277.0
27,84,4664.0,2993.0
27,85,4373.0,2792.0
27,86,4257.0,2587.0
27,87,3854.0,2193.0
27,88,3743.0,1920.0
27,89,3426.0,1639.0
27,90,3298.0,1400.0
27,91,2959.0,1307.0
27,92,2614.0,1169.0
27,93,2353.0,985.0
27,94,2073.0,822.0
27,95,1859.0,712.0
27,96,1680.0,647.0
27,97,1502.0,539.0
27,98,1347.0,473.0
27,99,1118.0,437.0
27,100,994.0,427.0
27,101,849.0,386.0
27,102,788.0,347.0
27,103,680.0,315.0
27,104,552.0,281.0
27,105,538.0,261.0
27,106,422.0,217.0
27,107,411.0,211.0
27,108,324.0,197.0
27,109,338.0,183.0
27,110,282.0,182.0
27,111,270.0,137.0
27,112,234.0,132.0
27,113,214.0,127.0
27,114,193.0,128.0
27,115,178.0,91.0
27,116,176.0,95.0
27,117,149.0,82.0
27,118,144.0,62.0
27,119,116.0,67.0
27,120,110.0,67.0
27,121,102.0,63.0
27,122,97.0,45.0
27,123,79.0,59.0
27,124,78.0,38.0
27,125,57.0,34.0
27,126,69.0,33.0
27,127,60.0,25.0
27,128,49.0,32.0
27,129,46.0,32.0
27,130,49.0,24.0
27,131,50.0,34.0
27,132,33.0,19.0
27,133,37.0,14.0
27,134,34.0,17.0
27,135,23.0,20.0
27,136,30.0,16.0
27,137,24.0,20.0
27,138,21.0,18.0
27,139,28.0,13.0
27,140,16.0,9.0
27,141,25.0,12.0
27,142,12.0,6.0
27,143,14.0,7.0
27,144,11.0,5.0
27,145,9.0,5.0
27,146,10.0,5.0
27,147,5.0,5.0
27,148,13.0,4.0
27,149,9.0,8.0
27,150,6.0,3.0
27,151,4.0,3.0
27,152,3.0,2.0
27,153,5.0,3.0
27,154,4.0,2.0
27,155,5.0,5.0
27,156,2.0,2.0
27,157,3.0,3.0
27,158,2.0,2.0
27,159,3.0,0.0
27,160,1.0,3.0
27,161,2.0,6.0
27,162,5.0,2.0
27,163,1.0,1.0
27,164,3.0,2.0
27,165,0.0,0.0
27,166,4.0,0.0
27,167,1.0,2.0
27,168,2.0,1.0
27,169,0.0,1.0
27,170,0.0,0.0
27,171,0.0,1.0
27,172,0.0,0.0
27,173,0.0,0.0
27,174,2.0,0.0
27,175,0.0,1.0
27,176,1.0,0.0
27,177,2.0,0.0
27,178,0.0,0.0
27,179,1.0,0.0
28,0,2.0,2.0
28,1,2.0,2.0
28,2,6.0,1.0
28,3,3.0,4.0
28,4,3.0,5.0
28,5,5.0,3.0
28,6,6.0,15.0
28,7,6.0,8.0
28,8,3.0,11.0
28,9,1.0,6.0
28,10,1.0,2.0
28,11,3.0,6.0
28,12,4.0,7.0
28,13,5.0,8.0
28,14,8.0,10.0
28,15,8.0,15.0
28,16,6.0,14.0
28,17,16.0,24.0
28,18,14.0,23.0
28,19,17.0,28.0
28,20,19.0,27.0
28,21,43.0,50.0
28,22,45.0,61.0
28,23,37.0,58.0
28,24,51.0,78.0
28,25,60.0,64.0
28,26,44.0,79.0
28,27,61.0,88.0
28,28,48.0,74.0
28,29,57.0,103.0
28,30,62.0,117.0
28,31,81.0,118.0
28,32,106.0,141.0
28,33,100.0,148.0
28,34,125.0,160.0
28,35,110.0,180.0
28,36,113.0,232.0
28,37,124.0,220.0
28,38,146.0,265.0
28,39,146.0,278.0
28,40,165.0,308.0
28,41,171.0,382.0
28,42,218.0,485.0
28,43,243.0,468.0
28,44,263.0,658.0
28,45,326.0,675.0
28,46,338.0,810.0
28,47,363.0,775.0
28,48,512.0,887.0
28,49,484.0,1000.0
28,50,531.0,1020.0
28,51,657.0,1191.0
28,52,667.0,1270.0
28,53,723.0,1500.0
28,54,796.0,1533.0
28,55,847.0,1780.0
28,56,979.0,1887.0
28,57,983.0,2205.0
28,58,1145.0,2368.0
28,59,1223.0,2671.0
28,60,1380.0,2878.0
28,61,1429.0,3129.0
28,62,1669.0,3313.0
28,63,1829.0,3686.0
28,64,1899.0,4093.0
28,65,2156.0,4327.0
28,66,2314.0,4584.0
28,67,2614.0,4818.0
28,68,2671.0,5087.0
28,69,3006.0,5288.0
28,70,3199.0,5447.0
28,71,3367.0,5539.0
28,72,3547.0,5587.0
28,73,3659.0,5766.0
28,74,4086.0,5706.0
28,75,4196.0,5492.0
28,76,4451.0,5356.0
28,77,4639.0,5038.0
28,78,4685.0,4777.0
28,79,4787.0,4375.0
28,80,4627.0,4008.0
28,81,4825.0,3766.0
28,82,4728.0,3370.0
28,83,4663.0,2936.0
28,84,4630.0,2705.0
28,85,4500.0,2428.0
28,86,4317.0,2116.0
28,87,4142.0,1793.0
28,88,3969.0,1621.0
28,89,3746.0,1322.0
28,90,3471.0,1216.0
28,91,3201.0,1030.0
28,92,2925.0,924.0
28,93,2684.0,798.0
28,94,2361.0,691.0
28,95,2152.0,638.0
28,96,1819.0,562.0
28,97,1686.0,541.0
28,98,1454.0,433.0
28,99,1348.0,398.0
28,100,1094.0,345.0
28,101,1068.0,335.0
28,102,893.0,297.0
28,103,857.0,272.0
28,104,684.0,243.0
28,105,676.0,219.0
28,106,588.0,242.0
28,107,542.0,202.0
28,108,418.0,178.0
28,109,378.0,142.0
28,110,330.0,161.0
28,111,324.0,120.0
28,112,288.0,112.0
28,113,247.0,107.0
28,114,230.0,99.0
28,115,193.0,84.0
28,116,192.0,99.0
28,117,160.0,83.0
28,118,153.0,72.0
28,119,133.0,55.0
28,120,130.0,59.0
28,121,135.0,52.0
28,122,113.0,46.0
28,123,93.0,42.0
28,124,88.0,42.0
28,125,97.0,33.0
28,126,76.0,44.0
28,127,54.0,41.0
28,128,67.0,28.0
28,129,60.0,32.0
28,130,43.0,26.0
28,131,35.0,14.0
28,132,50.0,14.0
28,133,43.0,32.0
28,134,38.0,12.0
28,135,35.0,15.0
28,136,26.0,11.0
28,137,28.0,9.0
28,138,24.0,5.0
28,139,24.0,7.0
28,140,14.0,8.0
28,141,21.0,9.0
28,142,12.0,5.0
28,143,20.0,6.0
28,144,18.0,5.0
28,145,15.0,4.0
28,146,12.0,5.0
28,147,12.0,5.0
28,148,11.0,2.0
28,149,13.0,3.0
28,150,6.0,1.0
28,151,11.0,1.0
28,152,5.0,4.0
28,153,8.0,1.0
28,154,4.0,4.0
28,155,3.0,4.0
28,156,4.0,3.0
28,157,3.0,2.0
28,158,3.0,1.0
28,159,3.0,0.0
28,160,5.0,3.0
28,161,2.0,0.0
28,162,1.0,2.0
28,163,0.0,1.0
28,164,2.0,0.0
28,165,1.0,1.0
28,166,2.0,1.0
28,167,2.0,1.0
28,168,2.0,0.0
28,169,0.0,0.0
28,170,1.0,0.0
28,171,0.0,3.0
28,172,0.0,2.0
28,173,1.0,1.0
28,174,1.0,0.0
28,175,2.0,1.0
28,176,0.0,2.0
28,177,1.0,0.0
28,178,1.0,1.0
28,179,0.0,0.0
29,0,0.0,0.0
29,1,0.0,2.0
29,2,0.0,0.0
29,3,0.0,0.0
29,4,0.0,0.0
29,5,0.0,0.0
29,6,0.0,0.0
29,7,2.0,0.0
29,8,0.0,0.0
29,9,0.0,1.0
29,10,0.0,0.0
29,11,0.0,0.0
29,12,2.0,1.0
29,13,0.0,1.0
29,14,0.0,5.0
29,15,0.0,5.0
29,16,0.0,1.0
29,17,0.0,3.0
29,18,0.0,11.0
29,19,0.0,12.0
29,20,0.0,10.0
29,21,0.0,8.0
29,22,0.0,7.0
29,23,0.0,10.0
29,24,0.0,8.0
29,25,0.0,15.0
29,26,0.0,3.0
29,27,0.0,4.0
29,28,0.0,9.0
29,29,1.0,22.0
29,30,0.0,14.0
29,31,1.0,21.0
29,32,0.0,28.0
29,33,0.0,30.0
29,34,1.0,33.0
29,35,2.0,32.0
29,36,7.0,35.0
29,37,7.0,51.0
29,38,7.0,46.0
29,39,2.0,60.0
29,40,4.0,53.0
29,41,1.0,52.0
29,42,1.0,58.0
29,43,3.0,59.0
29,44,1.0,77.0
29,45,2.0,123.0
29,46,3.0,116.0
29,47,4.0,143.0
29,48,1.0,166.0
29,49,4.0,183.0
29,50,2.0,208.0
29,51,7.0,215.0
29,52,4.0,303.0
29,53,5.0,333.0
29,54,5.0,352.0
29,55,10.0,420.0
29,56,7.0,452.0
29,57,19.0,484.0
29,58,18.0,629.0
29,59,35.0,672.0
29,60,41.0,827.0
29,61,28.0,916.0
29,62,45.0,903.0
29,63,30.0,1057.0
29,64,41.0,1190.0
29,65,48.0,1267.0
29,66,47.0,1402.0
29,67,57.0,1605.0
29,68,60.0,1760.0
29,69,87.0,1877.0
29,70,85.0,2111.0
29,71,81.0,2393.0
29,72,94.0,2484.0
29,73,89.0,2763.0
29,74,99.0,2863.0
29,75,118.0,3238.0
29,76,148.0,3542.0
29,77,150.0,3748.0
29,78,180.0,4183.0
29,79,165.0,4578.0
29,80,199.0,4796.0
29,81,223.0,5041.0
29,82,236.0,5261.0
29,83,229.0,5188.0
29,84,254.0,5362.0
29,85,319.0,5616.0
29,86,291.0,5812.0
29,87,302.0,5580.0
29,88,378.0,5520.0
29,89,385.0,5398.0
29,90,533.0,5223.0
29,91,532.0,4846.0
29,92,643.0,4576.0
29,93,658.0,4130.0
29,94,789.0,3987.0
29,95,758.0,3527.0
29,96,867.0,3275.0
29,97,950.0,2920.0
29,98,1058.0,2695.0
29,99,1155.0,2204.0
29,100,1204.0,2027.0
29,101,1368.0,1704.0
29,102,1570.0,1462.0
29,103,1681.0,1268.0
29,104,1781.0,1159.0
29,105,2040.0,976.0
29,106,2286.0,807.0
29,107,2498.0,723.0
29,108,2521.0,638.0
29,109,2669.0,522.0
29,110,2916.0,500.0
29,111,3023.0,476.0
29,112,3217.0,408.0
29,113,3317.0,339.0
29,114,3621.0,325.0
29,115,3798.0,289.0
29,116,3950.0,271.0
29,117,4240.0,240.0
29,118,4319.0,241.0
29,119,4629.0,200.0
29,120,4733.0,214.0
29,121,4735.0,170.0
29,122,4792.0,159.0
29,123,4877.0,157.0
29,124,4649.0,148.0
29,125,4851.0,130.0
29,126,4726.0,107.0
29,127,4494.0,106.0
29,128,4350.0,101.0
29,129,4233.0,75.0
29,130,3897.0,59.0
29,131,3542.0,68.0
29,132,3337.0,58.0
29,133,3016.0,61.0
29,134,2592.0,55.0
29,135,2384.0,57.0
29,136,2209.0,44.0
29,137,1793.0,42.0
29,138,1607.0,34.0
29,139,1431.0,39.0
29,140,1234.0,28.0
29,141,1075.0,29.0
29,142,907.0,17.0
29,143,851.0,29.0
29,144,702.0,21.0
29,145,636.0,21.0
29,146,528.0,26.0
29,147,484.0,25.0
29,148,404.0,20.0
29,149,399.0,16.0
29,150,349.0,13.0
29,151,339.0,7.0
29,152,327.0,12.0
29,153,285.0,10.0
29,154,260.0,11.0
29,155,223.0,8.0
29,156,232.0,15.0
29,157,230.0,4.0
29,158,177.0,3.0
29,159,166.0,3.0
29,160,158.0,1.0
29,161,120.0,7.0
29,162,126.0,3.0
29,163,80.0,3.0
29,164,87.0,0.0
29,165,79.0,3.0
29,166,89.0,3.0
29,167,66.0,4.0
29,168,54.0,2.0
29,169,49.0,1.0
29,170,44.0,1.0
29,171,47.0,2.0
29,172,50.0,1.0
29,173,36.0,3.0
29,174,32.0,2.0
29,175,25.0,1.0
29,176,10.0,1.0
29,177,21.0,1.0
29,178,19.0,3.0
29,179,25.0,1.0
30,0,7.0,6.0
30,1,4.0,1.0
30,2,1.0,6.0
30,3,4.0,8.0
30,4,5.0,6.0
30,5,8.0,4.0
30,6,7.0,3.0
30,7,5.0,3.0
30,8,2.0,3.0
30,9,8.0,2.0
30,10,6.0,10.0
30,11,4.0,9.0
30,12,3.0,9.0
30,13,7.0,14.0
30,14,6.0,16.0
30,15,15.0,20.0
30,16,15.0,11.0
30,17,16.0,14.0
30,18,16.0,28.0
30,19,14.0,29.0
30,20,18.0,42.0
30,21,14.0,45.0
30,22,17.0,62.0
30,23,20.0,41.0
30,24,26.0,50.0
30,25,30.0,70.0
30,26,32.0,57.0
30,27,45.0,94.0
30,28,64.0,96.0
30,29,70.0,77.0
30,30,79.0,119.0
30,31,78.0,96.0
30,32,74.0,139.0
30,33,97.0,120.0
30,34,92.0,137.0
30,35,107.0,159.0
30,36,128.0,216.0
30,37,96.0,204.0
30,38,152.0,248.0
30,39,151.0,302.0
30,40,161.0,370.0
30,41,185.0,454.0
30,42,180.0,568.0
30,43,226.0,543.0
30,44,216.0,606.0
30,45,199.0,720.0
30,46,234.0,766.0
30,47,245.0,821.0
30,48,338.0,916.0
30,49,356.0,959.0
30,50,413.0,1057.0
30,51,398.0,1140.0
30,52,503.0,1283.0
30,53,518.0,1468.0
30,54,614.0,1695.0
30,55,665.0,1858.0
30,56,717.0,2116.0
30,57,891.0,2360.0
30,58,896.0,2542.0
30,59,1070.0,2832.0
30,60,1172.0,3021.0
30,61,1208.0,3320.0
30,62,1377.0,3592.0
30,63,1386.0,4098.0
30,64,1596.0,4359.0
30,65,1696.0,4535.0
30,66,1796.0,4635.0
30,67,1979.0,4942.0
30,68,2261.0,5070.0
30,69,2341.0,5078.0
30,70,2561.0,5510.0
30,71,2784.0,5611.0
30,72,3047.0,5577.0
30,73,3218.0,5652.0
30,74,3355.0,5685.0
30,75,3635.0,5507.0
30,76,3795.0,5384.0
30,77,3861.0,5042.0
30,78,4256.0,4605.0
30,79,4178.0,4324.0
30,80,4316.0,3980.0
30,81,4473.0,3383.0
30,82,4539.0,3041.0
30,83,4754.0,2806.0
30,84,4710.0,2527.0
30,85,4712.0,2190.0
30,86,4624.0,1958.0
30,87,4545.0,1672.0
30,88,4532.0,1516.0
30,89,4305.0,1356.0
30,90,4102.0,1141.0
30,91,4041.0,999.0
30,92,3651.0,849.0
30,93,3436.0,785.0
30,94,3191.0,654.0
30,95,2941.0,577.0
30,96,2607.0,524.0
30,97,2419.0,503.0
30,98,2142.0,409.0
30,99,2008.0,409.0
30,100,1756.0,356.0
30,101,1569.0,363.0
30,102,1337.0,312.0
30,103,1138.0,267.0
30,104,928.0,207.0
30,105,871.0,225.0
30,106,751.0,204.0
30,107,678.0,167.0
30,108,585.0,159.0
30,109,468.0,155.0
30,110,435.0,154.0
30,111,410.0,116.0
30,112,363.0,112.0
30,113,324.0,101.0
30,114,310.0,105.0
30,115,266.0,71.0
30,116,244.0,82.0
30,117,232.0,66.0
30,118,228.0,66.0
30,119,173.0,55.0
30,120,201.0,58.0
30,121,152.0,43.0
30,122,132.0,44.0
30,123,134.0,47.0
30,124,110.0,41.0
30,125,94.0,41.0
30,126,110.0,45.0
30,127,84.0,25.0
30,128,64.0,30.0
30,129,69.0,18.0
30,130,67.0,23.0
30,131,48.0,20.0
30,132,51.0,23.0
30,133,56.0,15.0
30,134,42.0,18.0
30,135,48.0,19.0
30,136,45.0,7.0
30,137,31.0,20.0
30,138,39.0,10.0
30,139,28.0,9.0
30,140,31.0,7.0
30,141,16.0,8.0
30,142,20.0,10.0
30,143,20.0,12.0
30,144,15.0,3.0
30,145,14.0,8.0
30,146,18.0,3.0
30,147,17.0,4.0
30,148,14.0,4.0
30,149,11.0,3.0
30,150,13.0,1.0
30,151,11.0,3.0
30,152,10.0,5.0
30,153,3.0,0.0
30,154,5.0,1.0
30,155,8.0,3.0
30,156,8.0,2.0
30,157,7.0,3.0
30,158,6.0,0.0
30,159,8.0,4.0
30,160,5.0,1.0
30,161,6.0,1.0
30,162,7.0,2.0
30,163,7.0,0.0
30,164,6.0,2.0
30,165,5.0,1.0
30,166,5.0,1.0
30,167,1.0,0.0
30,168,6.0,1.0
30,169,8.0,0.0
30,170,4.0,2.0
30,171,0.0,1.0
30,172,1.0,0.0
30,173,3.0,0.0
30,174,2.0,0.0
30,175,0.0,2.0
30,176,3.0,0.0
30,177,1.0,1.0
30,178,0.0,3.0
30,179,1.0,0.0
31,0,6.0,5.0
31,1,3.0,1.0
31,2,5.0,8.0
31,3,16.0,2.0
31,4,11.0,6.0
31,5,12.0,9.0
31,6,15.0,13.0
31,7,12.0,15.0
31,8,15.0,2.0
31,9,12.0,3.0
31,10,8.0,7.0
31,11,6.0,8.0
31,12,7.0,7.0
31,13,7.0,11.0
31,14,17.0,16.0
31,15,15.0,27.0
31,16,11.0,17.0
31,17,22.0,26.0
31,18,25.0,33.0
31,19,24.0,25.0
31,20,35.0,22.0
31,21,27.0,24.0
31,22,35.0,34.0
31,23,26.0,42.0
31,24,31.0,50.0
31,25,35.0,60.0
31,26,29.0,71.0
31,27,55.0,63.0
31,28,53.0,94.0
31,29,58.0,82.0
31,30,73.0,105.0
31,31,94.0,112.0
31,32,80.0,131.0
31,33,108.0,154.0
31,34,152.0,148.0
31,35,154.0,224.0
31,36,177.0,246.0
31,37,184.0,281.0
31,38,196.0,315.0
31,39,204.0,338.0
31,40,261.0,348.0
31,41,290.0,353.0
31,42,293.0,424.0
31,43,371.0,446.0
31,44,363.0,502.0
31,45,374.0,559.0
31,46,434.0,632.0
31,47,434.0,755.0
31,48,481.0,843.0
31,49,543.0,950.0
31,50,585.0,1044.0
31,51,625.0,1270.0
31,52,701.0,1334.0
31,53,810.0,1596.0
31,54,898.0,1624.0
31,55,1006.0,1788.0
31,56,1148.0,1905.0
31,57,1230.0,2128.0
31,58,1306.0,2391.0
31,59,1481.0,2461.0
31,60,1565.0,2927.0
31,61,1654.0,2970.0
31,62,1734.0,3452.0
31,63,1809.0,3641.0
31,64,2009.0,3866.0
31,65,2284.0,4257.0
31,66,2293.0,4478.0
31,67,2553.0,4701.0
31,68,2826.0,4861.0
31,69,3000.0,5178.0
31,70,3184.0,5358.0
31,71,3454.0,5429.0
31,72,3650.0,5529.0
31,73,3847.0,5296.0
31,74,3993.0,5459.0
31,75,4311.0,5243.0
31,76,4415.0,5295.0
31,77,4430.0,5144.0
31,78,4774.0,4826.0
31,79,4650.0,4422.0
31,80,4825.0,4198.0
31,81,4821.0,3858.0
31,82,4788.0,3533.0
31,83,4569.0,3212.0
31,84,4556.0,2901.0
31,85,4461.0,2526.0
31,86,4064.0,2238.0
31,87,3917.0,1967.0
31,88,3731.0,1733.0
31,89,3512.0,1513.0
31,90,3367.0,1177.0
31,91,3080.0,1090.0
31,92,2863.0,1021.0
31,93,2502.0,891.0
31,94,2220.0,821.0
31,95,1976.0,676.0
31,96,1754.0,610.0
31,97,1567.0,549.0
31,98,1389.0,504.0
31,99,1230.0,415.0
31,100,1044.0,381.0
31,101,854.0,335.0
31,102,841.0,305.0
31,103,748.0,268.0
31,104,637.0,270.0
31,105,564.0,255.0
31,106,481.0,207.0
31,107,419.0,181.0
31,108,417.0,167.0
31,109,363.0,167.0
31,110,300.0,146.0
31,111,260.0,132.0
31,112,273.0,115.0
31,113,240.0,101.0
31,114,223.0,90.0
31,115,196.0,93.0
31,116,160.0,88.0
31,117,162.0,90.0
31,118,147.0,72.0
31,119,129.0,71.0
31,120,106.0,51.0
31,121,93.0,54.0
31,122,103.0,42.0
31,123,80.0,40.0
31,124,83.0,40.0
31,125,80.0,37.0
31,126,63.0,31.0
31,127,70.0,36.0
31,128,69.0,26.0
31,129,58.0,30.0
31,130,46.0,17.0
31,131,57.0,26.0
31,132,41.0,21.0
31,133,38.0,17.0
31,134,31.0,13.0
31,135,24.0,14.0
31,136,30.0,15.0
31,137,22.0,11.0
31,138,18.0,16.0
31,139,21.0,10.0
31,140,15.0,9.0
31,141,13.0,7.0
31,142,11.0,8.0
31,143,11.0,10.0
31,144,6.0,9.0
31,145,6.0,12.0
31,146,10.0,4.0
31,147,7.0,2.0
31,148,11.0,5.0
31,149,7.0,3.0
31,150,6.0,1.0
31,151,7.0,1.0
31,152,3.0,3.0
31,153,9.0,2.0
31,154,5.0,5.0
31,155,6.0,3.0
31,156,5.0,5.0
31,157,8.0,3.0
31,158,4.0,4.0
31,159,5.0,4.0
31,160,4.0,5.0
31,161,3.0,3.0
31,162,3.0,0.0
31,163,2.0,1.0
31,164,1.0,2.0
31,165,1.0,2.0
31,166,3.0,2.0
31,167,0.0,1.0
31,168,2.0,2.0
31,169,2.0,1.0
31,170,1.0,2.0
31,171,2.0,0.0
31,172,1.0,0.0
31,173,1.0,0.0
31,174,0.0,0.0
31,175,0.0,1.0
31,176,1.0,1.0
31,177,2.0,0.0
31,178,0.0,0.0
31,179,1.0,0.0
32,0,7.0,9.0
32,1,4.0,3.0
32,2,13.0,4.0
32,3,5.0,12.0
32,4,20.0,11.0
32,5,10.0,19.0
32,6,16.0,14.0
32,7,11.0,8.0
32,8,15.0,16.0
32,9,11.0,7.0
32,10,11.0,11.0
32,11,15.0,14.0
32,12,16.0,18.0
32,13,15.0,16.0
32,14,22.0,24.0
32,15,25.0,27.0
32,16,26.0,23.0
32,17,45.0,48.0
32,18,38.0,59.0
32,19,34.0,62.0
32,20,42.0,62.0
32,21,67.0,65.0
32,22,56.0,80.0
32,23,68.0,77.0
32,24,86.0,87.0
32,25,63.0,107.0
32,26,104.0,111.0
32,27,123.0,167.0
32,28,112.0,156.0
32,29,167.0,186.0
32,30,197.0,216.0
32,31,190.0,225.0
32,32,213.0,249.0
32,33,221.0,266.0
32,34,247.0,297.0
32,35,265.0,316.0
32,36,262.0,339.0
32,37,345.0,396.0
32,38,383.0,420.0
32,39,406.0,426.0
32,40,443.0,519.0
32,41,472.0,559.0
32,42,490.0,706.0
32,43,555.0,779.0
32,44,587.0,948.0
32,45,704.0,1050.0
32,46,802.0,1202.0
32,47,859.0,1269.0
32,48,931.0,1421.0
32,49,1035.0,1424.0
32,50,1105.0,1634.0
32,51,1226.0,1874.0
32,52,1220.0,2074.0
32,53,1447.0,2428.0
32,54,1627.0,2644.0
32,55,1681.0,2836.0
32,56,1899.0,3005.0
32,57,2024.0,3483.0
32,58,2232.0,3743.0
32,59,2462.0,4003.0
32,60,2513.0,4231.0
32,61,2691.0,4321.0
32,62,3005.0,4549.0
32,63,3304.0,4813.0
32,64,3316.0,5052.0
32,65,3575.0,5407.0
32,66,3995.0,5317.0
32,67,4006.0,5301.0
32,68,4220.0,5525.0
32,69,4289.0,5550.0
32,70,4480.0,5588.0
32,71,4510.0,5325.0
32,72,4601.0,5297.0
32,73,4755.0,5100.0
32,74,4831.0,4492.0
32,75,4743.0,4126.0
32,76,4667.0,4016.0
32,77,4671.0,3534.0
32,78,4468.0,3123.0
32,79,4416.0,2869.0
32,80,4194.0,2517.0
32,81,3877.0,2280.0
32,82,3565.0,2074.0
32,83,3351.0,1865.0
32,84,3133.0,1505.0
32,85,2789.0,1348.0
32,86,2556.0,1169.0
32,87,2339.0,1038.0
32,88,2217.0,846.0
32,89,1872.0,740.0
32,90,1594.0,659.0
32,91,1341.0,605.0
32,92,1230.0,522.0
32,93,1058.0,458.0
32,94,903.0,410.0
32,95,771.0,419.0
32,96,769.0,378.0
32,97,644.0,331.0
32,98,585.0,292.0
32,99,514.0,262.0
32,100,458.0,265.0
32,101,380.0,211.0
32,102,397.0,201.0
32,103,354.0,209.0
32,104,344.0,159.0
32,105,261.0,157.0
32,106,274.0,145.0
32,107,219.0,140.0
32,108,198.0,113.0
32,109,202.0,103.0
32,110,160.0,83.0
32,111,131.0,91.0
32,112,133.0,82.0
32,113,107.0,90.0
32,114,113.0,73.0
32,115,110.0,60.0
32,116,92.0,60.0
32,117,86.0,36.0
32,118,72.0,39.0
32,119,79.0,46.0
32,120,66.0,43.0
32,121,61.0,30.0
32,122,70.0,20.0
32,123,54.0,29.0
32,124,55.0,24.0
32,125,44.0,22.0
32,126,31.0,26.0
32,127,26.0,15.0
32,128,20.0,16.0
32,129,29.0,20.0
32,130,30.0,15.0
32,131,15.0,18.0
32,132,15.0,14.0
32,133,19.0,7.0
32,134,20.0,8.0
32,135,12.0,10.0
32,136,12.0,6.0
32,137,8.0,8.0
32,138,15.0,9.0
32,139,11.0,3.0
32,140,11.0,8.0
32,141,10.0,2.0
32,142,7.0,5.0
32,143,7.0,3.0
32,144,6.0,3.0
32,145,6.0,2.0
32,146,5.0,3.0
32,147,7.0,5.0
32,148,5.0,2.0
32,149,2.0,5.0
32,150,3.0,3.0
32,151,6.0,0.0
32,152,3.0,4.0
32,153,0.0,2.0
32,154,1.0,5.0
32,155,1.0,6.0
32,156,1.0,1.0
32,157,1.0,2.0
32,158,1.0,1.0
32,159,1.0,3.0
32,160,0.0,0.0
32,161,4.0,3.0
32,162,2.0,1.0
32,163,1.0,0.0
32,164,0.0,1.0
32,165,0.0,0.0
32,166,0.0,1.0
32,167,0.0,1.0
32,168,0.0,1.0
32,169,2.0,1.0
32,170,0.0,0.0
32,171,1.0,0.0
32,172,2.0,0.0
32,173,0.0,0.0
32,174,1.0,1.0
32,175,0.0,0.0
32,176,1.0,0.0
32,177,1.0,0.0
32,178,0.0,0.0
32,179,2.0,0.0
33,0,7.0,4.0
33,1,1.0,7.0
33,2,9.0,6.0
33,3,9.0,6.0
33,4,13.0,16.0
33,5,6.0,7.0
33,6,8.0,8.0
33,7,3.0,9.0
33,8,3.0,1.0
33,9,0.0,6.0
33,10,4.0,8.0
33,11,5.0,4.0
33,12,4.0,13.0
33,13,3.0,13.0
33,14,6.0,15.0
33,15,12.0,14.0
33,16,9.0,29.0
33,17,16.0,29.0
33,18,16.0,30.0
33,19,15.0,28.0
33,20,28.0,26.0
33,21,36.0,33.0
33,22,40.0,38.0
33,23,45.0,36.0
33,24,43.0,59.0
33,25,65.0,44.0
33,26,54.0,54.0
33,27,67.0,66.0
33,28,56.0,101.0
33,29,53.0,82.0
33,30,82.0,113.0
33,31,100.0,157.0
33,32,87.0,126.0
33,33,101.0,176.0
33,34,119.0,152.0
33,35,132.0,210.0
33,36,135.0,248.0
33,37,159.0,277.0
33,38,161.0,284.0
33,39,218.0,326.0
33,40,223.0,365.0
33,41,267.0,395.0
33,42,303.0,520.0
33,43,294.0,513.0
33,44,306.0,615.0
33,45,389.0,713.0
33,46,390.0,755.0
33,47,428.0,880.0
33,48,508.0,844.0
33,49,558.0,1029.0
33,50,598.0,1027.0
33,51,686.0,1141.0
33,52,674.0,1328.0
33,53,797.0,1551.0
33,54,867.0,1647.0
33,55,957.0,1904.0
33,56,957.0,2071.0
33,57,1097.0,2314.0
33,58,1175.0,2651.0
33,59,1290.0,2792.0
33,60,1428.0,3297.0
33,61,1559.0,3551.0
33,62,1670.0,3756.0
33,63,1851.0,3968.0
33,64,2041.0,4273.0
33,65,2210.0,4558.0
33,66,2379.0,4854.0
33,67,2485.0,5129.0
33,68,2818.0,5115.0
33,69,3022.0,5343.0
33,70,3165.0,5452.0
33,71,3371.0,5587.0
33,72,3559.0,5477.0
33,73,3594.0,5628.0
33,74,3842.0,5511.0
33,75,4058.0,5505.0
33,76,4072.0,5210.0
33,77,4259.0,5025.0
33,78,4375.0,4619.0
33,79,4637.0,4390.0
33,80,4659.0,3769.0
33,81,4638.0,3459.0
33,82,4926.0,3048.0
33,83,4707.0,2721.0
33,84,4721.0,2354.0
33,85,4482.0,2093.0
33,86,4490.0,1865.0
33,87,4214.0,1676.0
33,88,4110.0,1456.0
33,89,3706.0,1246.0
33,90,3352.0,1044.0
33,91,3078.0,937.0
33,92,2923.0,897.0
33,93,2608.0,733.0
33,94,2424.0,652.0
33,95,2156.0,620.0
33,96,1860.0,506.0
33,97,1690.0,464.0
33,98,1416.0,460.0
33,99,1163.0,400.0
33,100,1077.0,340.0
33,101,943.0,326.0
33,102,858.0,259.0
33,103,772.0,246.0
33,104,694.0,252.0
33,105,611.0,219.0
33,106,564.0,195.0
33,107,496.0,163.0
33,108,428.0,161.0
33,109,391.0,157.0
33,110,374.0,132.0
33,111,294.0,144.0
33,112,282.0,114.0
33,113,268.0,102.0
33,114,225.0,78.0
33,115,218.0,71.0
33,116,194.0,80.0
33,117,176.0,82.0
33,118,154.0,52.0
33,119,132.0,71.0
33,120,119.0,53.0
33,121,108.0,51.0
33,122,120.0,45.0
33,123,86.0,39.0
33,124,72.0,45.0
33,125,63.0,35.0
33,126,83.0,29.0
33,127,68.0,35.0
33,128,55.0,22.0
33,129,60.0,25.0
33,130,47.0,22.0
33,131,45.0,16.0
33,132,40.0,24.0
33,133,40.0,17.0
33,134,33.0,15.0
33,135,34.0,18.0
33,136,26.0,16.0
33,137,20.0,5.0
33,138,31.0,7.0
33,139,19.0,8.0
33,140,16.0,6.0
33,141,26.0,7.0
33,142,18.0,6.0
33,143,14.0,6.0
33,144,17.0,8.0
33,145,11.0,5.0
33,146,10.0,6.0
33,147,11.0,8.0
33,148,12.0,6.0
33,149,12.0,2.0
33,150,11.0,3.0
33,151,11.0,4.0
33,152,10.0,0.0
33,153,10.0,3.0
33,154,5.0,2.0
33,155,10.0,4.0
33,156,9.0,2.0
33,157,4.0,1.0
33,158,3.0,1.0
33,159,1.0,0.0
33,160,7.0,0.0
33,161,4.0,6.0
33,162,4.0,1.0
33,163,3.0,0.0
33,164,1.0,1.0
33,165,3.0,0.0
33,166,0.0,1.0
33,167,3.0,0.0
33,168,1.0,1.0
33,169,2.0,1.0
33,170,0.0,0.0
33,171,1.0,1.0
33,172,2.0,0.0
33,173,1.0,1.0
33,174,0.0,0.0
33,175,1.0,0.0
33,176,0.0,0.0
33,177,1.0,2.0
33,178,0.0,1.0
33,179,0.0,0.0
34,0,0.0,2.0
34,1,2.0,0.0
34,2,3.0,0.0
34,3,3.0,1.0
34,4,3.0,4.0
34,5,10.0,2.0
34,6,5.0,3.0
34,7,8.0,5.0
34,8,12.0,2.0
34,9,16.0,9.0
34,10,10.0,9.0
34,11,13.0,5.0
34,12,19.0,12.0
34,13,20.0,8.0
34,14,23.0,14.0
34,15,17.0,10.0
34,16,27.0,6.0
34,17,22.0,21.0
34,18,14.0,18.0
34,19,38.0,22.0
34,20,29.0,34.0
34,21,40.0,29.0
34,22,36.0,26.0
34,23,49.0,45.0
34,24,48.0,34.0
34,25,52.0,32.0
34,26,65.0,44.0
34,27,96.0,37.0
34,28,97.0,42.0
34,29,105.0,52.0
34,30,96.0,64.0
34,31,135.0,71.0
34,32,158.0,76.0
34,33,127.0,85.0
34,34,157.0,130.0
34,35,192.0,105.0
34,36,173.0,116.0
34,37,189.0,139.0
34,38,215.0,155.0
34,39,247.0,187.0
34,40,291.0,211.0
34,41,341.0,241.0
34,42,333.0,239.0
34,43,450.0,335.0
34,44,430.0,323.0
34,45,476.0,403.0
34,46,573.0,417.0
34,47,625.0,480.0
34,48,638.0,545.0
34,49,753.0,623.0
34,50,744.0,660.0
34,51,865.0,791.0
34,52,933.0,907.0
34,53,971.0,1023.0
34,54,1074.0,1091.0
34,55,1247.0,1359.0
34,56,1289.0,1425.0
34,57,1433.0,1506.0
34,58,1525.0,1779.0
34,59,1684.0,1889.0
34,60,1877.0,2138.0
34,61,2081.0,2265.0
34,62,2246.0,2623.0
34,63,2554.0,2812.0
34,64,2577.0,3026.0
34,65,2778.0,3375.0
34,66,2805.0,3656.0
34,67,3048.0,3900.0
34,68,3312.0,4152.0
34,69,3417.0,4374.0
34,70,3650.0,4582.0
34,71,3978.0,4832.0
34,72,3967.0,4944.0
34,73,4375.0,5371.0
34,74,4387.0,5491.0
34,75,4531.0,5527.0
34,76,4643.0,5591.0
34,77,4742.0,5455.0
34,78,4876.0,5251.0
34,79,4771.0,5199.0
34,80,4931.0,5001.0
34,81,4785.0,4859.0
34,82,4632.0,4694.0
34,83,4553.0,4320.0
34,84,4313.0,4036.0
34,85,3902.0,3762.0
34,86,3644.0,3451.0
34,87,3470.0,2995.0
34,88,3082.0,2742.0
34,89,2804.0,2481.0
34,90,2574.0,2007.0
34,91,2260.0,1817.0
34,92,2088.0,1520.0
34,93,1851.0,1349.0
34,94,1594.0,1123.0
34,95,1425.0,986.0
34,96,1258.0,918.0
34,97,1134.0,790.0
34,98,933.0,668.0
34,99,839.0,650.0
34,100,764.0,548.0
34,101,602.0,541.0
34,102,506.0,424.0
34,103,509.0,397.0
34,104,426.0,356.0
34,105,365.0,301.0
34,106,355.0,307.0
34,107,277.0,255.0
34,108,308.0,238.0
34,109,275.0,231.0
34,110,232.0,173.0
34,111,225.0,197.0
34,112,194.0,166.0
34,113,168.0,138.0
34,114,169.0,152.0
34,115,144.0,128.0
34,116,126.0,119.0
34,117,135.0,91.0
34,118,125.0,103.0
34,119,98.0,91.0
34,120,108.0,87.0
34,121,95.0,75.0
34,122,83.0,66.0
34,123,81.0,52.0
34,124,78.0,58.0
34,125,76.0,43.0
34,126,61.0,35.0
34,127,50.0,40.0
34,128,78.0,42.0
34,129,58.0,50.0
34,130,30.0,25.0
34,131,28.0,32.0
34,132,34.0,24.0
34,133,26.0,22.0
34,134,27.0,22.0
34,135,18.0,16.0
34,136,27.0,16.0
34,137,14.0,17.0
34,138,21.0,13.0
34,139,15.0,27.0
34,140,18.0,16.0
34,141,10.0,16.0
34,142,17.0,11.0
34,143,15.0,11.0
34,144,12.0,8.0
34,145,10.0,14.0
34,146,10.0,4.0
34,147,9.0,5.0
34,148,6.0,6.0
34,149,8.0,5.0
34,150,6.0,6.0
34,151,4.0,2.0
34,152,6.0,8.0
34,153,7.0,10.0
34,154,3.0,5.0
34,155,6.0,2.0
34,156,2.0,4.0
34,157,3.0,4.0
34,158,4.0,2.0
34,159,1.0,4.0
34,160,3.0,4.0
34,161,1.0,3.0
34,162,2.0,1.0
34,163,1.0,5.0
34,164,1.0,5.0
34,165,1.0,3.0
34,166,2.0,1.0
34,167,1.0,4.0
34,168,2.0,1.0
34,169,1.0,5.0
34,170,1.0,1.0
34,171,1.0,1.0
34,172,3.0,1.0
34,173,0.0,0.0
34,174,1.0,0.0
34,175,0.0,1.0
34,176,0.0,0.0
34,177,0.0,0.0
34,178,0.0,0.0
34,179,0.0,0.0
35,0,10.0,9.0
35,1,9.0,12.0
35,2,7.0,10.0
35,3,12.0,18.0
35,4,20.0,14.0
35,5,10.0,17.0
35,6,10.0,11.0
35,7,8.0,9.0
35,8,16.0,12.0
35,9,16.0,14.0
35,10,16.0,11.0
35,11,10.0,9.0
35,12,17.0,11.0
35,13,20.0,23.0
35,14,20.0,16.0
35,15,10.0,11.0
35,16,25.0,21.0
35,17,22.0,19.0
35,18,33.0,40.0
35,19,29.0,32.0
35,20,35.0,51.0
35,21,47.0,59.0
35,22,70.0,66.0
35,23,59.0,54.0
35,24,74.0,87.0
35,25,76.0,75.0
35,26,86.0,93.0
35,27,108.0,112.0
35,28,149.0,115.0
35,29,117.0,131.0
35,30,136.0,132.0
35,31,164.0,138.0
35,32,162.0,184.0
35,33,181.0,193.0
35,34,177.0,183.0
35,35,232.0,235.0
35,36,233.0,277.0
35,37,276.0,343.0
35,38,328.0,368.0
35,39,364.0,423.0
35,40,434.0,507.0
35,41,462.0,594.0
35,42,488.0,686.0
35,43,547.0,774.0
35,44,520.0,821.0
35,45,539.0,964.0
35,46,657.0,961.0
35,47,726.0,987.0
35,48,822.0,1172.0
35,49,809.0,1269.0
35,50,961.0,1381.0
35,51,1083.0,1555.0
35,52,1146.0,1723.0
35,53,1309.0,1838.0
35,54,1379.0,2157.0
35,55,1503.0,2468.0
35,56,1715.0,2723.0
35,57,1877.0,2923.0
35,58,1988.0,3075.0
35,59,2053.0,3496.0
35,60,2294.0,3705.0
35,61,2515.0,3814.0
35,62,2560.0,4217.0
35,63,2691.0,4603.0
35,64,2957.0,4549.0
35,65,3199.0,4811.0
35,66,3435.0,5086.0
35,67,3634.0,5277.0
35,68,3844.0,5511.0
35,69,4137.0,5516.0
35,70,4218.0,5444.0
35,71,4340.0,5651.0
35,72,4382.0,5435.0
35,73,4577.0,5301.0
35,74,4579.0,5076.0
35,75,4471.0,4793.0
35,76,4667.0,4565.0
35,77,4621.0,4272.0
35,78,4481.0,3841.0
35,79,4355.0,3496.0
35,80,4436.0,3092.0
35,81,4230.0,2800.0
35,82,4196.0,2467.0
35,83,3790.0,2190.0
35,84,3735.0,1902.0
35,85,3505.0,1680.0
35,86,3125.0,1455.0
35,87,2889.0,1279.0
35,88,2496.0,1142.0
35,89,2260.0,994.0
35,90,1954.0,889.0
35,91,1791.0,805.0
35,92,1626.0,685.0
35,93,1411.0,637.0
35,94,1284.0,526.0
35,95,1099.0,443.0
35,96,944.0,407.0
35,97,878.0,394.0
35,98,741.0,342.0
35,99,636.0,306.0
35,100,548.0,283.0
35,101,496.0,258.0
35,102,417.0,246.0
35,103,401.0,232.0
35,104,326.0,208.0
35,105,349.0,190.0
35,106,278.0,161.0
35,107,258.0,150.0
35,108,260.0,125.0
35,109,196.0,128.0
35,110,200.0,108.0
35,111,165.0,101.0
35,112,160.0,94.0
35,113,154.0,91.0
35,114,144.0,72.0
35,115,107.0,69.0
35,116,115.0,69.0
35,117,98.0,69.0
35,118,93.0,54.0
35,119,68.0,49.0
35,120,72.0,47.0
35,121,62.0,44.0
35,122,62.0,29.0
35,123,41.0,45.0
35,124,47.0,35.0
35,125,38.0,36.0
35,126,43.0,20.0
35,127,39.0,13.0
35,128,36.0,33.0
35,129,31.0,22.0
35,130,19.0,13.0
35,131,22.0,25.0
35,132,24.0,17.0
35,133,19.0,17.0
35,134,16.0,12.0
35,135,17.0,12.0
35,136,18.0,14.0
35,137,15.0,11.0
35,138,12.0,12.0
35,139,14.0,12.0
35,140,6.0,7.0
35,141,7.0,4.0
35,142,9.0,5.0
35,143,6.0,3.0
35,144,6.0,4.0
35,145,10.0,2.0
35,146,7.0,5.0
35,147,7.0,2.0
35,148,5.0,6.0
35,149,9.0,3.0
35,150,3.0,1.0
35,151,5.0,1.0
35,152,0.0,1.0
35,153,5.0,2.0
35,154,5.0,0.0
35,155,2.0,2.0
35,156,1.0,4.0
35,157,6.0,0.0
35,158,3.0,2.0
35,159,2.0,2.0
35,160,2.0,2.0
35,161,1.0,1.0
35,162,3.0,0.0
35,163,2.0,2.0
35,164,2.0,1.0
35,165,2.0,0.0
35,166,0.0,1.0
35,167,3.0,0.0
35,168,2.0,0.0
35,169,1.0,0.0
35,170,1.0,0.0
35,171,1.0,0.0
35,172,1.0,0.0
35,173,2.0,0.0
35,174,0.0,0.0
35,175,2.0,1.0
35,176,0.0,1.0
35,177,0.0,0.0
35,178,0.0,2.0
35,179,0.0,0.0
36,0,14.0,14.0
36,1,6.0,6.0
36,2,9.0,16.0
36,3,12.0,14.0
36,4,13.0,17.0
36,5,17.0,11.0
36,6,20.0,18.0
36,7,17.0,11.0
36,8,7.0,20.0
36,9,4.0,18.0
36,10,9.0,21.0
36,11,15.0,17.0
36,12,12.0,38.0
36,13,11.0,43.0
36,14,14.0,41.0
36,15,28.0,60.0
36,16,34.0,75.0
36,17,52.0,82.0
36,18,51.0,90.0
36,19,59.0,92.0
36,20,56.0,91.0
36,21,51.0,103.0
36,22,45.0,94.0
36,23,58.0,96.0
36,24,63.0,125.0
36,25,64.0,148.0
36,26,66.0,161.0
36,27,59.0,201.0
36,28,82.0,235.0
36,29,90.0,281.0
36,30,101.0,308.0
36,31,127.0,391.0
36,32,144.0,468.0
36,33,173.0,462.0
36,34,190.0,547.0
36,35,216.0,559.0
36,36,221.0,603.0
36,37,248.0,724.0
36,38,240.0,773.0
36,39,296.0,890.0
36,40,265.0,887.0
36,41,321.0,1003.0
36,42,385.0,1127.0
36,43,408.0,1188.0
36,44,411.0,1414.0
36,45,546.0,1697.0
36,46,561.0,1931.0
36,47,589.0,1924.0
36,48,630.0,2299.0
36,49,723.0,2441.0
36,50,757.0,2709.0
36,51,867.0,3036.0
36,52,898.0,3163.0
36,53,1024.0,3384.0
36,54,1090.0,3702.0
36,55,1301.0,3962.0
36,56,1432.0,4327.0
36,57,1506.0,4587.0
36,58,1710.0,4967.0
36,59,1745.0,5001.0
36,60,1879.0,5300.0
36,61,1956.0,5440.0
36,62,2192.0,5600.0
36,63,2362.0,5485.0
36,64,2525.0,5803.0
36,65,2784.0,5704.0
36,66,3099.0,5465.0
36,67,3218.0,5351.0
36,68,3395.0,4953.0
36,69,3754.0,4741.0
36,70,3862.0,4385.0
36,71,3994.0,4063.0
36,72,4108.0,3728.0
36,73,4367.0,3370.0
36,74,4664.0,3124.0
36,75,4846.0,2612.0
36,76,4759.0,2372.0
36,77,4854.0,2013.0
36,78,4817.0,1809.0
36,79,4766.0,1587.0
36,80,4722.0,1415.0
36,81,4531.0,1145.0
36,82,4531.0,1106.0
36,83,4261.0,913.0
36,84,3978.0,852.0
36,85,3794.0,699.0
36,86,3556.0,635.0
36,87,3342.0,540.0
36,88,3012.0,533.0
36,89,2679.0,436.0
36,90,2488.0,395.0
36,91,2292.0,394.0
36,92,2003.0,296.0
36,93,1810.0,304.0
36,94,1537.0,273.0
36,95,1400.0,233.0
36,96,1160.0,227.0
36,97,1017.0,216.0
36,98,925.0,194.0
36,99,783.0,163.0
36,100,678.0,154.0
36,101,597.0,158.0
36,102,473.0,125.0
36,103,453.0,133.0
36,104,421.0,114.0
36,105,372.0,121.0
36,106,341.0,96.0
36,107,322.0,79.0
36,108,291.0,71.0
36,109,256.0,55.0
36,110,207.0,54.0
36,111,173.0,48.0
36,112,175.0,59.0
36,113,149.0,41.0
36,114,140.0,38.0
36,115,117.0,35.0
36,116,132.0,35.0
36,117,119.0,30.0
36,118,82.0,27.0
36,119,73.0,38.0
36,120,84.0,23.0
36,121,65.0,20.0
36,122,65.0,22.0
36,123,75.0,21.0
36,124,71.0,17.0
36,125,46.0,15.0
36,126,47.0,23.0
36,127,42.0,19.0
36,128,59.0,10.0
36,129,38.0,12.0
36,130,35.0,5.0
36,131,31.0,9.0
36,132,35.0,11.0
36,133,27.0,9.0
36,134,30.0,7.0
36,135,22.0,6.0
36,136,16.0,4.0
36,137,20.0,5.0
36,138,17.0,2.0
36,139,15.0,2.0
36,140,12.0,5.0
36,141,21.0,4.0
36,142,15.0,0.0
36,143,12.0,3.0
36,144,17.0,2.0
36,145,14.0,3.0
36,146,7.0,4.0
36,147,9.0,2.0
36,148,7.0,1.0
36,149,7.0,0.0
36,150,5.0,4.0
36,151,2.0,0.0
36,152,6.0,1.0
36,153,7.0,0.0
36,154,5.0,1.0
36,155,5.0,2.0
36,156,3.0,1.0
36,157,6.0,3.0
36,158,4.0,0.0
36,159,1.0,1.0
36,160,1.0,0.0
36,161,2.0,1.0
36,162,0.0,0.0
36,163,2.0,0.0
36,164,0.0,1.0
36,165,1.0,0.0
36,166,0.0,0.0
36,167,0.0,0.0
36,168,1.0,0.0
36,169,0.0,0.0
36,170,2.0,1.0
36,171,1.0,0.0
36,172,2.0,2.0
36,173,0.0,0.0
36,174,0.0,1.0
36,175,0.0,1.0
36,176,3.0,0.0
36,177,1.0,0.0
36,178,1.0,0.0
36,179,1.0,0.0
37,0,5.0,9.0
37,1,8.0,2.0
37,2,8.0,8.0
37,3,7.0,8.0
37,4,10.0,15.0
37,5,11.0,7.0
37,6,13.0,12.0
37,7,9.0,6.0
37,8,7.0,2.0
37,9,9.0,6.0
37,10,6.0,2.0
37,11,5.0,9.0
37,12,5.0,4.0
37,13,2.0,12.0
37,14,6.0,11.0
37,15,7.0,19.0
37,16,7.0,26.0
37,17,6.0,38.0
37,18,12.0,24.0
37,19,8.0,33.0
37,20,14.0,23.0
37,21,18.0,44.0
37,22,19.0,30.0
37,23,21.0,50.0
37,24,22.0,52.0
37,25,25.0,48.0
37,26,36.0,61.0
37,27,47.0,49.0
37,28,57.0,59.0
37,29,50.0,74.0
37,30,69.0,126.0
37,31,64.0,125.0
37,32,86.0,119.0
37,33,85.0,165.0
37,34,97.0,179.0
37,35,120.0,192.0
37,36,123.0,222.0
37,37,157.0,264.0
37,38,145.0,324.0
37,39,173.0,298.0
37,40,223.0,361.0
37,41,198.0,395.0
37,42,219.0,426.0
37,43,247.0,537.0
37,44,258.0,512.0
37,45,284.0,615.0
37,46,349.0,649.0
37,47,328.0,811.0
37,48,396.0,870.0
37,49,432.0,971.0
37,50,464.0,1068.0
37,51,461.0,1128.0
37,52,570.0,1314.0
37,53,690.0,1404.0
37,54,687.0,1713.0
37,55,793.0,1831.0
37,56,875.0,1982.0
37,57,980.0,2153.0
37,58,1161.0,2451.0
37,59,1154.0,2660.0
37,60,1300.0,2879.0
37,61,1400.0,3150.0
37,62,1502.0,3443.0
37,63,1665.0,3612.0
37,64,1751.0,3948.0
37,65,1952.0,4262.0
37,66,2092.0,4559.0
37,67,2297.0,4868.0
37,68,2374.0,5001.0
37,69,2675.0,5263.0
37,70,2865.0,5336.0
37,71,3156.0,5421.0
37,72,3396.0,5488.0
37,73,3438.0,5571.0
37,74,3670.0,5527.0
37,75,3867.0,5220.0
37,76,4047.0,5153.0
37,77,4417.0,4856.0
37,78,4441.0,4956.0
37,79,4638.0,4550.0
37,80,4587.0,4126.0
37,81,4657.0,3745.0
37,82,4815.0,3460.0
37,83,4714.0,3102.0
37,84,4748.0,2723.0
37,85,4592.0,2375.0
37,86,4567.0,2234.0
37,87,4378.0,1926.0
37,88,4363.0,1683.0
37,89,4112.0,1461.0
37,90,3772.0,1256.0
37,91,3568.0,1161.0
37,92,3343.0,891.0
37,93,2949.0,862.0
37,94,2659.0,730.0
37,95,2388.0,682.0
37,96,2180.0,558.0
37,97,1813.0,473.0
37,98,1755.0,477.0
37,99,1481.0,386.0
37,100,1311.0,350.0
37,101,1193.0,339.0
37,102,1083.0,309.0
37,103,924.0,252.0
37,104,804.0,268.0
37,105,705.0,218.0
37,106,645.0,206.0
37,107,602.0,190.0
37,108,504.0,157.0
37,109,442.0,158.0
37,110,360.0,152.0
37,111,390.0,130.0
37,112,342.0,126.0
37,113,282.0,101.0
37,114,287.0,92.0
37,115,258.0,88.0
37,116,203.0,86.0
37,117,207.0,69.0
37,118,161.0,60.0
37,119,149.0,57.0
37,120,144.0,61.0
37,121,116.0,50.0
37,122,110.0,50.0
37,123,93.0,46.0
37,124,91.0,49.0
37,125,71.0,30.0
37,126,82.0,32.0
37,127,73.0,30.0
37,128,62.0,16.0
37,129,61.0,20.0
37,130,53.0,33.0
37,131,48.0,20.0
37,132,46.0,16.0
37,133,51.0,21.0
37,134,35.0,16.0
37,135,30.0,13.0
37,136,37.0,18.0
37,137,28.0,19.0
37,138,26.0,10.0
37,139,23.0,8.0
37,140,24.0,9.0
37,141,27.0,4.0
37,142,19.0,7.0
37,143,20.0,11.0
37,144,18.0,5.0
37,145,9.0,4.0
37,146,18.0,4.0
37,147,15.0,2.0
37,148,10.0,3.0
37,149,10.0,8.0
37,150,11.0,9.0
37,151,13.0,6.0
37,152,5.0,1.0
37,153,8.0,4.0
37,154,10.0,4.0
37,155,5.0,3.0
37,156,6.0,5.0
37,157,8.0,7.0
37,158,4.0,4.0
37,159,6.0,2.0
37,160,3.0,2.0
37,161,2.0,1.0
37,162,2.0,2.0
37,163,2.0,1.0
37,164,2.0,3.0
37,165,1.0,0.0
37,166,2.0,3.0
37,167,4.0,2.0
37,168,2.0,1.0
37,169,2.0,1.0
37,170,1.0,2.0
37,171,1.0,2.0
37,172,2.0,0.0
37,173,1.0,0.0
37,174,3.0,2.0
37,175,1.0,2.0
37,176,0.0,2.0
37,177,0.0,0.0
37,178,0.0,1.0
37,179,3.0,0.0
38,0,14.0,15.0
38,1,9.0,9.0
38,2,7.0,8.0
38,3,12.0,13.0
38,4,29.0,21.0
38,5,21.0,19.0
38,6,20.0,24.0
38,7,7.0,13.0
38,8,8.0,2.0
38,9,8.0,15.0
38,10,9.0,6.0
38,11,10.0,16.0
38,12,8.0,21.0
38,13,19.0,20.0
38,14,8.0,28.0
38,15,18.0,24.0
38,16,21.0,40.0
38,17,32.0,59.0
38,18,27.0,47.0
38,19,39.0,68.0
38,20,56.0,71.0
38,21,44.0,71.0
38,22,51.0,127.0
38,23,61.0,100.0
38,24,71.0,110.0
38,25,65.0,153.0
38,26,89.0,145.0
38,27,112.0,175.0
38,28,82.0,183.0
38,29,93.0,177.0
38,30,130.0,228.0
38,31,139.0,247.0
38,32,144.0,312.0
38,33,160.0,316.0
38,34,157.0,366.0
38,35,214.0,455.0
38,36,235.0,523.0
38,37,246.0,645.0
38,38,265.0,747.0
38,39,302.0,724.0
38,40,359.0,825.0
38,41,374.0,892.0
38,42,399.0,995.0
38,43,431.0,1105.0
38,44,508.0,1240.0
38,45,593.0,1413.0
38,46,592.0,1580.0
38,47,669.0,1703.0
38,48,767.0,1903.0
38,49,881.0,2176.0
38,50,963.0,2342.0
38,51,1039.0,2615.0
38,52,1178.0,2951.0
38,53,1236.0,3212.0
38,54,1360.0,3440.0
38,55,1457.0,3633.0
38,56,1591.0,3901.0
38,57,1755.0,4269.0
38,58,1787.0,4478.0
38,59,1926.0,4715.0
38,60,2090.0,4877.0
38,61,2243.0,5122.0
38,62,2432.0,5384.0
38,63,2625.0,5399.0
38,64,2958.0,5257.0
38,65,3078.0,5668.0
38,66,3331.0,5620.0
38,67,3548.0,5505.0
38,68,3826.0,5396.0
38,69,4063.0,5379.0
38,70,4109.0,4977.0
38,71,4278.0,4626.0
38,72,4466.0,4433.0
38,73,4592.0,3910.0
38,74,4715.0,3498.0
38,75,4747.0,3067.0
38,76,4736.0,2741.0
38,77,4699.0,2518.0
38,78,4664.0,2183.0
38,79,4446.0,1957.0
38,80,4423.0,1682.0
38,81,4257.0,1478.0
38,82,4131.0,1245.0
38,83,3994.0,1173.0
38,84,3712.0,952.0
38,85,3420.0,850.0
38,86,3140.0,747.0
38,87,2891.0,684.0
38,88,2665.0,549.0
38,89,2442.0,482.0
38,90,2252.0,465.0
38,91,1864.0,420.0
38,92,1688.0,374.0
38,93,1459.0,326.0
38,94,1293.0,318.0
38,95,1191.0,290.0
38,96,999.0,271.0
38,97,932.0,228.0
38,98,848.0,216.0
38,99,738.0,211.0
38,100,675.0,175.0
38,101,566.0,159.0
38,102,509.0,154.0
38,103,416.0,133.0
38,104,371.0,136.0
38,105,379.0,116.0
38,106,317.0,88.0
38,107,285.0,92.0
38,108,274.0,90.0
38,109,213.0,77.0
38,110,205.0,53.0
38,111,184.0,65.0
38,112,150.0,64.0
38,113,110.0,54.0
38,114,111.0,45.0
38,115,108.0,56.0
38,116,116.0,31.0
38,117,100.0,31.0
38,118,85.0,43.0
38,119,82.0,27.0
38,120,81.0,28.0
38,121,70.0,26.0
38,122,55.0,22.0
38,123,38.0,25.0
38,124,55.0,18.0
38,125,36.0,29.0
38,126,34.0,11.0
38,127,42.0,14.0
38,128,32.0,14.0
38,129,28.0,10.0
38,130,32.0,14.0
38,131,28.0,10.0
38,132,26.0,8.0
38,133,22.0,13.0
38,134,15.0,3.0
38,135,10.0,7.0
38,136,19.0,5.0
38,137,20.0,6.0
38,138,8.0,1.0
38,139,20.0,4.0
38,140,15.0,3.0
38,141,11.0,2.0
38,142,16.0,4.0
38,143,8.0,3.0
38,144,11.0,1.0
38,145,2.0,3.0
38,146,9.0,1.0
38,147,5.0,3.0
38,148,6.0,2.0
38,149,3.0,1.0
38,150,7.0,2.0
38,151,2.0,2.0
38,152,3.0,3.0
38,153,1.0,2.0
38,154,3.0,2.0
38,155,6.0,2.0
38,156,1.0,0.0
38,157,1.0,3.0
38,158,2.0,0.0
38,159,1.0,1.0
38,160,3.0,0.0
38,161,1.0,0.0
38,162,0.0,0.0
38,163,0.0,0.0
38,164,1.0,1.0
38,165,3.0,1.0
38,166,2.0,0.0
38,167,0.0,0.0
38,168,2.0,0.0
38,169,0.0,2.0
38,170,2.0,1.0
38,171,0.0,0.0
38,172,0.0,0.0
38,173,2.0,0.0
38,174,0.0,0.0
38,175,1.0,0.0
38,176,0.0,0.0
38,177,1.0,0.0
38,178,1.0,1.0
38,179,0.0,0.0
39,0,0.0,1.0
39,1,1.0,2.0
39,2,3.0,5.0
39,3,8.0,3.0
39,4,3.0,5.0
39,5,5.0,5.0
39,6,6.0,2.0
39,7,7.0,5.0
39,8,2.0,2.0
39,9,1.0,4.0
39,10,2.0,5.0
39,11,4.0,5.0
39,12,5.0,3.0
39,13,14.0,4.0
39,14,8.0,3.0
39,15,10.0,5.0
39,16,13.0,9.0
39,17,10.0,12.0
39,18,14.0,10.0
39,19,12.0,13.0
39,20,13.0,15.0
39,21,12.0,11.0
39,22,13.0,16.0
39,23,28.0,12.0
39,24,21.0,31.0
39,25,22.0,30.0
39,26,19.0,38.0
39,27,33.0,39.0
39,28,22.0,46.0
39,29,22.0,42.0
39,30,28.0,60.0
39,31,20.0,47.0
39,32,41.0,69.0
39,33,58.0,62.0
39,34,53.0,68.0
39,35,55.0,74.0
39,36,63.0,88.0
39,37,52.0,106.0
39,38,84.0,117.0
39,39,93.0,120.0
39,40,101.0,145.0
39,41,121.0,171.0
39,42,96.0,211.0
39,43,132.0,235.0
39,44,135.0,276.0
39,45,165.0,316.0
39,46,188.0,326.0
39,47,186.0,354.0
39,48,195.0,414.0
39,49,196.0,442.0
39,50,235.0,448.0
39,51,248.0,563.0
39,52,289.0,567.0
39,53,312.0,667.0
39,54,421.0,691.0
39,55,472.0,786.0
39,56,557.0,917.0
39,57,621.0,971.0
39,58,605.0,1170.0
39,59,685.0,1318.0
39,60,759.0,1507.0
39,61,769.0,1788.0
39,62,854.0,1860.0
39,63,956.0,2170.0
39,64,1033.0,2376.0
39,65,1137.0,2517.0
39,66,1288.0,2631.0
39,67,1278.0,2947.0
39,68,1428.0,3220.0
39,69,1578.0,3297.0
39,70,1719.0,3632.0
39,71,1929.0,3962.0
39,72,2106.0,4191.0
39,73,2363.0,4451.0
39,74,2461.0,4644.0
39,75,2761.0,5018.0
39,76,2966.0,5186.0
39,77,3148.0,5515.0
39,78,3317.0,5473.0
39,79,3533.0,5457.0
39,80,3782.0,5588.0
39,81,3921.0,5479.0
39,82,4132.0,5367.0
39,83,4262.0,5223.0
39,84,4551.0,5002.0
39,85,4494.0,4724.0
39,86,4670.0,4510.0
39,87,4700.0,3997.0
39,88,4789.0,3819.0
39,89,4791.0,3403.0
39,90,4732.0,3087.0
39,91,4803.0,2781.0
39,92,4647.0,2447.0
39,93,4509.0,2084.0
39,94,4301.0,1873.0
39,95,3958.0,1584.0
39,96,3725.0,1390.0
39,97,3559.0,1314.0
39,98,3185.0,1114.0
39,99,3007.0,886.0
39,100,2777.0,826.0
39,101,2447.0,723.0
39,102,2220.0,624.0
39,103,1991.0,523.0
39,104,1730.0,483.0
39,105,1496.0,479.0
39,106,1360.0,389.0
39,107,1083.0,355.0
39,108,990.0,340.0
39,109,839.0,280.0
39,110,719.0,275.0
39,111,657.0,244.0
39,112,533.0,232.0
39,113,500.0,210.0
39,114,431.0,193.0
39,115,382.0,190.0
39,116,369.0,152.0
39,117,341.0,142.0
39,118,304.0,117.0
39,119,259.0,118.0
39,120,259.0,133.0
39,121,213.0,112.0
39,122,202.0,98.0
39,123,201.0,92.0
39,124,179.0,72.0
39,125,164.0,74.0
39,126,143.0,55.0
39,127,142.0,59.0
39,128,124.0,54.0
39,129,107.0,46.0
39,130,110.0,46.0
39,131,80.0,38.0
39,132,77.0,35.0
39,133,80.0,41.0
39,134,67.0,29.0
39,135,58.0,23.0
39,136,39.0,29.0
39,137,58.0,19.0
39,138,58.0,27.0
39,139,38.0,19.0
39,140,54.0,10.0
39,141,40.0,17.0
39,142,30.0,14.0
39,143,29.0,6.0
39,144,22.0,11.0
39,145,28.0,9.0
39,146,27.0,10.0
39,147,22.0,6.0
39,148,15.0,12.0
39,149,14.0,14.0
39,150,13.0,9.0
39,151,15.0,3.0
39,152,13.0,5.0
39,153,17.0,9.0
39,154,8.0,10.0
39,155,19.0,4.0
39,156,4.0,10.0
39,157,7.0,5.0
39,158,8.0,3.0
39,159,3.0,2.0
39,160,8.0,2.0
39,161,2.0,5.0
39,162,1.0,2.0
39,163,4.0,0.0
39,164,5.0,3.0
39,165,3.0,3.0
39,166,2.0,1.0
39,167,2.0,2.0
39,168,2.0,0.0
39,169,0.0,2.0
39,170,6.0,1.0
39,171,1.0,2.0
39,172,1.0,0.0
39,173,4.0,0.0
39,174,1.0,2.0
39,175,2.0,0.0
39,176,1.0,1.0
39,177,3.0,0.0
39,178,3.0,0.0
39,179,1.0,0.0
40,0,5.0,8.0
40,1,1.0,4.0
40,2,8.0,7.0
40,3,3.0,19.0
40,4,6.0,10.0
40,5,9.0,5.0
40,6,14.0,5.0
40,7,7.0,5.0
40,8,13.0,6.0
40,9,10.0,3.0
40,10,7.0,6.0
40,11,7.0,2.0
40,12,5.0,11.0
40,13,4.0,13.0
40,14,4.0,20.0
40,15,6.0,15.0
40,16,11.0,46.0
40,17,8.0,24.0
40,18,4.0,25.0
40,19,13.0,37.0
40,20,21.0,43.0
40,21,22.0,38.0
40,22,24.0,42.0
40,23,22.0,48.0
40,24,34.0,55.0
40,25,29.0,49.0
40,26,37.0,60.0
40,27,41.0,54.0
40,28,39.0,90.0
40,29,56.0,94.0
40,30,73.0,97.0
40,31,67.0,135.0
40,32,62.0,118.0
40,33,86.0,136.0
40,34,96.0,175.0
40,35,98.0,166.0
40,36,128.0,203.0
40,37,142.0,255.0
40,38,158.0,264.0
40,39,159.0,336.0
40,40,161.0,366.0
40,41,201.0,390.0
40,42,199.0,512.0
40,43,214.0,491.0
40,44,239.0,519.0
40,45,263.0,593.0
40,46,294.0,634.0
40,47,301.0,810.0
40,48,307.0,966.0
40,49,354.0,1069.0
40,50,395.0,1160.0
40,51,445.0,1355.0
40,52,477.0,1547.0
40,53,564.0,1763.0
40,54,577.0,1953.0
40,55,590.0,2028.0
40,56,685.0,2148.0
40,57,796.0,2398.0
40,58,826.0,2519.0
40,59,936.0,2785.0
40,60,1078.0,3106.0
40,61,1200.0,3187.0
40,62,1279.0,3580.0
40,63,1377.0,3835.0
40,64,1492.0,4067.0
40,65,1590.0,4591.0
40,66,1728.0,4638.0
40,67,1983.0,5146.0
40,68,2042.0,5529.0
40,69,2213.0,5473.0
40,70,2450.0,5716.0
40,71,2676.0,5846.0
40,72,2885.0,5522.0
40,73,3096.0,5724.0
40,74,3154.0,5378.0
40,75,3400.0,5409.0
40,76,3614.0,5156.0
40,77,3816.0,4801.0
40,78,3984.0,4504.0
40,79,4153.0,4087.0
40,80,4375.0,3877.0
40,81,4452.0,3372.0
40,82,4550.0,3020.0
40,83,4554.0,2799.0
40,84,4848.0,2461.0
40,85,4636.0,2095.0
40,86,4723.0,1866.0
40,87,4611.0,1639.0
40,88,4519.0,1493.0
40,89,4438.0,1288.0
40,90,4311.0,1065.0
40,91,3977.0,947.0
40,92,3804.0,857.0
40,93,3461.0,725.0
40,94,3265.0,620.0
40,95,3097.0,561.0
40,96,2902.0,503.0
40,97,2585.0,485.0
40,98,2354.0,382.0
40,99,2023.0,379.0
40,100,1729.0,341.0
40,101,1587.0,308.0
40,102,1413.0,296.0
40,103,1201.0,256.0
40,104,1070.0,250.0
40,105,939.0,201.0
40,106,827.0,175.0
40,107,727.0,168.0
40,108,637.0,149.0
40,109,521.0,149.0
40,110,536.0,147.0
40,111,454.0,139.0
40,112,402.0,95.0
40,113,343.0,106.0
40,114,353.0,98.0
40,115,284.0,90.0
40,116,266.0,64.0
40,117,222.0,57.0
40,118,210.0,61.0
40,119,200.0,41.0
40,120,159.0,59.0
40,121,141.0,50.0
40,122,129.0,35.0
40,123,116.0,41.0
40,124,99.0,33.0
40,125,112.0,29.0
40,126,85.0,30.0
40,127,83.0,18.0
40,128,81.0,25.0
40,129,63.0,28.0
40,130,64.0,17.0
40,131,58.0,23.0
40,132,53.0,16.0
40,133,50.0,17.0
40,134,47.0,20.0
40,135,34.0,15.0
40,136,39.0,19.0
40,137,34.0,17.0
40,138,32.0,10.0
40,139,29.0,9.0
40,140,29.0,10.0
40,141,17.0,10.0
40,142,17.0,3.0
40,143,13.0,6.0
40,144,18.0,6.0
40,145,15.0,3.0
40,146,12.0,2.0
40,147,8.0,8.0
40,148,16.0,1.0
40,149,6.0,4.0
40,150,10.0,3.0
40,151,8.0,2.0
40,152,10.0,3.0
40,153,6.0,2.0
40,154,16.0,0.0
40,155,4.0,0.0
40,156,7.0,1.0
40,157,5.0,1.0
40,158,5.0,2.0
40,159,5.0,2.0
40,160,4.0,0.0
40,161,0.0,2.0
40,162,2.0,0.0
40,163,5.0,2.0
40,164,2.0,0.0
40,165,1.0,1.0
40,166,1.0,0.0
40,167,1.0,0.0
40,168,3.0,1.0
40,169,2.0,0.0
40,170,1.0,0.0
40,171,3.0,2.0
40,172,0.0,0.0
40,173,2.0,0.0
40,174,2.0,1.0
40,175,0.0,0.0
40,176,1.0,0.0
40,177,2.0,0.0
40,178,0.0,0.0
40,179,1.0,0.0
41,0,8.0,7.0
41,1,9.0,9.0
41,2,13.0,9.0
41,3,8.0,5.0
41,4,10.0,18.0
41,5,5.0,19.0
41,6,14.0,23.0
41,7,21.0,9.0
41,8,7.0,19.0
41,9,9.0,24.0
41,10,11.0,24.0
41,11,3.0,23.0
41,12,9.0,16.0
41,13,12.0,12.0
41,14,16.0,12.0
41,15,20.0,20.0
41,16,20.0,18.0
41,17,18.0,12.0
41,18,24.0,36.0
41,19,17.0,34.0
41,20,32.0,53.0
41,21,37.0,71.0
41,22,36.0,75.0
41,23,51.0,111.0
41,24,55.0,125.0
41,25,74.0,103.0
41,26,66.0,145.0
41,27,75.0,151.0
41,28,79.0,179.0
41,29,91.0,159.0
41,30,107.0,195.0
41,31,121.0,186.0
41,32,122.0,227.0
41,33,137.0,249.0
41,34,146.0,300.0
41,35,153.0,327.0
41,36,163.0,361.0
41,37,162.0,384.0
41,38,171.0,466.0
41,39,190.0,436.0
41,40,223.0,593.0
41,41,258.0,600.0
41,42,281.0,709.0
41,43,313.0,753.0
41,44,357.0,871.0
41,45,363.0,912.0
41,46,383.0,1127.0
41,47,504.0,1218.0
41,48,540.0,1356.0
41,49,626.0,1545.0
41,50,687.0,1834.0
41,51,803.0,1927.0
41,52,885.0,2211.0
41,53,943.0,2567.0
41,54,1053.0,2684.0
41,55,1257.0,2961.0
41,56,1250.0,3154.0
41,57,1260.0,3511.0
41,58,1348.0,3723.0
41,59,1527.0,4040.0
41,60,1603.0,4048.0
41,61,1779.0,4403.0
41,62,1912.0,4741.0
41,63,2027.0,4936.0
41,64,2162.0,5192.0
41,65,2369.0,5571.0
41,66,2558.0,5598.0
41,67,2933.0,5650.0
41,68,2930.0,5597.0
41,69,3365.0,5670.0
41,70,3665.0,5473.0
41,71,3813.0,5303.0
41,72,3906.0,4956.0
41,73,4169.0,4781.0
41,74,4593.0,4449.0
41,75,4655.0,4217.0
41,76,4641.0,3638.0
41,77,4675.0,3458.0
41,78,4619.0,3115.0
41,79,4891.0,2822.0
41,80,4675.0,2539.0
41,81,4765.0,2307.0
41,82,4736.0,1999.0
41,83,4573.0,1720.0
41,84,4578.0,1408.0
41,85,4257.0,1295.0
41,86,4024.0,1117.0
41,87,3777.0,957.0
41,88,3527.0,828.0
41,89,3215.0,688.0
41,90,2913.0,680.0
41,91,2521.0,552.0
41,92,2261.0,541.0
41,93,2132.0,486.0
41,94,1868.0,410.0
41,95,1645.0,368.0
41,96,1458.0,324.0
41,97,1235.0,303.0
41,98,1086.0,295.0
41,99,977.0,261.0
41,100,847.0,231.0
41,101,761.0,226.0
41,102,647.0,188.0
41,103,587.0,167.0
41,104,504.0,174.0
41,105,458.0,156.0
41,106,486.0,133.0
41,107,381.0,117.0
41,108,367.0,96.0
41,109,301.0,113.0
41,110,266.0,74.0
41,111,242.0,95.0
41,112,210.0,92.0
41,113,211.0,74.0
41,114,187.0,75.0
41,115,175.0,51.0
41,116,129.0,54.0
41,117,132.0,58.0
41,118,118.0,44.0
41,119,104.0,27.0
41,120,97.0,27.0
41,121,105.0,28.0
41,122,74.0,20.0
41,123,83.0,21.0
41,124,73.0,22.0
41,125,68.0,20.0
41,126,73.0,18.0
41,127,57.0,19.0
41,128,54.0,23.0
41,129,42.0,8.0
41,130,38.0,19.0
41,131,38.0,11.0
41,132,34.0,7.0
41,133,26.0,16.0
41,134,27.0,10.0
41,135,29.0,8.0
41,136,19.0,10.0
41,137,21.0,6.0
41,138,19.0,4.0
41,139,16.0,3.0
41,140,9.0,5.0
41,141,15.0,6.0
41,142,10.0,6.0
41,143,9.0,2.0
41,144,14.0,1.0
41,145,7.0,4.0
41,146,5.0,7.0
41,147,7.0,5.0
41,148,10.0,2.0
41,149,7.0,5.0
41,150,6.0,2.0
41,151,4.0,4.0
41,152,3.0,2.0
41,153,3.0,1.0
41,154,2.0,0.0
41,155,3.0,1.0
41,156,5.0,1.0
41,157,3.0,2.0
41,158,2.0,3.0
41,159,3.0,0.0
41,160,3.0,0.0
41,161,4.0,1.0
41,162,2.0,1.0
41,163,1.0,1.0
41,164,2.0,0.0
41,165,3.0,1.0
41,166,0.0,0.0
41,167,1.0,0.0
41,168,0.0,1.0
41,169,1.0,0.0
41,170,1.0,1.0
41,171,0.0,1.0
41,172,0.0,1.0
41,173,1.0,2.0
41,174,1.0,1.0
41,175,1.0,0.0
41,176,1.0,0.0
41,177,0.0,1.0
41,178,0.0,0.0
41,179,0.0,0.0
42,0,7.0,6.0
42,1,8.0,6.0
42,2,9.0,8.0
42,3,6.0,15.0
42,4,10.0,9.0
42,5,11.0,16.0
42,6,16.0,20.0
42,7,10.0,18.0
42,8,14.0,8.0
42,9,12.0,21.0
42,10,19.0,8.0
42,11,18.0,18.0
42,12,22.0,11.0
42,13,9.0,24.0
42,14,24.0,25.0
42,15,16.0,38.0
42,16,34.0,37.0
42,17,25.0,26.0
42,18,22.0,33.0
42,19,33.0,51.0
42,20,31.0,54.0
42,21,57.0,78.0
42,22,40.0,81.0
42,23,49.0,109.0
42,24,57.0,112.0
42,25,69.0,103.0
42,26,76.0,138.0
42,27,90.0,141.0
42,28,109.0,134.0
42,29,103.0,154.0
42,30,124.0,202.0
42,31,152.0,236.0
42,32,147.0,255.0
42,33,170.0,289.0
42,34,196.0,325.0
42,35,202.0,385.0
42,36,235.0,437.0
42,37,249.0,495.0
42,38,259.0,602.0
42,39,296.0,674.0
42,40,355.0,676.0
42,41,358.0,807.0
42,42,432.0,892.0
42,43,505.0,908.0
42,44,489.0,1019.0
42,45,544.0,1157.0
42,46,615.0,1183.0
42,47,685.0,1347.0
42,48,828.0,1540.0
42,49,821.0,1686.0
42,50,851.0,1890.0
42,51,953.0,2136.0
42,52,1136.0,2441.0
42,53,1197.0,2657.0
42,54,1290.0,2990.0
42,55,1484.0,3177.0
42,56,1609.0,3458.0
42,57,1741.0,3847.0
42,58,1982.0,4106.0
42,59,2199.0,4471.0
42,60,2367.0,4790.0
42,61,2441.0,4897.0
42,62,2642.0,5158.0
42,63,2858.0,5258.0
42,64,2983.0,5343.0
42,65,2961.0,5546.0
42,66,3330.0,5487.0
42,67,3586.0,5472.0
42,68,3685.0,5497.0
42,69,3941.0,5598.0
42,70,4117.0,5209.0
42,71,4209.0,5217.0
42,72,4356.0,4640.0
42,73,4542.0,4505.0
42,74,4634.0,4172.0
42,75,4596.0,3696.0
42,76,4818.0,3440.0
42,77,4565.0,3094.0
42,78,4576.0,2748.0
42,79,4563.0,2372.0
42,80,4419.0,2132.0
42,81,4275.0,1860.0
42,82,3987.0,1657.0
42,83,3761.0,1374.0
42,84,3545.0,1212.0
42,85,3472.0,1051.0
42,86,3113.0,921.0
42,87,2841.0,783.0
42,88,2598.0,726.0
42,89,2265.0,615.0
42,90,2057.0,544.0
42,91,1865.0,493.0
42,92,1758.0,473.0
42,93,1487.0,396.0
42,94,1457.0,382.0
42,95,1116.0,317.0
42,96,999.0,289.0
42,97,870.0,263.0
42,98,843.0,252.0
42,99,672.0,245.0
42,100,651.0,226.0
42,101,611.0,189.0
42,102,530.0,179.0
42,103,445.0,169.0
42,104,386.0,149.0
42,105,348.0,122.0
42,106,336.0,102.0
42,107,276.0,113.0
42,108,247.0,111.0
42,109,249.0,90.0
42,110,202.0,83.0
42,111,195.0,82.0
42,112,167.0,65.0
42,113,162.0,56.0
42,114,153.0,78.0
42,115,148.0,48.0
42,116,139.0,36.0
42,117,120.0,47.0
42,118,116.0,38.0
42,119,89.0,41.0
42,120,77.0,21.0
42,121,70.0,26.0
42,122,53.0,19.0
42,123,55.0,16.0
42,124,58.0,31.0
42,125,42.0,21.0
42,126,44.0,20.0
42,127,36.0,20.0
42,128,37.0,14.0
42,129,30.0,14.0
42,130,35.0,20.0
42,131,29.0,5.0
42,132,22.0,15.0
42,133,30.0,4.0
42,134,30.0,6.0
42,135,24.0,10.0
42,136,16.0,4.0
42,137,11.0,8.0
42,138,6.0,9.0
42,139,23.0,3.0
42,140,12.0,8.0
42,141,11.0,1.0
42,142,11.0,3.0
42,143,9.0,4.0
42,144,10.0,7.0
42,145,4.0,5.0
42,146,10.0,5.0
42,147,8.0,1.0
42,148,11.0,2.0
42,149,2.0,5.0
42,150,5.0,3.0
42,151,7.0,1.0
42,152,8.0,1.0
42,153,8.0,0.0
42,154,6.0,0.0
42,155,4.0,1.0
42,156,5.0,2.0
42,157,1.0,1.0
42,158,1.0,0.0
42,159,3.0,1.0
42,160,0.0,1.0
42,161,1.0,0.0
42,162,1.0,1.0
42,163,1.0,1.0
42,164,2.0,1.0
42,165,0.0,2.0
42,166,1.0,1.0
42,167,1.0,0.0
42,168,0.0,1.0
42,169,1.0,0.0
42,170,5.0,0.0
42,171,1.0,0.0
42,172,3.0,0.0
42,173,1.0,0.0
42,174,1.0,1.0
42,175,0.0,0.0
42,176,1.0,0.0
42,177,1.0,0.0
42,178,0.0,0.0
42,179,1.0,0.0
43,0,8.0,12.0
43,1,8.0,14.0
43,2,11.0,17.0
43,3,12.0,14.0
43,4,7.0,14.0
43,5,8.0,15.0
43,6,11.0,7.0
43,7,7.0,11.0
43,8,3.0,8.0
43,9,20.0,12.0
43,10,15.0,12.0
43,11,9.0,21.0
43,12,19.0,28.0
43,13,26.0,33.0
43,14,31.0,24.0
43,15,18.0,32.0
43,16,30.0,33.0
43,17,35.0,38.0
43,18,25.0,43.0
43,19,17.0,29.0
43,20,26.0,58.0
43,21,24.0,46.0
43,22,34.0,67.0
43,23,37.0,77.0
43,24,33.0,101.0
43,25,45.0,137.0
43,26,50.0,110.0
43,27,54.0,153.0
43,28,79.0,169.0
43,29,72.0,199.0
43,30,95.0,213.0
43,31,107.0,221.0
43,32,131.0,245.0
43,33,134.0,267.0
43,34,166.0,317.0
43,35,141.0,375.0
43,36,164.0,395.0
43,37,181.0,446.0
43,38,219.0,497.0
43,39,228.0,563.0
43,40,295.0,643.0
43,41,242.0,688.0
43,42,324.0,775.0
43,43,349.0,873.0
43,44,385.0,1055.0
43,45,396.0,1126.0
43,46,474.0,1256.0
43,47,481.0,1390.0
43,48,526.0,1572.0
43,49,523.0,1690.0
43,50,567.0,1910.0
43,51,672.0,2073.0
43,52,783.0,2294.0
43,53,785.0,2523.0
43,54,873.0,2710.0
43,55,1000.0,2912.0
43,56,1100.0,3191.0
43,57,1268.0,3444.0
43,58,1323.0,3855.0
43,59,1465.0,4033.0
43,60,1654.0,4300.0
43,61,1802.0,4706.0
43,62,1881.0,4847.0
43,63,1996.0,5309.0
43,64,2207.0,5423.0
43,65,2402.0,5533.0
43,66,2581.0,5324.0
43,67,2719.0,5513.0
43,68,2810.0,5453.0
43,69,3101.0,5331.0
43,70,3279.0,5310.0
43,71,3444.0,5159.0
43,72,3667.0,5031.0
43,73,3639.0,4679.0
43,74,3947.0,4453.0
43,75,4144.0,4128.0
43,76,4175.0,3701.0
43,77,4279.0,3445.0
43,78,4618.0,2993.0
43,79,4799.0,2639.0
43,80,4595.0,2291.0
43,81,4807.0,2023.0
43,82,4855.0,1757.0
43,83,4566.0,1481.0
43,84,4510.0,1282.0
43,85,4312.0,1109.0
43,86,4164.0,1025.0
43,87,4022.0,997.0
43,88,3719.0,812.0
43,89,3500.0,655.0
43,90,3186.0,643.0
43,91,2974.0,574.0
43,92,2564.0,502.0
43,93,2344.0,461.0
43,94,2242.0,404.0
43,95,1936.0,331.0
43,96,1737.0,314.0
43,97,1586.0,310.0
43,98,1312.0,257.0
43,99,1147.0,250.0
43,100,1058.0,212.0
43,101,904.0,202.0
43,102,804.0,187.0
43,103,723.0,162.0
43,104,646.0,145.0
43,105,559.0,180.0
43,106,471.0,140.0
43,107,400.0,118.0
43,108,353.0,86.0
43,109,373.0,101.0
43,110,299.0,102.0
43,111,276.0,87.0
43,112,236.0,85.0
43,113,257.0,75.0
43,114,206.0,63.0
43,115,190.0,51.0
43,116,164.0,46.0
43,117,150.0,36.0
43,118,128.0,30.0
43,119,122.0,45.0
43,120,116.0,35.0
43,121,113.0,36.0
43,122,92.0,23.0
43,123,102.0,25.0
43,124,87.0,19.0
43,125,55.0,16.0
43,126,69.0,17.0
43,127,74.0,18.0
43,128,59.0,10.0
43,129,51.0,20.0
43,130,51.0,11.0
43,131,41.0,9.0
43,132,39.0,11.0
43,133,36.0,8.0
43,134,40.0,8.0
43,135,28.0,10.0
43,136,21.0,10.0
43,137,26.0,7.0
43,138,20.0,9.0
43,139,18.0,5.0
43,140,13.0,3.0
43,141,20.0,12.0
43,142,17.0,4.0
43,143,17.0,4.0
43,144,12.0,3.0
43,145,9.0,2.0
43,146,7.0,4.0
43,147,9.0,4.0
43,148,11.0,1.0
43,149,11.0,1.0
43,150,9.0,4.0
43,151,6.0,0.0
43,152,5.0,2.0
43,153,3.0,1.0
43,154,0.0,2.0
43,155,7.0,3.0
43,156,4.0,1.0
43,157,4.0,2.0
43,158,3.0,0.0
43,159,0.0,1.0
43,160,4.0,1.0
43,161,1.0,2.0
43,162,3.0,0.0
43,163,2.0,0.0
43,164,4.0,0.0
43,165,4.0,1.0
43,166,5.0,0.0
43,167,2.0,1.0
43,168,5.0,0.0
43,169,4.0,0.0
43,170,3.0,0.0
43,171,1.0,1.0
43,172,1.0,0.0
43,173,2.0,0.0
43,174,0.0,0.0
43,175,0.0,1.0
43,176,1.0,0.0
43,177,1.0,0.0
43,178,1.0,1.0
43,179,1.0,0.0
44,0,5.0,4.0
44,1,2.0,6.0
44,2,6.0,3.0
44,3,4.0,4.0
44,4,7.0,6.0
44,5,3.0,11.0
44,6,6.0,14.0
44,7,1.0,10.0
44,8,2.0,8.0
44,9,0.0,9.0
44,10,9.0,6.0
44,11,4.0,7.0
44,12,7.0,14.0
44,13,5.0,16.0
44,14,8.0,22.0
44,15,11.0,25.0
44,16,15.0,25.0
44,17,12.0,18.0
44,18,19.0,25.0
44,19,19.0,28.0
44,20,16.0,49.0
44,21,20.0,43.0
44,22,25.0,52.0
44,23,26.0,53.0
44,24,29.0,83.0
44,25,44.0,83.0
44,26,34.0,85.0
44,27,59.0,114.0
44,28,68.0,127.0
44,29,64.0,132.0
44,30,63.0,209.0
44,31,84.0,216.0
44,32,72.0,225.0
44,33,84.0,242.0
44,34,81.0,280.0
44,35,87.0,284.0
44,36,96.0,307.0
44,37,141.0,368.0
44,38,112.0,410.0
44,39,144.0,451.0
44,40,156.0,480.0
44,41,158.0,550.0
44,42,158.0,607.0
44,43,194.0,674.0
44,44,242.0,786.0
44,45,261.0,852.0
44,46,290.0,924.0
44,47,343.0,1023.0
44,48,364.0,1224.0
44,49,435.0,1390.0
44,50,402.0,1430.0
44,51,468.0,1631.0
44,52,487.0,1786.0
44,53,562.0,2135.0
44,54,591.0,2180.0
44,55,734.0,2491.0
44,56,807.0,2761.0
44,57,814.0,2910.0
44,58,863.0,3173.0
44,59,943.0,3470.0
44,60,1153.0,3796.0
44,61,1176.0,4019.0
44,62,1292.0,4343.0
44,63,1447.0,4455.0
44,64,1713.0,4691.0
44,65,1811.0,5007.0
44,66,1986.0,5107.0
44,67,2123.0,5202.0
44,68,2163.0,5419.0
44,69,2323.0,5560.0
44,70,2511.0,5534.0
44,71,2667.0,5485.0
44,72,3029.0,5363.0
44,73,3105.0,5356.0
44,74,3467.0,5049.0
44,75,3720.0,4687.0
44,76,3744.0,4415.0
44,77,3966.0,4012.0
44,78,4356.0,3708.0
44,79,4325.0,3482.0
44,80,4557.0,3024.0
44,81,4809.0,2748.0
44,82,4749.0,2527.0
44,83,4847.0,2080.0
44,84,4912.0,1900.0
44,85,4966.0,1635.0
44,86,4723.0,1466.0
44,87,4752.0,1245.0
44,88,4528.0,1107.0
44,89,4284.0,954.0
44,90,4144.0,832.0
44,91,3784.0,682.0
44,92,3515.0,635.0
44,93,3305.0,577.0
44,94,2860.0,507.0
44,95,2675.0,459.0
44,96,2544.0,394.0
44,97,2200.0,333.0
44,98,2068.0,366.0
44,99,1864.0,352.0
44,100,1577.0,272.0
44,101,1366.0,254.0
44,102,1257.0,256.0
44,103,1085.0,210.0
44,104,911.0,184.0
44,105,816.0,167.0
44,106,727.0,154.0
44,107,604.0,137.0
44,108,605.0,124.0
44,109,475.0,141.0
44,110,441.0,110.0
44,111,384.0,83.0
44,112,349.0,83.0
44,113,298.0,83.0
44,114,263.0,63.0
44,115,237.0,69.0
44,116,214.0,65.0
44,117,212.0,55.0
44,118,217.0,42.0
44,119,180.0,38.0
44,120,186.0,55.0
44,121,136.0,42.0
44,122,148.0,40.0
44,123,115.0,30.0
44,124,103.0,29.0
44,125,96.0,23.0
44,126,82.0,23.0
44,127,78.0,27.0
44,128,103.0,30.0
44,129,65.0,28.0
44,130,72.0,19.0
44,131,54.0,20.0
44,132,55.0,14.0
44,133,55.0,16.0
44,134,41.0,10.0
44,135,48.0,18.0
44,136,49.0,16.0
44,137,30.0,8.0
44,138,27.0,7.0
44,139,24.0,2.0
44,140,27.0,6.0
44,141,14.0,2.0
44,142,19.0,7.0
44,143,19.0,2.0
44,144,16.0,8.0
44,145,13.0,6.0
44,146,16.0,2.0
44,147,14.0,6.0
44,148,15.0,0.0
44,149,6.0,1.0
44,150,9.0,4.0
44,151,11.0,3.0
44,152,4.0,2.0
44,153,3.0,5.0
44,154,9.0,0.0
44,155,3.0,3.0
44,156,4.0,4.0
44,157,2.0,1.0
44,158,4.0,2.0
44,159,6.0,1.0
44,160,3.0,0.0
44,161,5.0,2.0
44,162,1.0,2.0
44,163,2.0,0.0
44,164,3.0,1.0
44,165,2.0,1.0
44,166,3.0,1.0
44,167,1.0,0.0
44,168,4.0,1.0
44,169,1.0,1.0
44,170,2.0,0.0
44,171,2.0,0.0
44,172,2.0,0.0
44,173,1.0,0.0
44,174,0.0,0.0
44,175,0.0,1.0
44,176,1.0,0.0
44,177,2.0,0.0
44,178,0.0,0.0
44,179,0.0,0.0
45,0,11.0,11.0
45,1,8.0,7.0
45,2,4.0,5.0
45,3,18.0,15.0
45,4,17.0,15.0
45,5,22.0,14.0
45,6,10.0,8.0
45,7,15.0,10.0
45,8,9.0,14.0
45,9,6.0,8.0
45,10,12.0,6.0
45,11,9.0,9.0
45,12,9.0,10.0
45,13,18.0,14.0
45,14,21.0,20.0
45,15,22.0,21.0
45,16,20.0,18.0
45,17,16.0,32.0
45,18,29.0,26.0
45,19,27.0,36.0
45,20,42.0,46.0
45,21,44.0,52.0
45,22,55.0,58.0
45,23,72.0,52.0
45,24,75.0,51.0
45,25,82.0,54.0
45,26,90.0,55.0
45,27,115.0,78.0
45,28,111.0,75.0
45,29,127.0,102.0
45,30,116.0,138.0
45,31,154.0,148.0
45,32,143.0,194.0
45,33,167.0,185.0
45,34,162.0,225.0
45,35,212.0,243.0
45,36,241.0,259.0
45,37,271.0,247.0
45,38,340.0,328.0
45,39,355.0,361.0
45,40,341.0,410.0
45,41,418.0,412.0
45,42,512.0,445.0
45,43,487.0,478.0
45,44,534.0,581.0
45,45,574.0,674.0
45,46,677.0,741.0
45,47,690.0,850.0
45,48,781.0,961.0
45,49,871.0,1057.0
45,50,959.0,1125.0
45,51,1055.0,1335.0
45,52,1172.0,1564.0
45,53,1269.0,1524.0
45,54,1377.0,1810.0
45,55,1606.0,1969.0
45,56,1781.0,2195.0
45,57,1844.0,2412.0
45,58,2086.0,2718.0
45,59,2145.0,2979.0
45,60,2208.0,3226.0
45,61,2340.0,3696.0
45,62,2610.0,3973.0
45,63,2790.0,4101.0
45,64,2945.0,4432.0
45,65,3146.0,4735.0
45,66,3251.0,4820.0
45,67,3535.0,5328.0
45,68,3701.0,5227.0
45,69,4001.0,5392.0
45,70,4123.0,5563.0
45,71,4376.0,5538.0
45,72,4455.0,5539.0
45,73,4679.0,5367.0
45,74,4668.0,5338.0
45,75,4649.0,4927.0
45,76,4611.0,4883.0
45,77,4578.0,4723.0
45,78,4657.0,4373.0
45,79,4524.0,3940.0
45,80,4381.0,3795.0
45,81,4356.0,3310.0
45,82,3989.0,3011.0
45,83,3715.0,2792.0
45,84,3830.0,2361.0
45,85,3448.0,2025.0
45,86,3226.0,1805.0
45,87,2936.0,1542.0
45,88,2634.0,1416.0
45,89,2409.0,1141.0
45,90,2067.0,1053.0
45,91,1840.0,872.0
45,92,1628.0,842.0
45,93,1404.0,735.0
45,94,1182.0,722.0
45,95,1091.0,555.0
45,96,902.0,442.0
45,97,821.0,462.0
45,98,721.0,408.0
45,99,632.0,396.0
45,100,562.0,342.0
45,101,502.0,263.0
45,102,441.0,276.0
45,103,382.0,258.0
45,104,392.0,233.0
45,105,338.0,200.0
45,106,282.0,182.0
45,107,249.0,167.0
45,108,221.0,159.0
45,109,194.0,129.0
45,110,191.0,122.0
45,111,162.0,129.0
45,112,158.0,110.0
45,113,136.0,108.0
45,114,119.0,101.0
45,115,109.0,84.0
45,116,112.0,75.0
45,117,94.0,64.0
45,118,79.0,43.0
45,119,86.0,54.0
45,120,76.0,47.0
45,121,61.0,46.0
45,122,51.0,40.0
45,123,54.0,38.0
45,124,49.0,37.0
45,125,49.0,35.0
45,126,47.0,30.0
45,127,46.0,27.0
45,128,30.0,36.0
45,129,30.0,20.0
45,130,38.0,24.0
45,131,31.0,21.0
45,132,24.0,16.0
45,133,25.0,21.0
45,134,25.0,21.0
45,135,20.0,15.0
45,136,21.0,7.0
45,137,19.0,11.0
45,138,27.0,9.0
45,139,8.0,14.0
45,140,11.0,7.0
45,141,10.0,8.0
45,142,14.0,6.0
45,143,9.0,6.0
45,144,7.0,3.0
45,145,8.0,2.0
45,146,3.0,4.0
45,147,6.0,7.0
45,148,5.0,6.0
45,149,10.0,3.0
45,150,9.0,2.0
45,151,0.0,3.0
45,152,3.0,0.0
45,153,2.0,0.0
45,154,3.0,4.0
45,155,5.0,2.0
45,156,2.0,2.0
45,157,0.0,4.0
45,158,3.0,1.0
45,159,3.0,2.0
45,160,2.0,2.0
45,161,3.0,0.0
45,162,1.0,0.0
45,163,2.0,1.0
45,164,2.0,1.0
45,165,1.0,1.0
45,166,1.0,1.0
45,167,0.0,1.0
45,168,1.0,1.0
45,169,1.0,1.0
45,170,1.0,0.0
45,171,1.0,0.0
45,172,0.0,0.0
45,173,1.0,0.0
45,174,2.0,0.0
45,175,0.0,0.0
45,176,0.0,0.0
45,177,0.0,0.0
45,178,1.0,1.0
45,179,0.0,1.0
46,0,7.0,5.0
46,1,9.0,4.0
46,2,10.0,14.0
46,3,13.0,14.0
46,4,16.0,17.0
46,5,18.0,12.0
46,6,10.0,9.0
46,7,5.0,3.0
46,8,8.0,8.0
46,9,9.0,12.0
46,10,3.0,4.0
46,11,11.0,13.0
46,12,4.0,6.0
46,13,7.0,13.0
46,14,12.0,23.0
46,15,13.0,13.0
46,16,13.0,36.0
46,17,22.0,26.0
46,18,24.0,41.0
46,19,24.0,33.0
46,20,23.0,46.0
46,21,27.0,34.0
46,22,28.0,45.0
46,23,41.0,44.0
46,24,45.0,46.0
46,25,60.0,49.0
46,26,65.0,65.0
46,27,63.0,77.0
46,28,67.0,71.0
46,29,58.0,92.0
46,30,72.0,81.0
46,31,86.0,139.0
46,32,102.0,155.0
46,33,121.0,175.0
46,34,107.0,150.0
46,35,135.0,207.0
46,36,152.0,258.0
46,37,178.0,232.0
46,38,170.0,324.0
46,39,190.0,300.0
46,40,212.0,360.0
46,41,239.0,408.0
46,42,261.0,492.0
46,43,308.0,481.0
46,44,353.0,584.0
46,45,424.0,593.0
46,46,391.0,710.0
46,47,481.0,795.0
46,48,517.0,887.0
46,49,517.0,959.0
46,50,605.0,1119.0
46,51,692.0,1254.0
46,52,747.0,1313.0
46,53,769.0,1579.0
46,54,908.0,1759.0
46,55,940.0,1880.0
46,56,1015.0,2121.0
46,57,1071.0,2277.0
46,58,1257.0,2456.0
46,59,1345.0,2801.0
46,60,1469.0,2980.0
46,61,1678.0,3172.0
46,62,1947.0,3630.0
46,63,2013.0,3737.0
46,64,2142.0,3951.0
46,65,2408.0,4384.0
46,66,2554.0,4566.0
46,67,2857.0,4932.0
46,68,3028.0,5172.0
46,69,3250.0,5247.0
46,70,3401.0,5240.0
46,71,3637.0,5380.0
46,72,3867.0,5572.0
46,73,4132.0,5563.0
46,74,4059.0,5464.0
46,75,4291.0,5400.0
46,76,4344.0,5274.0
46,77,4414.0,5248.0
46,78,4677.0,4772.0
46,79,4591.0,4426.0
46,80,4612.0,4051.0
46,81,4805.0,3743.0
46,82,4727.0,3169.0
46,83,4720.0,2877.0
46,84,4725.0,2609.0
46,85,4440.0,2142.0
46,86,4424.0,1963.0
46,87,4005.0,1636.0
46,88,3732.0,1511.0
46,89,3361.0,1367.0
46,90,3176.0,1176.0
46,91,2906.0,957.0
46,92,2554.0,887.0
46,93,2265.0,832.0
46,94,2046.0,685.0
46,95,1858.0,693.0
46,96,1650.0,557.0
46,97,1452.0,492.0
46,98,1243.0,472.0
46,99,1106.0,404.0
46,100,985.0,362.0
46,101,859.0,327.0
46,102,730.0,277.0
46,103,677.0,271.0
46,104,576.0,249.0
46,105,496.0,214.0
46,106,481.0,201.0
46,107,384.0,170.0
46,108,361.0,163.0
46,109,343.0,134.0
46,110,306.0,133.0
46,111,291.0,136.0
46,112,256.0,122.0
46,113,199.0,95.0
46,114,197.0,111.0
46,115,174.0,89.0
46,116,171.0,90.0
46,117,152.0,69.0
46,118,125.0,78.0
46,119,123.0,48.0
46,120,117.0,69.0
46,121,97.0,46.0
46,122,98.0,53.0
46,123,65.0,43.0
46,124,55.0,29.0
46,125,58.0,30.0
46,126,57.0,28.0
46,127,58.0,26.0
46,128,55.0,24.0
46,129,51.0,18.0
46,130,49.0,19.0
46,131,32.0,17.0
46,132,48.0,20.0
46,133,31.0,21.0
46,134,29.0,20.0
46,135,21.0,13.0
46,136,22.0,12.0
46,137,22.0,9.0
46,138,17.0,8.0
46,139,22.0,7.0
46,140,14.0,8.0
46,141,12.0,7.0
46,142,12.0,5.0
46,143,4.0,4.0
46,144,9.0,8.0
46,145,9.0,5.0
46,146,8.0,6.0
46,147,5.0,3.0
46,148,7.0,6.0
46,149,4.0,3.0
46,150,4.0,5.0
46,151,9.0,1.0
46,152,6.0,2.0
46,153,8.0,0.0
46,154,5.0,2.0
46,155,3.0,2.0
46,156,6.0,1.0
46,157,4.0,1.0
46,158,0.0,3.0
46,159,2.0,1.0
46,160,1.0,0.0
46,161,1.0,0.0
46,162,0.0,0.0
46,163,3.0,0.0
46,164,3.0,4.0
46,165,1.0,2.0
46,166,2.0,2.0
46,167,2.0,1.0
46,168,1.0,0.0
46,169,0.0,0.0
46,170,2.0,1.0
46,171,0.0,1.0
46,172,3.0,2.0
46,173,0.0,0.0
46,174,2.0,0.0
46,175,0.0,2.0
46,176,1.0,0.0
46,177,0.0,0.0
46,178,2.0,0.0
46,179,0.0,0.0
47,0,1.0,6.0
47,1,1.0,0.0
47,2,4.0,7.0
47,3,1.0,3.0
47,4,4.0,6.0
47,5,2.0,8.0
47,6,1.0,12.0
47,7,2.0,10.0
47,8,3.0,9.0
47,9,6.0,9.0
47,10,3.0,14.0
47,11,2.0,13.0
47,12,6.0,7.0
47,13,8.0,20.0
47,14,6.0,9.0
47,15,6.0,17.0
47,16,7.0,19.0
47,17,8.0,19.0
47,18,14.0,32.0
47,19,7.0,43.0
47,20,16.0,55.0
47,21,14.0,40.0
47,22,40.0,59.0
47,23,15.0,70.0
47,24,38.0,71.0
47,25,42.0,80.0
47,26,45.0,71.0
47,27,46.0,99.0
47,28,41.0,113.0
47,29,43.0,111.0
47,30,42.0,115.0
47,31,39.0,136.0
47,32,48.0,183.0
47,33,49.0,192.0
47,34,48.0,230.0
47,35,74.0,259.0
47,36,88.0,271.0
47,37,67.0,351.0
47,38,84.0,381.0
47,39,88.0,398.0
47,40,107.0,412.0
47,41,127.0,457.0
47,42,131.0,551.0
47,43,158.0,595.0
47,44,151.0,698.0
47,45,142.0,788.0
47,46,232.0,887.0
47,47,213.0,991.0
47,48,261.0,1169.0
47,49,233.0,1285.0
47,50,261.0,1522.0
47,51,321.0,1578.0
47,52,331.0,1855.0
47,53,395.0,1989.0
47,54,421.0,2108.0
47,55,478.0,2466.0
47,56,539.0,2663.0
47,57,570.0,2883.0
47,58,656.0,2968.0
47,59,684.0,3424.0
47,60,783.0,3656.0
47,61,838.0,3777.0
47,62,924.0,4108.0
47,63,1002.0,4376.0
47,64,1015.0,4673.0
47,65,1219.0,4993.0
47,66,1221.0,5120.0
47,67,1394.0,5146.0
47,68,1476.0,5241.0
47,69,1472.0,5553.0
47,70,1794.0,5741.0
47,71,1858.0,5454.0
47,72,2057.0,5554.0
47,73,2205.0,5369.0
47,74,2353.0,5238.0
47,75,2613.0,5052.0
47,76,2744.0,4585.0
47,77,2977.0,4440.0
47,78,3118.0,3951.0
47,79,3367.0,3628.0
47,80,3569.0,3268.0
47,81,3806.0,2833.0
47,82,4056.0,2544.0
47,83,4064.0,2243.0
47,84,4328.0,1882.0
47,85,4486.0,1634.0
47,86,4420.0,1532.0
47,87,4605.0,1204.0
47,88,4865.0,1113.0
47,89,4820.0,1026.0
47,90,4708.0,858.0
47,91,4649.0,709.0
47,92,4444.0,618.0
47,93,4306.0,615.0
47,94,4086.0,542.0
47,95,3888.0,516.0
47,96,3783.0,387.0
47,97,3533.0,363.0
47,98,3421.0,352.0
47,99,3048.0,326.0
47,100,2803.0,269.0
47,101,2607.0,234.0
47,102,2339.0,235.0
47,103,2027.0,213.0
47,104,1855.0,173.0
47,105,1605.0,195.0
47,106,1429.0,155.0
47,107,1270.0,162.0
47,108,1092.0,113.0
47,109,1029.0,134.0
47,110,838.0,111.0
47,111,738.0,103.0
47,112,698.0,86.0
47,113,636.0,89.0
47,114,521.0,78.0
47,115,471.0,68.0
47,116,381.0,60.0
47,117,386.0,69.0
47,118,352.0,63.0
47,119,291.0,42.0
47,120,267.0,48.0
47,121,235.0,35.0
47,122,193.0,34.0
47,123,222.0,41.0
47,124,175.0,23.0
47,125,157.0,26.0
47,126,148.0,23.0
47,127,146.0,34.0
47,128,136.0,28.0
47,129,103.0,21.0
47,130,97.0,17.0
47,131,93.0,14.0
47,132,85.0,9.0
47,133,90.0,15.0
47,134,68.0,9.0
47,135,58.0,8.0
47,136,50.0,9.0
47,137,52.0,13.0
47,138,51.0,6.0
47,139,45.0,8.0
47,140,41.0,2.0
47,141,33.0,8.0
47,142,39.0,6.0
47,143,43.0,9.0
47,144,20.0,4.0
47,145,22.0,4.0
47,146,20.0,3.0
47,147,26.0,5.0
47,148,18.0,1.0
47,149,18.0,4.0
47,150,19.0,5.0
47,151,16.0,4.0
47,152,6.0,2.0
47,153,14.0,3.0
47,154,13.0,2.0
47,155,14.0,0.0
47,156,7.0,0.0
47,157,7.0,0.0
47,158,9.0,0.0
47,159,4.0,2.0
47,160,4.0,0.0
47,161,8.0,0.0
47,162,5.0,0.0
47,163,2.0,2.0
47,164,4.0,0.0
47,165,10.0,0.0
47,166,5.0,1.0
47,167,3.0,0.0
47,168,4.0,0.0
47,169,1.0,1.0
47,170,3.0,1.0
47,171,1.0,0.0
47,172,4.0,0.0
47,173,3.0,0.0
47,174,3.0,0.0
47,175,2.0,0.0
47,176,0.0,0.0
47,177,1.0,0.0
47,178,1.0,0.0
47,179,1.0,0.0
48,0,10.0,10.0
48,1,5.0,5.0
48,2,6.0,9.0
48,3,11.0,8.0
48,4,6.0,8.0
48,5,15.0,11.0
48,6,9.0,9.0
48,7,10.0,6.0
48,8,8.0,10.0
48,9,6.0,6.0
48,10,3.0,14.0
48,11,5.0,12.0
48,12,5.0,18.0
48,13,12.0,12.0
48,14,16.0,24.0
48,15,8.0,23.0
48,16,18.0,20.0
48,17,7.0,24.0
48,18,20.0,37.0
48,19,23.0,32.0
48,20,17.0,36.0
48,21,27.0,49.0
48,22,19.0,49.0
48,23,24.0,58.0
48,24,35.0,53.0
48,25,37.0,61.0
48,26,43.0,82.0
48,27,35.0,69.0
48,28,48.0,93.0
48,29,53.0,101.0
48,30,65.0,121.0
48,31,60.0,150.0
48,32,89.0,161.0
48,33,105.0,174.0
48,34,91.0,207.0
48,35,110.0,231.0
48,36,125.0,252.0
48,37,115.0,276.0
48,38,138.0,295.0
48,39,162.0,334.0
48,40,205.0,376.0
48,41,219.0,463.0
48,42,232.0,490.0
48,43,276.0,597.0
48,44,314.0,716.0
48,45,350.0,735.0
48,46,366.0,803.0
48,47,376.0,989.0
48,48,464.0,1042.0
48,49,458.0,1114.0
48,50,419.0,1286.0
48,51,520.0,1350.0
48,52,533.0,1495.0
48,53,628.0,1531.0
48,54,662.0,1758.0
48,55,755.0,1871.0
48,56,871.0,2210.0
48,57,951.0,2391.0
48,58,1048.0,2656.0
48,59,1252.0,2942.0
48,60,1267.0,3216.0
48,61,1412.0,3649.0
48,62,1563.0,3934.0
48,63,1575.0,4088.0
48,64,1759.0,4275.0
48,65,1958.0,4565.0
48,66,2082.0,4810.0
48,67,2203.0,5164.0
48,68,2404.0,5375.0
48,69,2582.0,5629.0
48,70,2796.0,5568.0
48,71,3013.0,5621.0
48,72,3114.0,5502.0
48,73,3302.0,5540.0
48,74,3411.0,5491.0
48,75,3810.0,5290.0
48,76,3935.0,5015.0
48,77,4160.0,4838.0
48,78,4266.0,4349.0
48,79,4346.0,3966.0
48,80,4459.0,3671.0
48,81,4515.0,3302.0
48,82,4627.0,2915.0
48,83,4651.0,2629.0
48,84,4673.0,2315.0
48,85,4598.0,1956.0
48,86,4626.0,1756.0
48,87,4464.0,1481.0
48,88,4420.0,1365.0
48,89,4190.0,1183.0
48,90,3956.0,1033.0
48,91,3691.0,968.0
48,92,3468.0,790.0
48,93,3069.0,637.0
48,94,2817.0,621.0
48,95,2509.0,540.0
48,96,2343.0,465.0
48,97,1947.0,463.0
48,98,1794.0,378.0
48,99,1654.0,358.0
48,100,1387.0,318.0
48,101,1195.0,288.0
48,102,1081.0,264.0
48,103,934.0,229.0
48,104,818.0,197.0
48,105,810.0,187.0
48,106,654.0,178.0
48,107,583.0,181.0
48,108,583.0,134.0
48,109,482.0,144.0
48,110,405.0,130.0
48,111,362.0,126.0
48,112,293.0,88.0
48,113,334.0,119.0
48,114,265.0,82.0
48,115,224.0,76.0
48,116,201.0,77.0
48,117,176.0,53.0
48,118,202.0,73.0
48,119,151.0,59.0
48,120,127.0,58.0
48,121,147.0,63.0
48,122,141.0,38.0
48,123,114.0,34.0
48,124,110.0,44.0
48,125,106.0,28.0
48,126,83.0,39.0
48,127,77.0,30.0
48,128,64.0,18.0
48,129,66.0,10.0
48,130,73.0,20.0
48,131,45.0,16.0
48,132,44.0,27.0
48,133,43.0,22.0
48,134,47.0,17.0
48,135,51.0,8.0
48,136,41.0,8.0
48,137,40.0,8.0
48,138,20.0,7.0
48,139,37.0,11.0
48,140,22.0,7.0
48,141,16.0,9.0
48,142,24.0,7.0
48,143,18.0,7.0
48,144,18.0,6.0
48,145,13.0,3.0
48,146,17.0,2.0
48,147,19.0,3.0
48,148,9.0,3.0
48,149,8.0,5.0
48,150,11.0,3.0
48,151,10.0,0.0
48,152,8.0,6.0
48,153,5.0,1.0
48,154,5.0,2.0
48,155,11.0,1.0
48,156,12.0,3.0
48,157,3.0,1.0
48,158,9.0,0.0
48,159,8.0,1.0
48,160,11.0,0.0
48,161,7.0,0.0
48,162,1.0,4.0
48,163,5.0,1.0
48,164,5.0,1.0
48,165,3.0,0.0
48,166,8.0,0.0
48,167,9.0,0.0
48,168,2.0,0.0
48,169,0.0,0.0
48,170,2.0,0.0
48,171,1.0,0.0
48,172,1.0,0.0
48,173,1.0,0.0
48,174,3.0,0.0
48,175,2.0,0.0
48,176,1.0,1.0
48,177,0.0,0.0
48,178,2.0,0.0
48,179,1.0,0.0
49,0,14.0,11.0
49,1,6.0,15.0
49,2,17.0,12.0
49,3,14.0,17.0
49,4,20.0,19.0
49,5,16.0,17.0
49,6,8.0,23.0
49,7,13.0,12.0
49,8,8.0,19.0
49,9,14.0,12.0
49,10,6.0,16.0
49,11,8.0,14.0
49,12,14.0,22.0
49,13,14.0,21.0
49,14,17.0,29.0
49,15,6.0,39.0
49,16,30.0,33.0
49,17,40.0,44.0
49,18,36.0,37.0
49,19,47.0,48.0
49,20,57.0,63.0
49,21,49.0,66.0
49,22,56.0,72.0
49,23,79.0,90.0
49,24,65.0,107.0
49,25,67.0,108.0
49,26,98.0,137.0
49,27,102.0,161.0
49,28,115.0,199.0
49,29,138.0,221.0
49,30,138.0,246.0
49,31,164.0,233.0
49,32,159.0,247.0
49,33,198.0,298.0
49,34,212.0,286.0
49,35,206.0,337.0
49,36,243.0,397.0
49,37,276.0,503.0
49,38,281.0,555.0
49,39,313.0,618.0
49,40,379.0,746.0
49,41,457.0,842.0
49,42,511.0,889.0
49,43,556.0,953.0
49,44,602.0,1096.0
49,45,683.0,1178.0
49,46,751.0,1406.0
49,47,776.0,1510.0
49,48,923.0,1728.0
49,49,968.0,1821.0
49,50,1054.0,2152.0
49,51,1208.0,2216.0
49,52,1204.0,2534.0
49,53,1305.0,2670.0
49,54,1412.0,3081.0
49,55,1523.0,3191.0
49,56,1626.0,3619.0
49,57,1758.0,3896.0
49,58,1934.0,4081.0
49,59,2162.0,4448.0
49,60,2439.0,4707.0
49,61,2631.0,5076.0
49,62,2765.0,5192.0
49,63,2961.0,5248.0
49,64,3085.0,5617.0
49,65,3455.0,5519.0
49,66,3520.0,5520.0
49,67,3732.0,5568.0
49,68,3793.0,5470.0
49,69,3987.0,5349.0
49,70,4056.0,5289.0
49,71,4388.0,4968.0
49,72,4468.0,4699.0
49,73,4462.0,4344.0
49,74,4691.0,4028.0
49,75,4705.0,3547.0
49,76,4789.0,3330.0
49,77,4731.0,2836.0
49,78,4708.0,2690.0
49,79,4686.0,2304.0
49,80,4379.0,2019.0
49,81,4224.0,1734.0
49,82,3940.0,1677.0
49,83,3840.0,1301.0
49,84,3506.0,1166.0
49,85,3219.0,989.0
49,86,2879.0,839.0
49,87,2550.0,761.0
49,88,2440.0,638.0
49,89,1972.0,590.0
49,90,1775.0,512.0
49,91,1729.0,455.0
49,92,1445.0,417.0
49,93,1253.0,390.0
49,94,1199.0,353.0
49,95,1083.0,332.0
49,96,860.0,294.0
49,97,796.0,272.0
49,98,642.0,243.0
49,99,587.0,221.0
49,100,569.0,157.0
49,101,453.0,164.0
49,102,430.0,152.0
49,103,391.0,148.0
49,104,376.0,138.0
49,105,313.0,119.0
49,106,283.0,119.0
49,107,250.0,103.0
49,108,229.0,92.0
49,109,212.0,81.0
49,110,177.0,79.0
49,111,159.0,65.0
49,112,147.0,67.0
49,113,128.0,82.0
49,114,129.0,49.0
49,115,96.0,40.0
49,116,88.0,44.0
49,117,108.0,43.0
49,118,83.0,30.0
49,119,58.0,23.0
49,120,77.0,21.0
49,121,74.0,30.0
49,122,40.0,25.0
49,123,37.0,21.0
49,124,49.0,16.0
49,125,27.0,25.0
49,126,36.0,16.0
49,127,36.0,12.0
49,128,33.0,11.0
49,129,24.0,13.0
49,130,23.0,12.0
49,131,23.0,12.0
49,132,13.0,10.0
49,133,14.0,9.0
49,134,18.0,4.0
49,135,15.0,7.0
49,136,13.0,10.0
49,137,14.0,7.0
49,138,15.0,6.0
49,139,17.0,1.0
49,140,11.0,1.0
49,141,5.0,1.0
49,142,11.0,5.0
49,143,10.0,3.0
49,144,5.0,2.0
49,145,6.0,2.0
49,146,6.0,1.0
49,147,6.0,0.0
49,148,5.0,4.0
49,149,6.0,4.0
49,150,4.0,2.0
49,151,1.0,3.0
49,152,6.0,4.0
49,153,5.0,2.0
49,154,0.0,2.0
49,155,2.0,2.0
49,156,2.0,2.0
49,157,2.0,1.0
49,158,4.0,0.0
49,159,0.0,0.0
49,160,1.0,1.0
49,161,0.0,1.0
49,162,2.0,1.0
49,163,2.0,1.0
49,164,0.0,2.0
49,165,3.0,0.0
49,166,0.0,0.0
49,167,1.0,0.0
49,168,0.0,0.0
49,169,0.0,0.0
49,170,0.0,0.0
49,171,1.0,0.0
49,172,0.0,0.0
49,173,0.0,1.0
49,174,0.0,0.0
49,175,0.0,0.0
49,176,0.0,0.0
49,177,0.0,0.0
49,178,1.0,0.0
49,179,0.0,0.0
